[2025-07-26T05:03:55.813+0000] {processor.py:161} INFO - Started process (PID=160) to work on /opt/airflow/dags/airflow_pipeline.py
[2025-07-26T05:03:55.815+0000] {processor.py:830} INFO - Processing file /opt/airflow/dags/airflow_pipeline.py for tasks to queue
[2025-07-26T05:03:55.818+0000] {logging_mixin.py:188} INFO - [2025-07-26T05:03:55.817+0000] {dagbag.py:538} INFO - Filling up the DagBag from /opt/airflow/dags/airflow_pipeline.py
[2025-07-26T05:03:55.908+0000] {processor.py:840} INFO - DAG(s) 'pl001_ingest_crypto_postgres' retrieved from /opt/airflow/dags/airflow_pipeline.py
[2025-07-26T05:03:58.327+0000] {logging_mixin.py:188} INFO - [2025-07-26T05:03:58.325+0000] {dag.py:3036} INFO - Sync 1 DAGs
[2025-07-26T05:03:58.615+0000] {logging_mixin.py:188} INFO - [2025-07-26T05:03:58.613+0000] {dag.py:3823} INFO - Setting next_dagrun for pl001_ingest_crypto_postgres to None, run_after=None
[2025-07-26T05:03:58.880+0000] {processor.py:183} INFO - Processing /opt/airflow/dags/airflow_pipeline.py took 3.074 seconds
[2025-07-26T05:04:29.316+0000] {processor.py:161} INFO - Started process (PID=165) to work on /opt/airflow/dags/airflow_pipeline.py
[2025-07-26T05:04:29.324+0000] {processor.py:830} INFO - Processing file /opt/airflow/dags/airflow_pipeline.py for tasks to queue
[2025-07-26T05:04:29.328+0000] {logging_mixin.py:188} INFO - [2025-07-26T05:04:29.327+0000] {dagbag.py:538} INFO - Filling up the DagBag from /opt/airflow/dags/airflow_pipeline.py
[2025-07-26T05:04:29.402+0000] {processor.py:840} INFO - DAG(s) 'pl001_ingest_crypto_postgres' retrieved from /opt/airflow/dags/airflow_pipeline.py
[2025-07-26T05:04:29.485+0000] {logging_mixin.py:188} INFO - [2025-07-26T05:04:29.484+0000] {dag.py:3036} INFO - Sync 1 DAGs
[2025-07-26T05:04:29.542+0000] {logging_mixin.py:188} INFO - [2025-07-26T05:04:29.541+0000] {dag.py:3823} INFO - Setting next_dagrun for pl001_ingest_crypto_postgres to None, run_after=None
[2025-07-26T05:04:29.597+0000] {processor.py:183} INFO - Processing /opt/airflow/dags/airflow_pipeline.py took 0.290 seconds
[2025-07-26T05:04:59.980+0000] {processor.py:161} INFO - Started process (PID=170) to work on /opt/airflow/dags/airflow_pipeline.py
[2025-07-26T05:04:59.983+0000] {processor.py:830} INFO - Processing file /opt/airflow/dags/airflow_pipeline.py for tasks to queue
[2025-07-26T05:04:59.985+0000] {logging_mixin.py:188} INFO - [2025-07-26T05:04:59.984+0000] {dagbag.py:538} INFO - Filling up the DagBag from /opt/airflow/dags/airflow_pipeline.py
[2025-07-26T05:05:00.027+0000] {processor.py:840} INFO - DAG(s) 'pl001_ingest_crypto_postgres' retrieved from /opt/airflow/dags/airflow_pipeline.py
[2025-07-26T05:05:00.067+0000] {logging_mixin.py:188} INFO - [2025-07-26T05:05:00.067+0000] {dag.py:3036} INFO - Sync 1 DAGs
[2025-07-26T05:05:00.084+0000] {logging_mixin.py:188} INFO - [2025-07-26T05:05:00.084+0000] {dag.py:3823} INFO - Setting next_dagrun for pl001_ingest_crypto_postgres to None, run_after=None
[2025-07-26T05:05:00.110+0000] {processor.py:183} INFO - Processing /opt/airflow/dags/airflow_pipeline.py took 0.138 seconds
[2025-07-26T05:05:30.303+0000] {processor.py:161} INFO - Started process (PID=175) to work on /opt/airflow/dags/airflow_pipeline.py
[2025-07-26T05:05:30.323+0000] {processor.py:830} INFO - Processing file /opt/airflow/dags/airflow_pipeline.py for tasks to queue
[2025-07-26T05:05:30.326+0000] {logging_mixin.py:188} INFO - [2025-07-26T05:05:30.325+0000] {dagbag.py:538} INFO - Filling up the DagBag from /opt/airflow/dags/airflow_pipeline.py
[2025-07-26T05:05:30.386+0000] {processor.py:840} INFO - DAG(s) 'pl001_ingest_crypto_postgres' retrieved from /opt/airflow/dags/airflow_pipeline.py
[2025-07-26T05:05:30.478+0000] {logging_mixin.py:188} INFO - [2025-07-26T05:05:30.477+0000] {dag.py:3036} INFO - Sync 1 DAGs
[2025-07-26T05:05:30.538+0000] {logging_mixin.py:188} INFO - [2025-07-26T05:05:30.538+0000] {dag.py:3823} INFO - Setting next_dagrun for pl001_ingest_crypto_postgres to None, run_after=None
[2025-07-26T05:05:30.604+0000] {processor.py:183} INFO - Processing /opt/airflow/dags/airflow_pipeline.py took 0.309 seconds
[2025-07-26T05:06:00.887+0000] {processor.py:161} INFO - Started process (PID=180) to work on /opt/airflow/dags/airflow_pipeline.py
[2025-07-26T05:06:00.888+0000] {processor.py:830} INFO - Processing file /opt/airflow/dags/airflow_pipeline.py for tasks to queue
[2025-07-26T05:06:00.890+0000] {logging_mixin.py:188} INFO - [2025-07-26T05:06:00.889+0000] {dagbag.py:538} INFO - Filling up the DagBag from /opt/airflow/dags/airflow_pipeline.py
[2025-07-26T05:06:00.915+0000] {processor.py:840} INFO - DAG(s) 'pl001_ingest_crypto_postgres' retrieved from /opt/airflow/dags/airflow_pipeline.py
[2025-07-26T05:06:00.954+0000] {logging_mixin.py:188} INFO - [2025-07-26T05:06:00.953+0000] {dag.py:3036} INFO - Sync 1 DAGs
[2025-07-26T05:06:00.969+0000] {logging_mixin.py:188} INFO - [2025-07-26T05:06:00.969+0000] {dag.py:3823} INFO - Setting next_dagrun for pl001_ingest_crypto_postgres to None, run_after=None
[2025-07-26T05:06:00.995+0000] {processor.py:183} INFO - Processing /opt/airflow/dags/airflow_pipeline.py took 0.114 seconds
[2025-07-26T05:06:31.349+0000] {processor.py:161} INFO - Started process (PID=185) to work on /opt/airflow/dags/airflow_pipeline.py
[2025-07-26T05:06:31.351+0000] {processor.py:830} INFO - Processing file /opt/airflow/dags/airflow_pipeline.py for tasks to queue
[2025-07-26T05:06:31.352+0000] {logging_mixin.py:188} INFO - [2025-07-26T05:06:31.352+0000] {dagbag.py:538} INFO - Filling up the DagBag from /opt/airflow/dags/airflow_pipeline.py
[2025-07-26T05:06:31.376+0000] {processor.py:840} INFO - DAG(s) 'pl001_ingest_crypto_postgres' retrieved from /opt/airflow/dags/airflow_pipeline.py
[2025-07-26T05:06:31.412+0000] {logging_mixin.py:188} INFO - [2025-07-26T05:06:31.411+0000] {dag.py:3036} INFO - Sync 1 DAGs
[2025-07-26T05:06:31.426+0000] {logging_mixin.py:188} INFO - [2025-07-26T05:06:31.426+0000] {dag.py:3823} INFO - Setting next_dagrun for pl001_ingest_crypto_postgres to None, run_after=None
[2025-07-26T05:06:31.452+0000] {processor.py:183} INFO - Processing /opt/airflow/dags/airflow_pipeline.py took 0.107 seconds
[2025-07-26T05:07:01.728+0000] {processor.py:161} INFO - Started process (PID=190) to work on /opt/airflow/dags/airflow_pipeline.py
[2025-07-26T05:07:01.730+0000] {processor.py:830} INFO - Processing file /opt/airflow/dags/airflow_pipeline.py for tasks to queue
[2025-07-26T05:07:01.731+0000] {logging_mixin.py:188} INFO - [2025-07-26T05:07:01.731+0000] {dagbag.py:538} INFO - Filling up the DagBag from /opt/airflow/dags/airflow_pipeline.py
[2025-07-26T05:07:01.758+0000] {processor.py:840} INFO - DAG(s) 'pl001_ingest_crypto_postgres' retrieved from /opt/airflow/dags/airflow_pipeline.py
[2025-07-26T05:07:01.803+0000] {logging_mixin.py:188} INFO - [2025-07-26T05:07:01.802+0000] {dag.py:3036} INFO - Sync 1 DAGs
[2025-07-26T05:07:01.828+0000] {logging_mixin.py:188} INFO - [2025-07-26T05:07:01.827+0000] {dag.py:3823} INFO - Setting next_dagrun for pl001_ingest_crypto_postgres to None, run_after=None
[2025-07-26T05:07:01.864+0000] {processor.py:183} INFO - Processing /opt/airflow/dags/airflow_pipeline.py took 0.141 seconds
[2025-07-26T05:07:32.327+0000] {processor.py:161} INFO - Started process (PID=195) to work on /opt/airflow/dags/airflow_pipeline.py
[2025-07-26T05:07:32.330+0000] {processor.py:830} INFO - Processing file /opt/airflow/dags/airflow_pipeline.py for tasks to queue
[2025-07-26T05:07:32.332+0000] {logging_mixin.py:188} INFO - [2025-07-26T05:07:32.331+0000] {dagbag.py:538} INFO - Filling up the DagBag from /opt/airflow/dags/airflow_pipeline.py
[2025-07-26T05:07:32.383+0000] {processor.py:840} INFO - DAG(s) 'pl001_ingest_crypto_postgres' retrieved from /opt/airflow/dags/airflow_pipeline.py
[2025-07-26T05:07:32.473+0000] {logging_mixin.py:188} INFO - [2025-07-26T05:07:32.472+0000] {dag.py:3036} INFO - Sync 1 DAGs
[2025-07-26T05:07:32.493+0000] {logging_mixin.py:188} INFO - [2025-07-26T05:07:32.492+0000] {dag.py:3823} INFO - Setting next_dagrun for pl001_ingest_crypto_postgres to None, run_after=None
[2025-07-26T05:07:32.522+0000] {processor.py:183} INFO - Processing /opt/airflow/dags/airflow_pipeline.py took 0.213 seconds
[2025-07-26T05:08:02.681+0000] {processor.py:161} INFO - Started process (PID=200) to work on /opt/airflow/dags/airflow_pipeline.py
[2025-07-26T05:08:02.683+0000] {processor.py:830} INFO - Processing file /opt/airflow/dags/airflow_pipeline.py for tasks to queue
[2025-07-26T05:08:02.684+0000] {logging_mixin.py:188} INFO - [2025-07-26T05:08:02.684+0000] {dagbag.py:538} INFO - Filling up the DagBag from /opt/airflow/dags/airflow_pipeline.py
[2025-07-26T05:08:02.717+0000] {processor.py:840} INFO - DAG(s) 'pl001_ingest_crypto_postgres' retrieved from /opt/airflow/dags/airflow_pipeline.py
[2025-07-26T05:08:02.799+0000] {logging_mixin.py:188} INFO - [2025-07-26T05:08:02.798+0000] {dag.py:3036} INFO - Sync 1 DAGs
[2025-07-26T05:08:02.824+0000] {logging_mixin.py:188} INFO - [2025-07-26T05:08:02.824+0000] {dag.py:3823} INFO - Setting next_dagrun for pl001_ingest_crypto_postgres to None, run_after=None
[2025-07-26T05:08:02.862+0000] {processor.py:183} INFO - Processing /opt/airflow/dags/airflow_pipeline.py took 0.187 seconds
[2025-07-26T05:08:33.281+0000] {processor.py:161} INFO - Started process (PID=205) to work on /opt/airflow/dags/airflow_pipeline.py
[2025-07-26T05:08:33.282+0000] {processor.py:830} INFO - Processing file /opt/airflow/dags/airflow_pipeline.py for tasks to queue
[2025-07-26T05:08:33.284+0000] {logging_mixin.py:188} INFO - [2025-07-26T05:08:33.284+0000] {dagbag.py:538} INFO - Filling up the DagBag from /opt/airflow/dags/airflow_pipeline.py
[2025-07-26T05:08:33.314+0000] {processor.py:840} INFO - DAG(s) 'pl001_ingest_crypto_postgres' retrieved from /opt/airflow/dags/airflow_pipeline.py
[2025-07-26T05:08:33.363+0000] {logging_mixin.py:188} INFO - [2025-07-26T05:08:33.363+0000] {dag.py:3036} INFO - Sync 1 DAGs
[2025-07-26T05:08:33.381+0000] {logging_mixin.py:188} INFO - [2025-07-26T05:08:33.380+0000] {dag.py:3823} INFO - Setting next_dagrun for pl001_ingest_crypto_postgres to None, run_after=None
[2025-07-26T05:08:33.414+0000] {processor.py:183} INFO - Processing /opt/airflow/dags/airflow_pipeline.py took 0.139 seconds
[2025-07-26T05:09:03.734+0000] {processor.py:161} INFO - Started process (PID=210) to work on /opt/airflow/dags/airflow_pipeline.py
[2025-07-26T05:09:03.736+0000] {processor.py:830} INFO - Processing file /opt/airflow/dags/airflow_pipeline.py for tasks to queue
[2025-07-26T05:09:03.737+0000] {logging_mixin.py:188} INFO - [2025-07-26T05:09:03.737+0000] {dagbag.py:538} INFO - Filling up the DagBag from /opt/airflow/dags/airflow_pipeline.py
[2025-07-26T05:09:03.762+0000] {processor.py:840} INFO - DAG(s) 'pl001_ingest_crypto_postgres' retrieved from /opt/airflow/dags/airflow_pipeline.py
[2025-07-26T05:09:03.808+0000] {logging_mixin.py:188} INFO - [2025-07-26T05:09:03.808+0000] {dag.py:3036} INFO - Sync 1 DAGs
[2025-07-26T05:09:03.823+0000] {logging_mixin.py:188} INFO - [2025-07-26T05:09:03.822+0000] {dag.py:3823} INFO - Setting next_dagrun for pl001_ingest_crypto_postgres to None, run_after=None
[2025-07-26T05:09:03.851+0000] {processor.py:183} INFO - Processing /opt/airflow/dags/airflow_pipeline.py took 0.122 seconds
[2025-07-26T05:09:34.175+0000] {processor.py:161} INFO - Started process (PID=215) to work on /opt/airflow/dags/airflow_pipeline.py
[2025-07-26T05:09:34.178+0000] {processor.py:830} INFO - Processing file /opt/airflow/dags/airflow_pipeline.py for tasks to queue
[2025-07-26T05:09:34.180+0000] {logging_mixin.py:188} INFO - [2025-07-26T05:09:34.179+0000] {dagbag.py:538} INFO - Filling up the DagBag from /opt/airflow/dags/airflow_pipeline.py
[2025-07-26T05:09:34.207+0000] {processor.py:840} INFO - DAG(s) 'pl001_ingest_crypto_postgres' retrieved from /opt/airflow/dags/airflow_pipeline.py
[2025-07-26T05:09:34.244+0000] {logging_mixin.py:188} INFO - [2025-07-26T05:09:34.244+0000] {dag.py:3036} INFO - Sync 1 DAGs
[2025-07-26T05:09:34.259+0000] {logging_mixin.py:188} INFO - [2025-07-26T05:09:34.258+0000] {dag.py:3823} INFO - Setting next_dagrun for pl001_ingest_crypto_postgres to None, run_after=None
[2025-07-26T05:09:34.285+0000] {processor.py:183} INFO - Processing /opt/airflow/dags/airflow_pipeline.py took 0.117 seconds
[2025-07-26T05:10:04.649+0000] {processor.py:161} INFO - Started process (PID=220) to work on /opt/airflow/dags/airflow_pipeline.py
[2025-07-26T05:10:04.650+0000] {processor.py:830} INFO - Processing file /opt/airflow/dags/airflow_pipeline.py for tasks to queue
[2025-07-26T05:10:04.651+0000] {logging_mixin.py:188} INFO - [2025-07-26T05:10:04.651+0000] {dagbag.py:538} INFO - Filling up the DagBag from /opt/airflow/dags/airflow_pipeline.py
[2025-07-26T05:10:04.675+0000] {processor.py:840} INFO - DAG(s) 'pl001_ingest_crypto_postgres' retrieved from /opt/airflow/dags/airflow_pipeline.py
[2025-07-26T05:10:04.714+0000] {logging_mixin.py:188} INFO - [2025-07-26T05:10:04.714+0000] {dag.py:3036} INFO - Sync 1 DAGs
[2025-07-26T05:10:04.729+0000] {logging_mixin.py:188} INFO - [2025-07-26T05:10:04.729+0000] {dag.py:3823} INFO - Setting next_dagrun for pl001_ingest_crypto_postgres to None, run_after=None
[2025-07-26T05:10:04.757+0000] {processor.py:183} INFO - Processing /opt/airflow/dags/airflow_pipeline.py took 0.112 seconds
[2025-07-26T05:10:35.096+0000] {processor.py:161} INFO - Started process (PID=225) to work on /opt/airflow/dags/airflow_pipeline.py
[2025-07-26T05:10:35.097+0000] {processor.py:830} INFO - Processing file /opt/airflow/dags/airflow_pipeline.py for tasks to queue
[2025-07-26T05:10:35.099+0000] {logging_mixin.py:188} INFO - [2025-07-26T05:10:35.098+0000] {dagbag.py:538} INFO - Filling up the DagBag from /opt/airflow/dags/airflow_pipeline.py
[2025-07-26T05:10:35.124+0000] {processor.py:840} INFO - DAG(s) 'pl001_ingest_crypto_postgres' retrieved from /opt/airflow/dags/airflow_pipeline.py
[2025-07-26T05:10:35.161+0000] {logging_mixin.py:188} INFO - [2025-07-26T05:10:35.161+0000] {dag.py:3036} INFO - Sync 1 DAGs
[2025-07-26T05:10:35.175+0000] {logging_mixin.py:188} INFO - [2025-07-26T05:10:35.175+0000] {dag.py:3823} INFO - Setting next_dagrun for pl001_ingest_crypto_postgres to None, run_after=None
[2025-07-26T05:10:35.202+0000] {processor.py:183} INFO - Processing /opt/airflow/dags/airflow_pipeline.py took 0.111 seconds
[2025-07-26T05:11:05.521+0000] {processor.py:161} INFO - Started process (PID=230) to work on /opt/airflow/dags/airflow_pipeline.py
[2025-07-26T05:11:05.523+0000] {processor.py:830} INFO - Processing file /opt/airflow/dags/airflow_pipeline.py for tasks to queue
[2025-07-26T05:11:05.525+0000] {logging_mixin.py:188} INFO - [2025-07-26T05:11:05.524+0000] {dagbag.py:538} INFO - Filling up the DagBag from /opt/airflow/dags/airflow_pipeline.py
[2025-07-26T05:11:05.550+0000] {processor.py:840} INFO - DAG(s) 'pl001_ingest_crypto_postgres' retrieved from /opt/airflow/dags/airflow_pipeline.py
[2025-07-26T05:11:05.586+0000] {logging_mixin.py:188} INFO - [2025-07-26T05:11:05.586+0000] {dag.py:3036} INFO - Sync 1 DAGs
[2025-07-26T05:11:05.612+0000] {logging_mixin.py:188} INFO - [2025-07-26T05:11:05.611+0000] {dag.py:3823} INFO - Setting next_dagrun for pl001_ingest_crypto_postgres to None, run_after=None
[2025-07-26T05:11:05.649+0000] {processor.py:183} INFO - Processing /opt/airflow/dags/airflow_pipeline.py took 0.133 seconds
[2025-07-26T05:11:35.933+0000] {processor.py:161} INFO - Started process (PID=235) to work on /opt/airflow/dags/airflow_pipeline.py
[2025-07-26T05:11:35.934+0000] {processor.py:830} INFO - Processing file /opt/airflow/dags/airflow_pipeline.py for tasks to queue
[2025-07-26T05:11:35.936+0000] {logging_mixin.py:188} INFO - [2025-07-26T05:11:35.935+0000] {dagbag.py:538} INFO - Filling up the DagBag from /opt/airflow/dags/airflow_pipeline.py
[2025-07-26T05:11:35.959+0000] {processor.py:840} INFO - DAG(s) 'pl001_ingest_crypto_postgres' retrieved from /opt/airflow/dags/airflow_pipeline.py
[2025-07-26T05:11:35.999+0000] {logging_mixin.py:188} INFO - [2025-07-26T05:11:35.998+0000] {dag.py:3036} INFO - Sync 1 DAGs
[2025-07-26T05:11:36.014+0000] {logging_mixin.py:188} INFO - [2025-07-26T05:11:36.013+0000] {dag.py:3823} INFO - Setting next_dagrun for pl001_ingest_crypto_postgres to None, run_after=None
[2025-07-26T05:11:36.040+0000] {processor.py:183} INFO - Processing /opt/airflow/dags/airflow_pipeline.py took 0.113 seconds
[2025-07-26T05:12:06.503+0000] {processor.py:161} INFO - Started process (PID=240) to work on /opt/airflow/dags/airflow_pipeline.py
[2025-07-26T05:12:06.504+0000] {processor.py:830} INFO - Processing file /opt/airflow/dags/airflow_pipeline.py for tasks to queue
[2025-07-26T05:12:06.506+0000] {logging_mixin.py:188} INFO - [2025-07-26T05:12:06.505+0000] {dagbag.py:538} INFO - Filling up the DagBag from /opt/airflow/dags/airflow_pipeline.py
[2025-07-26T05:12:06.528+0000] {processor.py:840} INFO - DAG(s) 'pl001_ingest_crypto_postgres' retrieved from /opt/airflow/dags/airflow_pipeline.py
[2025-07-26T05:12:06.564+0000] {logging_mixin.py:188} INFO - [2025-07-26T05:12:06.563+0000] {dag.py:3036} INFO - Sync 1 DAGs
[2025-07-26T05:12:06.579+0000] {logging_mixin.py:188} INFO - [2025-07-26T05:12:06.579+0000] {dag.py:3823} INFO - Setting next_dagrun for pl001_ingest_crypto_postgres to None, run_after=None
[2025-07-26T05:12:06.605+0000] {processor.py:183} INFO - Processing /opt/airflow/dags/airflow_pipeline.py took 0.107 seconds
[2025-07-26T05:12:36.871+0000] {processor.py:161} INFO - Started process (PID=245) to work on /opt/airflow/dags/airflow_pipeline.py
[2025-07-26T05:12:36.873+0000] {processor.py:830} INFO - Processing file /opt/airflow/dags/airflow_pipeline.py for tasks to queue
[2025-07-26T05:12:36.875+0000] {logging_mixin.py:188} INFO - [2025-07-26T05:12:36.875+0000] {dagbag.py:538} INFO - Filling up the DagBag from /opt/airflow/dags/airflow_pipeline.py
[2025-07-26T05:12:36.908+0000] {processor.py:840} INFO - DAG(s) 'pl001_ingest_crypto_postgres' retrieved from /opt/airflow/dags/airflow_pipeline.py
[2025-07-26T05:12:36.945+0000] {logging_mixin.py:188} INFO - [2025-07-26T05:12:36.945+0000] {dag.py:3036} INFO - Sync 1 DAGs
[2025-07-26T05:12:36.960+0000] {logging_mixin.py:188} INFO - [2025-07-26T05:12:36.960+0000] {dag.py:3823} INFO - Setting next_dagrun for pl001_ingest_crypto_postgres to None, run_after=None
[2025-07-26T05:12:36.985+0000] {processor.py:183} INFO - Processing /opt/airflow/dags/airflow_pipeline.py took 0.121 seconds
[2025-07-26T05:13:07.354+0000] {processor.py:161} INFO - Started process (PID=250) to work on /opt/airflow/dags/airflow_pipeline.py
[2025-07-26T05:13:07.356+0000] {processor.py:830} INFO - Processing file /opt/airflow/dags/airflow_pipeline.py for tasks to queue
[2025-07-26T05:13:07.357+0000] {logging_mixin.py:188} INFO - [2025-07-26T05:13:07.357+0000] {dagbag.py:538} INFO - Filling up the DagBag from /opt/airflow/dags/airflow_pipeline.py
[2025-07-26T05:13:07.382+0000] {processor.py:840} INFO - DAG(s) 'pl001_ingest_crypto_postgres' retrieved from /opt/airflow/dags/airflow_pipeline.py
[2025-07-26T05:13:07.418+0000] {logging_mixin.py:188} INFO - [2025-07-26T05:13:07.418+0000] {dag.py:3036} INFO - Sync 1 DAGs
[2025-07-26T05:13:07.432+0000] {logging_mixin.py:188} INFO - [2025-07-26T05:13:07.432+0000] {dag.py:3823} INFO - Setting next_dagrun for pl001_ingest_crypto_postgres to None, run_after=None
[2025-07-26T05:13:07.459+0000] {processor.py:183} INFO - Processing /opt/airflow/dags/airflow_pipeline.py took 0.108 seconds
[2025-07-26T05:13:37.766+0000] {processor.py:161} INFO - Started process (PID=255) to work on /opt/airflow/dags/airflow_pipeline.py
[2025-07-26T05:13:37.768+0000] {processor.py:830} INFO - Processing file /opt/airflow/dags/airflow_pipeline.py for tasks to queue
[2025-07-26T05:13:37.770+0000] {logging_mixin.py:188} INFO - [2025-07-26T05:13:37.769+0000] {dagbag.py:538} INFO - Filling up the DagBag from /opt/airflow/dags/airflow_pipeline.py
[2025-07-26T05:13:37.810+0000] {processor.py:840} INFO - DAG(s) 'pl001_ingest_crypto_postgres' retrieved from /opt/airflow/dags/airflow_pipeline.py
[2025-07-26T05:13:37.850+0000] {logging_mixin.py:188} INFO - [2025-07-26T05:13:37.849+0000] {dag.py:3036} INFO - Sync 1 DAGs
[2025-07-26T05:13:37.867+0000] {logging_mixin.py:188} INFO - [2025-07-26T05:13:37.867+0000] {dag.py:3823} INFO - Setting next_dagrun for pl001_ingest_crypto_postgres to None, run_after=None
[2025-07-26T05:13:37.895+0000] {processor.py:183} INFO - Processing /opt/airflow/dags/airflow_pipeline.py took 0.136 seconds
[2025-07-26T05:14:08.241+0000] {processor.py:161} INFO - Started process (PID=260) to work on /opt/airflow/dags/airflow_pipeline.py
[2025-07-26T05:14:08.243+0000] {processor.py:830} INFO - Processing file /opt/airflow/dags/airflow_pipeline.py for tasks to queue
[2025-07-26T05:14:08.244+0000] {logging_mixin.py:188} INFO - [2025-07-26T05:14:08.244+0000] {dagbag.py:538} INFO - Filling up the DagBag from /opt/airflow/dags/airflow_pipeline.py
[2025-07-26T05:14:08.276+0000] {processor.py:840} INFO - DAG(s) 'pl001_ingest_crypto_postgres' retrieved from /opt/airflow/dags/airflow_pipeline.py
[2025-07-26T05:14:08.322+0000] {logging_mixin.py:188} INFO - [2025-07-26T05:14:08.322+0000] {dag.py:3036} INFO - Sync 1 DAGs
[2025-07-26T05:14:08.337+0000] {logging_mixin.py:188} INFO - [2025-07-26T05:14:08.336+0000] {dag.py:3823} INFO - Setting next_dagrun for pl001_ingest_crypto_postgres to None, run_after=None
[2025-07-26T05:14:08.363+0000] {processor.py:183} INFO - Processing /opt/airflow/dags/airflow_pipeline.py took 0.128 seconds
[2025-07-26T05:14:38.637+0000] {processor.py:161} INFO - Started process (PID=265) to work on /opt/airflow/dags/airflow_pipeline.py
[2025-07-26T05:14:38.640+0000] {processor.py:830} INFO - Processing file /opt/airflow/dags/airflow_pipeline.py for tasks to queue
[2025-07-26T05:14:38.642+0000] {logging_mixin.py:188} INFO - [2025-07-26T05:14:38.641+0000] {dagbag.py:538} INFO - Filling up the DagBag from /opt/airflow/dags/airflow_pipeline.py
[2025-07-26T05:14:38.676+0000] {processor.py:840} INFO - DAG(s) 'pl001_ingest_crypto_postgres' retrieved from /opt/airflow/dags/airflow_pipeline.py
[2025-07-26T05:14:38.725+0000] {logging_mixin.py:188} INFO - [2025-07-26T05:14:38.725+0000] {dag.py:3036} INFO - Sync 1 DAGs
[2025-07-26T05:14:38.741+0000] {logging_mixin.py:188} INFO - [2025-07-26T05:14:38.741+0000] {dag.py:3823} INFO - Setting next_dagrun for pl001_ingest_crypto_postgres to None, run_after=None
[2025-07-26T05:14:38.767+0000] {processor.py:183} INFO - Processing /opt/airflow/dags/airflow_pipeline.py took 0.137 seconds
[2025-07-26T05:15:09.160+0000] {processor.py:161} INFO - Started process (PID=270) to work on /opt/airflow/dags/airflow_pipeline.py
[2025-07-26T05:15:09.162+0000] {processor.py:830} INFO - Processing file /opt/airflow/dags/airflow_pipeline.py for tasks to queue
[2025-07-26T05:15:09.164+0000] {logging_mixin.py:188} INFO - [2025-07-26T05:15:09.164+0000] {dagbag.py:538} INFO - Filling up the DagBag from /opt/airflow/dags/airflow_pipeline.py
[2025-07-26T05:15:09.195+0000] {processor.py:840} INFO - DAG(s) 'pl001_ingest_crypto_postgres' retrieved from /opt/airflow/dags/airflow_pipeline.py
[2025-07-26T05:15:09.231+0000] {logging_mixin.py:188} INFO - [2025-07-26T05:15:09.230+0000] {dag.py:3036} INFO - Sync 1 DAGs
[2025-07-26T05:15:09.245+0000] {logging_mixin.py:188} INFO - [2025-07-26T05:15:09.244+0000] {dag.py:3823} INFO - Setting next_dagrun for pl001_ingest_crypto_postgres to None, run_after=None
[2025-07-26T05:15:09.271+0000] {processor.py:183} INFO - Processing /opt/airflow/dags/airflow_pipeline.py took 0.121 seconds
[2025-07-26T05:15:39.608+0000] {processor.py:161} INFO - Started process (PID=275) to work on /opt/airflow/dags/airflow_pipeline.py
[2025-07-26T05:15:39.610+0000] {processor.py:830} INFO - Processing file /opt/airflow/dags/airflow_pipeline.py for tasks to queue
[2025-07-26T05:15:39.612+0000] {logging_mixin.py:188} INFO - [2025-07-26T05:15:39.612+0000] {dagbag.py:538} INFO - Filling up the DagBag from /opt/airflow/dags/airflow_pipeline.py
[2025-07-26T05:15:39.637+0000] {processor.py:840} INFO - DAG(s) 'pl001_ingest_crypto_postgres' retrieved from /opt/airflow/dags/airflow_pipeline.py
[2025-07-26T05:15:39.674+0000] {logging_mixin.py:188} INFO - [2025-07-26T05:15:39.674+0000] {dag.py:3036} INFO - Sync 1 DAGs
[2025-07-26T05:15:39.689+0000] {logging_mixin.py:188} INFO - [2025-07-26T05:15:39.689+0000] {dag.py:3823} INFO - Setting next_dagrun for pl001_ingest_crypto_postgres to None, run_after=None
[2025-07-26T05:15:39.716+0000] {processor.py:183} INFO - Processing /opt/airflow/dags/airflow_pipeline.py took 0.112 seconds
[2025-07-26T05:16:09.973+0000] {processor.py:161} INFO - Started process (PID=280) to work on /opt/airflow/dags/airflow_pipeline.py
[2025-07-26T05:16:09.975+0000] {processor.py:830} INFO - Processing file /opt/airflow/dags/airflow_pipeline.py for tasks to queue
[2025-07-26T05:16:09.977+0000] {logging_mixin.py:188} INFO - [2025-07-26T05:16:09.976+0000] {dagbag.py:538} INFO - Filling up the DagBag from /opt/airflow/dags/airflow_pipeline.py
[2025-07-26T05:16:10.001+0000] {processor.py:840} INFO - DAG(s) 'pl001_ingest_crypto_postgres' retrieved from /opt/airflow/dags/airflow_pipeline.py
[2025-07-26T05:16:10.042+0000] {logging_mixin.py:188} INFO - [2025-07-26T05:16:10.041+0000] {dag.py:3036} INFO - Sync 1 DAGs
[2025-07-26T05:16:10.060+0000] {logging_mixin.py:188} INFO - [2025-07-26T05:16:10.059+0000] {dag.py:3823} INFO - Setting next_dagrun for pl001_ingest_crypto_postgres to None, run_after=None
[2025-07-26T05:16:10.090+0000] {processor.py:183} INFO - Processing /opt/airflow/dags/airflow_pipeline.py took 0.121 seconds
[2025-07-26T05:16:40.452+0000] {processor.py:161} INFO - Started process (PID=285) to work on /opt/airflow/dags/airflow_pipeline.py
[2025-07-26T05:16:40.456+0000] {processor.py:830} INFO - Processing file /opt/airflow/dags/airflow_pipeline.py for tasks to queue
[2025-07-26T05:16:40.457+0000] {logging_mixin.py:188} INFO - [2025-07-26T05:16:40.457+0000] {dagbag.py:538} INFO - Filling up the DagBag from /opt/airflow/dags/airflow_pipeline.py
[2025-07-26T05:16:40.479+0000] {processor.py:840} INFO - DAG(s) 'pl001_ingest_crypto_postgres' retrieved from /opt/airflow/dags/airflow_pipeline.py
[2025-07-26T05:16:40.514+0000] {logging_mixin.py:188} INFO - [2025-07-26T05:16:40.514+0000] {dag.py:3036} INFO - Sync 1 DAGs
[2025-07-26T05:16:40.531+0000] {logging_mixin.py:188} INFO - [2025-07-26T05:16:40.530+0000] {dag.py:3823} INFO - Setting next_dagrun for pl001_ingest_crypto_postgres to None, run_after=None
[2025-07-26T05:16:40.556+0000] {processor.py:183} INFO - Processing /opt/airflow/dags/airflow_pipeline.py took 0.112 seconds
[2025-07-26T05:17:10.899+0000] {processor.py:161} INFO - Started process (PID=290) to work on /opt/airflow/dags/airflow_pipeline.py
[2025-07-26T05:17:10.901+0000] {processor.py:830} INFO - Processing file /opt/airflow/dags/airflow_pipeline.py for tasks to queue
[2025-07-26T05:17:10.902+0000] {logging_mixin.py:188} INFO - [2025-07-26T05:17:10.902+0000] {dagbag.py:538} INFO - Filling up the DagBag from /opt/airflow/dags/airflow_pipeline.py
[2025-07-26T05:17:10.929+0000] {processor.py:840} INFO - DAG(s) 'pl001_ingest_crypto_postgres' retrieved from /opt/airflow/dags/airflow_pipeline.py
[2025-07-26T05:17:10.995+0000] {logging_mixin.py:188} INFO - [2025-07-26T05:17:10.995+0000] {dag.py:3036} INFO - Sync 1 DAGs
[2025-07-26T05:17:11.039+0000] {logging_mixin.py:188} INFO - [2025-07-26T05:17:11.039+0000] {dag.py:3823} INFO - Setting next_dagrun for pl001_ingest_crypto_postgres to None, run_after=None
[2025-07-26T05:17:11.092+0000] {processor.py:183} INFO - Processing /opt/airflow/dags/airflow_pipeline.py took 0.197 seconds
[2025-07-26T05:17:41.306+0000] {processor.py:161} INFO - Started process (PID=295) to work on /opt/airflow/dags/airflow_pipeline.py
[2025-07-26T05:17:41.308+0000] {processor.py:830} INFO - Processing file /opt/airflow/dags/airflow_pipeline.py for tasks to queue
[2025-07-26T05:17:41.312+0000] {logging_mixin.py:188} INFO - [2025-07-26T05:17:41.310+0000] {dagbag.py:538} INFO - Filling up the DagBag from /opt/airflow/dags/airflow_pipeline.py
[2025-07-26T05:17:41.346+0000] {processor.py:840} INFO - DAG(s) 'pl001_ingest_crypto_postgres' retrieved from /opt/airflow/dags/airflow_pipeline.py
[2025-07-26T05:17:41.396+0000] {logging_mixin.py:188} INFO - [2025-07-26T05:17:41.395+0000] {dag.py:3036} INFO - Sync 1 DAGs
[2025-07-26T05:17:41.416+0000] {logging_mixin.py:188} INFO - [2025-07-26T05:17:41.416+0000] {dag.py:3823} INFO - Setting next_dagrun for pl001_ingest_crypto_postgres to None, run_after=None
[2025-07-26T05:17:41.447+0000] {processor.py:183} INFO - Processing /opt/airflow/dags/airflow_pipeline.py took 0.148 seconds
[2025-07-26T05:18:11.682+0000] {processor.py:161} INFO - Started process (PID=300) to work on /opt/airflow/dags/airflow_pipeline.py
[2025-07-26T05:18:11.684+0000] {processor.py:830} INFO - Processing file /opt/airflow/dags/airflow_pipeline.py for tasks to queue
[2025-07-26T05:18:11.685+0000] {logging_mixin.py:188} INFO - [2025-07-26T05:18:11.685+0000] {dagbag.py:538} INFO - Filling up the DagBag from /opt/airflow/dags/airflow_pipeline.py
[2025-07-26T05:18:11.710+0000] {processor.py:840} INFO - DAG(s) 'pl001_ingest_crypto_postgres' retrieved from /opt/airflow/dags/airflow_pipeline.py
[2025-07-26T05:18:11.748+0000] {logging_mixin.py:188} INFO - [2025-07-26T05:18:11.748+0000] {dag.py:3036} INFO - Sync 1 DAGs
[2025-07-26T05:18:11.764+0000] {logging_mixin.py:188} INFO - [2025-07-26T05:18:11.764+0000] {dag.py:3823} INFO - Setting next_dagrun for pl001_ingest_crypto_postgres to None, run_after=None
[2025-07-26T05:18:11.792+0000] {processor.py:183} INFO - Processing /opt/airflow/dags/airflow_pipeline.py took 0.114 seconds
[2025-07-26T05:18:42.235+0000] {processor.py:161} INFO - Started process (PID=305) to work on /opt/airflow/dags/airflow_pipeline.py
[2025-07-26T05:18:42.237+0000] {processor.py:830} INFO - Processing file /opt/airflow/dags/airflow_pipeline.py for tasks to queue
[2025-07-26T05:18:42.238+0000] {logging_mixin.py:188} INFO - [2025-07-26T05:18:42.238+0000] {dagbag.py:538} INFO - Filling up the DagBag from /opt/airflow/dags/airflow_pipeline.py
[2025-07-26T05:18:42.263+0000] {processor.py:840} INFO - DAG(s) 'pl001_ingest_crypto_postgres' retrieved from /opt/airflow/dags/airflow_pipeline.py
[2025-07-26T05:18:42.309+0000] {logging_mixin.py:188} INFO - [2025-07-26T05:18:42.309+0000] {dag.py:3036} INFO - Sync 1 DAGs
[2025-07-26T05:18:42.325+0000] {logging_mixin.py:188} INFO - [2025-07-26T05:18:42.325+0000] {dag.py:3823} INFO - Setting next_dagrun for pl001_ingest_crypto_postgres to None, run_after=None
[2025-07-26T05:18:42.350+0000] {processor.py:183} INFO - Processing /opt/airflow/dags/airflow_pipeline.py took 0.119 seconds
[2025-07-26T05:19:12.770+0000] {processor.py:161} INFO - Started process (PID=310) to work on /opt/airflow/dags/airflow_pipeline.py
[2025-07-26T05:19:12.771+0000] {processor.py:830} INFO - Processing file /opt/airflow/dags/airflow_pipeline.py for tasks to queue
[2025-07-26T05:19:12.773+0000] {logging_mixin.py:188} INFO - [2025-07-26T05:19:12.773+0000] {dagbag.py:538} INFO - Filling up the DagBag from /opt/airflow/dags/airflow_pipeline.py
[2025-07-26T05:19:12.799+0000] {processor.py:840} INFO - DAG(s) 'pl001_ingest_crypto_postgres' retrieved from /opt/airflow/dags/airflow_pipeline.py
[2025-07-26T05:19:12.838+0000] {logging_mixin.py:188} INFO - [2025-07-26T05:19:12.837+0000] {dag.py:3036} INFO - Sync 1 DAGs
[2025-07-26T05:19:12.852+0000] {logging_mixin.py:188} INFO - [2025-07-26T05:19:12.852+0000] {dag.py:3823} INFO - Setting next_dagrun for pl001_ingest_crypto_postgres to None, run_after=None
[2025-07-26T05:19:12.880+0000] {processor.py:183} INFO - Processing /opt/airflow/dags/airflow_pipeline.py took 0.116 seconds
[2025-07-26T05:19:43.186+0000] {processor.py:161} INFO - Started process (PID=315) to work on /opt/airflow/dags/airflow_pipeline.py
[2025-07-26T05:19:43.188+0000] {processor.py:830} INFO - Processing file /opt/airflow/dags/airflow_pipeline.py for tasks to queue
[2025-07-26T05:19:43.190+0000] {logging_mixin.py:188} INFO - [2025-07-26T05:19:43.189+0000] {dagbag.py:538} INFO - Filling up the DagBag from /opt/airflow/dags/airflow_pipeline.py
[2025-07-26T05:19:43.216+0000] {processor.py:840} INFO - DAG(s) 'pl001_ingest_crypto_postgres' retrieved from /opt/airflow/dags/airflow_pipeline.py
[2025-07-26T05:19:43.255+0000] {logging_mixin.py:188} INFO - [2025-07-26T05:19:43.255+0000] {dag.py:3036} INFO - Sync 1 DAGs
[2025-07-26T05:19:43.270+0000] {logging_mixin.py:188} INFO - [2025-07-26T05:19:43.270+0000] {dag.py:3823} INFO - Setting next_dagrun for pl001_ingest_crypto_postgres to None, run_after=None
[2025-07-26T05:19:43.298+0000] {processor.py:183} INFO - Processing /opt/airflow/dags/airflow_pipeline.py took 0.119 seconds
[2025-07-26T05:20:13.612+0000] {processor.py:161} INFO - Started process (PID=320) to work on /opt/airflow/dags/airflow_pipeline.py
[2025-07-26T05:20:13.614+0000] {processor.py:830} INFO - Processing file /opt/airflow/dags/airflow_pipeline.py for tasks to queue
[2025-07-26T05:20:13.615+0000] {logging_mixin.py:188} INFO - [2025-07-26T05:20:13.615+0000] {dagbag.py:538} INFO - Filling up the DagBag from /opt/airflow/dags/airflow_pipeline.py
[2025-07-26T05:20:13.638+0000] {processor.py:840} INFO - DAG(s) 'pl001_ingest_crypto_postgres' retrieved from /opt/airflow/dags/airflow_pipeline.py
[2025-07-26T05:20:13.677+0000] {logging_mixin.py:188} INFO - [2025-07-26T05:20:13.677+0000] {dag.py:3036} INFO - Sync 1 DAGs
[2025-07-26T05:20:13.694+0000] {logging_mixin.py:188} INFO - [2025-07-26T05:20:13.693+0000] {dag.py:3823} INFO - Setting next_dagrun for pl001_ingest_crypto_postgres to None, run_after=None
[2025-07-26T05:20:13.719+0000] {processor.py:183} INFO - Processing /opt/airflow/dags/airflow_pipeline.py took 0.111 seconds
[2025-07-26T05:20:44.113+0000] {processor.py:161} INFO - Started process (PID=325) to work on /opt/airflow/dags/airflow_pipeline.py
[2025-07-26T05:20:44.114+0000] {processor.py:830} INFO - Processing file /opt/airflow/dags/airflow_pipeline.py for tasks to queue
[2025-07-26T05:20:44.116+0000] {logging_mixin.py:188} INFO - [2025-07-26T05:20:44.115+0000] {dagbag.py:538} INFO - Filling up the DagBag from /opt/airflow/dags/airflow_pipeline.py
[2025-07-26T05:20:44.148+0000] {processor.py:840} INFO - DAG(s) 'pl001_ingest_crypto_postgres' retrieved from /opt/airflow/dags/airflow_pipeline.py
[2025-07-26T05:20:44.198+0000] {logging_mixin.py:188} INFO - [2025-07-26T05:20:44.197+0000] {dag.py:3036} INFO - Sync 1 DAGs
[2025-07-26T05:20:44.221+0000] {logging_mixin.py:188} INFO - [2025-07-26T05:20:44.220+0000] {dag.py:3823} INFO - Setting next_dagrun for pl001_ingest_crypto_postgres to None, run_after=None
[2025-07-26T05:20:44.253+0000] {processor.py:183} INFO - Processing /opt/airflow/dags/airflow_pipeline.py took 0.146 seconds
[2025-07-26T05:21:14.527+0000] {processor.py:161} INFO - Started process (PID=330) to work on /opt/airflow/dags/airflow_pipeline.py
[2025-07-26T05:21:14.530+0000] {processor.py:830} INFO - Processing file /opt/airflow/dags/airflow_pipeline.py for tasks to queue
[2025-07-26T05:21:14.534+0000] {logging_mixin.py:188} INFO - [2025-07-26T05:21:14.532+0000] {dagbag.py:538} INFO - Filling up the DagBag from /opt/airflow/dags/airflow_pipeline.py
[2025-07-26T05:21:14.568+0000] {processor.py:840} INFO - DAG(s) 'pl001_ingest_crypto_postgres' retrieved from /opt/airflow/dags/airflow_pipeline.py
[2025-07-26T05:21:14.628+0000] {logging_mixin.py:188} INFO - [2025-07-26T05:21:14.628+0000] {dag.py:3036} INFO - Sync 1 DAGs
[2025-07-26T05:21:14.643+0000] {logging_mixin.py:188} INFO - [2025-07-26T05:21:14.643+0000] {dag.py:3823} INFO - Setting next_dagrun for pl001_ingest_crypto_postgres to None, run_after=None
[2025-07-26T05:21:14.667+0000] {processor.py:183} INFO - Processing /opt/airflow/dags/airflow_pipeline.py took 0.148 seconds
[2025-07-26T05:21:45.048+0000] {processor.py:161} INFO - Started process (PID=335) to work on /opt/airflow/dags/airflow_pipeline.py
[2025-07-26T05:21:45.050+0000] {processor.py:830} INFO - Processing file /opt/airflow/dags/airflow_pipeline.py for tasks to queue
[2025-07-26T05:21:45.051+0000] {logging_mixin.py:188} INFO - [2025-07-26T05:21:45.051+0000] {dagbag.py:538} INFO - Filling up the DagBag from /opt/airflow/dags/airflow_pipeline.py
[2025-07-26T05:21:45.078+0000] {processor.py:840} INFO - DAG(s) 'pl001_ingest_crypto_postgres' retrieved from /opt/airflow/dags/airflow_pipeline.py
[2025-07-26T05:21:45.116+0000] {logging_mixin.py:188} INFO - [2025-07-26T05:21:45.116+0000] {dag.py:3036} INFO - Sync 1 DAGs
[2025-07-26T05:21:45.132+0000] {logging_mixin.py:188} INFO - [2025-07-26T05:21:45.131+0000] {dag.py:3823} INFO - Setting next_dagrun for pl001_ingest_crypto_postgres to None, run_after=None
[2025-07-26T05:21:45.157+0000] {processor.py:183} INFO - Processing /opt/airflow/dags/airflow_pipeline.py took 0.115 seconds
[2025-07-26T05:22:15.423+0000] {processor.py:161} INFO - Started process (PID=340) to work on /opt/airflow/dags/airflow_pipeline.py
[2025-07-26T05:22:15.424+0000] {processor.py:830} INFO - Processing file /opt/airflow/dags/airflow_pipeline.py for tasks to queue
[2025-07-26T05:22:15.426+0000] {logging_mixin.py:188} INFO - [2025-07-26T05:22:15.426+0000] {dagbag.py:538} INFO - Filling up the DagBag from /opt/airflow/dags/airflow_pipeline.py
[2025-07-26T05:22:15.450+0000] {processor.py:840} INFO - DAG(s) 'pl001_ingest_crypto_postgres' retrieved from /opt/airflow/dags/airflow_pipeline.py
[2025-07-26T05:22:15.490+0000] {logging_mixin.py:188} INFO - [2025-07-26T05:22:15.489+0000] {dag.py:3036} INFO - Sync 1 DAGs
[2025-07-26T05:22:15.506+0000] {logging_mixin.py:188} INFO - [2025-07-26T05:22:15.506+0000] {dag.py:3823} INFO - Setting next_dagrun for pl001_ingest_crypto_postgres to None, run_after=None
[2025-07-26T05:22:15.532+0000] {processor.py:183} INFO - Processing /opt/airflow/dags/airflow_pipeline.py took 0.114 seconds
[2025-07-26T05:22:45.927+0000] {processor.py:161} INFO - Started process (PID=345) to work on /opt/airflow/dags/airflow_pipeline.py
[2025-07-26T05:22:45.929+0000] {processor.py:830} INFO - Processing file /opt/airflow/dags/airflow_pipeline.py for tasks to queue
[2025-07-26T05:22:45.930+0000] {logging_mixin.py:188} INFO - [2025-07-26T05:22:45.930+0000] {dagbag.py:538} INFO - Filling up the DagBag from /opt/airflow/dags/airflow_pipeline.py
[2025-07-26T05:22:45.956+0000] {processor.py:840} INFO - DAG(s) 'pl001_ingest_crypto_postgres' retrieved from /opt/airflow/dags/airflow_pipeline.py
[2025-07-26T05:22:45.994+0000] {logging_mixin.py:188} INFO - [2025-07-26T05:22:45.994+0000] {dag.py:3036} INFO - Sync 1 DAGs
[2025-07-26T05:22:46.010+0000] {logging_mixin.py:188} INFO - [2025-07-26T05:22:46.010+0000] {dag.py:3823} INFO - Setting next_dagrun for pl001_ingest_crypto_postgres to None, run_after=None
[2025-07-26T05:22:46.037+0000] {processor.py:183} INFO - Processing /opt/airflow/dags/airflow_pipeline.py took 0.114 seconds
[2025-07-26T05:23:16.339+0000] {processor.py:161} INFO - Started process (PID=350) to work on /opt/airflow/dags/airflow_pipeline.py
[2025-07-26T05:23:16.342+0000] {processor.py:830} INFO - Processing file /opt/airflow/dags/airflow_pipeline.py for tasks to queue
[2025-07-26T05:23:16.344+0000] {logging_mixin.py:188} INFO - [2025-07-26T05:23:16.343+0000] {dagbag.py:538} INFO - Filling up the DagBag from /opt/airflow/dags/airflow_pipeline.py
[2025-07-26T05:23:16.381+0000] {processor.py:840} INFO - DAG(s) 'pl001_ingest_crypto_postgres' retrieved from /opt/airflow/dags/airflow_pipeline.py
[2025-07-26T05:23:16.459+0000] {logging_mixin.py:188} INFO - [2025-07-26T05:23:16.458+0000] {dag.py:3036} INFO - Sync 1 DAGs
[2025-07-26T05:23:16.492+0000] {logging_mixin.py:188} INFO - [2025-07-26T05:23:16.491+0000] {dag.py:3823} INFO - Setting next_dagrun for pl001_ingest_crypto_postgres to None, run_after=None
[2025-07-26T05:23:16.546+0000] {processor.py:183} INFO - Processing /opt/airflow/dags/airflow_pipeline.py took 0.219 seconds
[2025-07-26T05:23:46.715+0000] {processor.py:161} INFO - Started process (PID=355) to work on /opt/airflow/dags/airflow_pipeline.py
[2025-07-26T05:23:46.717+0000] {processor.py:830} INFO - Processing file /opt/airflow/dags/airflow_pipeline.py for tasks to queue
[2025-07-26T05:23:46.719+0000] {logging_mixin.py:188} INFO - [2025-07-26T05:23:46.718+0000] {dagbag.py:538} INFO - Filling up the DagBag from /opt/airflow/dags/airflow_pipeline.py
[2025-07-26T05:23:46.744+0000] {processor.py:840} INFO - DAG(s) 'pl001_ingest_crypto_postgres' retrieved from /opt/airflow/dags/airflow_pipeline.py
[2025-07-26T05:23:46.782+0000] {logging_mixin.py:188} INFO - [2025-07-26T05:23:46.781+0000] {dag.py:3036} INFO - Sync 1 DAGs
[2025-07-26T05:23:46.798+0000] {logging_mixin.py:188} INFO - [2025-07-26T05:23:46.798+0000] {dag.py:3823} INFO - Setting next_dagrun for pl001_ingest_crypto_postgres to None, run_after=None
[2025-07-26T05:23:46.827+0000] {processor.py:183} INFO - Processing /opt/airflow/dags/airflow_pipeline.py took 0.116 seconds
[2025-07-26T05:24:17.216+0000] {processor.py:161} INFO - Started process (PID=360) to work on /opt/airflow/dags/airflow_pipeline.py
[2025-07-26T05:24:17.217+0000] {processor.py:830} INFO - Processing file /opt/airflow/dags/airflow_pipeline.py for tasks to queue
[2025-07-26T05:24:17.218+0000] {logging_mixin.py:188} INFO - [2025-07-26T05:24:17.218+0000] {dagbag.py:538} INFO - Filling up the DagBag from /opt/airflow/dags/airflow_pipeline.py
[2025-07-26T05:24:17.244+0000] {processor.py:840} INFO - DAG(s) 'pl001_ingest_crypto_postgres' retrieved from /opt/airflow/dags/airflow_pipeline.py
[2025-07-26T05:24:17.280+0000] {logging_mixin.py:188} INFO - [2025-07-26T05:24:17.280+0000] {dag.py:3036} INFO - Sync 1 DAGs
[2025-07-26T05:24:17.304+0000] {logging_mixin.py:188} INFO - [2025-07-26T05:24:17.303+0000] {dag.py:3823} INFO - Setting next_dagrun for pl001_ingest_crypto_postgres to None, run_after=None
[2025-07-26T05:24:17.331+0000] {processor.py:183} INFO - Processing /opt/airflow/dags/airflow_pipeline.py took 0.120 seconds
[2025-07-26T05:24:47.618+0000] {processor.py:161} INFO - Started process (PID=365) to work on /opt/airflow/dags/airflow_pipeline.py
[2025-07-26T05:24:47.620+0000] {processor.py:830} INFO - Processing file /opt/airflow/dags/airflow_pipeline.py for tasks to queue
[2025-07-26T05:24:47.622+0000] {logging_mixin.py:188} INFO - [2025-07-26T05:24:47.621+0000] {dagbag.py:538} INFO - Filling up the DagBag from /opt/airflow/dags/airflow_pipeline.py
[2025-07-26T05:24:47.648+0000] {processor.py:840} INFO - DAG(s) 'pl001_ingest_crypto_postgres' retrieved from /opt/airflow/dags/airflow_pipeline.py
[2025-07-26T05:24:47.693+0000] {logging_mixin.py:188} INFO - [2025-07-26T05:24:47.693+0000] {dag.py:3036} INFO - Sync 1 DAGs
[2025-07-26T05:24:47.710+0000] {logging_mixin.py:188} INFO - [2025-07-26T05:24:47.709+0000] {dag.py:3823} INFO - Setting next_dagrun for pl001_ingest_crypto_postgres to None, run_after=None
[2025-07-26T05:24:47.742+0000] {processor.py:183} INFO - Processing /opt/airflow/dags/airflow_pipeline.py took 0.130 seconds
[2025-07-26T05:25:18.141+0000] {processor.py:161} INFO - Started process (PID=370) to work on /opt/airflow/dags/airflow_pipeline.py
[2025-07-26T05:25:18.143+0000] {processor.py:830} INFO - Processing file /opt/airflow/dags/airflow_pipeline.py for tasks to queue
[2025-07-26T05:25:18.144+0000] {logging_mixin.py:188} INFO - [2025-07-26T05:25:18.144+0000] {dagbag.py:538} INFO - Filling up the DagBag from /opt/airflow/dags/airflow_pipeline.py
[2025-07-26T05:25:18.170+0000] {processor.py:840} INFO - DAG(s) 'pl001_ingest_crypto_postgres' retrieved from /opt/airflow/dags/airflow_pipeline.py
[2025-07-26T05:25:18.208+0000] {logging_mixin.py:188} INFO - [2025-07-26T05:25:18.208+0000] {dag.py:3036} INFO - Sync 1 DAGs
[2025-07-26T05:25:18.224+0000] {logging_mixin.py:188} INFO - [2025-07-26T05:25:18.224+0000] {dag.py:3823} INFO - Setting next_dagrun for pl001_ingest_crypto_postgres to None, run_after=None
[2025-07-26T05:25:18.251+0000] {processor.py:183} INFO - Processing /opt/airflow/dags/airflow_pipeline.py took 0.114 seconds
[2025-07-26T05:25:48.551+0000] {processor.py:161} INFO - Started process (PID=375) to work on /opt/airflow/dags/airflow_pipeline.py
[2025-07-26T05:25:48.553+0000] {processor.py:830} INFO - Processing file /opt/airflow/dags/airflow_pipeline.py for tasks to queue
[2025-07-26T05:25:48.556+0000] {logging_mixin.py:188} INFO - [2025-07-26T05:25:48.556+0000] {dagbag.py:538} INFO - Filling up the DagBag from /opt/airflow/dags/airflow_pipeline.py
[2025-07-26T05:25:48.582+0000] {processor.py:840} INFO - DAG(s) 'pl001_ingest_crypto_postgres' retrieved from /opt/airflow/dags/airflow_pipeline.py
[2025-07-26T05:25:48.620+0000] {logging_mixin.py:188} INFO - [2025-07-26T05:25:48.620+0000] {dag.py:3036} INFO - Sync 1 DAGs
[2025-07-26T05:25:48.634+0000] {logging_mixin.py:188} INFO - [2025-07-26T05:25:48.634+0000] {dag.py:3823} INFO - Setting next_dagrun for pl001_ingest_crypto_postgres to None, run_after=None
[2025-07-26T05:25:48.660+0000] {processor.py:183} INFO - Processing /opt/airflow/dags/airflow_pipeline.py took 0.116 seconds
[2025-07-26T05:26:19.033+0000] {processor.py:161} INFO - Started process (PID=380) to work on /opt/airflow/dags/airflow_pipeline.py
[2025-07-26T05:26:19.034+0000] {processor.py:830} INFO - Processing file /opt/airflow/dags/airflow_pipeline.py for tasks to queue
[2025-07-26T05:26:19.035+0000] {logging_mixin.py:188} INFO - [2025-07-26T05:26:19.035+0000] {dagbag.py:538} INFO - Filling up the DagBag from /opt/airflow/dags/airflow_pipeline.py
[2025-07-26T05:26:19.058+0000] {processor.py:840} INFO - DAG(s) 'pl001_ingest_crypto_postgres' retrieved from /opt/airflow/dags/airflow_pipeline.py
[2025-07-26T05:26:19.093+0000] {logging_mixin.py:188} INFO - [2025-07-26T05:26:19.093+0000] {dag.py:3036} INFO - Sync 1 DAGs
[2025-07-26T05:26:19.108+0000] {logging_mixin.py:188} INFO - [2025-07-26T05:26:19.107+0000] {dag.py:3823} INFO - Setting next_dagrun for pl001_ingest_crypto_postgres to None, run_after=None
[2025-07-26T05:26:19.132+0000] {processor.py:183} INFO - Processing /opt/airflow/dags/airflow_pipeline.py took 0.106 seconds
[2025-07-26T05:26:49.408+0000] {processor.py:161} INFO - Started process (PID=385) to work on /opt/airflow/dags/airflow_pipeline.py
[2025-07-26T05:26:49.410+0000] {processor.py:830} INFO - Processing file /opt/airflow/dags/airflow_pipeline.py for tasks to queue
[2025-07-26T05:26:49.412+0000] {logging_mixin.py:188} INFO - [2025-07-26T05:26:49.411+0000] {dagbag.py:538} INFO - Filling up the DagBag from /opt/airflow/dags/airflow_pipeline.py
[2025-07-26T05:26:49.436+0000] {processor.py:840} INFO - DAG(s) 'pl001_ingest_crypto_postgres' retrieved from /opt/airflow/dags/airflow_pipeline.py
[2025-07-26T05:26:49.480+0000] {logging_mixin.py:188} INFO - [2025-07-26T05:26:49.479+0000] {dag.py:3036} INFO - Sync 1 DAGs
[2025-07-26T05:26:49.497+0000] {logging_mixin.py:188} INFO - [2025-07-26T05:26:49.497+0000] {dag.py:3823} INFO - Setting next_dagrun for pl001_ingest_crypto_postgres to None, run_after=None
[2025-07-26T05:26:49.525+0000] {processor.py:183} INFO - Processing /opt/airflow/dags/airflow_pipeline.py took 0.124 seconds
[2025-07-26T05:27:19.893+0000] {processor.py:161} INFO - Started process (PID=390) to work on /opt/airflow/dags/airflow_pipeline.py
[2025-07-26T05:27:19.894+0000] {processor.py:830} INFO - Processing file /opt/airflow/dags/airflow_pipeline.py for tasks to queue
[2025-07-26T05:27:19.896+0000] {logging_mixin.py:188} INFO - [2025-07-26T05:27:19.895+0000] {dagbag.py:538} INFO - Filling up the DagBag from /opt/airflow/dags/airflow_pipeline.py
[2025-07-26T05:27:19.920+0000] {processor.py:840} INFO - DAG(s) 'pl001_ingest_crypto_postgres' retrieved from /opt/airflow/dags/airflow_pipeline.py
[2025-07-26T05:27:19.956+0000] {logging_mixin.py:188} INFO - [2025-07-26T05:27:19.956+0000] {dag.py:3036} INFO - Sync 1 DAGs
[2025-07-26T05:27:19.972+0000] {logging_mixin.py:188} INFO - [2025-07-26T05:27:19.971+0000] {dag.py:3823} INFO - Setting next_dagrun for pl001_ingest_crypto_postgres to None, run_after=None
[2025-07-26T05:27:19.998+0000] {processor.py:183} INFO - Processing /opt/airflow/dags/airflow_pipeline.py took 0.109 seconds
[2025-07-26T05:27:50.359+0000] {processor.py:161} INFO - Started process (PID=395) to work on /opt/airflow/dags/airflow_pipeline.py
[2025-07-26T05:27:50.360+0000] {processor.py:830} INFO - Processing file /opt/airflow/dags/airflow_pipeline.py for tasks to queue
[2025-07-26T05:27:50.362+0000] {logging_mixin.py:188} INFO - [2025-07-26T05:27:50.361+0000] {dagbag.py:538} INFO - Filling up the DagBag from /opt/airflow/dags/airflow_pipeline.py
[2025-07-26T05:27:50.387+0000] {processor.py:840} INFO - DAG(s) 'pl001_ingest_crypto_postgres' retrieved from /opt/airflow/dags/airflow_pipeline.py
[2025-07-26T05:27:50.425+0000] {logging_mixin.py:188} INFO - [2025-07-26T05:27:50.424+0000] {dag.py:3036} INFO - Sync 1 DAGs
[2025-07-26T05:27:50.439+0000] {logging_mixin.py:188} INFO - [2025-07-26T05:27:50.439+0000] {dag.py:3823} INFO - Setting next_dagrun for pl001_ingest_crypto_postgres to None, run_after=None
[2025-07-26T05:27:50.466+0000] {processor.py:183} INFO - Processing /opt/airflow/dags/airflow_pipeline.py took 0.112 seconds
[2025-07-26T05:28:20.782+0000] {processor.py:161} INFO - Started process (PID=400) to work on /opt/airflow/dags/airflow_pipeline.py
[2025-07-26T05:28:20.785+0000] {processor.py:830} INFO - Processing file /opt/airflow/dags/airflow_pipeline.py for tasks to queue
[2025-07-26T05:28:20.788+0000] {logging_mixin.py:188} INFO - [2025-07-26T05:28:20.787+0000] {dagbag.py:538} INFO - Filling up the DagBag from /opt/airflow/dags/airflow_pipeline.py
[2025-07-26T05:28:20.816+0000] {processor.py:840} INFO - DAG(s) 'pl001_ingest_crypto_postgres' retrieved from /opt/airflow/dags/airflow_pipeline.py
[2025-07-26T05:28:20.855+0000] {logging_mixin.py:188} INFO - [2025-07-26T05:28:20.854+0000] {dag.py:3036} INFO - Sync 1 DAGs
[2025-07-26T05:28:20.872+0000] {logging_mixin.py:188} INFO - [2025-07-26T05:28:20.872+0000] {dag.py:3823} INFO - Setting next_dagrun for pl001_ingest_crypto_postgres to None, run_after=None
[2025-07-26T05:28:20.900+0000] {processor.py:183} INFO - Processing /opt/airflow/dags/airflow_pipeline.py took 0.127 seconds
[2025-07-26T05:28:51.236+0000] {processor.py:161} INFO - Started process (PID=405) to work on /opt/airflow/dags/airflow_pipeline.py
[2025-07-26T05:28:51.239+0000] {processor.py:830} INFO - Processing file /opt/airflow/dags/airflow_pipeline.py for tasks to queue
[2025-07-26T05:28:51.242+0000] {logging_mixin.py:188} INFO - [2025-07-26T05:28:51.241+0000] {dagbag.py:538} INFO - Filling up the DagBag from /opt/airflow/dags/airflow_pipeline.py
[2025-07-26T05:28:51.288+0000] {processor.py:840} INFO - DAG(s) 'pl001_ingest_crypto_postgres' retrieved from /opt/airflow/dags/airflow_pipeline.py
[2025-07-26T05:28:51.340+0000] {logging_mixin.py:188} INFO - [2025-07-26T05:28:51.340+0000] {dag.py:3036} INFO - Sync 1 DAGs
[2025-07-26T05:28:51.362+0000] {logging_mixin.py:188} INFO - [2025-07-26T05:28:51.361+0000] {dag.py:3823} INFO - Setting next_dagrun for pl001_ingest_crypto_postgres to None, run_after=None
[2025-07-26T05:28:51.398+0000] {processor.py:183} INFO - Processing /opt/airflow/dags/airflow_pipeline.py took 0.169 seconds
[2025-07-26T05:29:21.814+0000] {processor.py:161} INFO - Started process (PID=410) to work on /opt/airflow/dags/airflow_pipeline.py
[2025-07-26T05:29:21.817+0000] {processor.py:830} INFO - Processing file /opt/airflow/dags/airflow_pipeline.py for tasks to queue
[2025-07-26T05:29:21.820+0000] {logging_mixin.py:188} INFO - [2025-07-26T05:29:21.819+0000] {dagbag.py:538} INFO - Filling up the DagBag from /opt/airflow/dags/airflow_pipeline.py
[2025-07-26T05:29:21.864+0000] {processor.py:840} INFO - DAG(s) 'pl001_ingest_crypto_postgres' retrieved from /opt/airflow/dags/airflow_pipeline.py
[2025-07-26T05:29:21.965+0000] {logging_mixin.py:188} INFO - [2025-07-26T05:29:21.965+0000] {dag.py:3036} INFO - Sync 1 DAGs
[2025-07-26T05:29:22.006+0000] {logging_mixin.py:188} INFO - [2025-07-26T05:29:22.006+0000] {dag.py:3823} INFO - Setting next_dagrun for pl001_ingest_crypto_postgres to None, run_after=None
[2025-07-26T05:29:22.070+0000] {processor.py:183} INFO - Processing /opt/airflow/dags/airflow_pipeline.py took 0.264 seconds
[2025-07-26T05:29:53.113+0000] {processor.py:161} INFO - Started process (PID=415) to work on /opt/airflow/dags/airflow_pipeline.py
[2025-07-26T05:29:53.127+0000] {processor.py:830} INFO - Processing file /opt/airflow/dags/airflow_pipeline.py for tasks to queue
[2025-07-26T05:29:53.131+0000] {logging_mixin.py:188} INFO - [2025-07-26T05:29:53.130+0000] {dagbag.py:538} INFO - Filling up the DagBag from /opt/airflow/dags/airflow_pipeline.py
[2025-07-26T05:29:53.262+0000] {processor.py:840} INFO - DAG(s) 'pl001_ingest_crypto_postgres' retrieved from /opt/airflow/dags/airflow_pipeline.py
[2025-07-26T05:29:53.341+0000] {logging_mixin.py:188} INFO - [2025-07-26T05:29:53.340+0000] {dag.py:3036} INFO - Sync 1 DAGs
[2025-07-26T05:29:53.373+0000] {logging_mixin.py:188} INFO - [2025-07-26T05:29:53.371+0000] {dag.py:3823} INFO - Setting next_dagrun for pl001_ingest_crypto_postgres to None, run_after=None
[2025-07-26T05:29:53.413+0000] {processor.py:183} INFO - Processing /opt/airflow/dags/airflow_pipeline.py took 0.313 seconds
[2025-07-26T05:30:24.058+0000] {processor.py:161} INFO - Started process (PID=420) to work on /opt/airflow/dags/airflow_pipeline.py
[2025-07-26T05:30:24.059+0000] {processor.py:830} INFO - Processing file /opt/airflow/dags/airflow_pipeline.py for tasks to queue
[2025-07-26T05:30:24.061+0000] {logging_mixin.py:188} INFO - [2025-07-26T05:30:24.060+0000] {dagbag.py:538} INFO - Filling up the DagBag from /opt/airflow/dags/airflow_pipeline.py
[2025-07-26T05:30:24.086+0000] {processor.py:840} INFO - DAG(s) 'pl001_ingest_crypto_postgres' retrieved from /opt/airflow/dags/airflow_pipeline.py
[2025-07-26T05:30:24.126+0000] {logging_mixin.py:188} INFO - [2025-07-26T05:30:24.125+0000] {dag.py:3036} INFO - Sync 1 DAGs
[2025-07-26T05:30:24.141+0000] {logging_mixin.py:188} INFO - [2025-07-26T05:30:24.141+0000] {dag.py:3823} INFO - Setting next_dagrun for pl001_ingest_crypto_postgres to None, run_after=None
[2025-07-26T05:30:24.167+0000] {processor.py:183} INFO - Processing /opt/airflow/dags/airflow_pipeline.py took 0.115 seconds
[2025-07-26T05:30:54.395+0000] {processor.py:161} INFO - Started process (PID=425) to work on /opt/airflow/dags/airflow_pipeline.py
[2025-07-26T05:30:54.397+0000] {processor.py:830} INFO - Processing file /opt/airflow/dags/airflow_pipeline.py for tasks to queue
[2025-07-26T05:30:54.398+0000] {logging_mixin.py:188} INFO - [2025-07-26T05:30:54.398+0000] {dagbag.py:538} INFO - Filling up the DagBag from /opt/airflow/dags/airflow_pipeline.py
[2025-07-26T05:30:54.420+0000] {processor.py:840} INFO - DAG(s) 'pl001_ingest_crypto_postgres' retrieved from /opt/airflow/dags/airflow_pipeline.py
[2025-07-26T05:30:54.464+0000] {logging_mixin.py:188} INFO - [2025-07-26T05:30:54.463+0000] {dag.py:3036} INFO - Sync 1 DAGs
[2025-07-26T05:30:54.482+0000] {logging_mixin.py:188} INFO - [2025-07-26T05:30:54.482+0000] {dag.py:3823} INFO - Setting next_dagrun for pl001_ingest_crypto_postgres to None, run_after=None
[2025-07-26T05:30:54.508+0000] {processor.py:183} INFO - Processing /opt/airflow/dags/airflow_pipeline.py took 0.120 seconds
[2025-07-26T05:31:24.810+0000] {processor.py:161} INFO - Started process (PID=430) to work on /opt/airflow/dags/airflow_pipeline.py
[2025-07-26T05:31:24.813+0000] {processor.py:830} INFO - Processing file /opt/airflow/dags/airflow_pipeline.py for tasks to queue
[2025-07-26T05:31:24.816+0000] {logging_mixin.py:188} INFO - [2025-07-26T05:31:24.815+0000] {dagbag.py:538} INFO - Filling up the DagBag from /opt/airflow/dags/airflow_pipeline.py
[2025-07-26T05:31:24.862+0000] {processor.py:840} INFO - DAG(s) 'pl001_ingest_crypto_postgres' retrieved from /opt/airflow/dags/airflow_pipeline.py
[2025-07-26T05:31:24.928+0000] {logging_mixin.py:188} INFO - [2025-07-26T05:31:24.927+0000] {dag.py:3036} INFO - Sync 1 DAGs
[2025-07-26T05:31:24.951+0000] {logging_mixin.py:188} INFO - [2025-07-26T05:31:24.951+0000] {dag.py:3823} INFO - Setting next_dagrun for pl001_ingest_crypto_postgres to None, run_after=None
[2025-07-26T05:31:24.983+0000] {processor.py:183} INFO - Processing /opt/airflow/dags/airflow_pipeline.py took 0.180 seconds
[2025-07-26T05:31:55.172+0000] {processor.py:161} INFO - Started process (PID=435) to work on /opt/airflow/dags/airflow_pipeline.py
[2025-07-26T05:31:55.174+0000] {processor.py:830} INFO - Processing file /opt/airflow/dags/airflow_pipeline.py for tasks to queue
[2025-07-26T05:31:55.175+0000] {logging_mixin.py:188} INFO - [2025-07-26T05:31:55.175+0000] {dagbag.py:538} INFO - Filling up the DagBag from /opt/airflow/dags/airflow_pipeline.py
[2025-07-26T05:31:55.200+0000] {processor.py:840} INFO - DAG(s) 'pl001_ingest_crypto_postgres' retrieved from /opt/airflow/dags/airflow_pipeline.py
[2025-07-26T05:31:55.239+0000] {logging_mixin.py:188} INFO - [2025-07-26T05:31:55.239+0000] {dag.py:3036} INFO - Sync 1 DAGs
[2025-07-26T05:31:55.255+0000] {logging_mixin.py:188} INFO - [2025-07-26T05:31:55.255+0000] {dag.py:3823} INFO - Setting next_dagrun for pl001_ingest_crypto_postgres to None, run_after=None
[2025-07-26T05:31:55.283+0000] {processor.py:183} INFO - Processing /opt/airflow/dags/airflow_pipeline.py took 0.117 seconds
[2025-07-26T05:32:25.655+0000] {processor.py:161} INFO - Started process (PID=440) to work on /opt/airflow/dags/airflow_pipeline.py
[2025-07-26T05:32:25.657+0000] {processor.py:830} INFO - Processing file /opt/airflow/dags/airflow_pipeline.py for tasks to queue
[2025-07-26T05:32:25.659+0000] {logging_mixin.py:188} INFO - [2025-07-26T05:32:25.658+0000] {dagbag.py:538} INFO - Filling up the DagBag from /opt/airflow/dags/airflow_pipeline.py
[2025-07-26T05:32:25.694+0000] {processor.py:840} INFO - DAG(s) 'pl001_ingest_crypto_postgres' retrieved from /opt/airflow/dags/airflow_pipeline.py
[2025-07-26T05:32:25.734+0000] {logging_mixin.py:188} INFO - [2025-07-26T05:32:25.734+0000] {dag.py:3036} INFO - Sync 1 DAGs
[2025-07-26T05:32:25.751+0000] {logging_mixin.py:188} INFO - [2025-07-26T05:32:25.751+0000] {dag.py:3823} INFO - Setting next_dagrun for pl001_ingest_crypto_postgres to None, run_after=None
[2025-07-26T05:32:25.786+0000] {processor.py:183} INFO - Processing /opt/airflow/dags/airflow_pipeline.py took 0.137 seconds
[2025-07-26T05:32:56.204+0000] {processor.py:161} INFO - Started process (PID=445) to work on /opt/airflow/dags/airflow_pipeline.py
[2025-07-26T05:32:56.206+0000] {processor.py:830} INFO - Processing file /opt/airflow/dags/airflow_pipeline.py for tasks to queue
[2025-07-26T05:32:56.208+0000] {logging_mixin.py:188} INFO - [2025-07-26T05:32:56.208+0000] {dagbag.py:538} INFO - Filling up the DagBag from /opt/airflow/dags/airflow_pipeline.py
[2025-07-26T05:32:56.238+0000] {processor.py:840} INFO - DAG(s) 'pl001_ingest_crypto_postgres' retrieved from /opt/airflow/dags/airflow_pipeline.py
[2025-07-26T05:32:56.278+0000] {logging_mixin.py:188} INFO - [2025-07-26T05:32:56.278+0000] {dag.py:3036} INFO - Sync 1 DAGs
[2025-07-26T05:32:56.293+0000] {logging_mixin.py:188} INFO - [2025-07-26T05:32:56.293+0000] {dag.py:3823} INFO - Setting next_dagrun for pl001_ingest_crypto_postgres to None, run_after=None
[2025-07-26T05:32:56.325+0000] {processor.py:183} INFO - Processing /opt/airflow/dags/airflow_pipeline.py took 0.127 seconds
[2025-07-26T05:33:26.567+0000] {processor.py:161} INFO - Started process (PID=450) to work on /opt/airflow/dags/airflow_pipeline.py
[2025-07-26T05:33:26.569+0000] {processor.py:830} INFO - Processing file /opt/airflow/dags/airflow_pipeline.py for tasks to queue
[2025-07-26T05:33:26.570+0000] {logging_mixin.py:188} INFO - [2025-07-26T05:33:26.570+0000] {dagbag.py:538} INFO - Filling up the DagBag from /opt/airflow/dags/airflow_pipeline.py
[2025-07-26T05:33:26.595+0000] {processor.py:840} INFO - DAG(s) 'pl001_ingest_crypto_postgres' retrieved from /opt/airflow/dags/airflow_pipeline.py
[2025-07-26T05:33:26.634+0000] {logging_mixin.py:188} INFO - [2025-07-26T05:33:26.634+0000] {dag.py:3036} INFO - Sync 1 DAGs
[2025-07-26T05:33:26.650+0000] {logging_mixin.py:188} INFO - [2025-07-26T05:33:26.650+0000] {dag.py:3823} INFO - Setting next_dagrun for pl001_ingest_crypto_postgres to None, run_after=None
[2025-07-26T05:33:26.683+0000] {processor.py:183} INFO - Processing /opt/airflow/dags/airflow_pipeline.py took 0.120 seconds
[2025-07-26T05:33:57.063+0000] {processor.py:161} INFO - Started process (PID=455) to work on /opt/airflow/dags/airflow_pipeline.py
[2025-07-26T05:33:57.065+0000] {processor.py:830} INFO - Processing file /opt/airflow/dags/airflow_pipeline.py for tasks to queue
[2025-07-26T05:33:57.067+0000] {logging_mixin.py:188} INFO - [2025-07-26T05:33:57.066+0000] {dagbag.py:538} INFO - Filling up the DagBag from /opt/airflow/dags/airflow_pipeline.py
[2025-07-26T05:33:57.212+0000] {processor.py:840} INFO - DAG(s) 'pl001_ingest_crypto_postgres' retrieved from /opt/airflow/dags/airflow_pipeline.py
[2025-07-26T05:33:57.341+0000] {logging_mixin.py:188} INFO - [2025-07-26T05:33:57.340+0000] {dag.py:3036} INFO - Sync 1 DAGs
[2025-07-26T05:33:57.381+0000] {logging_mixin.py:188} INFO - [2025-07-26T05:33:57.381+0000] {dag.py:3823} INFO - Setting next_dagrun for pl001_ingest_crypto_postgres to None, run_after=None
[2025-07-26T05:33:57.456+0000] {processor.py:183} INFO - Processing /opt/airflow/dags/airflow_pipeline.py took 0.399 seconds
[2025-07-26T05:34:28.001+0000] {processor.py:161} INFO - Started process (PID=460) to work on /opt/airflow/dags/airflow_pipeline.py
[2025-07-26T05:34:28.003+0000] {processor.py:830} INFO - Processing file /opt/airflow/dags/airflow_pipeline.py for tasks to queue
[2025-07-26T05:34:28.006+0000] {logging_mixin.py:188} INFO - [2025-07-26T05:34:28.005+0000] {dagbag.py:538} INFO - Filling up the DagBag from /opt/airflow/dags/airflow_pipeline.py
[2025-07-26T05:34:28.046+0000] {processor.py:840} INFO - DAG(s) 'pl001_ingest_crypto_postgres' retrieved from /opt/airflow/dags/airflow_pipeline.py
[2025-07-26T05:34:28.085+0000] {logging_mixin.py:188} INFO - [2025-07-26T05:34:28.084+0000] {dag.py:3036} INFO - Sync 1 DAGs
[2025-07-26T05:34:28.099+0000] {logging_mixin.py:188} INFO - [2025-07-26T05:34:28.099+0000] {dag.py:3823} INFO - Setting next_dagrun for pl001_ingest_crypto_postgres to None, run_after=None
[2025-07-26T05:34:28.123+0000] {processor.py:183} INFO - Processing /opt/airflow/dags/airflow_pipeline.py took 0.129 seconds
[2025-07-26T05:34:58.361+0000] {processor.py:161} INFO - Started process (PID=465) to work on /opt/airflow/dags/airflow_pipeline.py
[2025-07-26T05:34:58.363+0000] {processor.py:830} INFO - Processing file /opt/airflow/dags/airflow_pipeline.py for tasks to queue
[2025-07-26T05:34:58.365+0000] {logging_mixin.py:188} INFO - [2025-07-26T05:34:58.364+0000] {dagbag.py:538} INFO - Filling up the DagBag from /opt/airflow/dags/airflow_pipeline.py
[2025-07-26T05:34:58.393+0000] {processor.py:840} INFO - DAG(s) 'pl001_ingest_crypto_postgres' retrieved from /opt/airflow/dags/airflow_pipeline.py
[2025-07-26T05:34:58.438+0000] {logging_mixin.py:188} INFO - [2025-07-26T05:34:58.437+0000] {dag.py:3036} INFO - Sync 1 DAGs
[2025-07-26T05:34:58.457+0000] {logging_mixin.py:188} INFO - [2025-07-26T05:34:58.457+0000] {dag.py:3823} INFO - Setting next_dagrun for pl001_ingest_crypto_postgres to None, run_after=None
[2025-07-26T05:34:58.491+0000] {processor.py:183} INFO - Processing /opt/airflow/dags/airflow_pipeline.py took 0.135 seconds
[2025-07-26T05:35:29.096+0000] {processor.py:161} INFO - Started process (PID=470) to work on /opt/airflow/dags/airflow_pipeline.py
[2025-07-26T05:35:29.098+0000] {processor.py:830} INFO - Processing file /opt/airflow/dags/airflow_pipeline.py for tasks to queue
[2025-07-26T05:35:29.100+0000] {logging_mixin.py:188} INFO - [2025-07-26T05:35:29.099+0000] {dagbag.py:538} INFO - Filling up the DagBag from /opt/airflow/dags/airflow_pipeline.py
[2025-07-26T05:35:29.122+0000] {processor.py:840} INFO - DAG(s) 'pl001_ingest_crypto_postgres' retrieved from /opt/airflow/dags/airflow_pipeline.py
[2025-07-26T05:35:29.168+0000] {logging_mixin.py:188} INFO - [2025-07-26T05:35:29.167+0000] {dag.py:3036} INFO - Sync 1 DAGs
[2025-07-26T05:35:29.184+0000] {logging_mixin.py:188} INFO - [2025-07-26T05:35:29.184+0000] {dag.py:3823} INFO - Setting next_dagrun for pl001_ingest_crypto_postgres to None, run_after=None
[2025-07-26T05:35:29.210+0000] {processor.py:183} INFO - Processing /opt/airflow/dags/airflow_pipeline.py took 0.118 seconds
[2025-07-26T05:35:59.481+0000] {processor.py:161} INFO - Started process (PID=475) to work on /opt/airflow/dags/airflow_pipeline.py
[2025-07-26T05:35:59.483+0000] {processor.py:830} INFO - Processing file /opt/airflow/dags/airflow_pipeline.py for tasks to queue
[2025-07-26T05:35:59.485+0000] {logging_mixin.py:188} INFO - [2025-07-26T05:35:59.485+0000] {dagbag.py:538} INFO - Filling up the DagBag from /opt/airflow/dags/airflow_pipeline.py
[2025-07-26T05:35:59.510+0000] {processor.py:840} INFO - DAG(s) 'pl001_ingest_crypto_postgres' retrieved from /opt/airflow/dags/airflow_pipeline.py
[2025-07-26T05:35:59.547+0000] {logging_mixin.py:188} INFO - [2025-07-26T05:35:59.547+0000] {dag.py:3036} INFO - Sync 1 DAGs
[2025-07-26T05:35:59.563+0000] {logging_mixin.py:188} INFO - [2025-07-26T05:35:59.563+0000] {dag.py:3823} INFO - Setting next_dagrun for pl001_ingest_crypto_postgres to None, run_after=None
[2025-07-26T05:35:59.589+0000] {processor.py:183} INFO - Processing /opt/airflow/dags/airflow_pipeline.py took 0.114 seconds
[2025-07-26T05:36:29.879+0000] {processor.py:161} INFO - Started process (PID=480) to work on /opt/airflow/dags/airflow_pipeline.py
[2025-07-26T05:36:29.881+0000] {processor.py:830} INFO - Processing file /opt/airflow/dags/airflow_pipeline.py for tasks to queue
[2025-07-26T05:36:29.887+0000] {logging_mixin.py:188} INFO - [2025-07-26T05:36:29.886+0000] {dagbag.py:538} INFO - Filling up the DagBag from /opt/airflow/dags/airflow_pipeline.py
[2025-07-26T05:36:29.984+0000] {processor.py:840} INFO - DAG(s) 'pl001_ingest_crypto_postgres' retrieved from /opt/airflow/dags/airflow_pipeline.py
[2025-07-26T05:36:30.037+0000] {logging_mixin.py:188} INFO - [2025-07-26T05:36:30.037+0000] {dag.py:3036} INFO - Sync 1 DAGs
[2025-07-26T05:36:30.058+0000] {logging_mixin.py:188} INFO - [2025-07-26T05:36:30.057+0000] {dag.py:3823} INFO - Setting next_dagrun for pl001_ingest_crypto_postgres to None, run_after=None
[2025-07-26T05:36:30.097+0000] {processor.py:183} INFO - Processing /opt/airflow/dags/airflow_pipeline.py took 0.225 seconds
[2025-07-26T05:37:00.312+0000] {processor.py:161} INFO - Started process (PID=485) to work on /opt/airflow/dags/airflow_pipeline.py
[2025-07-26T05:37:00.314+0000] {processor.py:830} INFO - Processing file /opt/airflow/dags/airflow_pipeline.py for tasks to queue
[2025-07-26T05:37:00.316+0000] {logging_mixin.py:188} INFO - [2025-07-26T05:37:00.315+0000] {dagbag.py:538} INFO - Filling up the DagBag from /opt/airflow/dags/airflow_pipeline.py
[2025-07-26T05:37:00.343+0000] {processor.py:840} INFO - DAG(s) 'pl001_ingest_crypto_postgres' retrieved from /opt/airflow/dags/airflow_pipeline.py
[2025-07-26T05:37:00.386+0000] {logging_mixin.py:188} INFO - [2025-07-26T05:37:00.385+0000] {dag.py:3036} INFO - Sync 1 DAGs
[2025-07-26T05:37:00.402+0000] {logging_mixin.py:188} INFO - [2025-07-26T05:37:00.402+0000] {dag.py:3823} INFO - Setting next_dagrun for pl001_ingest_crypto_postgres to None, run_after=None
[2025-07-26T05:37:00.431+0000] {processor.py:183} INFO - Processing /opt/airflow/dags/airflow_pipeline.py took 0.123 seconds
[2025-07-26T05:37:30.681+0000] {processor.py:161} INFO - Started process (PID=490) to work on /opt/airflow/dags/airflow_pipeline.py
[2025-07-26T05:37:30.683+0000] {processor.py:830} INFO - Processing file /opt/airflow/dags/airflow_pipeline.py for tasks to queue
[2025-07-26T05:37:30.685+0000] {logging_mixin.py:188} INFO - [2025-07-26T05:37:30.684+0000] {dagbag.py:538} INFO - Filling up the DagBag from /opt/airflow/dags/airflow_pipeline.py
[2025-07-26T05:37:30.711+0000] {processor.py:840} INFO - DAG(s) 'pl001_ingest_crypto_postgres' retrieved from /opt/airflow/dags/airflow_pipeline.py
[2025-07-26T05:37:30.750+0000] {logging_mixin.py:188} INFO - [2025-07-26T05:37:30.750+0000] {dag.py:3036} INFO - Sync 1 DAGs
[2025-07-26T05:37:30.765+0000] {logging_mixin.py:188} INFO - [2025-07-26T05:37:30.765+0000] {dag.py:3823} INFO - Setting next_dagrun for pl001_ingest_crypto_postgres to None, run_after=None
[2025-07-26T05:37:30.793+0000] {processor.py:183} INFO - Processing /opt/airflow/dags/airflow_pipeline.py took 0.117 seconds
[2025-07-26T05:38:01.167+0000] {processor.py:161} INFO - Started process (PID=495) to work on /opt/airflow/dags/airflow_pipeline.py
[2025-07-26T05:38:01.169+0000] {processor.py:830} INFO - Processing file /opt/airflow/dags/airflow_pipeline.py for tasks to queue
[2025-07-26T05:38:01.170+0000] {logging_mixin.py:188} INFO - [2025-07-26T05:38:01.170+0000] {dagbag.py:538} INFO - Filling up the DagBag from /opt/airflow/dags/airflow_pipeline.py
[2025-07-26T05:38:01.204+0000] {processor.py:840} INFO - DAG(s) 'pl001_ingest_crypto_postgres' retrieved from /opt/airflow/dags/airflow_pipeline.py
[2025-07-26T05:38:01.257+0000] {logging_mixin.py:188} INFO - [2025-07-26T05:38:01.257+0000] {dag.py:3036} INFO - Sync 1 DAGs
[2025-07-26T05:38:01.280+0000] {logging_mixin.py:188} INFO - [2025-07-26T05:38:01.280+0000] {dag.py:3823} INFO - Setting next_dagrun for pl001_ingest_crypto_postgres to None, run_after=None
[2025-07-26T05:38:01.323+0000] {processor.py:183} INFO - Processing /opt/airflow/dags/airflow_pipeline.py took 0.161 seconds
[2025-07-26T05:38:31.580+0000] {processor.py:161} INFO - Started process (PID=500) to work on /opt/airflow/dags/airflow_pipeline.py
[2025-07-26T05:38:31.581+0000] {processor.py:830} INFO - Processing file /opt/airflow/dags/airflow_pipeline.py for tasks to queue
[2025-07-26T05:38:31.583+0000] {logging_mixin.py:188} INFO - [2025-07-26T05:38:31.583+0000] {dagbag.py:538} INFO - Filling up the DagBag from /opt/airflow/dags/airflow_pipeline.py
[2025-07-26T05:38:31.611+0000] {processor.py:840} INFO - DAG(s) 'pl001_ingest_crypto_postgres' retrieved from /opt/airflow/dags/airflow_pipeline.py
[2025-07-26T05:38:31.655+0000] {logging_mixin.py:188} INFO - [2025-07-26T05:38:31.655+0000] {dag.py:3036} INFO - Sync 1 DAGs
[2025-07-26T05:38:31.675+0000] {logging_mixin.py:188} INFO - [2025-07-26T05:38:31.674+0000] {dag.py:3823} INFO - Setting next_dagrun for pl001_ingest_crypto_postgres to None, run_after=None
[2025-07-26T05:38:31.703+0000] {processor.py:183} INFO - Processing /opt/airflow/dags/airflow_pipeline.py took 0.128 seconds
[2025-07-26T05:39:02.930+0000] {processor.py:161} INFO - Started process (PID=505) to work on /opt/airflow/dags/airflow_pipeline.py
[2025-07-26T05:39:02.963+0000] {processor.py:830} INFO - Processing file /opt/airflow/dags/airflow_pipeline.py for tasks to queue
[2025-07-26T05:39:02.998+0000] {logging_mixin.py:188} INFO - [2025-07-26T05:39:02.997+0000] {dagbag.py:538} INFO - Filling up the DagBag from /opt/airflow/dags/airflow_pipeline.py
[2025-07-26T05:39:03.211+0000] {processor.py:840} INFO - DAG(s) 'pl001_ingest_crypto_postgres' retrieved from /opt/airflow/dags/airflow_pipeline.py
[2025-07-26T05:39:03.388+0000] {logging_mixin.py:188} INFO - [2025-07-26T05:39:03.376+0000] {dag.py:3036} INFO - Sync 1 DAGs
[2025-07-26T05:39:03.440+0000] {logging_mixin.py:188} INFO - [2025-07-26T05:39:03.439+0000] {dag.py:3823} INFO - Setting next_dagrun for pl001_ingest_crypto_postgres to None, run_after=None
[2025-07-26T05:39:03.478+0000] {processor.py:183} INFO - Processing /opt/airflow/dags/airflow_pipeline.py took 0.555 seconds
[2025-07-26T05:39:33.939+0000] {processor.py:161} INFO - Started process (PID=510) to work on /opt/airflow/dags/airflow_pipeline.py
[2025-07-26T05:39:34.002+0000] {processor.py:830} INFO - Processing file /opt/airflow/dags/airflow_pipeline.py for tasks to queue
[2025-07-26T05:39:34.043+0000] {logging_mixin.py:188} INFO - [2025-07-26T05:39:34.042+0000] {dagbag.py:538} INFO - Filling up the DagBag from /opt/airflow/dags/airflow_pipeline.py
[2025-07-26T05:39:35.665+0000] {processor.py:840} INFO - DAG(s) 'pl001_ingest_crypto_postgres' retrieved from /opt/airflow/dags/airflow_pipeline.py
[2025-07-26T05:39:36.312+0000] {logging_mixin.py:188} INFO - [2025-07-26T05:39:36.311+0000] {dag.py:3036} INFO - Sync 1 DAGs
[2025-07-26T05:39:36.552+0000] {logging_mixin.py:188} INFO - [2025-07-26T05:39:36.550+0000] {dag.py:3823} INFO - Setting next_dagrun for pl001_ingest_crypto_postgres to None, run_after=None
[2025-07-26T05:39:36.712+0000] {processor.py:183} INFO - Processing /opt/airflow/dags/airflow_pipeline.py took 2.781 seconds
[2025-07-26T05:40:07.147+0000] {processor.py:161} INFO - Started process (PID=515) to work on /opt/airflow/dags/airflow_pipeline.py
[2025-07-26T05:40:07.148+0000] {processor.py:830} INFO - Processing file /opt/airflow/dags/airflow_pipeline.py for tasks to queue
[2025-07-26T05:40:07.150+0000] {logging_mixin.py:188} INFO - [2025-07-26T05:40:07.149+0000] {dagbag.py:538} INFO - Filling up the DagBag from /opt/airflow/dags/airflow_pipeline.py
[2025-07-26T05:40:07.174+0000] {processor.py:840} INFO - DAG(s) 'pl001_ingest_crypto_postgres' retrieved from /opt/airflow/dags/airflow_pipeline.py
[2025-07-26T05:40:07.212+0000] {logging_mixin.py:188} INFO - [2025-07-26T05:40:07.211+0000] {dag.py:3036} INFO - Sync 1 DAGs
[2025-07-26T05:40:07.228+0000] {logging_mixin.py:188} INFO - [2025-07-26T05:40:07.228+0000] {dag.py:3823} INFO - Setting next_dagrun for pl001_ingest_crypto_postgres to None, run_after=None
[2025-07-26T05:40:07.255+0000] {processor.py:183} INFO - Processing /opt/airflow/dags/airflow_pipeline.py took 0.113 seconds
[2025-07-26T05:40:37.935+0000] {processor.py:161} INFO - Started process (PID=520) to work on /opt/airflow/dags/airflow_pipeline.py
[2025-07-26T05:40:37.949+0000] {processor.py:830} INFO - Processing file /opt/airflow/dags/airflow_pipeline.py for tasks to queue
[2025-07-26T05:40:37.953+0000] {logging_mixin.py:188} INFO - [2025-07-26T05:40:37.952+0000] {dagbag.py:538} INFO - Filling up the DagBag from /opt/airflow/dags/airflow_pipeline.py
[2025-07-26T05:40:38.059+0000] {processor.py:840} INFO - DAG(s) 'pl001_ingest_crypto_postgres' retrieved from /opt/airflow/dags/airflow_pipeline.py
[2025-07-26T05:40:38.167+0000] {logging_mixin.py:188} INFO - [2025-07-26T05:40:38.164+0000] {dag.py:3036} INFO - Sync 1 DAGs
[2025-07-26T05:40:38.212+0000] {logging_mixin.py:188} INFO - [2025-07-26T05:40:38.211+0000] {dag.py:3823} INFO - Setting next_dagrun for pl001_ingest_crypto_postgres to None, run_after=None
[2025-07-26T05:40:38.286+0000] {processor.py:183} INFO - Processing /opt/airflow/dags/airflow_pipeline.py took 0.393 seconds
[2025-07-26T05:41:08.699+0000] {processor.py:161} INFO - Started process (PID=525) to work on /opt/airflow/dags/airflow_pipeline.py
[2025-07-26T05:41:08.701+0000] {processor.py:830} INFO - Processing file /opt/airflow/dags/airflow_pipeline.py for tasks to queue
[2025-07-26T05:41:08.702+0000] {logging_mixin.py:188} INFO - [2025-07-26T05:41:08.702+0000] {dagbag.py:538} INFO - Filling up the DagBag from /opt/airflow/dags/airflow_pipeline.py
[2025-07-26T05:41:08.728+0000] {processor.py:840} INFO - DAG(s) 'pl001_ingest_crypto_postgres' retrieved from /opt/airflow/dags/airflow_pipeline.py
[2025-07-26T05:41:08.770+0000] {logging_mixin.py:188} INFO - [2025-07-26T05:41:08.769+0000] {dag.py:3036} INFO - Sync 1 DAGs
[2025-07-26T05:41:08.785+0000] {logging_mixin.py:188} INFO - [2025-07-26T05:41:08.785+0000] {dag.py:3823} INFO - Setting next_dagrun for pl001_ingest_crypto_postgres to None, run_after=None
[2025-07-26T05:41:08.811+0000] {processor.py:183} INFO - Processing /opt/airflow/dags/airflow_pipeline.py took 0.117 seconds
[2025-07-26T05:41:39.858+0000] {processor.py:161} INFO - Started process (PID=530) to work on /opt/airflow/dags/airflow_pipeline.py
[2025-07-26T05:41:39.867+0000] {processor.py:830} INFO - Processing file /opt/airflow/dags/airflow_pipeline.py for tasks to queue
[2025-07-26T05:41:39.892+0000] {logging_mixin.py:188} INFO - [2025-07-26T05:41:39.889+0000] {dagbag.py:538} INFO - Filling up the DagBag from /opt/airflow/dags/airflow_pipeline.py
[2025-07-26T05:41:40.138+0000] {processor.py:840} INFO - DAG(s) 'pl001_ingest_crypto_postgres' retrieved from /opt/airflow/dags/airflow_pipeline.py
[2025-07-26T05:41:40.552+0000] {logging_mixin.py:188} INFO - [2025-07-26T05:41:40.552+0000] {dag.py:3036} INFO - Sync 1 DAGs
[2025-07-26T05:41:40.579+0000] {logging_mixin.py:188} INFO - [2025-07-26T05:41:40.578+0000] {dag.py:3823} INFO - Setting next_dagrun for pl001_ingest_crypto_postgres to None, run_after=None
[2025-07-26T05:41:40.611+0000] {processor.py:183} INFO - Processing /opt/airflow/dags/airflow_pipeline.py took 0.816 seconds
[2025-07-26T05:42:10.997+0000] {processor.py:161} INFO - Started process (PID=535) to work on /opt/airflow/dags/airflow_pipeline.py
[2025-07-26T05:42:10.998+0000] {processor.py:830} INFO - Processing file /opt/airflow/dags/airflow_pipeline.py for tasks to queue
[2025-07-26T05:42:11.000+0000] {logging_mixin.py:188} INFO - [2025-07-26T05:42:10.999+0000] {dagbag.py:538} INFO - Filling up the DagBag from /opt/airflow/dags/airflow_pipeline.py
[2025-07-26T05:42:11.033+0000] {processor.py:840} INFO - DAG(s) 'pl001_ingest_crypto_postgres' retrieved from /opt/airflow/dags/airflow_pipeline.py
[2025-07-26T05:42:11.084+0000] {logging_mixin.py:188} INFO - [2025-07-26T05:42:11.083+0000] {dag.py:3036} INFO - Sync 1 DAGs
[2025-07-26T05:42:11.109+0000] {logging_mixin.py:188} INFO - [2025-07-26T05:42:11.109+0000] {dag.py:3823} INFO - Setting next_dagrun for pl001_ingest_crypto_postgres to None, run_after=None
[2025-07-26T05:42:11.177+0000] {processor.py:183} INFO - Processing /opt/airflow/dags/airflow_pipeline.py took 0.186 seconds
[2025-07-26T05:42:20.127+0000] {processor.py:161} INFO - Started process (PID=540) to work on /opt/airflow/dags/airflow_pipeline.py
[2025-07-26T05:42:20.129+0000] {processor.py:830} INFO - Processing file /opt/airflow/dags/airflow_pipeline.py for tasks to queue
[2025-07-26T05:42:20.131+0000] {logging_mixin.py:188} INFO - [2025-07-26T05:42:20.130+0000] {dagbag.py:538} INFO - Filling up the DagBag from /opt/airflow/dags/airflow_pipeline.py
[2025-07-26T05:42:20.169+0000] {processor.py:840} INFO - DAG(s) 'pl001_ingest_crypto_postgres' retrieved from /opt/airflow/dags/airflow_pipeline.py
[2025-07-26T05:42:20.426+0000] {logging_mixin.py:188} INFO - [2025-07-26T05:42:20.425+0000] {dag.py:3036} INFO - Sync 1 DAGs
[2025-07-26T05:42:20.442+0000] {logging_mixin.py:188} INFO - [2025-07-26T05:42:20.442+0000] {dag.py:3823} INFO - Setting next_dagrun for pl001_ingest_crypto_postgres to None, run_after=None
[2025-07-26T05:42:20.482+0000] {processor.py:183} INFO - Processing /opt/airflow/dags/airflow_pipeline.py took 0.360 seconds
[2025-07-26T05:42:50.861+0000] {processor.py:161} INFO - Started process (PID=545) to work on /opt/airflow/dags/airflow_pipeline.py
[2025-07-26T05:42:50.864+0000] {processor.py:830} INFO - Processing file /opt/airflow/dags/airflow_pipeline.py for tasks to queue
[2025-07-26T05:42:50.868+0000] {logging_mixin.py:188} INFO - [2025-07-26T05:42:50.866+0000] {dagbag.py:538} INFO - Filling up the DagBag from /opt/airflow/dags/airflow_pipeline.py
[2025-07-26T05:42:50.913+0000] {processor.py:840} INFO - DAG(s) 'pl001_ingest_crypto_postgres' retrieved from /opt/airflow/dags/airflow_pipeline.py
[2025-07-26T05:42:50.950+0000] {logging_mixin.py:188} INFO - [2025-07-26T05:42:50.950+0000] {dag.py:3036} INFO - Sync 1 DAGs
[2025-07-26T05:42:50.967+0000] {logging_mixin.py:188} INFO - [2025-07-26T05:42:50.966+0000] {dag.py:3823} INFO - Setting next_dagrun for pl001_ingest_crypto_postgres to None, run_after=None
[2025-07-26T05:42:50.994+0000] {processor.py:183} INFO - Processing /opt/airflow/dags/airflow_pipeline.py took 0.143 seconds
[2025-07-26T05:43:21.335+0000] {processor.py:161} INFO - Started process (PID=550) to work on /opt/airflow/dags/airflow_pipeline.py
[2025-07-26T05:43:21.337+0000] {processor.py:830} INFO - Processing file /opt/airflow/dags/airflow_pipeline.py for tasks to queue
[2025-07-26T05:43:21.339+0000] {logging_mixin.py:188} INFO - [2025-07-26T05:43:21.338+0000] {dagbag.py:538} INFO - Filling up the DagBag from /opt/airflow/dags/airflow_pipeline.py
[2025-07-26T05:43:21.367+0000] {processor.py:840} INFO - DAG(s) 'pl001_ingest_crypto_postgres' retrieved from /opt/airflow/dags/airflow_pipeline.py
[2025-07-26T05:43:21.418+0000] {logging_mixin.py:188} INFO - [2025-07-26T05:43:21.418+0000] {dag.py:3036} INFO - Sync 1 DAGs
[2025-07-26T05:43:21.434+0000] {logging_mixin.py:188} INFO - [2025-07-26T05:43:21.434+0000] {dag.py:3823} INFO - Setting next_dagrun for pl001_ingest_crypto_postgres to None, run_after=None
[2025-07-26T05:43:21.476+0000] {processor.py:183} INFO - Processing /opt/airflow/dags/airflow_pipeline.py took 0.146 seconds
[2025-07-26T05:43:51.773+0000] {processor.py:161} INFO - Started process (PID=555) to work on /opt/airflow/dags/airflow_pipeline.py
[2025-07-26T05:43:51.777+0000] {processor.py:830} INFO - Processing file /opt/airflow/dags/airflow_pipeline.py for tasks to queue
[2025-07-26T05:43:51.779+0000] {logging_mixin.py:188} INFO - [2025-07-26T05:43:51.779+0000] {dagbag.py:538} INFO - Filling up the DagBag from /opt/airflow/dags/airflow_pipeline.py
[2025-07-26T05:43:51.822+0000] {processor.py:840} INFO - DAG(s) 'pl001_ingest_crypto_postgres' retrieved from /opt/airflow/dags/airflow_pipeline.py
[2025-07-26T05:43:51.865+0000] {logging_mixin.py:188} INFO - [2025-07-26T05:43:51.865+0000] {dag.py:3036} INFO - Sync 1 DAGs
[2025-07-26T05:43:51.882+0000] {logging_mixin.py:188} INFO - [2025-07-26T05:43:51.882+0000] {dag.py:3823} INFO - Setting next_dagrun for pl001_ingest_crypto_postgres to None, run_after=None
[2025-07-26T05:43:51.944+0000] {processor.py:183} INFO - Processing /opt/airflow/dags/airflow_pipeline.py took 0.182 seconds
[2025-07-26T05:44:22.344+0000] {processor.py:161} INFO - Started process (PID=560) to work on /opt/airflow/dags/airflow_pipeline.py
[2025-07-26T05:44:22.346+0000] {processor.py:830} INFO - Processing file /opt/airflow/dags/airflow_pipeline.py for tasks to queue
[2025-07-26T05:44:22.347+0000] {logging_mixin.py:188} INFO - [2025-07-26T05:44:22.347+0000] {dagbag.py:538} INFO - Filling up the DagBag from /opt/airflow/dags/airflow_pipeline.py
[2025-07-26T05:44:22.371+0000] {processor.py:840} INFO - DAG(s) 'pl001_ingest_crypto_postgres' retrieved from /opt/airflow/dags/airflow_pipeline.py
[2025-07-26T05:44:22.409+0000] {logging_mixin.py:188} INFO - [2025-07-26T05:44:22.409+0000] {dag.py:3036} INFO - Sync 1 DAGs
[2025-07-26T05:44:22.425+0000] {logging_mixin.py:188} INFO - [2025-07-26T05:44:22.425+0000] {dag.py:3823} INFO - Setting next_dagrun for pl001_ingest_crypto_postgres to None, run_after=None
[2025-07-26T05:44:22.452+0000] {processor.py:183} INFO - Processing /opt/airflow/dags/airflow_pipeline.py took 0.112 seconds
[2025-07-26T05:44:52.732+0000] {processor.py:161} INFO - Started process (PID=565) to work on /opt/airflow/dags/airflow_pipeline.py
[2025-07-26T05:44:52.734+0000] {processor.py:830} INFO - Processing file /opt/airflow/dags/airflow_pipeline.py for tasks to queue
[2025-07-26T05:44:52.735+0000] {logging_mixin.py:188} INFO - [2025-07-26T05:44:52.735+0000] {dagbag.py:538} INFO - Filling up the DagBag from /opt/airflow/dags/airflow_pipeline.py
[2025-07-26T05:44:52.759+0000] {processor.py:840} INFO - DAG(s) 'pl001_ingest_crypto_postgres' retrieved from /opt/airflow/dags/airflow_pipeline.py
[2025-07-26T05:44:52.798+0000] {logging_mixin.py:188} INFO - [2025-07-26T05:44:52.797+0000] {dag.py:3036} INFO - Sync 1 DAGs
[2025-07-26T05:44:52.814+0000] {logging_mixin.py:188} INFO - [2025-07-26T05:44:52.813+0000] {dag.py:3823} INFO - Setting next_dagrun for pl001_ingest_crypto_postgres to None, run_after=None
[2025-07-26T05:44:52.841+0000] {processor.py:183} INFO - Processing /opt/airflow/dags/airflow_pipeline.py took 0.113 seconds
[2025-07-26T05:45:23.506+0000] {processor.py:161} INFO - Started process (PID=570) to work on /opt/airflow/dags/airflow_pipeline.py
[2025-07-26T05:45:23.508+0000] {processor.py:830} INFO - Processing file /opt/airflow/dags/airflow_pipeline.py for tasks to queue
[2025-07-26T05:45:23.509+0000] {logging_mixin.py:188} INFO - [2025-07-26T05:45:23.509+0000] {dagbag.py:538} INFO - Filling up the DagBag from /opt/airflow/dags/airflow_pipeline.py
[2025-07-26T05:45:23.540+0000] {processor.py:840} INFO - DAG(s) 'pl001_ingest_crypto_postgres' retrieved from /opt/airflow/dags/airflow_pipeline.py
[2025-07-26T05:45:23.598+0000] {logging_mixin.py:188} INFO - [2025-07-26T05:45:23.598+0000] {dag.py:3036} INFO - Sync 1 DAGs
[2025-07-26T05:45:23.627+0000] {logging_mixin.py:188} INFO - [2025-07-26T05:45:23.627+0000] {dag.py:3823} INFO - Setting next_dagrun for pl001_ingest_crypto_postgres to None, run_after=None
[2025-07-26T05:45:23.661+0000] {processor.py:183} INFO - Processing /opt/airflow/dags/airflow_pipeline.py took 0.161 seconds
[2025-07-26T05:45:53.904+0000] {processor.py:161} INFO - Started process (PID=575) to work on /opt/airflow/dags/airflow_pipeline.py
[2025-07-26T05:45:53.906+0000] {processor.py:830} INFO - Processing file /opt/airflow/dags/airflow_pipeline.py for tasks to queue
[2025-07-26T05:45:53.908+0000] {logging_mixin.py:188} INFO - [2025-07-26T05:45:53.907+0000] {dagbag.py:538} INFO - Filling up the DagBag from /opt/airflow/dags/airflow_pipeline.py
[2025-07-26T05:45:53.931+0000] {processor.py:840} INFO - DAG(s) 'pl001_ingest_crypto_postgres' retrieved from /opt/airflow/dags/airflow_pipeline.py
[2025-07-26T05:45:53.970+0000] {logging_mixin.py:188} INFO - [2025-07-26T05:45:53.969+0000] {dag.py:3036} INFO - Sync 1 DAGs
[2025-07-26T05:45:53.986+0000] {logging_mixin.py:188} INFO - [2025-07-26T05:45:53.986+0000] {dag.py:3823} INFO - Setting next_dagrun for pl001_ingest_crypto_postgres to None, run_after=None
[2025-07-26T05:45:54.014+0000] {processor.py:183} INFO - Processing /opt/airflow/dags/airflow_pipeline.py took 0.116 seconds
[2025-07-26T05:46:25.002+0000] {processor.py:161} INFO - Started process (PID=580) to work on /opt/airflow/dags/airflow_pipeline.py
[2025-07-26T05:46:25.015+0000] {processor.py:830} INFO - Processing file /opt/airflow/dags/airflow_pipeline.py for tasks to queue
[2025-07-26T05:46:25.021+0000] {logging_mixin.py:188} INFO - [2025-07-26T05:46:25.019+0000] {dagbag.py:538} INFO - Filling up the DagBag from /opt/airflow/dags/airflow_pipeline.py
[2025-07-26T05:46:25.196+0000] {processor.py:840} INFO - DAG(s) 'pl001_ingest_crypto_postgres' retrieved from /opt/airflow/dags/airflow_pipeline.py
[2025-07-26T05:46:25.504+0000] {logging_mixin.py:188} INFO - [2025-07-26T05:46:25.503+0000] {dag.py:3036} INFO - Sync 1 DAGs
[2025-07-26T05:46:25.577+0000] {logging_mixin.py:188} INFO - [2025-07-26T05:46:25.577+0000] {dag.py:3823} INFO - Setting next_dagrun for pl001_ingest_crypto_postgres to None, run_after=None
[2025-07-26T05:46:25.694+0000] {processor.py:183} INFO - Processing /opt/airflow/dags/airflow_pipeline.py took 0.792 seconds
[2025-07-26T05:47:13.206+0000] {processor.py:161} INFO - Started process (PID=160) to work on /opt/airflow/dags/airflow_pipeline.py
[2025-07-26T05:47:13.220+0000] {processor.py:830} INFO - Processing file /opt/airflow/dags/airflow_pipeline.py for tasks to queue
[2025-07-26T05:47:13.232+0000] {logging_mixin.py:188} INFO - [2025-07-26T05:47:13.227+0000] {dagbag.py:538} INFO - Filling up the DagBag from /opt/airflow/dags/airflow_pipeline.py
[2025-07-26T05:47:13.323+0000] {processor.py:840} INFO - DAG(s) 'pl001_ingest_crypto_postgres' retrieved from /opt/airflow/dags/airflow_pipeline.py
[2025-07-26T05:47:13.475+0000] {logging_mixin.py:188} INFO - [2025-07-26T05:47:13.475+0000] {dag.py:3036} INFO - Sync 1 DAGs
[2025-07-26T05:47:13.527+0000] {logging_mixin.py:188} INFO - [2025-07-26T05:47:13.526+0000] {dag.py:3823} INFO - Setting next_dagrun for pl001_ingest_crypto_postgres to None, run_after=None
[2025-07-26T05:47:13.598+0000] {processor.py:183} INFO - Processing /opt/airflow/dags/airflow_pipeline.py took 0.440 seconds
[2025-07-26T05:47:44.245+0000] {processor.py:161} INFO - Started process (PID=165) to work on /opt/airflow/dags/airflow_pipeline.py
[2025-07-26T05:47:44.246+0000] {processor.py:830} INFO - Processing file /opt/airflow/dags/airflow_pipeline.py for tasks to queue
[2025-07-26T05:47:44.248+0000] {logging_mixin.py:188} INFO - [2025-07-26T05:47:44.247+0000] {dagbag.py:538} INFO - Filling up the DagBag from /opt/airflow/dags/airflow_pipeline.py
[2025-07-26T05:47:44.304+0000] {processor.py:840} INFO - DAG(s) 'pl001_ingest_crypto_postgres' retrieved from /opt/airflow/dags/airflow_pipeline.py
[2025-07-26T05:47:44.374+0000] {logging_mixin.py:188} INFO - [2025-07-26T05:47:44.374+0000] {dag.py:3036} INFO - Sync 1 DAGs
[2025-07-26T05:47:44.409+0000] {logging_mixin.py:188} INFO - [2025-07-26T05:47:44.408+0000] {dag.py:3823} INFO - Setting next_dagrun for pl001_ingest_crypto_postgres to None, run_after=None
[2025-07-26T05:47:44.448+0000] {processor.py:183} INFO - Processing /opt/airflow/dags/airflow_pipeline.py took 0.208 seconds
[2025-07-26T05:48:14.698+0000] {processor.py:161} INFO - Started process (PID=170) to work on /opt/airflow/dags/airflow_pipeline.py
[2025-07-26T05:48:14.699+0000] {processor.py:830} INFO - Processing file /opt/airflow/dags/airflow_pipeline.py for tasks to queue
[2025-07-26T05:48:14.700+0000] {logging_mixin.py:188} INFO - [2025-07-26T05:48:14.700+0000] {dagbag.py:538} INFO - Filling up the DagBag from /opt/airflow/dags/airflow_pipeline.py
[2025-07-26T05:48:14.727+0000] {processor.py:840} INFO - DAG(s) 'pl001_ingest_crypto_postgres' retrieved from /opt/airflow/dags/airflow_pipeline.py
[2025-07-26T05:48:14.805+0000] {logging_mixin.py:188} INFO - [2025-07-26T05:48:14.805+0000] {dag.py:3036} INFO - Sync 1 DAGs
[2025-07-26T05:48:14.852+0000] {logging_mixin.py:188} INFO - [2025-07-26T05:48:14.852+0000] {dag.py:3823} INFO - Setting next_dagrun for pl001_ingest_crypto_postgres to None, run_after=None
[2025-07-26T05:48:14.923+0000] {processor.py:183} INFO - Processing /opt/airflow/dags/airflow_pipeline.py took 0.230 seconds
[2025-07-26T05:48:45.251+0000] {processor.py:161} INFO - Started process (PID=175) to work on /opt/airflow/dags/airflow_pipeline.py
[2025-07-26T05:48:45.255+0000] {processor.py:830} INFO - Processing file /opt/airflow/dags/airflow_pipeline.py for tasks to queue
[2025-07-26T05:48:45.260+0000] {logging_mixin.py:188} INFO - [2025-07-26T05:48:45.259+0000] {dagbag.py:538} INFO - Filling up the DagBag from /opt/airflow/dags/airflow_pipeline.py
[2025-07-26T05:48:45.337+0000] {processor.py:840} INFO - DAG(s) 'pl001_ingest_crypto_postgres' retrieved from /opt/airflow/dags/airflow_pipeline.py
[2025-07-26T05:48:45.412+0000] {logging_mixin.py:188} INFO - [2025-07-26T05:48:45.412+0000] {dag.py:3036} INFO - Sync 1 DAGs
[2025-07-26T05:48:45.445+0000] {logging_mixin.py:188} INFO - [2025-07-26T05:48:45.445+0000] {dag.py:3823} INFO - Setting next_dagrun for pl001_ingest_crypto_postgres to None, run_after=None
[2025-07-26T05:48:45.493+0000] {processor.py:183} INFO - Processing /opt/airflow/dags/airflow_pipeline.py took 0.273 seconds
[2025-07-26T05:49:15.683+0000] {processor.py:161} INFO - Started process (PID=180) to work on /opt/airflow/dags/airflow_pipeline.py
[2025-07-26T05:49:15.686+0000] {processor.py:830} INFO - Processing file /opt/airflow/dags/airflow_pipeline.py for tasks to queue
[2025-07-26T05:49:15.690+0000] {logging_mixin.py:188} INFO - [2025-07-26T05:49:15.689+0000] {dagbag.py:538} INFO - Filling up the DagBag from /opt/airflow/dags/airflow_pipeline.py
[2025-07-26T05:49:15.720+0000] {processor.py:840} INFO - DAG(s) 'pl001_ingest_crypto_postgres' retrieved from /opt/airflow/dags/airflow_pipeline.py
[2025-07-26T05:49:15.759+0000] {logging_mixin.py:188} INFO - [2025-07-26T05:49:15.758+0000] {dag.py:3036} INFO - Sync 1 DAGs
[2025-07-26T05:49:15.777+0000] {logging_mixin.py:188} INFO - [2025-07-26T05:49:15.777+0000] {dag.py:3823} INFO - Setting next_dagrun for pl001_ingest_crypto_postgres to None, run_after=None
[2025-07-26T05:49:15.812+0000] {processor.py:183} INFO - Processing /opt/airflow/dags/airflow_pipeline.py took 0.136 seconds
[2025-07-26T05:49:46.056+0000] {processor.py:161} INFO - Started process (PID=185) to work on /opt/airflow/dags/airflow_pipeline.py
[2025-07-26T05:49:46.062+0000] {processor.py:830} INFO - Processing file /opt/airflow/dags/airflow_pipeline.py for tasks to queue
[2025-07-26T05:49:46.069+0000] {logging_mixin.py:188} INFO - [2025-07-26T05:49:46.067+0000] {dagbag.py:538} INFO - Filling up the DagBag from /opt/airflow/dags/airflow_pipeline.py
[2025-07-26T05:49:46.174+0000] {processor.py:840} INFO - DAG(s) 'pl001_ingest_crypto_postgres' retrieved from /opt/airflow/dags/airflow_pipeline.py
[2025-07-26T05:49:46.419+0000] {logging_mixin.py:188} INFO - [2025-07-26T05:49:46.417+0000] {dag.py:3036} INFO - Sync 1 DAGs
[2025-07-26T05:49:46.523+0000] {logging_mixin.py:188} INFO - [2025-07-26T05:49:46.521+0000] {dag.py:3823} INFO - Setting next_dagrun for pl001_ingest_crypto_postgres to None, run_after=None
[2025-07-26T05:49:46.625+0000] {processor.py:183} INFO - Processing /opt/airflow/dags/airflow_pipeline.py took 0.591 seconds
[2025-07-26T05:50:16.695+0000] {processor.py:161} INFO - Started process (PID=190) to work on /opt/airflow/dags/airflow_pipeline.py
[2025-07-26T05:50:16.708+0000] {processor.py:830} INFO - Processing file /opt/airflow/dags/airflow_pipeline.py for tasks to queue
[2025-07-26T05:50:16.710+0000] {logging_mixin.py:188} INFO - [2025-07-26T05:50:16.710+0000] {dagbag.py:538} INFO - Filling up the DagBag from /opt/airflow/dags/airflow_pipeline.py
[2025-07-26T05:50:16.776+0000] {processor.py:840} INFO - DAG(s) 'pl001_ingest_crypto_postgres' retrieved from /opt/airflow/dags/airflow_pipeline.py
[2025-07-26T05:50:16.939+0000] {logging_mixin.py:188} INFO - [2025-07-26T05:50:16.938+0000] {dag.py:3036} INFO - Sync 1 DAGs
[2025-07-26T05:50:17.005+0000] {logging_mixin.py:188} INFO - [2025-07-26T05:50:17.004+0000] {dag.py:3823} INFO - Setting next_dagrun for pl001_ingest_crypto_postgres to None, run_after=None
[2025-07-26T05:50:17.036+0000] {processor.py:183} INFO - Processing /opt/airflow/dags/airflow_pipeline.py took 0.349 seconds
[2025-07-26T05:50:47.521+0000] {processor.py:161} INFO - Started process (PID=195) to work on /opt/airflow/dags/airflow_pipeline.py
[2025-07-26T05:50:47.525+0000] {processor.py:830} INFO - Processing file /opt/airflow/dags/airflow_pipeline.py for tasks to queue
[2025-07-26T05:50:47.527+0000] {logging_mixin.py:188} INFO - [2025-07-26T05:50:47.526+0000] {dagbag.py:538} INFO - Filling up the DagBag from /opt/airflow/dags/airflow_pipeline.py
[2025-07-26T05:50:47.555+0000] {processor.py:840} INFO - DAG(s) 'pl001_ingest_crypto_postgres' retrieved from /opt/airflow/dags/airflow_pipeline.py
[2025-07-26T05:50:47.595+0000] {logging_mixin.py:188} INFO - [2025-07-26T05:50:47.594+0000] {dag.py:3036} INFO - Sync 1 DAGs
[2025-07-26T05:50:47.610+0000] {logging_mixin.py:188} INFO - [2025-07-26T05:50:47.609+0000] {dag.py:3823} INFO - Setting next_dagrun for pl001_ingest_crypto_postgres to None, run_after=None
[2025-07-26T05:50:47.636+0000] {processor.py:183} INFO - Processing /opt/airflow/dags/airflow_pipeline.py took 0.126 seconds
[2025-07-26T05:51:17.785+0000] {processor.py:161} INFO - Started process (PID=200) to work on /opt/airflow/dags/airflow_pipeline.py
[2025-07-26T05:51:17.786+0000] {processor.py:830} INFO - Processing file /opt/airflow/dags/airflow_pipeline.py for tasks to queue
[2025-07-26T05:51:17.788+0000] {logging_mixin.py:188} INFO - [2025-07-26T05:51:17.787+0000] {dagbag.py:538} INFO - Filling up the DagBag from /opt/airflow/dags/airflow_pipeline.py
[2025-07-26T05:51:17.815+0000] {processor.py:840} INFO - DAG(s) 'pl001_ingest_crypto_postgres' retrieved from /opt/airflow/dags/airflow_pipeline.py
[2025-07-26T05:51:17.855+0000] {logging_mixin.py:188} INFO - [2025-07-26T05:51:17.854+0000] {dag.py:3036} INFO - Sync 1 DAGs
[2025-07-26T05:51:17.870+0000] {logging_mixin.py:188} INFO - [2025-07-26T05:51:17.869+0000] {dag.py:3823} INFO - Setting next_dagrun for pl001_ingest_crypto_postgres to None, run_after=None
[2025-07-26T05:51:17.902+0000] {processor.py:183} INFO - Processing /opt/airflow/dags/airflow_pipeline.py took 0.122 seconds
[2025-07-26T05:51:48.631+0000] {processor.py:161} INFO - Started process (PID=205) to work on /opt/airflow/dags/airflow_pipeline.py
[2025-07-26T05:51:48.649+0000] {processor.py:830} INFO - Processing file /opt/airflow/dags/airflow_pipeline.py for tasks to queue
[2025-07-26T05:51:48.654+0000] {logging_mixin.py:188} INFO - [2025-07-26T05:51:48.653+0000] {dagbag.py:538} INFO - Filling up the DagBag from /opt/airflow/dags/airflow_pipeline.py
[2025-07-26T05:51:48.786+0000] {processor.py:840} INFO - DAG(s) 'pl001_ingest_crypto_postgres' retrieved from /opt/airflow/dags/airflow_pipeline.py
[2025-07-26T05:51:48.880+0000] {logging_mixin.py:188} INFO - [2025-07-26T05:51:48.879+0000] {dag.py:3036} INFO - Sync 1 DAGs
[2025-07-26T05:51:48.915+0000] {logging_mixin.py:188} INFO - [2025-07-26T05:51:48.915+0000] {dag.py:3823} INFO - Setting next_dagrun for pl001_ingest_crypto_postgres to None, run_after=None
[2025-07-26T05:51:49.050+0000] {processor.py:183} INFO - Processing /opt/airflow/dags/airflow_pipeline.py took 0.436 seconds
[2025-07-26T05:52:19.561+0000] {processor.py:161} INFO - Started process (PID=210) to work on /opt/airflow/dags/airflow_pipeline.py
[2025-07-26T05:52:19.563+0000] {processor.py:830} INFO - Processing file /opt/airflow/dags/airflow_pipeline.py for tasks to queue
[2025-07-26T05:52:19.565+0000] {logging_mixin.py:188} INFO - [2025-07-26T05:52:19.565+0000] {dagbag.py:538} INFO - Filling up the DagBag from /opt/airflow/dags/airflow_pipeline.py
[2025-07-26T05:52:19.589+0000] {processor.py:840} INFO - DAG(s) 'pl001_ingest_crypto_postgres' retrieved from /opt/airflow/dags/airflow_pipeline.py
[2025-07-26T05:52:19.627+0000] {logging_mixin.py:188} INFO - [2025-07-26T05:52:19.627+0000] {dag.py:3036} INFO - Sync 1 DAGs
[2025-07-26T05:52:19.645+0000] {logging_mixin.py:188} INFO - [2025-07-26T05:52:19.645+0000] {dag.py:3823} INFO - Setting next_dagrun for pl001_ingest_crypto_postgres to None, run_after=None
[2025-07-26T05:52:19.675+0000] {processor.py:183} INFO - Processing /opt/airflow/dags/airflow_pipeline.py took 0.120 seconds
[2025-07-26T05:52:49.993+0000] {processor.py:161} INFO - Started process (PID=215) to work on /opt/airflow/dags/airflow_pipeline.py
[2025-07-26T05:52:49.995+0000] {processor.py:830} INFO - Processing file /opt/airflow/dags/airflow_pipeline.py for tasks to queue
[2025-07-26T05:52:49.997+0000] {logging_mixin.py:188} INFO - [2025-07-26T05:52:49.996+0000] {dagbag.py:538} INFO - Filling up the DagBag from /opt/airflow/dags/airflow_pipeline.py
[2025-07-26T05:52:50.023+0000] {processor.py:840} INFO - DAG(s) 'pl001_ingest_crypto_postgres' retrieved from /opt/airflow/dags/airflow_pipeline.py
[2025-07-26T05:52:50.060+0000] {logging_mixin.py:188} INFO - [2025-07-26T05:52:50.060+0000] {dag.py:3036} INFO - Sync 1 DAGs
[2025-07-26T05:52:50.086+0000] {logging_mixin.py:188} INFO - [2025-07-26T05:52:50.086+0000] {dag.py:3823} INFO - Setting next_dagrun for pl001_ingest_crypto_postgres to None, run_after=None
[2025-07-26T05:52:50.117+0000] {processor.py:183} INFO - Processing /opt/airflow/dags/airflow_pipeline.py took 0.129 seconds
[2025-07-26T05:53:20.416+0000] {processor.py:161} INFO - Started process (PID=220) to work on /opt/airflow/dags/airflow_pipeline.py
[2025-07-26T05:53:20.418+0000] {processor.py:830} INFO - Processing file /opt/airflow/dags/airflow_pipeline.py for tasks to queue
[2025-07-26T05:53:20.419+0000] {logging_mixin.py:188} INFO - [2025-07-26T05:53:20.419+0000] {dagbag.py:538} INFO - Filling up the DagBag from /opt/airflow/dags/airflow_pipeline.py
[2025-07-26T05:53:20.445+0000] {processor.py:840} INFO - DAG(s) 'pl001_ingest_crypto_postgres' retrieved from /opt/airflow/dags/airflow_pipeline.py
[2025-07-26T05:53:20.486+0000] {logging_mixin.py:188} INFO - [2025-07-26T05:53:20.485+0000] {dag.py:3036} INFO - Sync 1 DAGs
[2025-07-26T05:53:20.506+0000] {logging_mixin.py:188} INFO - [2025-07-26T05:53:20.505+0000] {dag.py:3823} INFO - Setting next_dagrun for pl001_ingest_crypto_postgres to None, run_after=None
[2025-07-26T05:53:20.532+0000] {processor.py:183} INFO - Processing /opt/airflow/dags/airflow_pipeline.py took 0.119 seconds
[2025-07-26T05:53:50.986+0000] {processor.py:161} INFO - Started process (PID=225) to work on /opt/airflow/dags/airflow_pipeline.py
[2025-07-26T05:53:51.007+0000] {processor.py:830} INFO - Processing file /opt/airflow/dags/airflow_pipeline.py for tasks to queue
[2025-07-26T05:53:51.058+0000] {logging_mixin.py:188} INFO - [2025-07-26T05:53:51.056+0000] {dagbag.py:538} INFO - Filling up the DagBag from /opt/airflow/dags/airflow_pipeline.py
[2025-07-26T05:53:52.508+0000] {processor.py:840} INFO - DAG(s) 'pl001_ingest_crypto_postgres' retrieved from /opt/airflow/dags/airflow_pipeline.py
[2025-07-26T05:53:53.147+0000] {logging_mixin.py:188} INFO - [2025-07-26T05:53:53.134+0000] {dag.py:3036} INFO - Sync 1 DAGs
[2025-07-26T05:53:53.360+0000] {logging_mixin.py:188} INFO - [2025-07-26T05:53:53.358+0000] {dag.py:3823} INFO - Setting next_dagrun for pl001_ingest_crypto_postgres to None, run_after=None
[2025-07-26T05:53:53.635+0000] {processor.py:183} INFO - Processing /opt/airflow/dags/airflow_pipeline.py took 2.715 seconds
[2025-07-26T05:54:23.879+0000] {processor.py:161} INFO - Started process (PID=240) to work on /opt/airflow/dags/airflow_pipeline.py
[2025-07-26T05:54:23.882+0000] {processor.py:830} INFO - Processing file /opt/airflow/dags/airflow_pipeline.py for tasks to queue
[2025-07-26T05:54:23.884+0000] {logging_mixin.py:188} INFO - [2025-07-26T05:54:23.884+0000] {dagbag.py:538} INFO - Filling up the DagBag from /opt/airflow/dags/airflow_pipeline.py
[2025-07-26T05:54:23.931+0000] {processor.py:840} INFO - DAG(s) 'pl001_ingest_crypto_postgres' retrieved from /opt/airflow/dags/airflow_pipeline.py
[2025-07-26T05:54:23.996+0000] {logging_mixin.py:188} INFO - [2025-07-26T05:54:23.995+0000] {dag.py:3036} INFO - Sync 1 DAGs
[2025-07-26T05:54:24.018+0000] {logging_mixin.py:188} INFO - [2025-07-26T05:54:24.018+0000] {dag.py:3823} INFO - Setting next_dagrun for pl001_ingest_crypto_postgres to None, run_after=None
[2025-07-26T05:54:24.069+0000] {processor.py:183} INFO - Processing /opt/airflow/dags/airflow_pipeline.py took 0.200 seconds
[2025-07-26T05:54:54.261+0000] {processor.py:161} INFO - Started process (PID=245) to work on /opt/airflow/dags/airflow_pipeline.py
[2025-07-26T05:54:54.263+0000] {processor.py:830} INFO - Processing file /opt/airflow/dags/airflow_pipeline.py for tasks to queue
[2025-07-26T05:54:54.266+0000] {logging_mixin.py:188} INFO - [2025-07-26T05:54:54.265+0000] {dagbag.py:538} INFO - Filling up the DagBag from /opt/airflow/dags/airflow_pipeline.py
[2025-07-26T05:54:54.290+0000] {processor.py:840} INFO - DAG(s) 'pl001_ingest_crypto_postgres' retrieved from /opt/airflow/dags/airflow_pipeline.py
[2025-07-26T05:54:54.333+0000] {logging_mixin.py:188} INFO - [2025-07-26T05:54:54.332+0000] {dag.py:3036} INFO - Sync 1 DAGs
[2025-07-26T05:54:54.353+0000] {logging_mixin.py:188} INFO - [2025-07-26T05:54:54.353+0000] {dag.py:3823} INFO - Setting next_dagrun for pl001_ingest_crypto_postgres to None, run_after=None
[2025-07-26T05:54:54.387+0000] {processor.py:183} INFO - Processing /opt/airflow/dags/airflow_pipeline.py took 0.130 seconds
[2025-07-26T05:55:25.165+0000] {processor.py:161} INFO - Started process (PID=250) to work on /opt/airflow/dags/airflow_pipeline.py
[2025-07-26T05:55:25.171+0000] {processor.py:830} INFO - Processing file /opt/airflow/dags/airflow_pipeline.py for tasks to queue
[2025-07-26T05:55:25.176+0000] {logging_mixin.py:188} INFO - [2025-07-26T05:55:25.175+0000] {dagbag.py:538} INFO - Filling up the DagBag from /opt/airflow/dags/airflow_pipeline.py
[2025-07-26T05:55:25.283+0000] {processor.py:840} INFO - DAG(s) 'pl001_ingest_crypto_postgres' retrieved from /opt/airflow/dags/airflow_pipeline.py
[2025-07-26T05:55:25.473+0000] {logging_mixin.py:188} INFO - [2025-07-26T05:55:25.472+0000] {dag.py:3036} INFO - Sync 1 DAGs
[2025-07-26T05:55:25.607+0000] {logging_mixin.py:188} INFO - [2025-07-26T05:55:25.604+0000] {dag.py:3823} INFO - Setting next_dagrun for pl001_ingest_crypto_postgres to None, run_after=None
[2025-07-26T05:55:25.758+0000] {processor.py:183} INFO - Processing /opt/airflow/dags/airflow_pipeline.py took 0.613 seconds
[2025-07-26T05:55:55.922+0000] {processor.py:161} INFO - Started process (PID=255) to work on /opt/airflow/dags/airflow_pipeline.py
[2025-07-26T05:55:55.924+0000] {processor.py:830} INFO - Processing file /opt/airflow/dags/airflow_pipeline.py for tasks to queue
[2025-07-26T05:55:55.926+0000] {logging_mixin.py:188} INFO - [2025-07-26T05:55:55.926+0000] {dagbag.py:538} INFO - Filling up the DagBag from /opt/airflow/dags/airflow_pipeline.py
[2025-07-26T05:55:55.951+0000] {processor.py:840} INFO - DAG(s) 'pl001_ingest_crypto_postgres' retrieved from /opt/airflow/dags/airflow_pipeline.py
[2025-07-26T05:55:55.990+0000] {logging_mixin.py:188} INFO - [2025-07-26T05:55:55.989+0000] {dag.py:3036} INFO - Sync 1 DAGs
[2025-07-26T05:55:56.005+0000] {logging_mixin.py:188} INFO - [2025-07-26T05:55:56.005+0000] {dag.py:3823} INFO - Setting next_dagrun for pl001_ingest_crypto_postgres to None, run_after=None
[2025-07-26T05:55:56.031+0000] {processor.py:183} INFO - Processing /opt/airflow/dags/airflow_pipeline.py took 0.116 seconds
[2025-07-26T05:56:26.261+0000] {processor.py:161} INFO - Started process (PID=260) to work on /opt/airflow/dags/airflow_pipeline.py
[2025-07-26T05:56:26.263+0000] {processor.py:830} INFO - Processing file /opt/airflow/dags/airflow_pipeline.py for tasks to queue
[2025-07-26T05:56:26.265+0000] {logging_mixin.py:188} INFO - [2025-07-26T05:56:26.265+0000] {dagbag.py:538} INFO - Filling up the DagBag from /opt/airflow/dags/airflow_pipeline.py
[2025-07-26T05:56:26.303+0000] {processor.py:840} INFO - DAG(s) 'pl001_ingest_crypto_postgres' retrieved from /opt/airflow/dags/airflow_pipeline.py
[2025-07-26T05:56:26.356+0000] {logging_mixin.py:188} INFO - [2025-07-26T05:56:26.355+0000] {dag.py:3036} INFO - Sync 1 DAGs
[2025-07-26T05:56:26.370+0000] {logging_mixin.py:188} INFO - [2025-07-26T05:56:26.370+0000] {dag.py:3823} INFO - Setting next_dagrun for pl001_ingest_crypto_postgres to None, run_after=None
[2025-07-26T05:56:26.396+0000] {processor.py:183} INFO - Processing /opt/airflow/dags/airflow_pipeline.py took 0.145 seconds
[2025-07-26T05:56:57.834+0000] {processor.py:161} INFO - Started process (PID=265) to work on /opt/airflow/dags/airflow_pipeline.py
[2025-07-26T05:56:57.859+0000] {processor.py:830} INFO - Processing file /opt/airflow/dags/airflow_pipeline.py for tasks to queue
[2025-07-26T05:56:57.864+0000] {logging_mixin.py:188} INFO - [2025-07-26T05:56:57.863+0000] {dagbag.py:538} INFO - Filling up the DagBag from /opt/airflow/dags/airflow_pipeline.py
[2025-07-26T05:56:57.932+0000] {processor.py:840} INFO - DAG(s) 'pl001_ingest_crypto_postgres' retrieved from /opt/airflow/dags/airflow_pipeline.py
[2025-07-26T05:56:58.035+0000] {logging_mixin.py:188} INFO - [2025-07-26T05:56:58.034+0000] {dag.py:3036} INFO - Sync 1 DAGs
[2025-07-26T05:56:58.084+0000] {logging_mixin.py:188} INFO - [2025-07-26T05:56:58.083+0000] {dag.py:3823} INFO - Setting next_dagrun for pl001_ingest_crypto_postgres to None, run_after=None
[2025-07-26T05:56:58.165+0000] {processor.py:183} INFO - Processing /opt/airflow/dags/airflow_pipeline.py took 0.410 seconds
[2025-07-26T05:57:28.379+0000] {processor.py:161} INFO - Started process (PID=270) to work on /opt/airflow/dags/airflow_pipeline.py
[2025-07-26T05:57:28.384+0000] {processor.py:830} INFO - Processing file /opt/airflow/dags/airflow_pipeline.py for tasks to queue
[2025-07-26T05:57:28.388+0000] {logging_mixin.py:188} INFO - [2025-07-26T05:57:28.387+0000] {dagbag.py:538} INFO - Filling up the DagBag from /opt/airflow/dags/airflow_pipeline.py
[2025-07-26T05:57:28.428+0000] {processor.py:840} INFO - DAG(s) 'pl001_ingest_crypto_postgres' retrieved from /opt/airflow/dags/airflow_pipeline.py
[2025-07-26T05:57:28.501+0000] {logging_mixin.py:188} INFO - [2025-07-26T05:57:28.500+0000] {dag.py:3036} INFO - Sync 1 DAGs
[2025-07-26T05:57:28.535+0000] {logging_mixin.py:188} INFO - [2025-07-26T05:57:28.534+0000] {dag.py:3823} INFO - Setting next_dagrun for pl001_ingest_crypto_postgres to None, run_after=None
[2025-07-26T05:57:28.596+0000] {processor.py:183} INFO - Processing /opt/airflow/dags/airflow_pipeline.py took 0.227 seconds
[2025-07-26T05:58:00.451+0000] {processor.py:161} INFO - Started process (PID=275) to work on /opt/airflow/dags/airflow_pipeline.py
[2025-07-26T05:58:00.464+0000] {processor.py:830} INFO - Processing file /opt/airflow/dags/airflow_pipeline.py for tasks to queue
[2025-07-26T05:58:00.515+0000] {logging_mixin.py:188} INFO - [2025-07-26T05:58:00.502+0000] {dagbag.py:538} INFO - Filling up the DagBag from /opt/airflow/dags/airflow_pipeline.py
[2025-07-26T05:58:01.165+0000] {processor.py:840} INFO - DAG(s) 'pl001_ingest_crypto_postgres' retrieved from /opt/airflow/dags/airflow_pipeline.py
[2025-07-26T05:58:01.440+0000] {logging_mixin.py:188} INFO - [2025-07-26T05:58:01.439+0000] {dag.py:3036} INFO - Sync 1 DAGs
[2025-07-26T05:58:01.544+0000] {logging_mixin.py:188} INFO - [2025-07-26T05:58:01.543+0000] {dag.py:3823} INFO - Setting next_dagrun for pl001_ingest_crypto_postgres to None, run_after=None
[2025-07-26T05:58:01.709+0000] {processor.py:183} INFO - Processing /opt/airflow/dags/airflow_pipeline.py took 1.320 seconds
[2025-07-26T05:58:31.820+0000] {processor.py:161} INFO - Started process (PID=280) to work on /opt/airflow/dags/airflow_pipeline.py
[2025-07-26T05:58:31.822+0000] {processor.py:830} INFO - Processing file /opt/airflow/dags/airflow_pipeline.py for tasks to queue
[2025-07-26T05:58:31.823+0000] {logging_mixin.py:188} INFO - [2025-07-26T05:58:31.823+0000] {dagbag.py:538} INFO - Filling up the DagBag from /opt/airflow/dags/airflow_pipeline.py
[2025-07-26T05:58:31.854+0000] {processor.py:840} INFO - DAG(s) 'pl001_ingest_crypto_postgres' retrieved from /opt/airflow/dags/airflow_pipeline.py
[2025-07-26T05:58:31.918+0000] {logging_mixin.py:188} INFO - [2025-07-26T05:58:31.917+0000] {dag.py:3036} INFO - Sync 1 DAGs
[2025-07-26T05:58:31.938+0000] {logging_mixin.py:188} INFO - [2025-07-26T05:58:31.938+0000] {dag.py:3823} INFO - Setting next_dagrun for pl001_ingest_crypto_postgres to None, run_after=None
[2025-07-26T05:58:31.982+0000] {processor.py:183} INFO - Processing /opt/airflow/dags/airflow_pipeline.py took 0.167 seconds
[2025-07-26T05:59:02.399+0000] {processor.py:161} INFO - Started process (PID=285) to work on /opt/airflow/dags/airflow_pipeline.py
[2025-07-26T05:59:02.401+0000] {processor.py:830} INFO - Processing file /opt/airflow/dags/airflow_pipeline.py for tasks to queue
[2025-07-26T05:59:02.403+0000] {logging_mixin.py:188} INFO - [2025-07-26T05:59:02.402+0000] {dagbag.py:538} INFO - Filling up the DagBag from /opt/airflow/dags/airflow_pipeline.py
[2025-07-26T05:59:02.434+0000] {processor.py:840} INFO - DAG(s) 'pl001_ingest_crypto_postgres' retrieved from /opt/airflow/dags/airflow_pipeline.py
[2025-07-26T05:59:02.509+0000] {logging_mixin.py:188} INFO - [2025-07-26T05:59:02.508+0000] {dag.py:3036} INFO - Sync 1 DAGs
[2025-07-26T05:59:02.533+0000] {logging_mixin.py:188} INFO - [2025-07-26T05:59:02.532+0000] {dag.py:3823} INFO - Setting next_dagrun for pl001_ingest_crypto_postgres to None, run_after=None
[2025-07-26T05:59:02.567+0000] {processor.py:183} INFO - Processing /opt/airflow/dags/airflow_pipeline.py took 0.172 seconds
[2025-07-26T05:59:33.114+0000] {processor.py:161} INFO - Started process (PID=290) to work on /opt/airflow/dags/airflow_pipeline.py
[2025-07-26T05:59:33.116+0000] {processor.py:830} INFO - Processing file /opt/airflow/dags/airflow_pipeline.py for tasks to queue
[2025-07-26T05:59:33.119+0000] {logging_mixin.py:188} INFO - [2025-07-26T05:59:33.118+0000] {dagbag.py:538} INFO - Filling up the DagBag from /opt/airflow/dags/airflow_pipeline.py
[2025-07-26T05:59:33.150+0000] {processor.py:840} INFO - DAG(s) 'pl001_ingest_crypto_postgres' retrieved from /opt/airflow/dags/airflow_pipeline.py
[2025-07-26T05:59:33.199+0000] {logging_mixin.py:188} INFO - [2025-07-26T05:59:33.199+0000] {dag.py:3036} INFO - Sync 1 DAGs
[2025-07-26T05:59:33.223+0000] {logging_mixin.py:188} INFO - [2025-07-26T05:59:33.222+0000] {dag.py:3823} INFO - Setting next_dagrun for pl001_ingest_crypto_postgres to None, run_after=None
[2025-07-26T05:59:33.290+0000] {processor.py:183} INFO - Processing /opt/airflow/dags/airflow_pipeline.py took 0.183 seconds
[2025-07-26T06:00:03.795+0000] {processor.py:161} INFO - Started process (PID=295) to work on /opt/airflow/dags/airflow_pipeline.py
[2025-07-26T06:00:03.798+0000] {processor.py:830} INFO - Processing file /opt/airflow/dags/airflow_pipeline.py for tasks to queue
[2025-07-26T06:00:03.801+0000] {logging_mixin.py:188} INFO - [2025-07-26T06:00:03.800+0000] {dagbag.py:538} INFO - Filling up the DagBag from /opt/airflow/dags/airflow_pipeline.py
[2025-07-26T06:00:03.845+0000] {processor.py:840} INFO - DAG(s) 'pl001_ingest_crypto_postgres' retrieved from /opt/airflow/dags/airflow_pipeline.py
[2025-07-26T06:00:03.921+0000] {logging_mixin.py:188} INFO - [2025-07-26T06:00:03.921+0000] {dag.py:3036} INFO - Sync 1 DAGs
[2025-07-26T06:00:03.952+0000] {logging_mixin.py:188} INFO - [2025-07-26T06:00:03.951+0000] {dag.py:3823} INFO - Setting next_dagrun for pl001_ingest_crypto_postgres to None, run_after=None
[2025-07-26T06:00:03.988+0000] {processor.py:183} INFO - Processing /opt/airflow/dags/airflow_pipeline.py took 0.200 seconds
[2025-07-26T06:00:34.264+0000] {processor.py:161} INFO - Started process (PID=300) to work on /opt/airflow/dags/airflow_pipeline.py
[2025-07-26T06:00:34.267+0000] {processor.py:830} INFO - Processing file /opt/airflow/dags/airflow_pipeline.py for tasks to queue
[2025-07-26T06:00:34.269+0000] {logging_mixin.py:188} INFO - [2025-07-26T06:00:34.268+0000] {dagbag.py:538} INFO - Filling up the DagBag from /opt/airflow/dags/airflow_pipeline.py
[2025-07-26T06:00:34.313+0000] {processor.py:840} INFO - DAG(s) 'pl001_ingest_crypto_postgres' retrieved from /opt/airflow/dags/airflow_pipeline.py
[2025-07-26T06:00:34.371+0000] {logging_mixin.py:188} INFO - [2025-07-26T06:00:34.371+0000] {dag.py:3036} INFO - Sync 1 DAGs
[2025-07-26T06:00:34.394+0000] {logging_mixin.py:188} INFO - [2025-07-26T06:00:34.393+0000] {dag.py:3823} INFO - Setting next_dagrun for pl001_ingest_crypto_postgres to None, run_after=None
[2025-07-26T06:00:34.427+0000] {processor.py:183} INFO - Processing /opt/airflow/dags/airflow_pipeline.py took 0.171 seconds
[2025-07-26T06:01:04.611+0000] {processor.py:161} INFO - Started process (PID=305) to work on /opt/airflow/dags/airflow_pipeline.py
[2025-07-26T06:01:04.613+0000] {processor.py:830} INFO - Processing file /opt/airflow/dags/airflow_pipeline.py for tasks to queue
[2025-07-26T06:01:04.616+0000] {logging_mixin.py:188} INFO - [2025-07-26T06:01:04.615+0000] {dagbag.py:538} INFO - Filling up the DagBag from /opt/airflow/dags/airflow_pipeline.py
[2025-07-26T06:01:04.658+0000] {processor.py:840} INFO - DAG(s) 'pl001_ingest_crypto_postgres' retrieved from /opt/airflow/dags/airflow_pipeline.py
[2025-07-26T06:01:04.731+0000] {logging_mixin.py:188} INFO - [2025-07-26T06:01:04.730+0000] {dag.py:3036} INFO - Sync 1 DAGs
[2025-07-26T06:01:04.770+0000] {logging_mixin.py:188} INFO - [2025-07-26T06:01:04.769+0000] {dag.py:3823} INFO - Setting next_dagrun for pl001_ingest_crypto_postgres to None, run_after=None
[2025-07-26T06:01:04.865+0000] {processor.py:183} INFO - Processing /opt/airflow/dags/airflow_pipeline.py took 0.263 seconds
[2025-07-26T06:01:35.523+0000] {processor.py:161} INFO - Started process (PID=310) to work on /opt/airflow/dags/airflow_pipeline.py
[2025-07-26T06:01:35.526+0000] {processor.py:830} INFO - Processing file /opt/airflow/dags/airflow_pipeline.py for tasks to queue
[2025-07-26T06:01:35.529+0000] {logging_mixin.py:188} INFO - [2025-07-26T06:01:35.528+0000] {dagbag.py:538} INFO - Filling up the DagBag from /opt/airflow/dags/airflow_pipeline.py
[2025-07-26T06:01:35.699+0000] {processor.py:840} INFO - DAG(s) 'pl001_ingest_crypto_postgres' retrieved from /opt/airflow/dags/airflow_pipeline.py
[2025-07-26T06:01:36.322+0000] {logging_mixin.py:188} INFO - [2025-07-26T06:01:36.321+0000] {dag.py:3036} INFO - Sync 1 DAGs
[2025-07-26T06:01:36.468+0000] {logging_mixin.py:188} INFO - [2025-07-26T06:01:36.466+0000] {dag.py:3823} INFO - Setting next_dagrun for pl001_ingest_crypto_postgres to None, run_after=None
[2025-07-26T06:01:36.622+0000] {processor.py:183} INFO - Processing /opt/airflow/dags/airflow_pipeline.py took 1.114 seconds
[2025-07-26T06:02:07.865+0000] {processor.py:161} INFO - Started process (PID=315) to work on /opt/airflow/dags/airflow_pipeline.py
[2025-07-26T06:02:07.893+0000] {processor.py:830} INFO - Processing file /opt/airflow/dags/airflow_pipeline.py for tasks to queue
[2025-07-26T06:02:07.911+0000] {logging_mixin.py:188} INFO - [2025-07-26T06:02:07.908+0000] {dagbag.py:538} INFO - Filling up the DagBag from /opt/airflow/dags/airflow_pipeline.py
[2025-07-26T06:02:08.187+0000] {processor.py:840} INFO - DAG(s) 'pl001_ingest_crypto_postgres' retrieved from /opt/airflow/dags/airflow_pipeline.py
[2025-07-26T06:02:08.919+0000] {logging_mixin.py:188} INFO - [2025-07-26T06:02:08.919+0000] {dag.py:3036} INFO - Sync 1 DAGs
[2025-07-26T06:02:09.031+0000] {logging_mixin.py:188} INFO - [2025-07-26T06:02:09.031+0000] {dag.py:3823} INFO - Setting next_dagrun for pl001_ingest_crypto_postgres to None, run_after=None
[2025-07-26T06:02:09.251+0000] {processor.py:183} INFO - Processing /opt/airflow/dags/airflow_pipeline.py took 1.446 seconds
[2025-07-26T06:02:39.829+0000] {processor.py:161} INFO - Started process (PID=320) to work on /opt/airflow/dags/airflow_pipeline.py
[2025-07-26T06:02:39.832+0000] {processor.py:830} INFO - Processing file /opt/airflow/dags/airflow_pipeline.py for tasks to queue
[2025-07-26T06:02:39.836+0000] {logging_mixin.py:188} INFO - [2025-07-26T06:02:39.835+0000] {dagbag.py:538} INFO - Filling up the DagBag from /opt/airflow/dags/airflow_pipeline.py
[2025-07-26T06:02:39.886+0000] {processor.py:840} INFO - DAG(s) 'pl001_ingest_crypto_postgres' retrieved from /opt/airflow/dags/airflow_pipeline.py
[2025-07-26T06:02:39.980+0000] {logging_mixin.py:188} INFO - [2025-07-26T06:02:39.979+0000] {dag.py:3036} INFO - Sync 1 DAGs
[2025-07-26T06:02:40.012+0000] {logging_mixin.py:188} INFO - [2025-07-26T06:02:40.011+0000] {dag.py:3823} INFO - Setting next_dagrun for pl001_ingest_crypto_postgres to None, run_after=None
[2025-07-26T06:02:40.057+0000] {processor.py:183} INFO - Processing /opt/airflow/dags/airflow_pipeline.py took 0.242 seconds
[2025-07-26T06:03:10.896+0000] {processor.py:161} INFO - Started process (PID=325) to work on /opt/airflow/dags/airflow_pipeline.py
[2025-07-26T06:03:10.901+0000] {processor.py:830} INFO - Processing file /opt/airflow/dags/airflow_pipeline.py for tasks to queue
[2025-07-26T06:03:10.915+0000] {logging_mixin.py:188} INFO - [2025-07-26T06:03:10.914+0000] {dagbag.py:538} INFO - Filling up the DagBag from /opt/airflow/dags/airflow_pipeline.py
[2025-07-26T06:03:11.094+0000] {processor.py:840} INFO - DAG(s) 'pl001_ingest_crypto_postgres' retrieved from /opt/airflow/dags/airflow_pipeline.py
[2025-07-26T06:03:11.274+0000] {logging_mixin.py:188} INFO - [2025-07-26T06:03:11.273+0000] {dag.py:3036} INFO - Sync 1 DAGs
[2025-07-26T06:03:11.340+0000] {logging_mixin.py:188} INFO - [2025-07-26T06:03:11.339+0000] {dag.py:3823} INFO - Setting next_dagrun for pl001_ingest_crypto_postgres to None, run_after=None
[2025-07-26T06:03:11.447+0000] {processor.py:183} INFO - Processing /opt/airflow/dags/airflow_pipeline.py took 0.576 seconds
[2025-07-26T06:03:43.012+0000] {processor.py:161} INFO - Started process (PID=330) to work on /opt/airflow/dags/airflow_pipeline.py
[2025-07-26T06:03:43.030+0000] {processor.py:830} INFO - Processing file /opt/airflow/dags/airflow_pipeline.py for tasks to queue
[2025-07-26T06:03:43.061+0000] {logging_mixin.py:188} INFO - [2025-07-26T06:03:43.046+0000] {dagbag.py:538} INFO - Filling up the DagBag from /opt/airflow/dags/airflow_pipeline.py
[2025-07-26T06:03:43.395+0000] {processor.py:840} INFO - DAG(s) 'pl001_ingest_crypto_postgres' retrieved from /opt/airflow/dags/airflow_pipeline.py
[2025-07-26T06:03:44.148+0000] {logging_mixin.py:188} INFO - [2025-07-26T06:03:44.139+0000] {dag.py:3036} INFO - Sync 1 DAGs
[2025-07-26T06:03:44.573+0000] {logging_mixin.py:188} INFO - [2025-07-26T06:03:44.558+0000] {dag.py:3823} INFO - Setting next_dagrun for pl001_ingest_crypto_postgres to None, run_after=None
[2025-07-26T06:03:44.859+0000] {processor.py:183} INFO - Processing /opt/airflow/dags/airflow_pipeline.py took 1.926 seconds
[2025-07-26T06:04:15.534+0000] {processor.py:161} INFO - Started process (PID=335) to work on /opt/airflow/dags/airflow_pipeline.py
[2025-07-26T06:04:15.548+0000] {processor.py:830} INFO - Processing file /opt/airflow/dags/airflow_pipeline.py for tasks to queue
[2025-07-26T06:04:15.551+0000] {logging_mixin.py:188} INFO - [2025-07-26T06:04:15.551+0000] {dagbag.py:538} INFO - Filling up the DagBag from /opt/airflow/dags/airflow_pipeline.py
[2025-07-26T06:04:15.646+0000] {processor.py:840} INFO - DAG(s) 'pl001_ingest_crypto_postgres' retrieved from /opt/airflow/dags/airflow_pipeline.py
[2025-07-26T06:04:15.829+0000] {logging_mixin.py:188} INFO - [2025-07-26T06:04:15.828+0000] {dag.py:3036} INFO - Sync 1 DAGs
[2025-07-26T06:04:15.915+0000] {logging_mixin.py:188} INFO - [2025-07-26T06:04:15.915+0000] {dag.py:3823} INFO - Setting next_dagrun for pl001_ingest_crypto_postgres to None, run_after=None
[2025-07-26T06:04:16.039+0000] {processor.py:183} INFO - Processing /opt/airflow/dags/airflow_pipeline.py took 0.524 seconds
[2025-07-26T06:04:46.761+0000] {processor.py:161} INFO - Started process (PID=340) to work on /opt/airflow/dags/airflow_pipeline.py
[2025-07-26T06:04:46.764+0000] {processor.py:830} INFO - Processing file /opt/airflow/dags/airflow_pipeline.py for tasks to queue
[2025-07-26T06:04:46.767+0000] {logging_mixin.py:188} INFO - [2025-07-26T06:04:46.766+0000] {dagbag.py:538} INFO - Filling up the DagBag from /opt/airflow/dags/airflow_pipeline.py
[2025-07-26T06:04:46.829+0000] {processor.py:840} INFO - DAG(s) 'pl001_ingest_crypto_postgres' retrieved from /opt/airflow/dags/airflow_pipeline.py
[2025-07-26T06:04:46.966+0000] {logging_mixin.py:188} INFO - [2025-07-26T06:04:46.965+0000] {dag.py:3036} INFO - Sync 1 DAGs
[2025-07-26T06:04:47.000+0000] {logging_mixin.py:188} INFO - [2025-07-26T06:04:46.999+0000] {dag.py:3823} INFO - Setting next_dagrun for pl001_ingest_crypto_postgres to None, run_after=None
[2025-07-26T06:04:47.041+0000] {processor.py:183} INFO - Processing /opt/airflow/dags/airflow_pipeline.py took 0.292 seconds
[2025-07-26T06:05:18.150+0000] {processor.py:161} INFO - Started process (PID=345) to work on /opt/airflow/dags/airflow_pipeline.py
[2025-07-26T06:05:18.179+0000] {processor.py:830} INFO - Processing file /opt/airflow/dags/airflow_pipeline.py for tasks to queue
[2025-07-26T06:05:18.203+0000] {logging_mixin.py:188} INFO - [2025-07-26T06:05:18.201+0000] {dagbag.py:538} INFO - Filling up the DagBag from /opt/airflow/dags/airflow_pipeline.py
[2025-07-26T06:05:19.111+0000] {processor.py:840} INFO - DAG(s) 'pl001_ingest_crypto_postgres' retrieved from /opt/airflow/dags/airflow_pipeline.py
[2025-07-26T06:05:20.121+0000] {logging_mixin.py:188} INFO - [2025-07-26T06:05:20.110+0000] {dag.py:3036} INFO - Sync 1 DAGs
[2025-07-26T06:05:20.188+0000] {logging_mixin.py:188} INFO - [2025-07-26T06:05:20.188+0000] {dag.py:3823} INFO - Setting next_dagrun for pl001_ingest_crypto_postgres to None, run_after=None
[2025-07-26T06:05:20.335+0000] {processor.py:183} INFO - Processing /opt/airflow/dags/airflow_pipeline.py took 2.257 seconds
[2025-07-26T06:05:50.877+0000] {processor.py:161} INFO - Started process (PID=350) to work on /opt/airflow/dags/airflow_pipeline.py
[2025-07-26T06:05:50.887+0000] {processor.py:830} INFO - Processing file /opt/airflow/dags/airflow_pipeline.py for tasks to queue
[2025-07-26T06:05:50.890+0000] {logging_mixin.py:188} INFO - [2025-07-26T06:05:50.889+0000] {dagbag.py:538} INFO - Filling up the DagBag from /opt/airflow/dags/airflow_pipeline.py
[2025-07-26T06:05:50.975+0000] {processor.py:840} INFO - DAG(s) 'pl001_ingest_crypto_postgres' retrieved from /opt/airflow/dags/airflow_pipeline.py
[2025-07-26T06:05:51.145+0000] {logging_mixin.py:188} INFO - [2025-07-26T06:05:51.144+0000] {dag.py:3036} INFO - Sync 1 DAGs
[2025-07-26T06:05:51.224+0000] {logging_mixin.py:188} INFO - [2025-07-26T06:05:51.224+0000] {dag.py:3823} INFO - Setting next_dagrun for pl001_ingest_crypto_postgres to None, run_after=None
[2025-07-26T06:05:51.352+0000] {processor.py:183} INFO - Processing /opt/airflow/dags/airflow_pipeline.py took 0.501 seconds
[2025-07-26T06:06:21.593+0000] {processor.py:161} INFO - Started process (PID=355) to work on /opt/airflow/dags/airflow_pipeline.py
[2025-07-26T06:06:21.594+0000] {processor.py:830} INFO - Processing file /opt/airflow/dags/airflow_pipeline.py for tasks to queue
[2025-07-26T06:06:21.596+0000] {logging_mixin.py:188} INFO - [2025-07-26T06:06:21.596+0000] {dagbag.py:538} INFO - Filling up the DagBag from /opt/airflow/dags/airflow_pipeline.py
[2025-07-26T06:06:21.623+0000] {processor.py:840} INFO - DAG(s) 'pl001_ingest_crypto_postgres' retrieved from /opt/airflow/dags/airflow_pipeline.py
[2025-07-26T06:06:21.682+0000] {logging_mixin.py:188} INFO - [2025-07-26T06:06:21.680+0000] {dag.py:3036} INFO - Sync 1 DAGs
[2025-07-26T06:06:21.702+0000] {logging_mixin.py:188} INFO - [2025-07-26T06:06:21.701+0000] {dag.py:3823} INFO - Setting next_dagrun for pl001_ingest_crypto_postgres to None, run_after=None
[2025-07-26T06:06:21.739+0000] {processor.py:183} INFO - Processing /opt/airflow/dags/airflow_pipeline.py took 0.153 seconds
[2025-07-26T06:06:52.066+0000] {processor.py:161} INFO - Started process (PID=360) to work on /opt/airflow/dags/airflow_pipeline.py
[2025-07-26T06:06:52.071+0000] {processor.py:830} INFO - Processing file /opt/airflow/dags/airflow_pipeline.py for tasks to queue
[2025-07-26T06:06:52.074+0000] {logging_mixin.py:188} INFO - [2025-07-26T06:06:52.073+0000] {dagbag.py:538} INFO - Filling up the DagBag from /opt/airflow/dags/airflow_pipeline.py
[2025-07-26T06:06:52.138+0000] {processor.py:840} INFO - DAG(s) 'pl001_ingest_crypto_postgres' retrieved from /opt/airflow/dags/airflow_pipeline.py
[2025-07-26T06:06:52.238+0000] {logging_mixin.py:188} INFO - [2025-07-26T06:06:52.237+0000] {dag.py:3036} INFO - Sync 1 DAGs
[2025-07-26T06:06:52.292+0000] {logging_mixin.py:188} INFO - [2025-07-26T06:06:52.291+0000] {dag.py:3823} INFO - Setting next_dagrun for pl001_ingest_crypto_postgres to None, run_after=None
[2025-07-26T06:06:52.374+0000] {processor.py:183} INFO - Processing /opt/airflow/dags/airflow_pipeline.py took 0.320 seconds
[2025-07-26T06:07:23.017+0000] {processor.py:161} INFO - Started process (PID=365) to work on /opt/airflow/dags/airflow_pipeline.py
[2025-07-26T06:07:23.033+0000] {processor.py:830} INFO - Processing file /opt/airflow/dags/airflow_pipeline.py for tasks to queue
[2025-07-26T06:07:23.041+0000] {logging_mixin.py:188} INFO - [2025-07-26T06:07:23.038+0000] {dagbag.py:538} INFO - Filling up the DagBag from /opt/airflow/dags/airflow_pipeline.py
[2025-07-26T06:07:23.201+0000] {processor.py:840} INFO - DAG(s) 'pl001_ingest_crypto_postgres' retrieved from /opt/airflow/dags/airflow_pipeline.py
[2025-07-26T06:07:23.482+0000] {logging_mixin.py:188} INFO - [2025-07-26T06:07:23.481+0000] {dag.py:3036} INFO - Sync 1 DAGs
[2025-07-26T06:07:23.569+0000] {logging_mixin.py:188} INFO - [2025-07-26T06:07:23.568+0000] {dag.py:3823} INFO - Setting next_dagrun for pl001_ingest_crypto_postgres to None, run_after=None
[2025-07-26T06:07:23.702+0000] {processor.py:183} INFO - Processing /opt/airflow/dags/airflow_pipeline.py took 0.754 seconds
[2025-07-26T06:07:54.687+0000] {processor.py:161} INFO - Started process (PID=370) to work on /opt/airflow/dags/airflow_pipeline.py
[2025-07-26T06:07:54.690+0000] {processor.py:830} INFO - Processing file /opt/airflow/dags/airflow_pipeline.py for tasks to queue
[2025-07-26T06:07:54.703+0000] {logging_mixin.py:188} INFO - [2025-07-26T06:07:54.694+0000] {dagbag.py:538} INFO - Filling up the DagBag from /opt/airflow/dags/airflow_pipeline.py
[2025-07-26T06:07:54.837+0000] {processor.py:840} INFO - DAG(s) 'pl001_ingest_crypto_postgres' retrieved from /opt/airflow/dags/airflow_pipeline.py
[2025-07-26T06:07:55.004+0000] {logging_mixin.py:188} INFO - [2025-07-26T06:07:55.004+0000] {dag.py:3036} INFO - Sync 1 DAGs
[2025-07-26T06:07:55.084+0000] {logging_mixin.py:188} INFO - [2025-07-26T06:07:55.083+0000] {dag.py:3823} INFO - Setting next_dagrun for pl001_ingest_crypto_postgres to None, run_after=None
[2025-07-26T06:07:55.219+0000] {processor.py:183} INFO - Processing /opt/airflow/dags/airflow_pipeline.py took 0.558 seconds
[2025-07-26T06:08:25.867+0000] {processor.py:161} INFO - Started process (PID=375) to work on /opt/airflow/dags/airflow_pipeline.py
[2025-07-26T06:08:25.869+0000] {processor.py:830} INFO - Processing file /opt/airflow/dags/airflow_pipeline.py for tasks to queue
[2025-07-26T06:08:25.871+0000] {logging_mixin.py:188} INFO - [2025-07-26T06:08:25.871+0000] {dagbag.py:538} INFO - Filling up the DagBag from /opt/airflow/dags/airflow_pipeline.py
[2025-07-26T06:08:25.903+0000] {processor.py:840} INFO - DAG(s) 'pl001_ingest_crypto_postgres' retrieved from /opt/airflow/dags/airflow_pipeline.py
[2025-07-26T06:08:25.960+0000] {logging_mixin.py:188} INFO - [2025-07-26T06:08:25.960+0000] {dag.py:3036} INFO - Sync 1 DAGs
[2025-07-26T06:08:25.979+0000] {logging_mixin.py:188} INFO - [2025-07-26T06:08:25.979+0000] {dag.py:3823} INFO - Setting next_dagrun for pl001_ingest_crypto_postgres to None, run_after=None
[2025-07-26T06:08:26.014+0000] {processor.py:183} INFO - Processing /opt/airflow/dags/airflow_pipeline.py took 0.154 seconds
[2025-07-26T06:08:56.460+0000] {processor.py:161} INFO - Started process (PID=380) to work on /opt/airflow/dags/airflow_pipeline.py
[2025-07-26T06:08:56.463+0000] {processor.py:830} INFO - Processing file /opt/airflow/dags/airflow_pipeline.py for tasks to queue
[2025-07-26T06:08:56.466+0000] {logging_mixin.py:188} INFO - [2025-07-26T06:08:56.465+0000] {dagbag.py:538} INFO - Filling up the DagBag from /opt/airflow/dags/airflow_pipeline.py
[2025-07-26T06:08:56.511+0000] {processor.py:840} INFO - DAG(s) 'pl001_ingest_crypto_postgres' retrieved from /opt/airflow/dags/airflow_pipeline.py
[2025-07-26T06:08:56.612+0000] {logging_mixin.py:188} INFO - [2025-07-26T06:08:56.612+0000] {dag.py:3036} INFO - Sync 1 DAGs
[2025-07-26T06:08:56.682+0000] {logging_mixin.py:188} INFO - [2025-07-26T06:08:56.676+0000] {dag.py:3823} INFO - Setting next_dagrun for pl001_ingest_crypto_postgres to None, run_after=None
[2025-07-26T06:08:56.790+0000] {processor.py:183} INFO - Processing /opt/airflow/dags/airflow_pipeline.py took 0.338 seconds
[2025-07-26T06:09:27.326+0000] {processor.py:161} INFO - Started process (PID=385) to work on /opt/airflow/dags/airflow_pipeline.py
[2025-07-26T06:09:27.328+0000] {processor.py:830} INFO - Processing file /opt/airflow/dags/airflow_pipeline.py for tasks to queue
[2025-07-26T06:09:27.330+0000] {logging_mixin.py:188} INFO - [2025-07-26T06:09:27.329+0000] {dagbag.py:538} INFO - Filling up the DagBag from /opt/airflow/dags/airflow_pipeline.py
[2025-07-26T06:09:27.361+0000] {processor.py:840} INFO - DAG(s) 'pl001_ingest_crypto_postgres' retrieved from /opt/airflow/dags/airflow_pipeline.py
[2025-07-26T06:09:27.412+0000] {logging_mixin.py:188} INFO - [2025-07-26T06:09:27.412+0000] {dag.py:3036} INFO - Sync 1 DAGs
[2025-07-26T06:09:27.434+0000] {logging_mixin.py:188} INFO - [2025-07-26T06:09:27.433+0000] {dag.py:3823} INFO - Setting next_dagrun for pl001_ingest_crypto_postgres to None, run_after=None
[2025-07-26T06:09:27.473+0000] {processor.py:183} INFO - Processing /opt/airflow/dags/airflow_pipeline.py took 0.156 seconds
[2025-07-26T06:09:57.963+0000] {processor.py:161} INFO - Started process (PID=390) to work on /opt/airflow/dags/airflow_pipeline.py
[2025-07-26T06:09:57.965+0000] {processor.py:830} INFO - Processing file /opt/airflow/dags/airflow_pipeline.py for tasks to queue
[2025-07-26T06:09:57.968+0000] {logging_mixin.py:188} INFO - [2025-07-26T06:09:57.967+0000] {dagbag.py:538} INFO - Filling up the DagBag from /opt/airflow/dags/airflow_pipeline.py
[2025-07-26T06:09:58.018+0000] {processor.py:840} INFO - DAG(s) 'pl001_ingest_crypto_postgres' retrieved from /opt/airflow/dags/airflow_pipeline.py
[2025-07-26T06:09:58.088+0000] {logging_mixin.py:188} INFO - [2025-07-26T06:09:58.087+0000] {dag.py:3036} INFO - Sync 1 DAGs
[2025-07-26T06:09:58.113+0000] {logging_mixin.py:188} INFO - [2025-07-26T06:09:58.112+0000] {dag.py:3823} INFO - Setting next_dagrun for pl001_ingest_crypto_postgres to None, run_after=None
[2025-07-26T06:09:58.145+0000] {processor.py:183} INFO - Processing /opt/airflow/dags/airflow_pipeline.py took 0.188 seconds
[2025-07-26T06:10:28.416+0000] {processor.py:161} INFO - Started process (PID=395) to work on /opt/airflow/dags/airflow_pipeline.py
[2025-07-26T06:10:28.418+0000] {processor.py:830} INFO - Processing file /opt/airflow/dags/airflow_pipeline.py for tasks to queue
[2025-07-26T06:10:28.421+0000] {logging_mixin.py:188} INFO - [2025-07-26T06:10:28.420+0000] {dagbag.py:538} INFO - Filling up the DagBag from /opt/airflow/dags/airflow_pipeline.py
[2025-07-26T06:10:28.468+0000] {processor.py:840} INFO - DAG(s) 'pl001_ingest_crypto_postgres' retrieved from /opt/airflow/dags/airflow_pipeline.py
[2025-07-26T06:10:28.511+0000] {logging_mixin.py:188} INFO - [2025-07-26T06:10:28.510+0000] {dag.py:3036} INFO - Sync 1 DAGs
[2025-07-26T06:10:28.528+0000] {logging_mixin.py:188} INFO - [2025-07-26T06:10:28.527+0000] {dag.py:3823} INFO - Setting next_dagrun for pl001_ingest_crypto_postgres to None, run_after=None
[2025-07-26T06:10:28.557+0000] {processor.py:183} INFO - Processing /opt/airflow/dags/airflow_pipeline.py took 0.148 seconds
[2025-07-26T06:10:59.272+0000] {processor.py:161} INFO - Started process (PID=400) to work on /opt/airflow/dags/airflow_pipeline.py
[2025-07-26T06:10:59.274+0000] {processor.py:830} INFO - Processing file /opt/airflow/dags/airflow_pipeline.py for tasks to queue
[2025-07-26T06:10:59.278+0000] {logging_mixin.py:188} INFO - [2025-07-26T06:10:59.277+0000] {dagbag.py:538} INFO - Filling up the DagBag from /opt/airflow/dags/airflow_pipeline.py
[2025-07-26T06:10:59.310+0000] {processor.py:840} INFO - DAG(s) 'pl001_ingest_crypto_postgres' retrieved from /opt/airflow/dags/airflow_pipeline.py
[2025-07-26T06:10:59.349+0000] {logging_mixin.py:188} INFO - [2025-07-26T06:10:59.349+0000] {dag.py:3036} INFO - Sync 1 DAGs
[2025-07-26T06:10:59.366+0000] {logging_mixin.py:188} INFO - [2025-07-26T06:10:59.366+0000] {dag.py:3823} INFO - Setting next_dagrun for pl001_ingest_crypto_postgres to None, run_after=None
[2025-07-26T06:10:59.392+0000] {processor.py:183} INFO - Processing /opt/airflow/dags/airflow_pipeline.py took 0.130 seconds
[2025-07-26T06:11:29.579+0000] {processor.py:161} INFO - Started process (PID=405) to work on /opt/airflow/dags/airflow_pipeline.py
[2025-07-26T06:11:29.581+0000] {processor.py:830} INFO - Processing file /opt/airflow/dags/airflow_pipeline.py for tasks to queue
[2025-07-26T06:11:29.583+0000] {logging_mixin.py:188} INFO - [2025-07-26T06:11:29.582+0000] {dagbag.py:538} INFO - Filling up the DagBag from /opt/airflow/dags/airflow_pipeline.py
[2025-07-26T06:11:29.627+0000] {processor.py:840} INFO - DAG(s) 'pl001_ingest_crypto_postgres' retrieved from /opt/airflow/dags/airflow_pipeline.py
[2025-07-26T06:11:29.693+0000] {logging_mixin.py:188} INFO - [2025-07-26T06:11:29.693+0000] {dag.py:3036} INFO - Sync 1 DAGs
[2025-07-26T06:11:29.731+0000] {logging_mixin.py:188} INFO - [2025-07-26T06:11:29.731+0000] {dag.py:3823} INFO - Setting next_dagrun for pl001_ingest_crypto_postgres to None, run_after=None
[2025-07-26T06:11:29.786+0000] {processor.py:183} INFO - Processing /opt/airflow/dags/airflow_pipeline.py took 0.212 seconds
[2025-07-26T06:12:00.127+0000] {processor.py:161} INFO - Started process (PID=410) to work on /opt/airflow/dags/airflow_pipeline.py
[2025-07-26T06:12:00.129+0000] {processor.py:830} INFO - Processing file /opt/airflow/dags/airflow_pipeline.py for tasks to queue
[2025-07-26T06:12:00.130+0000] {logging_mixin.py:188} INFO - [2025-07-26T06:12:00.130+0000] {dagbag.py:538} INFO - Filling up the DagBag from /opt/airflow/dags/airflow_pipeline.py
[2025-07-26T06:12:00.159+0000] {processor.py:840} INFO - DAG(s) 'pl001_ingest_crypto_postgres' retrieved from /opt/airflow/dags/airflow_pipeline.py
[2025-07-26T06:12:00.372+0000] {logging_mixin.py:188} INFO - [2025-07-26T06:12:00.371+0000] {dag.py:3036} INFO - Sync 1 DAGs
[2025-07-26T06:12:00.387+0000] {logging_mixin.py:188} INFO - [2025-07-26T06:12:00.387+0000] {dag.py:3058} INFO - Creating ORM DAG for pl001_ingest_crypto_postgres
[2025-07-26T06:12:00.389+0000] {logging_mixin.py:188} INFO - [2025-07-26T06:12:00.388+0000] {dag.py:3823} INFO - Setting next_dagrun for pl001_ingest_crypto_postgres to None, run_after=None
[2025-07-26T06:12:00.418+0000] {processor.py:183} INFO - Processing /opt/airflow/dags/airflow_pipeline.py took 0.297 seconds
[2025-07-26T06:12:31.443+0000] {processor.py:161} INFO - Started process (PID=432) to work on /opt/airflow/dags/airflow_pipeline.py
[2025-07-26T06:12:31.450+0000] {processor.py:830} INFO - Processing file /opt/airflow/dags/airflow_pipeline.py for tasks to queue
[2025-07-26T06:12:31.457+0000] {logging_mixin.py:188} INFO - [2025-07-26T06:12:31.454+0000] {dagbag.py:538} INFO - Filling up the DagBag from /opt/airflow/dags/airflow_pipeline.py
[2025-07-26T06:12:31.563+0000] {processor.py:840} INFO - DAG(s) 'pl001_ingest_crypto_postgres' retrieved from /opt/airflow/dags/airflow_pipeline.py
[2025-07-26T06:12:31.781+0000] {logging_mixin.py:188} INFO - [2025-07-26T06:12:31.780+0000] {dag.py:3036} INFO - Sync 1 DAGs
[2025-07-26T06:12:31.995+0000] {logging_mixin.py:188} INFO - [2025-07-26T06:12:31.993+0000] {dag.py:3823} INFO - Setting next_dagrun for pl001_ingest_crypto_postgres to None, run_after=None
[2025-07-26T06:12:32.165+0000] {processor.py:183} INFO - Processing /opt/airflow/dags/airflow_pipeline.py took 0.748 seconds
[2025-07-26T06:13:02.517+0000] {processor.py:161} INFO - Started process (PID=437) to work on /opt/airflow/dags/airflow_pipeline.py
[2025-07-26T06:13:02.519+0000] {processor.py:830} INFO - Processing file /opt/airflow/dags/airflow_pipeline.py for tasks to queue
[2025-07-26T06:13:02.521+0000] {logging_mixin.py:188} INFO - [2025-07-26T06:13:02.520+0000] {dagbag.py:538} INFO - Filling up the DagBag from /opt/airflow/dags/airflow_pipeline.py
[2025-07-26T06:13:02.549+0000] {processor.py:840} INFO - DAG(s) 'pl001_ingest_crypto_postgres' retrieved from /opt/airflow/dags/airflow_pipeline.py
[2025-07-26T06:13:02.607+0000] {logging_mixin.py:188} INFO - [2025-07-26T06:13:02.606+0000] {dag.py:3036} INFO - Sync 1 DAGs
[2025-07-26T06:13:02.630+0000] {logging_mixin.py:188} INFO - [2025-07-26T06:13:02.630+0000] {dag.py:3823} INFO - Setting next_dagrun for pl001_ingest_crypto_postgres to None, run_after=None
[2025-07-26T06:13:02.664+0000] {processor.py:183} INFO - Processing /opt/airflow/dags/airflow_pipeline.py took 0.157 seconds
[2025-07-26T06:13:24.857+0000] {processor.py:161} INFO - Started process (PID=442) to work on /opt/airflow/dags/airflow_pipeline.py
[2025-07-26T06:13:24.863+0000] {processor.py:830} INFO - Processing file /opt/airflow/dags/airflow_pipeline.py for tasks to queue
[2025-07-26T06:13:24.866+0000] {logging_mixin.py:188} INFO - [2025-07-26T06:13:24.865+0000] {dagbag.py:538} INFO - Filling up the DagBag from /opt/airflow/dags/airflow_pipeline.py
[2025-07-26T06:13:25.008+0000] {processor.py:840} INFO - DAG(s) 'pl001_ingest_crypto_postgres' retrieved from /opt/airflow/dags/airflow_pipeline.py
[2025-07-26T06:13:25.260+0000] {logging_mixin.py:188} INFO - [2025-07-26T06:13:25.260+0000] {dag.py:3036} INFO - Sync 1 DAGs
[2025-07-26T06:13:25.276+0000] {logging_mixin.py:188} INFO - [2025-07-26T06:13:25.276+0000] {dag.py:3823} INFO - Setting next_dagrun for pl001_ingest_crypto_postgres to None, run_after=None
[2025-07-26T06:13:25.313+0000] {processor.py:183} INFO - Processing /opt/airflow/dags/airflow_pipeline.py took 0.474 seconds
[2025-07-26T06:13:55.472+0000] {processor.py:161} INFO - Started process (PID=464) to work on /opt/airflow/dags/airflow_pipeline.py
[2025-07-26T06:13:55.474+0000] {processor.py:830} INFO - Processing file /opt/airflow/dags/airflow_pipeline.py for tasks to queue
[2025-07-26T06:13:55.477+0000] {logging_mixin.py:188} INFO - [2025-07-26T06:13:55.476+0000] {dagbag.py:538} INFO - Filling up the DagBag from /opt/airflow/dags/airflow_pipeline.py
[2025-07-26T06:13:55.508+0000] {processor.py:840} INFO - DAG(s) 'pl001_ingest_crypto_postgres' retrieved from /opt/airflow/dags/airflow_pipeline.py
[2025-07-26T06:13:55.560+0000] {logging_mixin.py:188} INFO - [2025-07-26T06:13:55.560+0000] {dag.py:3036} INFO - Sync 1 DAGs
[2025-07-26T06:13:55.577+0000] {logging_mixin.py:188} INFO - [2025-07-26T06:13:55.577+0000] {dag.py:3823} INFO - Setting next_dagrun for pl001_ingest_crypto_postgres to None, run_after=None
[2025-07-26T06:13:55.606+0000] {processor.py:183} INFO - Processing /opt/airflow/dags/airflow_pipeline.py took 0.140 seconds
[2025-07-26T06:14:25.822+0000] {processor.py:161} INFO - Started process (PID=469) to work on /opt/airflow/dags/airflow_pipeline.py
[2025-07-26T06:14:25.824+0000] {processor.py:830} INFO - Processing file /opt/airflow/dags/airflow_pipeline.py for tasks to queue
[2025-07-26T06:14:25.825+0000] {logging_mixin.py:188} INFO - [2025-07-26T06:14:25.825+0000] {dagbag.py:538} INFO - Filling up the DagBag from /opt/airflow/dags/airflow_pipeline.py
[2025-07-26T06:14:25.849+0000] {processor.py:840} INFO - DAG(s) 'pl001_ingest_crypto_postgres' retrieved from /opt/airflow/dags/airflow_pipeline.py
[2025-07-26T06:14:25.891+0000] {logging_mixin.py:188} INFO - [2025-07-26T06:14:25.891+0000] {dag.py:3036} INFO - Sync 1 DAGs
[2025-07-26T06:14:25.916+0000] {logging_mixin.py:188} INFO - [2025-07-26T06:14:25.915+0000] {dag.py:3823} INFO - Setting next_dagrun for pl001_ingest_crypto_postgres to None, run_after=None
[2025-07-26T06:14:25.945+0000] {processor.py:183} INFO - Processing /opt/airflow/dags/airflow_pipeline.py took 0.128 seconds
[2025-07-26T06:14:56.363+0000] {processor.py:161} INFO - Started process (PID=474) to work on /opt/airflow/dags/airflow_pipeline.py
[2025-07-26T06:14:56.364+0000] {processor.py:830} INFO - Processing file /opt/airflow/dags/airflow_pipeline.py for tasks to queue
[2025-07-26T06:14:56.366+0000] {logging_mixin.py:188} INFO - [2025-07-26T06:14:56.365+0000] {dagbag.py:538} INFO - Filling up the DagBag from /opt/airflow/dags/airflow_pipeline.py
[2025-07-26T06:14:56.391+0000] {processor.py:840} INFO - DAG(s) 'pl001_ingest_crypto_postgres' retrieved from /opt/airflow/dags/airflow_pipeline.py
[2025-07-26T06:14:56.431+0000] {logging_mixin.py:188} INFO - [2025-07-26T06:14:56.431+0000] {dag.py:3036} INFO - Sync 1 DAGs
[2025-07-26T06:14:56.446+0000] {logging_mixin.py:188} INFO - [2025-07-26T06:14:56.446+0000] {dag.py:3823} INFO - Setting next_dagrun for pl001_ingest_crypto_postgres to None, run_after=None
[2025-07-26T06:14:56.473+0000] {processor.py:183} INFO - Processing /opt/airflow/dags/airflow_pipeline.py took 0.114 seconds
[2025-07-26T06:15:26.804+0000] {processor.py:161} INFO - Started process (PID=479) to work on /opt/airflow/dags/airflow_pipeline.py
[2025-07-26T06:15:26.806+0000] {processor.py:830} INFO - Processing file /opt/airflow/dags/airflow_pipeline.py for tasks to queue
[2025-07-26T06:15:26.807+0000] {logging_mixin.py:188} INFO - [2025-07-26T06:15:26.807+0000] {dagbag.py:538} INFO - Filling up the DagBag from /opt/airflow/dags/airflow_pipeline.py
[2025-07-26T06:15:26.833+0000] {processor.py:840} INFO - DAG(s) 'pl001_ingest_crypto_postgres' retrieved from /opt/airflow/dags/airflow_pipeline.py
[2025-07-26T06:15:26.871+0000] {logging_mixin.py:188} INFO - [2025-07-26T06:15:26.870+0000] {dag.py:3036} INFO - Sync 1 DAGs
[2025-07-26T06:15:26.886+0000] {logging_mixin.py:188} INFO - [2025-07-26T06:15:26.886+0000] {dag.py:3823} INFO - Setting next_dagrun for pl001_ingest_crypto_postgres to None, run_after=None
[2025-07-26T06:15:26.914+0000] {processor.py:183} INFO - Processing /opt/airflow/dags/airflow_pipeline.py took 0.115 seconds
[2025-07-26T06:15:57.189+0000] {processor.py:161} INFO - Started process (PID=484) to work on /opt/airflow/dags/airflow_pipeline.py
[2025-07-26T06:15:57.191+0000] {processor.py:830} INFO - Processing file /opt/airflow/dags/airflow_pipeline.py for tasks to queue
[2025-07-26T06:15:57.193+0000] {logging_mixin.py:188} INFO - [2025-07-26T06:15:57.192+0000] {dagbag.py:538} INFO - Filling up the DagBag from /opt/airflow/dags/airflow_pipeline.py
[2025-07-26T06:15:57.226+0000] {processor.py:840} INFO - DAG(s) 'pl001_ingest_crypto_postgres' retrieved from /opt/airflow/dags/airflow_pipeline.py
[2025-07-26T06:15:57.265+0000] {logging_mixin.py:188} INFO - [2025-07-26T06:15:57.265+0000] {dag.py:3036} INFO - Sync 1 DAGs
[2025-07-26T06:15:57.290+0000] {logging_mixin.py:188} INFO - [2025-07-26T06:15:57.289+0000] {dag.py:3823} INFO - Setting next_dagrun for pl001_ingest_crypto_postgres to None, run_after=None
[2025-07-26T06:15:57.319+0000] {processor.py:183} INFO - Processing /opt/airflow/dags/airflow_pipeline.py took 0.136 seconds
[2025-07-26T06:16:09.415+0000] {processor.py:161} INFO - Started process (PID=489) to work on /opt/airflow/dags/airflow_pipeline.py
[2025-07-26T06:16:09.417+0000] {processor.py:830} INFO - Processing file /opt/airflow/dags/airflow_pipeline.py for tasks to queue
[2025-07-26T06:16:09.419+0000] {logging_mixin.py:188} INFO - [2025-07-26T06:16:09.418+0000] {dagbag.py:538} INFO - Filling up the DagBag from /opt/airflow/dags/airflow_pipeline.py
[2025-07-26T06:16:09.456+0000] {processor.py:840} INFO - DAG(s) 'pl001_ingest_crypto_postgres' retrieved from /opt/airflow/dags/airflow_pipeline.py
[2025-07-26T06:16:09.589+0000] {logging_mixin.py:188} INFO - [2025-07-26T06:16:09.589+0000] {dag.py:3036} INFO - Sync 1 DAGs
[2025-07-26T06:16:09.604+0000] {logging_mixin.py:188} INFO - [2025-07-26T06:16:09.604+0000] {dag.py:3823} INFO - Setting next_dagrun for pl001_ingest_crypto_postgres to None, run_after=None
[2025-07-26T06:16:09.638+0000] {processor.py:183} INFO - Processing /opt/airflow/dags/airflow_pipeline.py took 0.228 seconds
[2025-07-26T06:16:10.522+0000] {processor.py:161} INFO - Started process (PID=494) to work on /opt/airflow/dags/airflow_pipeline.py
[2025-07-26T06:16:10.524+0000] {processor.py:830} INFO - Processing file /opt/airflow/dags/airflow_pipeline.py for tasks to queue
[2025-07-26T06:16:10.525+0000] {logging_mixin.py:188} INFO - [2025-07-26T06:16:10.525+0000] {dagbag.py:538} INFO - Filling up the DagBag from /opt/airflow/dags/airflow_pipeline.py
[2025-07-26T06:16:10.550+0000] {processor.py:840} INFO - DAG(s) 'pl001_ingest_crypto_postgres' retrieved from /opt/airflow/dags/airflow_pipeline.py
[2025-07-26T06:16:10.573+0000] {logging_mixin.py:188} INFO - [2025-07-26T06:16:10.573+0000] {dag.py:3036} INFO - Sync 1 DAGs
[2025-07-26T06:16:10.590+0000] {logging_mixin.py:188} INFO - [2025-07-26T06:16:10.590+0000] {dag.py:3823} INFO - Setting next_dagrun for pl001_ingest_crypto_postgres to None, run_after=None
[2025-07-26T06:16:10.624+0000] {processor.py:183} INFO - Processing /opt/airflow/dags/airflow_pipeline.py took 0.107 seconds
[2025-07-26T06:16:15.736+0000] {processor.py:161} INFO - Started process (PID=499) to work on /opt/airflow/dags/airflow_pipeline.py
[2025-07-26T06:16:15.739+0000] {processor.py:830} INFO - Processing file /opt/airflow/dags/airflow_pipeline.py for tasks to queue
[2025-07-26T06:16:15.741+0000] {logging_mixin.py:188} INFO - [2025-07-26T06:16:15.741+0000] {dagbag.py:538} INFO - Filling up the DagBag from /opt/airflow/dags/airflow_pipeline.py
[2025-07-26T06:16:15.784+0000] {processor.py:840} INFO - DAG(s) 'pl001_ingest_crypto_postgres' retrieved from /opt/airflow/dags/airflow_pipeline.py
[2025-07-26T06:16:15.815+0000] {logging_mixin.py:188} INFO - [2025-07-26T06:16:15.814+0000] {dag.py:3036} INFO - Sync 1 DAGs
[2025-07-26T06:16:15.832+0000] {logging_mixin.py:188} INFO - [2025-07-26T06:16:15.832+0000] {dag.py:3823} INFO - Setting next_dagrun for pl001_ingest_crypto_postgres to None, run_after=None
[2025-07-26T06:16:15.866+0000] {processor.py:183} INFO - Processing /opt/airflow/dags/airflow_pipeline.py took 0.139 seconds
[2025-07-26T06:16:46.041+0000] {processor.py:161} INFO - Started process (PID=504) to work on /opt/airflow/dags/airflow_pipeline.py
[2025-07-26T06:16:46.043+0000] {processor.py:830} INFO - Processing file /opt/airflow/dags/airflow_pipeline.py for tasks to queue
[2025-07-26T06:16:46.044+0000] {logging_mixin.py:188} INFO - [2025-07-26T06:16:46.044+0000] {dagbag.py:538} INFO - Filling up the DagBag from /opt/airflow/dags/airflow_pipeline.py
[2025-07-26T06:16:46.081+0000] {processor.py:840} INFO - DAG(s) 'pl001_ingest_crypto_postgres' retrieved from /opt/airflow/dags/airflow_pipeline.py
[2025-07-26T06:16:46.125+0000] {logging_mixin.py:188} INFO - [2025-07-26T06:16:46.125+0000] {dag.py:3036} INFO - Sync 1 DAGs
[2025-07-26T06:16:46.141+0000] {logging_mixin.py:188} INFO - [2025-07-26T06:16:46.140+0000] {dag.py:3823} INFO - Setting next_dagrun for pl001_ingest_crypto_postgres to None, run_after=None
[2025-07-26T06:16:46.167+0000] {processor.py:183} INFO - Processing /opt/airflow/dags/airflow_pipeline.py took 0.131 seconds
[2025-07-26T06:16:51.265+0000] {processor.py:161} INFO - Started process (PID=509) to work on /opt/airflow/dags/airflow_pipeline.py
[2025-07-26T06:16:51.266+0000] {processor.py:830} INFO - Processing file /opt/airflow/dags/airflow_pipeline.py for tasks to queue
[2025-07-26T06:16:51.268+0000] {logging_mixin.py:188} INFO - [2025-07-26T06:16:51.267+0000] {dagbag.py:538} INFO - Filling up the DagBag from /opt/airflow/dags/airflow_pipeline.py
[2025-07-26T06:16:51.303+0000] {processor.py:840} INFO - DAG(s) 'pl001_ingest_crypto_postgres' retrieved from /opt/airflow/dags/airflow_pipeline.py
[2025-07-26T06:16:51.341+0000] {logging_mixin.py:188} INFO - [2025-07-26T06:16:51.341+0000] {dag.py:3036} INFO - Sync 1 DAGs
[2025-07-26T06:16:51.358+0000] {logging_mixin.py:188} INFO - [2025-07-26T06:16:51.357+0000] {dag.py:3823} INFO - Setting next_dagrun for pl001_ingest_crypto_postgres to None, run_after=None
[2025-07-26T06:16:51.390+0000] {processor.py:183} INFO - Processing /opt/airflow/dags/airflow_pipeline.py took 0.129 seconds
[2025-07-26T06:17:21.452+0000] {processor.py:161} INFO - Started process (PID=534) to work on /opt/airflow/dags/airflow_pipeline.py
[2025-07-26T06:17:21.453+0000] {processor.py:830} INFO - Processing file /opt/airflow/dags/airflow_pipeline.py for tasks to queue
[2025-07-26T06:17:21.455+0000] {logging_mixin.py:188} INFO - [2025-07-26T06:17:21.454+0000] {dagbag.py:538} INFO - Filling up the DagBag from /opt/airflow/dags/airflow_pipeline.py
[2025-07-26T06:17:21.486+0000] {processor.py:840} INFO - DAG(s) 'pl001_ingest_crypto_postgres' retrieved from /opt/airflow/dags/airflow_pipeline.py
[2025-07-26T06:17:21.531+0000] {logging_mixin.py:188} INFO - [2025-07-26T06:17:21.530+0000] {dag.py:3036} INFO - Sync 1 DAGs
[2025-07-26T06:17:21.548+0000] {logging_mixin.py:188} INFO - [2025-07-26T06:17:21.548+0000] {dag.py:3823} INFO - Setting next_dagrun for pl001_ingest_crypto_postgres to None, run_after=None
[2025-07-26T06:17:21.580+0000] {processor.py:183} INFO - Processing /opt/airflow/dags/airflow_pipeline.py took 0.133 seconds
[2025-07-26T06:17:51.852+0000] {processor.py:161} INFO - Started process (PID=539) to work on /opt/airflow/dags/airflow_pipeline.py
[2025-07-26T06:17:51.854+0000] {processor.py:830} INFO - Processing file /opt/airflow/dags/airflow_pipeline.py for tasks to queue
[2025-07-26T06:17:51.855+0000] {logging_mixin.py:188} INFO - [2025-07-26T06:17:51.855+0000] {dagbag.py:538} INFO - Filling up the DagBag from /opt/airflow/dags/airflow_pipeline.py
[2025-07-26T06:17:51.878+0000] {processor.py:840} INFO - DAG(s) 'pl001_ingest_crypto_postgres' retrieved from /opt/airflow/dags/airflow_pipeline.py
[2025-07-26T06:17:51.919+0000] {logging_mixin.py:188} INFO - [2025-07-26T06:17:51.919+0000] {dag.py:3036} INFO - Sync 1 DAGs
[2025-07-26T06:17:51.934+0000] {logging_mixin.py:188} INFO - [2025-07-26T06:17:51.934+0000] {dag.py:3823} INFO - Setting next_dagrun for pl001_ingest_crypto_postgres to None, run_after=None
[2025-07-26T06:17:51.964+0000] {processor.py:183} INFO - Processing /opt/airflow/dags/airflow_pipeline.py took 0.118 seconds
[2025-07-26T06:18:22.362+0000] {processor.py:161} INFO - Started process (PID=544) to work on /opt/airflow/dags/airflow_pipeline.py
[2025-07-26T06:18:22.363+0000] {processor.py:830} INFO - Processing file /opt/airflow/dags/airflow_pipeline.py for tasks to queue
[2025-07-26T06:18:22.365+0000] {logging_mixin.py:188} INFO - [2025-07-26T06:18:22.365+0000] {dagbag.py:538} INFO - Filling up the DagBag from /opt/airflow/dags/airflow_pipeline.py
[2025-07-26T06:18:22.389+0000] {processor.py:840} INFO - DAG(s) 'pl001_ingest_crypto_postgres' retrieved from /opt/airflow/dags/airflow_pipeline.py
[2025-07-26T06:18:22.432+0000] {logging_mixin.py:188} INFO - [2025-07-26T06:18:22.432+0000] {dag.py:3036} INFO - Sync 1 DAGs
[2025-07-26T06:18:22.450+0000] {logging_mixin.py:188} INFO - [2025-07-26T06:18:22.449+0000] {dag.py:3823} INFO - Setting next_dagrun for pl001_ingest_crypto_postgres to None, run_after=None
[2025-07-26T06:18:22.486+0000] {processor.py:183} INFO - Processing /opt/airflow/dags/airflow_pipeline.py took 0.129 seconds
[2025-07-26T06:18:52.713+0000] {processor.py:161} INFO - Started process (PID=549) to work on /opt/airflow/dags/airflow_pipeline.py
[2025-07-26T06:18:52.714+0000] {processor.py:830} INFO - Processing file /opt/airflow/dags/airflow_pipeline.py for tasks to queue
[2025-07-26T06:18:52.716+0000] {logging_mixin.py:188} INFO - [2025-07-26T06:18:52.715+0000] {dagbag.py:538} INFO - Filling up the DagBag from /opt/airflow/dags/airflow_pipeline.py
[2025-07-26T06:18:52.740+0000] {processor.py:840} INFO - DAG(s) 'pl001_ingest_crypto_postgres' retrieved from /opt/airflow/dags/airflow_pipeline.py
[2025-07-26T06:18:52.782+0000] {logging_mixin.py:188} INFO - [2025-07-26T06:18:52.782+0000] {dag.py:3036} INFO - Sync 1 DAGs
[2025-07-26T06:18:52.800+0000] {logging_mixin.py:188} INFO - [2025-07-26T06:18:52.799+0000] {dag.py:3823} INFO - Setting next_dagrun for pl001_ingest_crypto_postgres to None, run_after=None
[2025-07-26T06:18:52.844+0000] {processor.py:183} INFO - Processing /opt/airflow/dags/airflow_pipeline.py took 0.137 seconds
[2025-07-26T06:19:23.127+0000] {processor.py:161} INFO - Started process (PID=554) to work on /opt/airflow/dags/airflow_pipeline.py
[2025-07-26T06:19:23.129+0000] {processor.py:830} INFO - Processing file /opt/airflow/dags/airflow_pipeline.py for tasks to queue
[2025-07-26T06:19:23.130+0000] {logging_mixin.py:188} INFO - [2025-07-26T06:19:23.130+0000] {dagbag.py:538} INFO - Filling up the DagBag from /opt/airflow/dags/airflow_pipeline.py
[2025-07-26T06:19:23.157+0000] {processor.py:840} INFO - DAG(s) 'pl001_ingest_crypto_postgres' retrieved from /opt/airflow/dags/airflow_pipeline.py
[2025-07-26T06:19:23.195+0000] {logging_mixin.py:188} INFO - [2025-07-26T06:19:23.195+0000] {dag.py:3036} INFO - Sync 1 DAGs
[2025-07-26T06:19:23.213+0000] {logging_mixin.py:188} INFO - [2025-07-26T06:19:23.212+0000] {dag.py:3823} INFO - Setting next_dagrun for pl001_ingest_crypto_postgres to None, run_after=None
[2025-07-26T06:19:23.240+0000] {processor.py:183} INFO - Processing /opt/airflow/dags/airflow_pipeline.py took 0.119 seconds
[2025-07-26T06:19:53.586+0000] {processor.py:161} INFO - Started process (PID=559) to work on /opt/airflow/dags/airflow_pipeline.py
[2025-07-26T06:19:53.588+0000] {processor.py:830} INFO - Processing file /opt/airflow/dags/airflow_pipeline.py for tasks to queue
[2025-07-26T06:19:53.591+0000] {logging_mixin.py:188} INFO - [2025-07-26T06:19:53.590+0000] {dagbag.py:538} INFO - Filling up the DagBag from /opt/airflow/dags/airflow_pipeline.py
[2025-07-26T06:19:53.617+0000] {processor.py:840} INFO - DAG(s) 'pl001_ingest_crypto_postgres' retrieved from /opt/airflow/dags/airflow_pipeline.py
[2025-07-26T06:19:53.663+0000] {logging_mixin.py:188} INFO - [2025-07-26T06:19:53.662+0000] {dag.py:3036} INFO - Sync 1 DAGs
[2025-07-26T06:19:53.688+0000] {logging_mixin.py:188} INFO - [2025-07-26T06:19:53.687+0000] {dag.py:3823} INFO - Setting next_dagrun for pl001_ingest_crypto_postgres to None, run_after=None
[2025-07-26T06:19:53.828+0000] {processor.py:183} INFO - Processing /opt/airflow/dags/airflow_pipeline.py took 0.247 seconds
[2025-07-26T06:20:23.969+0000] {processor.py:161} INFO - Started process (PID=564) to work on /opt/airflow/dags/airflow_pipeline.py
[2025-07-26T06:20:23.971+0000] {processor.py:830} INFO - Processing file /opt/airflow/dags/airflow_pipeline.py for tasks to queue
[2025-07-26T06:20:23.973+0000] {logging_mixin.py:188} INFO - [2025-07-26T06:20:23.972+0000] {dagbag.py:538} INFO - Filling up the DagBag from /opt/airflow/dags/airflow_pipeline.py
[2025-07-26T06:20:24.000+0000] {processor.py:840} INFO - DAG(s) 'pl001_ingest_crypto_postgres' retrieved from /opt/airflow/dags/airflow_pipeline.py
[2025-07-26T06:20:24.043+0000] {logging_mixin.py:188} INFO - [2025-07-26T06:20:24.043+0000] {dag.py:3036} INFO - Sync 1 DAGs
[2025-07-26T06:20:24.059+0000] {logging_mixin.py:188} INFO - [2025-07-26T06:20:24.058+0000] {dag.py:3823} INFO - Setting next_dagrun for pl001_ingest_crypto_postgres to None, run_after=None
[2025-07-26T06:20:24.084+0000] {processor.py:183} INFO - Processing /opt/airflow/dags/airflow_pipeline.py took 0.121 seconds
[2025-07-26T06:20:54.390+0000] {processor.py:161} INFO - Started process (PID=569) to work on /opt/airflow/dags/airflow_pipeline.py
[2025-07-26T06:20:54.393+0000] {processor.py:830} INFO - Processing file /opt/airflow/dags/airflow_pipeline.py for tasks to queue
[2025-07-26T06:20:54.394+0000] {logging_mixin.py:188} INFO - [2025-07-26T06:20:54.394+0000] {dagbag.py:538} INFO - Filling up the DagBag from /opt/airflow/dags/airflow_pipeline.py
[2025-07-26T06:20:54.425+0000] {processor.py:840} INFO - DAG(s) 'pl001_ingest_crypto_postgres' retrieved from /opt/airflow/dags/airflow_pipeline.py
[2025-07-26T06:20:54.478+0000] {logging_mixin.py:188} INFO - [2025-07-26T06:20:54.477+0000] {dag.py:3036} INFO - Sync 1 DAGs
[2025-07-26T06:20:54.496+0000] {logging_mixin.py:188} INFO - [2025-07-26T06:20:54.496+0000] {dag.py:3823} INFO - Setting next_dagrun for pl001_ingest_crypto_postgres to None, run_after=None
[2025-07-26T06:20:54.532+0000] {processor.py:183} INFO - Processing /opt/airflow/dags/airflow_pipeline.py took 0.148 seconds
[2025-07-26T06:21:24.868+0000] {processor.py:161} INFO - Started process (PID=574) to work on /opt/airflow/dags/airflow_pipeline.py
[2025-07-26T06:21:24.870+0000] {processor.py:830} INFO - Processing file /opt/airflow/dags/airflow_pipeline.py for tasks to queue
[2025-07-26T06:21:24.871+0000] {logging_mixin.py:188} INFO - [2025-07-26T06:21:24.871+0000] {dagbag.py:538} INFO - Filling up the DagBag from /opt/airflow/dags/airflow_pipeline.py
[2025-07-26T06:21:24.901+0000] {processor.py:840} INFO - DAG(s) 'pl001_ingest_crypto_postgres' retrieved from /opt/airflow/dags/airflow_pipeline.py
[2025-07-26T06:21:24.953+0000] {logging_mixin.py:188} INFO - [2025-07-26T06:21:24.953+0000] {dag.py:3036} INFO - Sync 1 DAGs
[2025-07-26T06:21:24.974+0000] {logging_mixin.py:188} INFO - [2025-07-26T06:21:24.974+0000] {dag.py:3823} INFO - Setting next_dagrun for pl001_ingest_crypto_postgres to None, run_after=None
[2025-07-26T06:21:25.008+0000] {processor.py:183} INFO - Processing /opt/airflow/dags/airflow_pipeline.py took 0.145 seconds
[2025-07-26T06:21:55.247+0000] {processor.py:161} INFO - Started process (PID=579) to work on /opt/airflow/dags/airflow_pipeline.py
[2025-07-26T06:21:55.249+0000] {processor.py:830} INFO - Processing file /opt/airflow/dags/airflow_pipeline.py for tasks to queue
[2025-07-26T06:21:55.252+0000] {logging_mixin.py:188} INFO - [2025-07-26T06:21:55.251+0000] {dagbag.py:538} INFO - Filling up the DagBag from /opt/airflow/dags/airflow_pipeline.py
[2025-07-26T06:21:55.302+0000] {processor.py:840} INFO - DAG(s) 'pl001_ingest_crypto_postgres' retrieved from /opt/airflow/dags/airflow_pipeline.py
[2025-07-26T06:21:55.373+0000] {logging_mixin.py:188} INFO - [2025-07-26T06:21:55.373+0000] {dag.py:3036} INFO - Sync 1 DAGs
[2025-07-26T06:21:55.393+0000] {logging_mixin.py:188} INFO - [2025-07-26T06:21:55.392+0000] {dag.py:3823} INFO - Setting next_dagrun for pl001_ingest_crypto_postgres to None, run_after=None
[2025-07-26T06:21:55.426+0000] {processor.py:183} INFO - Processing /opt/airflow/dags/airflow_pipeline.py took 0.192 seconds
[2025-07-26T06:22:26.064+0000] {processor.py:161} INFO - Started process (PID=584) to work on /opt/airflow/dags/airflow_pipeline.py
[2025-07-26T06:22:26.068+0000] {processor.py:830} INFO - Processing file /opt/airflow/dags/airflow_pipeline.py for tasks to queue
[2025-07-26T06:22:26.074+0000] {logging_mixin.py:188} INFO - [2025-07-26T06:22:26.073+0000] {dagbag.py:538} INFO - Filling up the DagBag from /opt/airflow/dags/airflow_pipeline.py
[2025-07-26T06:22:26.147+0000] {processor.py:840} INFO - DAG(s) 'pl001_ingest_crypto_postgres' retrieved from /opt/airflow/dags/airflow_pipeline.py
[2025-07-26T06:22:26.231+0000] {logging_mixin.py:188} INFO - [2025-07-26T06:22:26.230+0000] {dag.py:3036} INFO - Sync 1 DAGs
[2025-07-26T06:22:26.264+0000] {logging_mixin.py:188} INFO - [2025-07-26T06:22:26.264+0000] {dag.py:3823} INFO - Setting next_dagrun for pl001_ingest_crypto_postgres to None, run_after=None
[2025-07-26T06:22:26.324+0000] {processor.py:183} INFO - Processing /opt/airflow/dags/airflow_pipeline.py took 0.269 seconds
[2025-07-26T06:22:56.901+0000] {processor.py:161} INFO - Started process (PID=589) to work on /opt/airflow/dags/airflow_pipeline.py
[2025-07-26T06:22:56.903+0000] {processor.py:830} INFO - Processing file /opt/airflow/dags/airflow_pipeline.py for tasks to queue
[2025-07-26T06:22:56.905+0000] {logging_mixin.py:188} INFO - [2025-07-26T06:22:56.905+0000] {dagbag.py:538} INFO - Filling up the DagBag from /opt/airflow/dags/airflow_pipeline.py
[2025-07-26T06:22:56.948+0000] {processor.py:840} INFO - DAG(s) 'pl001_ingest_crypto_postgres' retrieved from /opt/airflow/dags/airflow_pipeline.py
[2025-07-26T06:22:56.992+0000] {logging_mixin.py:188} INFO - [2025-07-26T06:22:56.992+0000] {dag.py:3036} INFO - Sync 1 DAGs
[2025-07-26T06:22:57.009+0000] {logging_mixin.py:188} INFO - [2025-07-26T06:22:57.008+0000] {dag.py:3823} INFO - Setting next_dagrun for pl001_ingest_crypto_postgres to None, run_after=None
[2025-07-26T06:22:57.036+0000] {processor.py:183} INFO - Processing /opt/airflow/dags/airflow_pipeline.py took 0.144 seconds
[2025-07-26T06:23:27.265+0000] {processor.py:161} INFO - Started process (PID=594) to work on /opt/airflow/dags/airflow_pipeline.py
[2025-07-26T06:23:27.267+0000] {processor.py:830} INFO - Processing file /opt/airflow/dags/airflow_pipeline.py for tasks to queue
[2025-07-26T06:23:27.269+0000] {logging_mixin.py:188} INFO - [2025-07-26T06:23:27.268+0000] {dagbag.py:538} INFO - Filling up the DagBag from /opt/airflow/dags/airflow_pipeline.py
[2025-07-26T06:23:27.313+0000] {processor.py:840} INFO - DAG(s) 'pl001_ingest_crypto_postgres' retrieved from /opt/airflow/dags/airflow_pipeline.py
[2025-07-26T06:23:27.355+0000] {logging_mixin.py:188} INFO - [2025-07-26T06:23:27.354+0000] {dag.py:3036} INFO - Sync 1 DAGs
[2025-07-26T06:23:27.373+0000] {logging_mixin.py:188} INFO - [2025-07-26T06:23:27.373+0000] {dag.py:3823} INFO - Setting next_dagrun for pl001_ingest_crypto_postgres to None, run_after=None
[2025-07-26T06:23:27.405+0000] {processor.py:183} INFO - Processing /opt/airflow/dags/airflow_pipeline.py took 0.152 seconds
[2025-07-26T06:23:57.950+0000] {processor.py:161} INFO - Started process (PID=599) to work on /opt/airflow/dags/airflow_pipeline.py
[2025-07-26T06:23:58.001+0000] {processor.py:830} INFO - Processing file /opt/airflow/dags/airflow_pipeline.py for tasks to queue
[2025-07-26T06:23:58.034+0000] {logging_mixin.py:188} INFO - [2025-07-26T06:23:58.031+0000] {dagbag.py:538} INFO - Filling up the DagBag from /opt/airflow/dags/airflow_pipeline.py
[2025-07-26T06:23:58.709+0000] {processor.py:840} INFO - DAG(s) 'pl001_ingest_crypto_postgres' retrieved from /opt/airflow/dags/airflow_pipeline.py
[2025-07-26T06:23:59.234+0000] {logging_mixin.py:188} INFO - [2025-07-26T06:23:59.232+0000] {dag.py:3036} INFO - Sync 1 DAGs
[2025-07-26T06:23:59.378+0000] {logging_mixin.py:188} INFO - [2025-07-26T06:23:59.376+0000] {dag.py:3823} INFO - Setting next_dagrun for pl001_ingest_crypto_postgres to None, run_after=None
[2025-07-26T06:23:59.495+0000] {processor.py:183} INFO - Processing /opt/airflow/dags/airflow_pipeline.py took 1.598 seconds
[2025-07-26T06:24:28.342+0000] {processor.py:161} INFO - Started process (PID=604) to work on /opt/airflow/dags/airflow_pipeline.py
[2025-07-26T06:24:28.345+0000] {processor.py:830} INFO - Processing file /opt/airflow/dags/airflow_pipeline.py for tasks to queue
[2025-07-26T06:24:28.348+0000] {logging_mixin.py:188} INFO - [2025-07-26T06:24:28.347+0000] {dagbag.py:538} INFO - Filling up the DagBag from /opt/airflow/dags/airflow_pipeline.py
[2025-07-26T06:24:28.482+0000] {processor.py:840} INFO - DAG(s) 'pl001_ingest_crypto_postgres' retrieved from /opt/airflow/dags/airflow_pipeline.py
[2025-07-26T06:24:29.171+0000] {logging_mixin.py:188} INFO - [2025-07-26T06:24:29.170+0000] {dag.py:3036} INFO - Sync 1 DAGs
[2025-07-26T06:24:29.203+0000] {logging_mixin.py:188} INFO - [2025-07-26T06:24:29.203+0000] {dag.py:3823} INFO - Setting next_dagrun for pl001_ingest_crypto_postgres to None, run_after=None
[2025-07-26T06:24:29.289+0000] {processor.py:183} INFO - Processing /opt/airflow/dags/airflow_pipeline.py took 0.970 seconds
[2025-07-26T06:24:59.490+0000] {processor.py:161} INFO - Started process (PID=609) to work on /opt/airflow/dags/airflow_pipeline.py
[2025-07-26T06:24:59.494+0000] {processor.py:830} INFO - Processing file /opt/airflow/dags/airflow_pipeline.py for tasks to queue
[2025-07-26T06:24:59.497+0000] {logging_mixin.py:188} INFO - [2025-07-26T06:24:59.496+0000] {dagbag.py:538} INFO - Filling up the DagBag from /opt/airflow/dags/airflow_pipeline.py
[2025-07-26T06:24:59.591+0000] {processor.py:840} INFO - DAG(s) 'pl001_ingest_crypto_postgres' retrieved from /opt/airflow/dags/airflow_pipeline.py
[2025-07-26T06:24:59.678+0000] {logging_mixin.py:188} INFO - [2025-07-26T06:24:59.678+0000] {dag.py:3036} INFO - Sync 1 DAGs
[2025-07-26T06:24:59.697+0000] {logging_mixin.py:188} INFO - [2025-07-26T06:24:59.697+0000] {dag.py:3823} INFO - Setting next_dagrun for pl001_ingest_crypto_postgres to None, run_after=None
[2025-07-26T06:24:59.731+0000] {processor.py:183} INFO - Processing /opt/airflow/dags/airflow_pipeline.py took 0.251 seconds
[2025-07-26T06:25:29.965+0000] {processor.py:161} INFO - Started process (PID=614) to work on /opt/airflow/dags/airflow_pipeline.py
[2025-07-26T06:25:29.967+0000] {processor.py:830} INFO - Processing file /opt/airflow/dags/airflow_pipeline.py for tasks to queue
[2025-07-26T06:25:29.969+0000] {logging_mixin.py:188} INFO - [2025-07-26T06:25:29.969+0000] {dagbag.py:538} INFO - Filling up the DagBag from /opt/airflow/dags/airflow_pipeline.py
[2025-07-26T06:25:30.002+0000] {processor.py:840} INFO - DAG(s) 'pl001_ingest_crypto_postgres' retrieved from /opt/airflow/dags/airflow_pipeline.py
[2025-07-26T06:25:30.080+0000] {logging_mixin.py:188} INFO - [2025-07-26T06:25:30.079+0000] {dag.py:3036} INFO - Sync 1 DAGs
[2025-07-26T06:25:30.110+0000] {logging_mixin.py:188} INFO - [2025-07-26T06:25:30.110+0000] {dag.py:3823} INFO - Setting next_dagrun for pl001_ingest_crypto_postgres to None, run_after=None
[2025-07-26T06:25:30.148+0000] {processor.py:183} INFO - Processing /opt/airflow/dags/airflow_pipeline.py took 0.190 seconds
[2025-07-26T06:26:00.539+0000] {processor.py:161} INFO - Started process (PID=622) to work on /opt/airflow/dags/airflow_pipeline.py
[2025-07-26T06:26:00.540+0000] {processor.py:830} INFO - Processing file /opt/airflow/dags/airflow_pipeline.py for tasks to queue
[2025-07-26T06:26:00.541+0000] {logging_mixin.py:188} INFO - [2025-07-26T06:26:00.541+0000] {dagbag.py:538} INFO - Filling up the DagBag from /opt/airflow/dags/airflow_pipeline.py
[2025-07-26T06:26:00.566+0000] {processor.py:840} INFO - DAG(s) 'pl001_ingest_crypto_postgres' retrieved from /opt/airflow/dags/airflow_pipeline.py
[2025-07-26T06:26:00.609+0000] {logging_mixin.py:188} INFO - [2025-07-26T06:26:00.609+0000] {dag.py:3036} INFO - Sync 1 DAGs
[2025-07-26T06:26:00.626+0000] {logging_mixin.py:188} INFO - [2025-07-26T06:26:00.626+0000] {dag.py:3823} INFO - Setting next_dagrun for pl001_ingest_crypto_postgres to None, run_after=None
[2025-07-26T06:26:00.654+0000] {processor.py:183} INFO - Processing /opt/airflow/dags/airflow_pipeline.py took 0.119 seconds
[2025-07-26T06:26:30.912+0000] {processor.py:161} INFO - Started process (PID=627) to work on /opt/airflow/dags/airflow_pipeline.py
[2025-07-26T06:26:30.913+0000] {processor.py:830} INFO - Processing file /opt/airflow/dags/airflow_pipeline.py for tasks to queue
[2025-07-26T06:26:30.915+0000] {logging_mixin.py:188} INFO - [2025-07-26T06:26:30.914+0000] {dagbag.py:538} INFO - Filling up the DagBag from /opt/airflow/dags/airflow_pipeline.py
[2025-07-26T06:26:30.942+0000] {processor.py:840} INFO - DAG(s) 'pl001_ingest_crypto_postgres' retrieved from /opt/airflow/dags/airflow_pipeline.py
[2025-07-26T06:26:31.000+0000] {logging_mixin.py:188} INFO - [2025-07-26T06:26:30.999+0000] {dag.py:3036} INFO - Sync 1 DAGs
[2025-07-26T06:26:31.027+0000] {logging_mixin.py:188} INFO - [2025-07-26T06:26:31.026+0000] {dag.py:3823} INFO - Setting next_dagrun for pl001_ingest_crypto_postgres to None, run_after=None
[2025-07-26T06:26:31.075+0000] {processor.py:183} INFO - Processing /opt/airflow/dags/airflow_pipeline.py took 0.168 seconds
[2025-07-26T06:27:01.397+0000] {processor.py:161} INFO - Started process (PID=632) to work on /opt/airflow/dags/airflow_pipeline.py
[2025-07-26T06:27:01.399+0000] {processor.py:830} INFO - Processing file /opt/airflow/dags/airflow_pipeline.py for tasks to queue
[2025-07-26T06:27:01.402+0000] {logging_mixin.py:188} INFO - [2025-07-26T06:27:01.401+0000] {dagbag.py:538} INFO - Filling up the DagBag from /opt/airflow/dags/airflow_pipeline.py
[2025-07-26T06:27:01.473+0000] {processor.py:840} INFO - DAG(s) 'pl001_ingest_crypto_postgres' retrieved from /opt/airflow/dags/airflow_pipeline.py
[2025-07-26T06:27:01.551+0000] {logging_mixin.py:188} INFO - [2025-07-26T06:27:01.550+0000] {dag.py:3036} INFO - Sync 1 DAGs
[2025-07-26T06:27:01.589+0000] {logging_mixin.py:188} INFO - [2025-07-26T06:27:01.589+0000] {dag.py:3823} INFO - Setting next_dagrun for pl001_ingest_crypto_postgres to None, run_after=None
[2025-07-26T06:27:01.678+0000] {processor.py:183} INFO - Processing /opt/airflow/dags/airflow_pipeline.py took 0.293 seconds
[2025-07-26T06:27:31.982+0000] {processor.py:161} INFO - Started process (PID=637) to work on /opt/airflow/dags/airflow_pipeline.py
[2025-07-26T06:27:31.984+0000] {processor.py:830} INFO - Processing file /opt/airflow/dags/airflow_pipeline.py for tasks to queue
[2025-07-26T06:27:31.986+0000] {logging_mixin.py:188} INFO - [2025-07-26T06:27:31.986+0000] {dagbag.py:538} INFO - Filling up the DagBag from /opt/airflow/dags/airflow_pipeline.py
[2025-07-26T06:27:32.011+0000] {processor.py:840} INFO - DAG(s) 'pl001_ingest_crypto_postgres' retrieved from /opt/airflow/dags/airflow_pipeline.py
[2025-07-26T06:27:32.065+0000] {logging_mixin.py:188} INFO - [2025-07-26T06:27:32.065+0000] {dag.py:3036} INFO - Sync 1 DAGs
[2025-07-26T06:27:32.080+0000] {logging_mixin.py:188} INFO - [2025-07-26T06:27:32.080+0000] {dag.py:3823} INFO - Setting next_dagrun for pl001_ingest_crypto_postgres to None, run_after=None
[2025-07-26T06:27:32.107+0000] {processor.py:183} INFO - Processing /opt/airflow/dags/airflow_pipeline.py took 0.131 seconds
[2025-07-26T06:28:02.453+0000] {processor.py:161} INFO - Started process (PID=642) to work on /opt/airflow/dags/airflow_pipeline.py
[2025-07-26T06:28:02.454+0000] {processor.py:830} INFO - Processing file /opt/airflow/dags/airflow_pipeline.py for tasks to queue
[2025-07-26T06:28:02.456+0000] {logging_mixin.py:188} INFO - [2025-07-26T06:28:02.455+0000] {dagbag.py:538} INFO - Filling up the DagBag from /opt/airflow/dags/airflow_pipeline.py
[2025-07-26T06:28:02.485+0000] {processor.py:840} INFO - DAG(s) 'pl001_ingest_crypto_postgres' retrieved from /opt/airflow/dags/airflow_pipeline.py
[2025-07-26T06:28:02.531+0000] {logging_mixin.py:188} INFO - [2025-07-26T06:28:02.531+0000] {dag.py:3036} INFO - Sync 1 DAGs
[2025-07-26T06:28:02.552+0000] {logging_mixin.py:188} INFO - [2025-07-26T06:28:02.552+0000] {dag.py:3823} INFO - Setting next_dagrun for pl001_ingest_crypto_postgres to None, run_after=None
[2025-07-26T06:28:02.580+0000] {processor.py:183} INFO - Processing /opt/airflow/dags/airflow_pipeline.py took 0.132 seconds
[2025-07-26T06:28:32.926+0000] {processor.py:161} INFO - Started process (PID=647) to work on /opt/airflow/dags/airflow_pipeline.py
[2025-07-26T06:28:32.928+0000] {processor.py:830} INFO - Processing file /opt/airflow/dags/airflow_pipeline.py for tasks to queue
[2025-07-26T06:28:32.930+0000] {logging_mixin.py:188} INFO - [2025-07-26T06:28:32.929+0000] {dagbag.py:538} INFO - Filling up the DagBag from /opt/airflow/dags/airflow_pipeline.py
[2025-07-26T06:28:32.953+0000] {processor.py:840} INFO - DAG(s) 'pl001_ingest_crypto_postgres' retrieved from /opt/airflow/dags/airflow_pipeline.py
[2025-07-26T06:28:32.991+0000] {logging_mixin.py:188} INFO - [2025-07-26T06:28:32.990+0000] {dag.py:3036} INFO - Sync 1 DAGs
[2025-07-26T06:28:33.008+0000] {logging_mixin.py:188} INFO - [2025-07-26T06:28:33.008+0000] {dag.py:3823} INFO - Setting next_dagrun for pl001_ingest_crypto_postgres to None, run_after=None
[2025-07-26T06:28:33.041+0000] {processor.py:183} INFO - Processing /opt/airflow/dags/airflow_pipeline.py took 0.119 seconds
[2025-07-26T06:29:03.353+0000] {processor.py:161} INFO - Started process (PID=652) to work on /opt/airflow/dags/airflow_pipeline.py
[2025-07-26T06:29:03.354+0000] {processor.py:830} INFO - Processing file /opt/airflow/dags/airflow_pipeline.py for tasks to queue
[2025-07-26T06:29:03.356+0000] {logging_mixin.py:188} INFO - [2025-07-26T06:29:03.355+0000] {dagbag.py:538} INFO - Filling up the DagBag from /opt/airflow/dags/airflow_pipeline.py
[2025-07-26T06:29:03.378+0000] {processor.py:840} INFO - DAG(s) 'pl001_ingest_crypto_postgres' retrieved from /opt/airflow/dags/airflow_pipeline.py
[2025-07-26T06:29:03.416+0000] {logging_mixin.py:188} INFO - [2025-07-26T06:29:03.416+0000] {dag.py:3036} INFO - Sync 1 DAGs
[2025-07-26T06:29:03.431+0000] {logging_mixin.py:188} INFO - [2025-07-26T06:29:03.431+0000] {dag.py:3823} INFO - Setting next_dagrun for pl001_ingest_crypto_postgres to None, run_after=None
[2025-07-26T06:29:03.458+0000] {processor.py:183} INFO - Processing /opt/airflow/dags/airflow_pipeline.py took 0.111 seconds
[2025-07-26T06:29:33.997+0000] {processor.py:161} INFO - Started process (PID=657) to work on /opt/airflow/dags/airflow_pipeline.py
[2025-07-26T06:29:34.009+0000] {processor.py:830} INFO - Processing file /opt/airflow/dags/airflow_pipeline.py for tasks to queue
[2025-07-26T06:29:34.012+0000] {logging_mixin.py:188} INFO - [2025-07-26T06:29:34.011+0000] {dagbag.py:538} INFO - Filling up the DagBag from /opt/airflow/dags/airflow_pipeline.py
[2025-07-26T06:29:34.097+0000] {processor.py:840} INFO - DAG(s) 'pl001_ingest_crypto_postgres' retrieved from /opt/airflow/dags/airflow_pipeline.py
[2025-07-26T06:29:34.260+0000] {logging_mixin.py:188} INFO - [2025-07-26T06:29:34.259+0000] {dag.py:3036} INFO - Sync 1 DAGs
[2025-07-26T06:29:34.328+0000] {logging_mixin.py:188} INFO - [2025-07-26T06:29:34.327+0000] {dag.py:3823} INFO - Setting next_dagrun for pl001_ingest_crypto_postgres to None, run_after=None
[2025-07-26T06:29:34.451+0000] {processor.py:183} INFO - Processing /opt/airflow/dags/airflow_pipeline.py took 0.462 seconds
[2025-07-26T06:30:04.897+0000] {processor.py:161} INFO - Started process (PID=662) to work on /opt/airflow/dags/airflow_pipeline.py
[2025-07-26T06:30:04.912+0000] {processor.py:830} INFO - Processing file /opt/airflow/dags/airflow_pipeline.py for tasks to queue
[2025-07-26T06:30:04.915+0000] {logging_mixin.py:188} INFO - [2025-07-26T06:30:04.914+0000] {dagbag.py:538} INFO - Filling up the DagBag from /opt/airflow/dags/airflow_pipeline.py
[2025-07-26T06:30:05.001+0000] {processor.py:840} INFO - DAG(s) 'pl001_ingest_crypto_postgres' retrieved from /opt/airflow/dags/airflow_pipeline.py
[2025-07-26T06:30:05.158+0000] {logging_mixin.py:188} INFO - [2025-07-26T06:30:05.158+0000] {dag.py:3036} INFO - Sync 1 DAGs
[2025-07-26T06:30:05.242+0000] {logging_mixin.py:188} INFO - [2025-07-26T06:30:05.241+0000] {dag.py:3823} INFO - Setting next_dagrun for pl001_ingest_crypto_postgres to None, run_after=None
[2025-07-26T06:30:05.364+0000] {processor.py:183} INFO - Processing /opt/airflow/dags/airflow_pipeline.py took 0.496 seconds
[2025-07-26T06:30:36.661+0000] {processor.py:161} INFO - Started process (PID=667) to work on /opt/airflow/dags/airflow_pipeline.py
[2025-07-26T06:30:36.681+0000] {processor.py:830} INFO - Processing file /opt/airflow/dags/airflow_pipeline.py for tasks to queue
[2025-07-26T06:30:36.697+0000] {logging_mixin.py:188} INFO - [2025-07-26T06:30:36.694+0000] {dagbag.py:538} INFO - Filling up the DagBag from /opt/airflow/dags/airflow_pipeline.py
[2025-07-26T06:30:36.957+0000] {processor.py:840} INFO - DAG(s) 'pl001_ingest_crypto_postgres' retrieved from /opt/airflow/dags/airflow_pipeline.py
[2025-07-26T06:30:37.485+0000] {logging_mixin.py:188} INFO - [2025-07-26T06:30:37.482+0000] {dag.py:3036} INFO - Sync 1 DAGs
[2025-07-26T06:30:37.683+0000] {logging_mixin.py:188} INFO - [2025-07-26T06:30:37.681+0000] {dag.py:3823} INFO - Setting next_dagrun for pl001_ingest_crypto_postgres to None, run_after=None
[2025-07-26T06:30:37.838+0000] {processor.py:183} INFO - Processing /opt/airflow/dags/airflow_pipeline.py took 1.308 seconds
[2025-07-26T06:31:08.175+0000] {processor.py:161} INFO - Started process (PID=672) to work on /opt/airflow/dags/airflow_pipeline.py
[2025-07-26T06:31:08.181+0000] {processor.py:830} INFO - Processing file /opt/airflow/dags/airflow_pipeline.py for tasks to queue
[2025-07-26T06:31:08.187+0000] {logging_mixin.py:188} INFO - [2025-07-26T06:31:08.185+0000] {dagbag.py:538} INFO - Filling up the DagBag from /opt/airflow/dags/airflow_pipeline.py
[2025-07-26T06:31:08.301+0000] {processor.py:840} INFO - DAG(s) 'pl001_ingest_crypto_postgres' retrieved from /opt/airflow/dags/airflow_pipeline.py
[2025-07-26T06:31:08.588+0000] {logging_mixin.py:188} INFO - [2025-07-26T06:31:08.586+0000] {dag.py:3036} INFO - Sync 1 DAGs
[2025-07-26T06:31:08.671+0000] {logging_mixin.py:188} INFO - [2025-07-26T06:31:08.669+0000] {dag.py:3823} INFO - Setting next_dagrun for pl001_ingest_crypto_postgres to None, run_after=None
[2025-07-26T06:31:08.795+0000] {processor.py:183} INFO - Processing /opt/airflow/dags/airflow_pipeline.py took 0.582 seconds
[2025-07-26T06:31:39.271+0000] {processor.py:161} INFO - Started process (PID=677) to work on /opt/airflow/dags/airflow_pipeline.py
[2025-07-26T06:31:39.278+0000] {processor.py:830} INFO - Processing file /opt/airflow/dags/airflow_pipeline.py for tasks to queue
[2025-07-26T06:31:39.282+0000] {logging_mixin.py:188} INFO - [2025-07-26T06:31:39.281+0000] {dagbag.py:538} INFO - Filling up the DagBag from /opt/airflow/dags/airflow_pipeline.py
[2025-07-26T06:31:39.366+0000] {processor.py:840} INFO - DAG(s) 'pl001_ingest_crypto_postgres' retrieved from /opt/airflow/dags/airflow_pipeline.py
[2025-07-26T06:31:39.445+0000] {logging_mixin.py:188} INFO - [2025-07-26T06:31:39.445+0000] {dag.py:3036} INFO - Sync 1 DAGs
[2025-07-26T06:31:39.515+0000] {logging_mixin.py:188} INFO - [2025-07-26T06:31:39.514+0000] {dag.py:3823} INFO - Setting next_dagrun for pl001_ingest_crypto_postgres to None, run_after=None
[2025-07-26T06:31:39.687+0000] {processor.py:183} INFO - Processing /opt/airflow/dags/airflow_pipeline.py took 0.426 seconds
[2025-07-26T06:32:09.825+0000] {processor.py:161} INFO - Started process (PID=682) to work on /opt/airflow/dags/airflow_pipeline.py
[2025-07-26T06:32:09.827+0000] {processor.py:830} INFO - Processing file /opt/airflow/dags/airflow_pipeline.py for tasks to queue
[2025-07-26T06:32:09.829+0000] {logging_mixin.py:188} INFO - [2025-07-26T06:32:09.828+0000] {dagbag.py:538} INFO - Filling up the DagBag from /opt/airflow/dags/airflow_pipeline.py
[2025-07-26T06:32:09.858+0000] {processor.py:840} INFO - DAG(s) 'pl001_ingest_crypto_postgres' retrieved from /opt/airflow/dags/airflow_pipeline.py
[2025-07-26T06:32:09.897+0000] {logging_mixin.py:188} INFO - [2025-07-26T06:32:09.897+0000] {dag.py:3036} INFO - Sync 1 DAGs
[2025-07-26T06:32:09.913+0000] {logging_mixin.py:188} INFO - [2025-07-26T06:32:09.912+0000] {dag.py:3823} INFO - Setting next_dagrun for pl001_ingest_crypto_postgres to None, run_after=None
[2025-07-26T06:32:09.938+0000] {processor.py:183} INFO - Processing /opt/airflow/dags/airflow_pipeline.py took 0.123 seconds
[2025-07-26T06:32:40.355+0000] {processor.py:161} INFO - Started process (PID=687) to work on /opt/airflow/dags/airflow_pipeline.py
[2025-07-26T06:32:40.357+0000] {processor.py:830} INFO - Processing file /opt/airflow/dags/airflow_pipeline.py for tasks to queue
[2025-07-26T06:32:40.358+0000] {logging_mixin.py:188} INFO - [2025-07-26T06:32:40.358+0000] {dagbag.py:538} INFO - Filling up the DagBag from /opt/airflow/dags/airflow_pipeline.py
[2025-07-26T06:32:40.393+0000] {processor.py:840} INFO - DAG(s) 'pl001_ingest_crypto_postgres' retrieved from /opt/airflow/dags/airflow_pipeline.py
[2025-07-26T06:32:40.453+0000] {logging_mixin.py:188} INFO - [2025-07-26T06:32:40.453+0000] {dag.py:3036} INFO - Sync 1 DAGs
[2025-07-26T06:32:40.478+0000] {logging_mixin.py:188} INFO - [2025-07-26T06:32:40.478+0000] {dag.py:3823} INFO - Setting next_dagrun for pl001_ingest_crypto_postgres to None, run_after=None
[2025-07-26T06:32:40.514+0000] {processor.py:183} INFO - Processing /opt/airflow/dags/airflow_pipeline.py took 0.169 seconds
[2025-07-26T06:33:10.827+0000] {processor.py:161} INFO - Started process (PID=692) to work on /opt/airflow/dags/airflow_pipeline.py
[2025-07-26T06:33:10.828+0000] {processor.py:830} INFO - Processing file /opt/airflow/dags/airflow_pipeline.py for tasks to queue
[2025-07-26T06:33:10.830+0000] {logging_mixin.py:188} INFO - [2025-07-26T06:33:10.829+0000] {dagbag.py:538} INFO - Filling up the DagBag from /opt/airflow/dags/airflow_pipeline.py
[2025-07-26T06:33:10.856+0000] {processor.py:840} INFO - DAG(s) 'pl001_ingest_crypto_postgres' retrieved from /opt/airflow/dags/airflow_pipeline.py
[2025-07-26T06:33:10.894+0000] {logging_mixin.py:188} INFO - [2025-07-26T06:33:10.894+0000] {dag.py:3036} INFO - Sync 1 DAGs
[2025-07-26T06:33:10.910+0000] {logging_mixin.py:188} INFO - [2025-07-26T06:33:10.909+0000] {dag.py:3823} INFO - Setting next_dagrun for pl001_ingest_crypto_postgres to None, run_after=None
[2025-07-26T06:33:10.937+0000] {processor.py:183} INFO - Processing /opt/airflow/dags/airflow_pipeline.py took 0.114 seconds
[2025-07-26T06:34:20.637+0000] {processor.py:161} INFO - Started process (PID=159) to work on /opt/airflow/dags/airflow_pipeline.py
[2025-07-26T06:34:20.673+0000] {processor.py:830} INFO - Processing file /opt/airflow/dags/airflow_pipeline.py for tasks to queue
[2025-07-26T06:34:20.692+0000] {logging_mixin.py:188} INFO - [2025-07-26T06:34:20.689+0000] {dagbag.py:538} INFO - Filling up the DagBag from /opt/airflow/dags/airflow_pipeline.py
[2025-07-26T06:34:20.947+0000] {processor.py:840} INFO - DAG(s) 'pl001_ingest_crypto_postgres' retrieved from /opt/airflow/dags/airflow_pipeline.py
[2025-07-26T06:34:21.162+0000] {logging_mixin.py:188} INFO - [2025-07-26T06:34:21.162+0000] {dag.py:3036} INFO - Sync 1 DAGs
[2025-07-26T06:34:21.191+0000] {logging_mixin.py:188} INFO - [2025-07-26T06:34:21.191+0000] {dag.py:3823} INFO - Setting next_dagrun for pl001_ingest_crypto_postgres to None, run_after=None
[2025-07-26T06:34:21.243+0000] {processor.py:183} INFO - Processing /opt/airflow/dags/airflow_pipeline.py took 0.700 seconds
[2025-07-26T06:34:51.495+0000] {processor.py:161} INFO - Started process (PID=164) to work on /opt/airflow/dags/airflow_pipeline.py
[2025-07-26T06:34:51.496+0000] {processor.py:830} INFO - Processing file /opt/airflow/dags/airflow_pipeline.py for tasks to queue
[2025-07-26T06:34:51.498+0000] {logging_mixin.py:188} INFO - [2025-07-26T06:34:51.498+0000] {dagbag.py:538} INFO - Filling up the DagBag from /opt/airflow/dags/airflow_pipeline.py
[2025-07-26T06:34:51.549+0000] {processor.py:840} INFO - DAG(s) 'pl001_ingest_crypto_postgres' retrieved from /opt/airflow/dags/airflow_pipeline.py
[2025-07-26T06:34:51.640+0000] {logging_mixin.py:188} INFO - [2025-07-26T06:34:51.640+0000] {dag.py:3036} INFO - Sync 1 DAGs
[2025-07-26T06:34:51.662+0000] {logging_mixin.py:188} INFO - [2025-07-26T06:34:51.661+0000] {dag.py:3823} INFO - Setting next_dagrun for pl001_ingest_crypto_postgres to None, run_after=None
[2025-07-26T06:34:51.688+0000] {processor.py:183} INFO - Processing /opt/airflow/dags/airflow_pipeline.py took 0.201 seconds
[2025-07-26T06:35:21.942+0000] {processor.py:161} INFO - Started process (PID=169) to work on /opt/airflow/dags/airflow_pipeline.py
[2025-07-26T06:35:21.944+0000] {processor.py:830} INFO - Processing file /opt/airflow/dags/airflow_pipeline.py for tasks to queue
[2025-07-26T06:35:21.946+0000] {logging_mixin.py:188} INFO - [2025-07-26T06:35:21.945+0000] {dagbag.py:538} INFO - Filling up the DagBag from /opt/airflow/dags/airflow_pipeline.py
[2025-07-26T06:35:21.980+0000] {processor.py:840} INFO - DAG(s) 'pl001_ingest_crypto_postgres' retrieved from /opt/airflow/dags/airflow_pipeline.py
[2025-07-26T06:35:22.025+0000] {logging_mixin.py:188} INFO - [2025-07-26T06:35:22.025+0000] {dag.py:3036} INFO - Sync 1 DAGs
[2025-07-26T06:35:22.043+0000] {logging_mixin.py:188} INFO - [2025-07-26T06:35:22.042+0000] {dag.py:3823} INFO - Setting next_dagrun for pl001_ingest_crypto_postgres to None, run_after=None
[2025-07-26T06:35:22.073+0000] {processor.py:183} INFO - Processing /opt/airflow/dags/airflow_pipeline.py took 0.137 seconds
[2025-07-26T06:35:52.415+0000] {processor.py:161} INFO - Started process (PID=174) to work on /opt/airflow/dags/airflow_pipeline.py
[2025-07-26T06:35:52.416+0000] {processor.py:830} INFO - Processing file /opt/airflow/dags/airflow_pipeline.py for tasks to queue
[2025-07-26T06:35:52.419+0000] {logging_mixin.py:188} INFO - [2025-07-26T06:35:52.419+0000] {dagbag.py:538} INFO - Filling up the DagBag from /opt/airflow/dags/airflow_pipeline.py
[2025-07-26T06:35:52.443+0000] {processor.py:840} INFO - DAG(s) 'pl001_ingest_crypto_postgres' retrieved from /opt/airflow/dags/airflow_pipeline.py
[2025-07-26T06:35:52.479+0000] {logging_mixin.py:188} INFO - [2025-07-26T06:35:52.479+0000] {dag.py:3036} INFO - Sync 1 DAGs
[2025-07-26T06:35:52.496+0000] {logging_mixin.py:188} INFO - [2025-07-26T06:35:52.495+0000] {dag.py:3823} INFO - Setting next_dagrun for pl001_ingest_crypto_postgres to None, run_after=None
[2025-07-26T06:35:52.522+0000] {processor.py:183} INFO - Processing /opt/airflow/dags/airflow_pipeline.py took 0.111 seconds
[2025-07-26T06:36:22.791+0000] {processor.py:161} INFO - Started process (PID=179) to work on /opt/airflow/dags/airflow_pipeline.py
[2025-07-26T06:36:22.792+0000] {processor.py:830} INFO - Processing file /opt/airflow/dags/airflow_pipeline.py for tasks to queue
[2025-07-26T06:36:22.794+0000] {logging_mixin.py:188} INFO - [2025-07-26T06:36:22.793+0000] {dagbag.py:538} INFO - Filling up the DagBag from /opt/airflow/dags/airflow_pipeline.py
[2025-07-26T06:36:22.820+0000] {processor.py:840} INFO - DAG(s) 'pl001_ingest_crypto_postgres' retrieved from /opt/airflow/dags/airflow_pipeline.py
[2025-07-26T06:36:22.857+0000] {logging_mixin.py:188} INFO - [2025-07-26T06:36:22.857+0000] {dag.py:3036} INFO - Sync 1 DAGs
[2025-07-26T06:36:22.872+0000] {logging_mixin.py:188} INFO - [2025-07-26T06:36:22.871+0000] {dag.py:3823} INFO - Setting next_dagrun for pl001_ingest_crypto_postgres to None, run_after=None
[2025-07-26T06:36:22.896+0000] {processor.py:183} INFO - Processing /opt/airflow/dags/airflow_pipeline.py took 0.109 seconds
[2025-07-26T06:36:53.182+0000] {processor.py:161} INFO - Started process (PID=184) to work on /opt/airflow/dags/airflow_pipeline.py
[2025-07-26T06:36:53.183+0000] {processor.py:830} INFO - Processing file /opt/airflow/dags/airflow_pipeline.py for tasks to queue
[2025-07-26T06:36:53.184+0000] {logging_mixin.py:188} INFO - [2025-07-26T06:36:53.184+0000] {dagbag.py:538} INFO - Filling up the DagBag from /opt/airflow/dags/airflow_pipeline.py
[2025-07-26T06:36:53.208+0000] {processor.py:840} INFO - DAG(s) 'pl001_ingest_crypto_postgres' retrieved from /opt/airflow/dags/airflow_pipeline.py
[2025-07-26T06:36:53.245+0000] {logging_mixin.py:188} INFO - [2025-07-26T06:36:53.245+0000] {dag.py:3036} INFO - Sync 1 DAGs
[2025-07-26T06:36:53.259+0000] {logging_mixin.py:188} INFO - [2025-07-26T06:36:53.259+0000] {dag.py:3823} INFO - Setting next_dagrun for pl001_ingest_crypto_postgres to None, run_after=None
[2025-07-26T06:36:53.285+0000] {processor.py:183} INFO - Processing /opt/airflow/dags/airflow_pipeline.py took 0.107 seconds
[2025-07-26T06:37:23.532+0000] {processor.py:161} INFO - Started process (PID=189) to work on /opt/airflow/dags/airflow_pipeline.py
[2025-07-26T06:37:23.533+0000] {processor.py:830} INFO - Processing file /opt/airflow/dags/airflow_pipeline.py for tasks to queue
[2025-07-26T06:37:23.535+0000] {logging_mixin.py:188} INFO - [2025-07-26T06:37:23.534+0000] {dagbag.py:538} INFO - Filling up the DagBag from /opt/airflow/dags/airflow_pipeline.py
[2025-07-26T06:37:23.561+0000] {processor.py:840} INFO - DAG(s) 'pl001_ingest_crypto_postgres' retrieved from /opt/airflow/dags/airflow_pipeline.py
[2025-07-26T06:37:23.601+0000] {logging_mixin.py:188} INFO - [2025-07-26T06:37:23.600+0000] {dag.py:3036} INFO - Sync 1 DAGs
[2025-07-26T06:37:23.615+0000] {logging_mixin.py:188} INFO - [2025-07-26T06:37:23.615+0000] {dag.py:3823} INFO - Setting next_dagrun for pl001_ingest_crypto_postgres to None, run_after=None
[2025-07-26T06:37:23.642+0000] {processor.py:183} INFO - Processing /opt/airflow/dags/airflow_pipeline.py took 0.116 seconds
[2025-07-26T06:37:53.946+0000] {processor.py:161} INFO - Started process (PID=194) to work on /opt/airflow/dags/airflow_pipeline.py
[2025-07-26T06:37:53.949+0000] {processor.py:830} INFO - Processing file /opt/airflow/dags/airflow_pipeline.py for tasks to queue
[2025-07-26T06:37:53.953+0000] {logging_mixin.py:188} INFO - [2025-07-26T06:37:53.951+0000] {dagbag.py:538} INFO - Filling up the DagBag from /opt/airflow/dags/airflow_pipeline.py
[2025-07-26T06:37:54.046+0000] {processor.py:840} INFO - DAG(s) 'pl001_ingest_crypto_postgres' retrieved from /opt/airflow/dags/airflow_pipeline.py
[2025-07-26T06:37:54.172+0000] {logging_mixin.py:188} INFO - [2025-07-26T06:37:54.171+0000] {dag.py:3036} INFO - Sync 1 DAGs
[2025-07-26T06:37:54.203+0000] {logging_mixin.py:188} INFO - [2025-07-26T06:37:54.202+0000] {dag.py:3823} INFO - Setting next_dagrun for pl001_ingest_crypto_postgres to None, run_after=None
[2025-07-26T06:37:54.252+0000] {processor.py:183} INFO - Processing /opt/airflow/dags/airflow_pipeline.py took 0.314 seconds
[2025-07-26T06:38:24.641+0000] {processor.py:161} INFO - Started process (PID=199) to work on /opt/airflow/dags/airflow_pipeline.py
[2025-07-26T06:38:24.643+0000] {processor.py:830} INFO - Processing file /opt/airflow/dags/airflow_pipeline.py for tasks to queue
[2025-07-26T06:38:24.646+0000] {logging_mixin.py:188} INFO - [2025-07-26T06:38:24.645+0000] {dagbag.py:538} INFO - Filling up the DagBag from /opt/airflow/dags/airflow_pipeline.py
[2025-07-26T06:38:24.681+0000] {processor.py:840} INFO - DAG(s) 'pl001_ingest_crypto_postgres' retrieved from /opt/airflow/dags/airflow_pipeline.py
[2025-07-26T06:38:24.734+0000] {logging_mixin.py:188} INFO - [2025-07-26T06:38:24.733+0000] {dag.py:3036} INFO - Sync 1 DAGs
[2025-07-26T06:38:24.755+0000] {logging_mixin.py:188} INFO - [2025-07-26T06:38:24.755+0000] {dag.py:3823} INFO - Setting next_dagrun for pl001_ingest_crypto_postgres to None, run_after=None
[2025-07-26T06:38:24.781+0000] {processor.py:183} INFO - Processing /opt/airflow/dags/airflow_pipeline.py took 0.145 seconds
[2025-07-26T06:40:08.967+0000] {processor.py:161} INFO - Started process (PID=159) to work on /opt/airflow/dags/airflow_pipeline.py
[2025-07-26T06:40:08.977+0000] {processor.py:830} INFO - Processing file /opt/airflow/dags/airflow_pipeline.py for tasks to queue
[2025-07-26T06:40:08.982+0000] {logging_mixin.py:188} INFO - [2025-07-26T06:40:08.981+0000] {dagbag.py:538} INFO - Filling up the DagBag from /opt/airflow/dags/airflow_pipeline.py
[2025-07-26T06:40:09.096+0000] {processor.py:840} INFO - DAG(s) 'pl001_ingest_crypto_postgres' retrieved from /opt/airflow/dags/airflow_pipeline.py
[2025-07-26T06:40:09.238+0000] {logging_mixin.py:188} INFO - [2025-07-26T06:40:09.237+0000] {dag.py:3036} INFO - Sync 1 DAGs
[2025-07-26T06:40:09.267+0000] {logging_mixin.py:188} INFO - [2025-07-26T06:40:09.266+0000] {dag.py:3823} INFO - Setting next_dagrun for pl001_ingest_crypto_postgres to None, run_after=None
[2025-07-26T06:40:09.315+0000] {processor.py:183} INFO - Processing /opt/airflow/dags/airflow_pipeline.py took 0.368 seconds
[2025-07-26T06:40:39.671+0000] {processor.py:161} INFO - Started process (PID=164) to work on /opt/airflow/dags/airflow_pipeline.py
[2025-07-26T06:40:39.673+0000] {processor.py:830} INFO - Processing file /opt/airflow/dags/airflow_pipeline.py for tasks to queue
[2025-07-26T06:40:39.686+0000] {logging_mixin.py:188} INFO - [2025-07-26T06:40:39.685+0000] {dagbag.py:538} INFO - Filling up the DagBag from /opt/airflow/dags/airflow_pipeline.py
[2025-07-26T06:40:39.726+0000] {processor.py:840} INFO - DAG(s) 'pl001_ingest_crypto_postgres' retrieved from /opt/airflow/dags/airflow_pipeline.py
[2025-07-26T06:40:39.807+0000] {logging_mixin.py:188} INFO - [2025-07-26T06:40:39.805+0000] {dag.py:3036} INFO - Sync 1 DAGs
[2025-07-26T06:40:39.836+0000] {logging_mixin.py:188} INFO - [2025-07-26T06:40:39.835+0000] {dag.py:3823} INFO - Setting next_dagrun for pl001_ingest_crypto_postgres to None, run_after=None
[2025-07-26T06:40:39.911+0000] {processor.py:183} INFO - Processing /opt/airflow/dags/airflow_pipeline.py took 0.251 seconds
[2025-07-26T06:41:10.537+0000] {processor.py:161} INFO - Started process (PID=169) to work on /opt/airflow/dags/airflow_pipeline.py
[2025-07-26T06:41:10.539+0000] {processor.py:830} INFO - Processing file /opt/airflow/dags/airflow_pipeline.py for tasks to queue
[2025-07-26T06:41:10.541+0000] {logging_mixin.py:188} INFO - [2025-07-26T06:41:10.540+0000] {dagbag.py:538} INFO - Filling up the DagBag from /opt/airflow/dags/airflow_pipeline.py
[2025-07-26T06:41:10.567+0000] {processor.py:840} INFO - DAG(s) 'pl001_ingest_crypto_postgres' retrieved from /opt/airflow/dags/airflow_pipeline.py
[2025-07-26T06:41:10.607+0000] {logging_mixin.py:188} INFO - [2025-07-26T06:41:10.607+0000] {dag.py:3036} INFO - Sync 1 DAGs
[2025-07-26T06:41:10.622+0000] {logging_mixin.py:188} INFO - [2025-07-26T06:41:10.621+0000] {dag.py:3823} INFO - Setting next_dagrun for pl001_ingest_crypto_postgres to None, run_after=None
[2025-07-26T06:41:10.658+0000] {processor.py:183} INFO - Processing /opt/airflow/dags/airflow_pipeline.py took 0.126 seconds
[2025-07-26T06:41:40.874+0000] {processor.py:161} INFO - Started process (PID=181) to work on /opt/airflow/dags/airflow_pipeline.py
[2025-07-26T06:41:40.878+0000] {processor.py:830} INFO - Processing file /opt/airflow/dags/airflow_pipeline.py for tasks to queue
[2025-07-26T06:41:40.881+0000] {logging_mixin.py:188} INFO - [2025-07-26T06:41:40.880+0000] {dagbag.py:538} INFO - Filling up the DagBag from /opt/airflow/dags/airflow_pipeline.py
[2025-07-26T06:41:40.943+0000] {processor.py:840} INFO - DAG(s) 'pl001_ingest_crypto_postgres' retrieved from /opt/airflow/dags/airflow_pipeline.py
[2025-07-26T06:41:41.020+0000] {logging_mixin.py:188} INFO - [2025-07-26T06:41:41.020+0000] {dag.py:3036} INFO - Sync 1 DAGs
[2025-07-26T06:41:41.051+0000] {logging_mixin.py:188} INFO - [2025-07-26T06:41:41.050+0000] {dag.py:3823} INFO - Setting next_dagrun for pl001_ingest_crypto_postgres to None, run_after=None
[2025-07-26T06:41:41.086+0000] {processor.py:183} INFO - Processing /opt/airflow/dags/airflow_pipeline.py took 0.224 seconds
[2025-07-26T06:42:11.296+0000] {processor.py:161} INFO - Started process (PID=186) to work on /opt/airflow/dags/airflow_pipeline.py
[2025-07-26T06:42:11.298+0000] {processor.py:830} INFO - Processing file /opt/airflow/dags/airflow_pipeline.py for tasks to queue
[2025-07-26T06:42:11.300+0000] {logging_mixin.py:188} INFO - [2025-07-26T06:42:11.299+0000] {dagbag.py:538} INFO - Filling up the DagBag from /opt/airflow/dags/airflow_pipeline.py
[2025-07-26T06:42:11.330+0000] {processor.py:840} INFO - DAG(s) 'pl001_ingest_crypto_postgres' retrieved from /opt/airflow/dags/airflow_pipeline.py
[2025-07-26T06:42:11.387+0000] {logging_mixin.py:188} INFO - [2025-07-26T06:42:11.387+0000] {dag.py:3036} INFO - Sync 1 DAGs
[2025-07-26T06:42:11.414+0000] {logging_mixin.py:188} INFO - [2025-07-26T06:42:11.413+0000] {dag.py:3823} INFO - Setting next_dagrun for pl001_ingest_crypto_postgres to None, run_after=None
[2025-07-26T06:42:11.444+0000] {processor.py:183} INFO - Processing /opt/airflow/dags/airflow_pipeline.py took 0.155 seconds
[2025-07-26T06:42:41.853+0000] {processor.py:161} INFO - Started process (PID=191) to work on /opt/airflow/dags/airflow_pipeline.py
[2025-07-26T06:42:41.854+0000] {processor.py:830} INFO - Processing file /opt/airflow/dags/airflow_pipeline.py for tasks to queue
[2025-07-26T06:42:41.856+0000] {logging_mixin.py:188} INFO - [2025-07-26T06:42:41.855+0000] {dagbag.py:538} INFO - Filling up the DagBag from /opt/airflow/dags/airflow_pipeline.py
[2025-07-26T06:42:41.886+0000] {processor.py:840} INFO - DAG(s) 'pl001_ingest_crypto_postgres' retrieved from /opt/airflow/dags/airflow_pipeline.py
[2025-07-26T06:42:41.940+0000] {logging_mixin.py:188} INFO - [2025-07-26T06:42:41.939+0000] {dag.py:3036} INFO - Sync 1 DAGs
[2025-07-26T06:42:41.967+0000] {logging_mixin.py:188} INFO - [2025-07-26T06:42:41.967+0000] {dag.py:3823} INFO - Setting next_dagrun for pl001_ingest_crypto_postgres to None, run_after=None
[2025-07-26T06:42:41.992+0000] {processor.py:183} INFO - Processing /opt/airflow/dags/airflow_pipeline.py took 0.146 seconds
[2025-07-26T06:43:12.188+0000] {processor.py:161} INFO - Started process (PID=196) to work on /opt/airflow/dags/airflow_pipeline.py
[2025-07-26T06:43:12.190+0000] {processor.py:830} INFO - Processing file /opt/airflow/dags/airflow_pipeline.py for tasks to queue
[2025-07-26T06:43:12.191+0000] {logging_mixin.py:188} INFO - [2025-07-26T06:43:12.191+0000] {dagbag.py:538} INFO - Filling up the DagBag from /opt/airflow/dags/airflow_pipeline.py
[2025-07-26T06:43:12.215+0000] {processor.py:840} INFO - DAG(s) 'pl001_ingest_crypto_postgres' retrieved from /opt/airflow/dags/airflow_pipeline.py
[2025-07-26T06:43:12.255+0000] {logging_mixin.py:188} INFO - [2025-07-26T06:43:12.255+0000] {dag.py:3036} INFO - Sync 1 DAGs
[2025-07-26T06:43:12.269+0000] {logging_mixin.py:188} INFO - [2025-07-26T06:43:12.269+0000] {dag.py:3823} INFO - Setting next_dagrun for pl001_ingest_crypto_postgres to None, run_after=None
[2025-07-26T06:43:12.297+0000] {processor.py:183} INFO - Processing /opt/airflow/dags/airflow_pipeline.py took 0.113 seconds
[2025-07-26T06:43:42.602+0000] {processor.py:161} INFO - Started process (PID=206) to work on /opt/airflow/dags/airflow_pipeline.py
[2025-07-26T06:43:42.604+0000] {processor.py:830} INFO - Processing file /opt/airflow/dags/airflow_pipeline.py for tasks to queue
[2025-07-26T06:43:42.605+0000] {logging_mixin.py:188} INFO - [2025-07-26T06:43:42.605+0000] {dagbag.py:538} INFO - Filling up the DagBag from /opt/airflow/dags/airflow_pipeline.py
[2025-07-26T06:43:42.656+0000] {processor.py:840} INFO - DAG(s) 'pl001_ingest_crypto_postgres' retrieved from /opt/airflow/dags/airflow_pipeline.py
[2025-07-26T06:43:42.712+0000] {logging_mixin.py:188} INFO - [2025-07-26T06:43:42.711+0000] {dag.py:3036} INFO - Sync 1 DAGs
[2025-07-26T06:43:42.731+0000] {logging_mixin.py:188} INFO - [2025-07-26T06:43:42.731+0000] {dag.py:3823} INFO - Setting next_dagrun for pl001_ingest_crypto_postgres to None, run_after=None
[2025-07-26T06:43:42.763+0000] {processor.py:183} INFO - Processing /opt/airflow/dags/airflow_pipeline.py took 0.165 seconds
[2025-07-26T06:44:13.039+0000] {processor.py:161} INFO - Started process (PID=223) to work on /opt/airflow/dags/airflow_pipeline.py
[2025-07-26T06:44:13.040+0000] {processor.py:830} INFO - Processing file /opt/airflow/dags/airflow_pipeline.py for tasks to queue
[2025-07-26T06:44:13.042+0000] {logging_mixin.py:188} INFO - [2025-07-26T06:44:13.041+0000] {dagbag.py:538} INFO - Filling up the DagBag from /opt/airflow/dags/airflow_pipeline.py
[2025-07-26T06:44:13.073+0000] {processor.py:840} INFO - DAG(s) 'pl001_ingest_crypto_postgres' retrieved from /opt/airflow/dags/airflow_pipeline.py
[2025-07-26T06:44:13.118+0000] {logging_mixin.py:188} INFO - [2025-07-26T06:44:13.118+0000] {dag.py:3036} INFO - Sync 1 DAGs
[2025-07-26T06:44:13.133+0000] {logging_mixin.py:188} INFO - [2025-07-26T06:44:13.132+0000] {dag.py:3823} INFO - Setting next_dagrun for pl001_ingest_crypto_postgres to None, run_after=None
[2025-07-26T06:44:13.159+0000] {processor.py:183} INFO - Processing /opt/airflow/dags/airflow_pipeline.py took 0.126 seconds
[2025-07-26T06:44:43.362+0000] {processor.py:161} INFO - Started process (PID=228) to work on /opt/airflow/dags/airflow_pipeline.py
[2025-07-26T06:44:43.364+0000] {processor.py:830} INFO - Processing file /opt/airflow/dags/airflow_pipeline.py for tasks to queue
[2025-07-26T06:44:43.366+0000] {logging_mixin.py:188} INFO - [2025-07-26T06:44:43.365+0000] {dagbag.py:538} INFO - Filling up the DagBag from /opt/airflow/dags/airflow_pipeline.py
[2025-07-26T06:44:43.410+0000] {processor.py:840} INFO - DAG(s) 'pl001_ingest_crypto_postgres' retrieved from /opt/airflow/dags/airflow_pipeline.py
[2025-07-26T06:44:43.478+0000] {logging_mixin.py:188} INFO - [2025-07-26T06:44:43.478+0000] {dag.py:3036} INFO - Sync 1 DAGs
[2025-07-26T06:44:43.503+0000] {logging_mixin.py:188} INFO - [2025-07-26T06:44:43.503+0000] {dag.py:3823} INFO - Setting next_dagrun for pl001_ingest_crypto_postgres to None, run_after=None
[2025-07-26T06:44:43.541+0000] {processor.py:183} INFO - Processing /opt/airflow/dags/airflow_pipeline.py took 0.188 seconds
[2025-07-26T06:45:13.985+0000] {processor.py:161} INFO - Started process (PID=233) to work on /opt/airflow/dags/airflow_pipeline.py
[2025-07-26T06:45:13.987+0000] {processor.py:830} INFO - Processing file /opt/airflow/dags/airflow_pipeline.py for tasks to queue
[2025-07-26T06:45:13.989+0000] {logging_mixin.py:188} INFO - [2025-07-26T06:45:13.989+0000] {dagbag.py:538} INFO - Filling up the DagBag from /opt/airflow/dags/airflow_pipeline.py
[2025-07-26T06:45:14.019+0000] {processor.py:840} INFO - DAG(s) 'pl001_ingest_crypto_postgres' retrieved from /opt/airflow/dags/airflow_pipeline.py
[2025-07-26T06:45:14.065+0000] {logging_mixin.py:188} INFO - [2025-07-26T06:45:14.064+0000] {dag.py:3036} INFO - Sync 1 DAGs
[2025-07-26T06:45:14.087+0000] {logging_mixin.py:188} INFO - [2025-07-26T06:45:14.086+0000] {dag.py:3823} INFO - Setting next_dagrun for pl001_ingest_crypto_postgres to None, run_after=None
[2025-07-26T06:45:14.114+0000] {processor.py:183} INFO - Processing /opt/airflow/dags/airflow_pipeline.py took 0.134 seconds
[2025-07-26T06:45:44.408+0000] {processor.py:161} INFO - Started process (PID=238) to work on /opt/airflow/dags/airflow_pipeline.py
[2025-07-26T06:45:44.410+0000] {processor.py:830} INFO - Processing file /opt/airflow/dags/airflow_pipeline.py for tasks to queue
[2025-07-26T06:45:44.412+0000] {logging_mixin.py:188} INFO - [2025-07-26T06:45:44.411+0000] {dagbag.py:538} INFO - Filling up the DagBag from /opt/airflow/dags/airflow_pipeline.py
[2025-07-26T06:45:44.438+0000] {processor.py:840} INFO - DAG(s) 'pl001_ingest_crypto_postgres' retrieved from /opt/airflow/dags/airflow_pipeline.py
[2025-07-26T06:45:44.481+0000] {logging_mixin.py:188} INFO - [2025-07-26T06:45:44.481+0000] {dag.py:3036} INFO - Sync 1 DAGs
[2025-07-26T06:45:44.502+0000] {logging_mixin.py:188} INFO - [2025-07-26T06:45:44.501+0000] {dag.py:3823} INFO - Setting next_dagrun for pl001_ingest_crypto_postgres to None, run_after=None
[2025-07-26T06:45:44.536+0000] {processor.py:183} INFO - Processing /opt/airflow/dags/airflow_pipeline.py took 0.139 seconds
[2025-07-26T06:46:14.851+0000] {processor.py:161} INFO - Started process (PID=243) to work on /opt/airflow/dags/airflow_pipeline.py
[2025-07-26T06:46:14.853+0000] {processor.py:830} INFO - Processing file /opt/airflow/dags/airflow_pipeline.py for tasks to queue
[2025-07-26T06:46:14.854+0000] {logging_mixin.py:188} INFO - [2025-07-26T06:46:14.854+0000] {dagbag.py:538} INFO - Filling up the DagBag from /opt/airflow/dags/airflow_pipeline.py
[2025-07-26T06:46:14.879+0000] {processor.py:840} INFO - DAG(s) 'pl001_ingest_crypto_postgres' retrieved from /opt/airflow/dags/airflow_pipeline.py
[2025-07-26T06:46:14.919+0000] {logging_mixin.py:188} INFO - [2025-07-26T06:46:14.919+0000] {dag.py:3036} INFO - Sync 1 DAGs
[2025-07-26T06:46:14.935+0000] {logging_mixin.py:188} INFO - [2025-07-26T06:46:14.934+0000] {dag.py:3823} INFO - Setting next_dagrun for pl001_ingest_crypto_postgres to None, run_after=None
[2025-07-26T06:46:14.963+0000] {processor.py:183} INFO - Processing /opt/airflow/dags/airflow_pipeline.py took 0.117 seconds
[2025-07-26T06:46:45.344+0000] {processor.py:161} INFO - Started process (PID=248) to work on /opt/airflow/dags/airflow_pipeline.py
[2025-07-26T06:46:45.346+0000] {processor.py:830} INFO - Processing file /opt/airflow/dags/airflow_pipeline.py for tasks to queue
[2025-07-26T06:46:45.348+0000] {logging_mixin.py:188} INFO - [2025-07-26T06:46:45.348+0000] {dagbag.py:538} INFO - Filling up the DagBag from /opt/airflow/dags/airflow_pipeline.py
[2025-07-26T06:46:45.395+0000] {processor.py:840} INFO - DAG(s) 'pl001_ingest_crypto_postgres' retrieved from /opt/airflow/dags/airflow_pipeline.py
[2025-07-26T06:46:45.448+0000] {logging_mixin.py:188} INFO - [2025-07-26T06:46:45.448+0000] {dag.py:3036} INFO - Sync 1 DAGs
[2025-07-26T06:46:45.462+0000] {logging_mixin.py:188} INFO - [2025-07-26T06:46:45.462+0000] {dag.py:3823} INFO - Setting next_dagrun for pl001_ingest_crypto_postgres to None, run_after=None
[2025-07-26T06:46:45.489+0000] {processor.py:183} INFO - Processing /opt/airflow/dags/airflow_pipeline.py took 0.152 seconds
[2025-07-26T06:47:15.798+0000] {processor.py:161} INFO - Started process (PID=253) to work on /opt/airflow/dags/airflow_pipeline.py
[2025-07-26T06:47:15.800+0000] {processor.py:830} INFO - Processing file /opt/airflow/dags/airflow_pipeline.py for tasks to queue
[2025-07-26T06:47:15.804+0000] {logging_mixin.py:188} INFO - [2025-07-26T06:47:15.802+0000] {dagbag.py:538} INFO - Filling up the DagBag from /opt/airflow/dags/airflow_pipeline.py
[2025-07-26T06:47:15.849+0000] {processor.py:840} INFO - DAG(s) 'pl001_ingest_crypto_postgres' retrieved from /opt/airflow/dags/airflow_pipeline.py
[2025-07-26T06:47:15.916+0000] {logging_mixin.py:188} INFO - [2025-07-26T06:47:15.915+0000] {dag.py:3036} INFO - Sync 1 DAGs
[2025-07-26T06:47:15.947+0000] {logging_mixin.py:188} INFO - [2025-07-26T06:47:15.946+0000] {dag.py:3823} INFO - Setting next_dagrun for pl001_ingest_crypto_postgres to None, run_after=None
[2025-07-26T06:47:15.995+0000] {processor.py:183} INFO - Processing /opt/airflow/dags/airflow_pipeline.py took 0.205 seconds
[2025-07-26T06:47:46.502+0000] {processor.py:161} INFO - Started process (PID=258) to work on /opt/airflow/dags/airflow_pipeline.py
[2025-07-26T06:47:46.509+0000] {processor.py:830} INFO - Processing file /opt/airflow/dags/airflow_pipeline.py for tasks to queue
[2025-07-26T06:47:46.515+0000] {logging_mixin.py:188} INFO - [2025-07-26T06:47:46.513+0000] {dagbag.py:538} INFO - Filling up the DagBag from /opt/airflow/dags/airflow_pipeline.py
[2025-07-26T06:47:46.662+0000] {processor.py:840} INFO - DAG(s) 'pl001_ingest_crypto_postgres' retrieved from /opt/airflow/dags/airflow_pipeline.py
[2025-07-26T06:47:46.874+0000] {logging_mixin.py:188} INFO - [2025-07-26T06:47:46.872+0000] {dag.py:3036} INFO - Sync 1 DAGs
[2025-07-26T06:47:46.936+0000] {logging_mixin.py:188} INFO - [2025-07-26T06:47:46.935+0000] {dag.py:3823} INFO - Setting next_dagrun for pl001_ingest_crypto_postgres to None, run_after=None
[2025-07-26T06:47:47.060+0000] {processor.py:183} INFO - Processing /opt/airflow/dags/airflow_pipeline.py took 0.582 seconds
[2025-07-26T06:48:17.774+0000] {processor.py:161} INFO - Started process (PID=263) to work on /opt/airflow/dags/airflow_pipeline.py
[2025-07-26T06:48:17.777+0000] {processor.py:830} INFO - Processing file /opt/airflow/dags/airflow_pipeline.py for tasks to queue
[2025-07-26T06:48:17.780+0000] {logging_mixin.py:188} INFO - [2025-07-26T06:48:17.780+0000] {dagbag.py:538} INFO - Filling up the DagBag from /opt/airflow/dags/airflow_pipeline.py
[2025-07-26T06:48:17.820+0000] {processor.py:840} INFO - DAG(s) 'pl001_ingest_crypto_postgres' retrieved from /opt/airflow/dags/airflow_pipeline.py
[2025-07-26T06:48:17.891+0000] {logging_mixin.py:188} INFO - [2025-07-26T06:48:17.891+0000] {dag.py:3036} INFO - Sync 1 DAGs
[2025-07-26T06:48:17.919+0000] {logging_mixin.py:188} INFO - [2025-07-26T06:48:17.918+0000] {dag.py:3823} INFO - Setting next_dagrun for pl001_ingest_crypto_postgres to None, run_after=None
[2025-07-26T06:48:17.974+0000] {processor.py:183} INFO - Processing /opt/airflow/dags/airflow_pipeline.py took 0.213 seconds
[2025-07-26T06:48:48.468+0000] {processor.py:161} INFO - Started process (PID=268) to work on /opt/airflow/dags/airflow_pipeline.py
[2025-07-26T06:48:48.470+0000] {processor.py:830} INFO - Processing file /opt/airflow/dags/airflow_pipeline.py for tasks to queue
[2025-07-26T06:48:48.473+0000] {logging_mixin.py:188} INFO - [2025-07-26T06:48:48.472+0000] {dagbag.py:538} INFO - Filling up the DagBag from /opt/airflow/dags/airflow_pipeline.py
[2025-07-26T06:48:48.517+0000] {processor.py:840} INFO - DAG(s) 'pl001_ingest_crypto_postgres' retrieved from /opt/airflow/dags/airflow_pipeline.py
[2025-07-26T06:48:48.573+0000] {logging_mixin.py:188} INFO - [2025-07-26T06:48:48.573+0000] {dag.py:3036} INFO - Sync 1 DAGs
[2025-07-26T06:48:48.594+0000] {logging_mixin.py:188} INFO - [2025-07-26T06:48:48.593+0000] {dag.py:3823} INFO - Setting next_dagrun for pl001_ingest_crypto_postgres to None, run_after=None
[2025-07-26T06:48:48.634+0000] {processor.py:183} INFO - Processing /opt/airflow/dags/airflow_pipeline.py took 0.172 seconds
[2025-07-26T06:49:19.177+0000] {processor.py:161} INFO - Started process (PID=273) to work on /opt/airflow/dags/airflow_pipeline.py
[2025-07-26T06:49:19.179+0000] {processor.py:830} INFO - Processing file /opt/airflow/dags/airflow_pipeline.py for tasks to queue
[2025-07-26T06:49:19.181+0000] {logging_mixin.py:188} INFO - [2025-07-26T06:49:19.181+0000] {dagbag.py:538} INFO - Filling up the DagBag from /opt/airflow/dags/airflow_pipeline.py
[2025-07-26T06:49:19.215+0000] {processor.py:840} INFO - DAG(s) 'pl001_ingest_crypto_postgres' retrieved from /opt/airflow/dags/airflow_pipeline.py
[2025-07-26T06:49:19.253+0000] {logging_mixin.py:188} INFO - [2025-07-26T06:49:19.253+0000] {dag.py:3036} INFO - Sync 1 DAGs
[2025-07-26T06:49:19.267+0000] {logging_mixin.py:188} INFO - [2025-07-26T06:49:19.267+0000] {dag.py:3823} INFO - Setting next_dagrun for pl001_ingest_crypto_postgres to None, run_after=None
[2025-07-26T06:49:19.295+0000] {processor.py:183} INFO - Processing /opt/airflow/dags/airflow_pipeline.py took 0.128 seconds
[2025-07-26T06:49:49.627+0000] {processor.py:161} INFO - Started process (PID=278) to work on /opt/airflow/dags/airflow_pipeline.py
[2025-07-26T06:49:49.628+0000] {processor.py:830} INFO - Processing file /opt/airflow/dags/airflow_pipeline.py for tasks to queue
[2025-07-26T06:49:49.630+0000] {logging_mixin.py:188} INFO - [2025-07-26T06:49:49.630+0000] {dagbag.py:538} INFO - Filling up the DagBag from /opt/airflow/dags/airflow_pipeline.py
[2025-07-26T06:49:49.658+0000] {processor.py:840} INFO - DAG(s) 'pl001_ingest_crypto_postgres' retrieved from /opt/airflow/dags/airflow_pipeline.py
[2025-07-26T06:49:49.705+0000] {logging_mixin.py:188} INFO - [2025-07-26T06:49:49.704+0000] {dag.py:3036} INFO - Sync 1 DAGs
[2025-07-26T06:49:49.724+0000] {logging_mixin.py:188} INFO - [2025-07-26T06:49:49.723+0000] {dag.py:3823} INFO - Setting next_dagrun for pl001_ingest_crypto_postgres to None, run_after=None
[2025-07-26T06:49:49.751+0000] {processor.py:183} INFO - Processing /opt/airflow/dags/airflow_pipeline.py took 0.131 seconds
[2025-07-26T06:50:20.196+0000] {processor.py:161} INFO - Started process (PID=283) to work on /opt/airflow/dags/airflow_pipeline.py
[2025-07-26T06:50:20.198+0000] {processor.py:830} INFO - Processing file /opt/airflow/dags/airflow_pipeline.py for tasks to queue
[2025-07-26T06:50:20.200+0000] {logging_mixin.py:188} INFO - [2025-07-26T06:50:20.199+0000] {dagbag.py:538} INFO - Filling up the DagBag from /opt/airflow/dags/airflow_pipeline.py
[2025-07-26T06:50:20.226+0000] {processor.py:840} INFO - DAG(s) 'pl001_ingest_crypto_postgres' retrieved from /opt/airflow/dags/airflow_pipeline.py
[2025-07-26T06:50:20.271+0000] {logging_mixin.py:188} INFO - [2025-07-26T06:50:20.270+0000] {dag.py:3036} INFO - Sync 1 DAGs
[2025-07-26T06:50:20.294+0000] {logging_mixin.py:188} INFO - [2025-07-26T06:50:20.294+0000] {dag.py:3823} INFO - Setting next_dagrun for pl001_ingest_crypto_postgres to None, run_after=None
[2025-07-26T06:50:20.338+0000] {processor.py:183} INFO - Processing /opt/airflow/dags/airflow_pipeline.py took 0.148 seconds
[2025-07-26T06:50:50.605+0000] {processor.py:161} INFO - Started process (PID=288) to work on /opt/airflow/dags/airflow_pipeline.py
[2025-07-26T06:50:50.606+0000] {processor.py:830} INFO - Processing file /opt/airflow/dags/airflow_pipeline.py for tasks to queue
[2025-07-26T06:50:50.608+0000] {logging_mixin.py:188} INFO - [2025-07-26T06:50:50.607+0000] {dagbag.py:538} INFO - Filling up the DagBag from /opt/airflow/dags/airflow_pipeline.py
[2025-07-26T06:50:50.634+0000] {processor.py:840} INFO - DAG(s) 'pl001_ingest_crypto_postgres' retrieved from /opt/airflow/dags/airflow_pipeline.py
[2025-07-26T06:50:50.683+0000] {logging_mixin.py:188} INFO - [2025-07-26T06:50:50.683+0000] {dag.py:3036} INFO - Sync 1 DAGs
[2025-07-26T06:50:50.703+0000] {logging_mixin.py:188} INFO - [2025-07-26T06:50:50.703+0000] {dag.py:3823} INFO - Setting next_dagrun for pl001_ingest_crypto_postgres to None, run_after=None
[2025-07-26T06:50:50.732+0000] {processor.py:183} INFO - Processing /opt/airflow/dags/airflow_pipeline.py took 0.132 seconds
[2025-07-26T06:51:21.129+0000] {processor.py:161} INFO - Started process (PID=293) to work on /opt/airflow/dags/airflow_pipeline.py
[2025-07-26T06:51:21.131+0000] {processor.py:830} INFO - Processing file /opt/airflow/dags/airflow_pipeline.py for tasks to queue
[2025-07-26T06:51:21.135+0000] {logging_mixin.py:188} INFO - [2025-07-26T06:51:21.134+0000] {dagbag.py:538} INFO - Filling up the DagBag from /opt/airflow/dags/airflow_pipeline.py
[2025-07-26T06:51:21.165+0000] {processor.py:840} INFO - DAG(s) 'pl001_ingest_crypto_postgres' retrieved from /opt/airflow/dags/airflow_pipeline.py
[2025-07-26T06:51:21.204+0000] {logging_mixin.py:188} INFO - [2025-07-26T06:51:21.203+0000] {dag.py:3036} INFO - Sync 1 DAGs
[2025-07-26T06:51:21.223+0000] {logging_mixin.py:188} INFO - [2025-07-26T06:51:21.223+0000] {dag.py:3823} INFO - Setting next_dagrun for pl001_ingest_crypto_postgres to None, run_after=None
[2025-07-26T06:51:21.261+0000] {processor.py:183} INFO - Processing /opt/airflow/dags/airflow_pipeline.py took 0.137 seconds
[2025-07-26T06:51:51.496+0000] {processor.py:161} INFO - Started process (PID=298) to work on /opt/airflow/dags/airflow_pipeline.py
[2025-07-26T06:51:51.498+0000] {processor.py:830} INFO - Processing file /opt/airflow/dags/airflow_pipeline.py for tasks to queue
[2025-07-26T06:51:51.500+0000] {logging_mixin.py:188} INFO - [2025-07-26T06:51:51.499+0000] {dagbag.py:538} INFO - Filling up the DagBag from /opt/airflow/dags/airflow_pipeline.py
[2025-07-26T06:51:51.538+0000] {processor.py:840} INFO - DAG(s) 'pl001_ingest_crypto_postgres' retrieved from /opt/airflow/dags/airflow_pipeline.py
[2025-07-26T06:51:51.613+0000] {logging_mixin.py:188} INFO - [2025-07-26T06:51:51.613+0000] {dag.py:3036} INFO - Sync 1 DAGs
[2025-07-26T06:51:51.636+0000] {logging_mixin.py:188} INFO - [2025-07-26T06:51:51.635+0000] {dag.py:3823} INFO - Setting next_dagrun for pl001_ingest_crypto_postgres to None, run_after=None
[2025-07-26T06:51:51.664+0000] {processor.py:183} INFO - Processing /opt/airflow/dags/airflow_pipeline.py took 0.175 seconds
[2025-07-26T06:52:22.041+0000] {processor.py:161} INFO - Started process (PID=303) to work on /opt/airflow/dags/airflow_pipeline.py
[2025-07-26T06:52:22.042+0000] {processor.py:830} INFO - Processing file /opt/airflow/dags/airflow_pipeline.py for tasks to queue
[2025-07-26T06:52:22.044+0000] {logging_mixin.py:188} INFO - [2025-07-26T06:52:22.044+0000] {dagbag.py:538} INFO - Filling up the DagBag from /opt/airflow/dags/airflow_pipeline.py
[2025-07-26T06:52:22.071+0000] {processor.py:840} INFO - DAG(s) 'pl001_ingest_crypto_postgres' retrieved from /opt/airflow/dags/airflow_pipeline.py
[2025-07-26T06:52:22.110+0000] {logging_mixin.py:188} INFO - [2025-07-26T06:52:22.109+0000] {dag.py:3036} INFO - Sync 1 DAGs
[2025-07-26T06:52:22.124+0000] {logging_mixin.py:188} INFO - [2025-07-26T06:52:22.124+0000] {dag.py:3823} INFO - Setting next_dagrun for pl001_ingest_crypto_postgres to None, run_after=None
[2025-07-26T06:52:22.151+0000] {processor.py:183} INFO - Processing /opt/airflow/dags/airflow_pipeline.py took 0.115 seconds
[2025-07-26T06:52:52.453+0000] {processor.py:161} INFO - Started process (PID=308) to work on /opt/airflow/dags/airflow_pipeline.py
[2025-07-26T06:52:52.456+0000] {processor.py:830} INFO - Processing file /opt/airflow/dags/airflow_pipeline.py for tasks to queue
[2025-07-26T06:52:52.458+0000] {logging_mixin.py:188} INFO - [2025-07-26T06:52:52.458+0000] {dagbag.py:538} INFO - Filling up the DagBag from /opt/airflow/dags/airflow_pipeline.py
[2025-07-26T06:52:52.491+0000] {processor.py:840} INFO - DAG(s) 'pl001_ingest_crypto_postgres' retrieved from /opt/airflow/dags/airflow_pipeline.py
[2025-07-26T06:52:52.533+0000] {logging_mixin.py:188} INFO - [2025-07-26T06:52:52.533+0000] {dag.py:3036} INFO - Sync 1 DAGs
[2025-07-26T06:52:52.549+0000] {logging_mixin.py:188} INFO - [2025-07-26T06:52:52.549+0000] {dag.py:3823} INFO - Setting next_dagrun for pl001_ingest_crypto_postgres to None, run_after=None
[2025-07-26T06:52:52.581+0000] {processor.py:183} INFO - Processing /opt/airflow/dags/airflow_pipeline.py took 0.135 seconds
[2025-07-26T06:53:22.926+0000] {processor.py:161} INFO - Started process (PID=313) to work on /opt/airflow/dags/airflow_pipeline.py
[2025-07-26T06:53:22.927+0000] {processor.py:830} INFO - Processing file /opt/airflow/dags/airflow_pipeline.py for tasks to queue
[2025-07-26T06:53:22.929+0000] {logging_mixin.py:188} INFO - [2025-07-26T06:53:22.929+0000] {dagbag.py:538} INFO - Filling up the DagBag from /opt/airflow/dags/airflow_pipeline.py
[2025-07-26T06:53:22.964+0000] {processor.py:840} INFO - DAG(s) 'pl001_ingest_crypto_postgres' retrieved from /opt/airflow/dags/airflow_pipeline.py
[2025-07-26T06:53:23.001+0000] {logging_mixin.py:188} INFO - [2025-07-26T06:53:23.000+0000] {dag.py:3036} INFO - Sync 1 DAGs
[2025-07-26T06:53:23.016+0000] {logging_mixin.py:188} INFO - [2025-07-26T06:53:23.016+0000] {dag.py:3823} INFO - Setting next_dagrun for pl001_ingest_crypto_postgres to None, run_after=None
[2025-07-26T06:53:23.042+0000] {processor.py:183} INFO - Processing /opt/airflow/dags/airflow_pipeline.py took 0.121 seconds
[2025-07-26T06:53:53.342+0000] {processor.py:161} INFO - Started process (PID=318) to work on /opt/airflow/dags/airflow_pipeline.py
[2025-07-26T06:53:53.343+0000] {processor.py:830} INFO - Processing file /opt/airflow/dags/airflow_pipeline.py for tasks to queue
[2025-07-26T06:53:53.345+0000] {logging_mixin.py:188} INFO - [2025-07-26T06:53:53.344+0000] {dagbag.py:538} INFO - Filling up the DagBag from /opt/airflow/dags/airflow_pipeline.py
[2025-07-26T06:53:53.378+0000] {processor.py:840} INFO - DAG(s) 'pl001_ingest_crypto_postgres' retrieved from /opt/airflow/dags/airflow_pipeline.py
[2025-07-26T06:53:53.419+0000] {logging_mixin.py:188} INFO - [2025-07-26T06:53:53.419+0000] {dag.py:3036} INFO - Sync 1 DAGs
[2025-07-26T06:53:53.434+0000] {logging_mixin.py:188} INFO - [2025-07-26T06:53:53.434+0000] {dag.py:3823} INFO - Setting next_dagrun for pl001_ingest_crypto_postgres to None, run_after=None
[2025-07-26T06:53:53.459+0000] {processor.py:183} INFO - Processing /opt/airflow/dags/airflow_pipeline.py took 0.122 seconds
[2025-07-26T06:54:23.772+0000] {processor.py:161} INFO - Started process (PID=323) to work on /opt/airflow/dags/airflow_pipeline.py
[2025-07-26T06:54:23.775+0000] {processor.py:830} INFO - Processing file /opt/airflow/dags/airflow_pipeline.py for tasks to queue
[2025-07-26T06:54:23.777+0000] {logging_mixin.py:188} INFO - [2025-07-26T06:54:23.777+0000] {dagbag.py:538} INFO - Filling up the DagBag from /opt/airflow/dags/airflow_pipeline.py
[2025-07-26T06:54:23.807+0000] {processor.py:840} INFO - DAG(s) 'pl001_ingest_crypto_postgres' retrieved from /opt/airflow/dags/airflow_pipeline.py
[2025-07-26T06:54:23.850+0000] {logging_mixin.py:188} INFO - [2025-07-26T06:54:23.850+0000] {dag.py:3036} INFO - Sync 1 DAGs
[2025-07-26T06:54:23.866+0000] {logging_mixin.py:188} INFO - [2025-07-26T06:54:23.866+0000] {dag.py:3823} INFO - Setting next_dagrun for pl001_ingest_crypto_postgres to None, run_after=None
[2025-07-26T06:54:23.896+0000] {processor.py:183} INFO - Processing /opt/airflow/dags/airflow_pipeline.py took 0.133 seconds
[2025-07-26T06:54:54.277+0000] {processor.py:161} INFO - Started process (PID=328) to work on /opt/airflow/dags/airflow_pipeline.py
[2025-07-26T06:54:54.279+0000] {processor.py:830} INFO - Processing file /opt/airflow/dags/airflow_pipeline.py for tasks to queue
[2025-07-26T06:54:54.281+0000] {logging_mixin.py:188} INFO - [2025-07-26T06:54:54.280+0000] {dagbag.py:538} INFO - Filling up the DagBag from /opt/airflow/dags/airflow_pipeline.py
[2025-07-26T06:54:54.305+0000] {processor.py:840} INFO - DAG(s) 'pl001_ingest_crypto_postgres' retrieved from /opt/airflow/dags/airflow_pipeline.py
[2025-07-26T06:54:54.342+0000] {logging_mixin.py:188} INFO - [2025-07-26T06:54:54.342+0000] {dag.py:3036} INFO - Sync 1 DAGs
[2025-07-26T06:54:54.357+0000] {logging_mixin.py:188} INFO - [2025-07-26T06:54:54.357+0000] {dag.py:3823} INFO - Setting next_dagrun for pl001_ingest_crypto_postgres to None, run_after=None
[2025-07-26T06:54:54.386+0000] {processor.py:183} INFO - Processing /opt/airflow/dags/airflow_pipeline.py took 0.114 seconds
[2025-07-26T06:55:24.767+0000] {processor.py:161} INFO - Started process (PID=333) to work on /opt/airflow/dags/airflow_pipeline.py
[2025-07-26T06:55:24.769+0000] {processor.py:830} INFO - Processing file /opt/airflow/dags/airflow_pipeline.py for tasks to queue
[2025-07-26T06:55:24.770+0000] {logging_mixin.py:188} INFO - [2025-07-26T06:55:24.769+0000] {dagbag.py:538} INFO - Filling up the DagBag from /opt/airflow/dags/airflow_pipeline.py
[2025-07-26T06:55:24.795+0000] {processor.py:840} INFO - DAG(s) 'pl001_ingest_crypto_postgres' retrieved from /opt/airflow/dags/airflow_pipeline.py
[2025-07-26T06:55:24.832+0000] {logging_mixin.py:188} INFO - [2025-07-26T06:55:24.832+0000] {dag.py:3036} INFO - Sync 1 DAGs
[2025-07-26T06:55:24.847+0000] {logging_mixin.py:188} INFO - [2025-07-26T06:55:24.847+0000] {dag.py:3823} INFO - Setting next_dagrun for pl001_ingest_crypto_postgres to None, run_after=None
[2025-07-26T06:55:24.875+0000] {processor.py:183} INFO - Processing /opt/airflow/dags/airflow_pipeline.py took 0.114 seconds
[2025-07-26T06:55:55.217+0000] {processor.py:161} INFO - Started process (PID=338) to work on /opt/airflow/dags/airflow_pipeline.py
[2025-07-26T06:55:55.219+0000] {processor.py:830} INFO - Processing file /opt/airflow/dags/airflow_pipeline.py for tasks to queue
[2025-07-26T06:55:55.221+0000] {logging_mixin.py:188} INFO - [2025-07-26T06:55:55.220+0000] {dagbag.py:538} INFO - Filling up the DagBag from /opt/airflow/dags/airflow_pipeline.py
[2025-07-26T06:55:55.253+0000] {processor.py:840} INFO - DAG(s) 'pl001_ingest_crypto_postgres' retrieved from /opt/airflow/dags/airflow_pipeline.py
[2025-07-26T06:55:55.293+0000] {logging_mixin.py:188} INFO - [2025-07-26T06:55:55.292+0000] {dag.py:3036} INFO - Sync 1 DAGs
[2025-07-26T06:55:55.307+0000] {logging_mixin.py:188} INFO - [2025-07-26T06:55:55.307+0000] {dag.py:3823} INFO - Setting next_dagrun for pl001_ingest_crypto_postgres to None, run_after=None
[2025-07-26T06:55:55.334+0000] {processor.py:183} INFO - Processing /opt/airflow/dags/airflow_pipeline.py took 0.126 seconds
[2025-07-26T06:56:25.660+0000] {processor.py:161} INFO - Started process (PID=343) to work on /opt/airflow/dags/airflow_pipeline.py
[2025-07-26T06:56:25.664+0000] {processor.py:830} INFO - Processing file /opt/airflow/dags/airflow_pipeline.py for tasks to queue
[2025-07-26T06:56:25.667+0000] {logging_mixin.py:188} INFO - [2025-07-26T06:56:25.666+0000] {dagbag.py:538} INFO - Filling up the DagBag from /opt/airflow/dags/airflow_pipeline.py
[2025-07-26T06:56:25.735+0000] {processor.py:840} INFO - DAG(s) 'pl001_ingest_crypto_postgres' retrieved from /opt/airflow/dags/airflow_pipeline.py
[2025-07-26T06:56:25.812+0000] {logging_mixin.py:188} INFO - [2025-07-26T06:56:25.812+0000] {dag.py:3036} INFO - Sync 1 DAGs
[2025-07-26T06:56:25.856+0000] {logging_mixin.py:188} INFO - [2025-07-26T06:56:25.855+0000] {dag.py:3823} INFO - Setting next_dagrun for pl001_ingest_crypto_postgres to None, run_after=None
[2025-07-26T06:56:25.917+0000] {processor.py:183} INFO - Processing /opt/airflow/dags/airflow_pipeline.py took 0.266 seconds
[2025-07-26T06:56:56.091+0000] {processor.py:161} INFO - Started process (PID=348) to work on /opt/airflow/dags/airflow_pipeline.py
[2025-07-26T06:56:56.094+0000] {processor.py:830} INFO - Processing file /opt/airflow/dags/airflow_pipeline.py for tasks to queue
[2025-07-26T06:56:56.096+0000] {logging_mixin.py:188} INFO - [2025-07-26T06:56:56.096+0000] {dagbag.py:538} INFO - Filling up the DagBag from /opt/airflow/dags/airflow_pipeline.py
[2025-07-26T06:56:56.122+0000] {processor.py:840} INFO - DAG(s) 'pl001_ingest_crypto_postgres' retrieved from /opt/airflow/dags/airflow_pipeline.py
[2025-07-26T06:56:56.162+0000] {logging_mixin.py:188} INFO - [2025-07-26T06:56:56.162+0000] {dag.py:3036} INFO - Sync 1 DAGs
[2025-07-26T06:56:56.178+0000] {logging_mixin.py:188} INFO - [2025-07-26T06:56:56.178+0000] {dag.py:3823} INFO - Setting next_dagrun for pl001_ingest_crypto_postgres to None, run_after=None
[2025-07-26T06:56:56.206+0000] {processor.py:183} INFO - Processing /opt/airflow/dags/airflow_pipeline.py took 0.125 seconds
[2025-07-26T06:57:26.551+0000] {processor.py:161} INFO - Started process (PID=353) to work on /opt/airflow/dags/airflow_pipeline.py
[2025-07-26T06:57:26.555+0000] {processor.py:830} INFO - Processing file /opt/airflow/dags/airflow_pipeline.py for tasks to queue
[2025-07-26T06:57:26.557+0000] {logging_mixin.py:188} INFO - [2025-07-26T06:57:26.556+0000] {dagbag.py:538} INFO - Filling up the DagBag from /opt/airflow/dags/airflow_pipeline.py
[2025-07-26T06:57:26.586+0000] {processor.py:840} INFO - DAG(s) 'pl001_ingest_crypto_postgres' retrieved from /opt/airflow/dags/airflow_pipeline.py
[2025-07-26T06:57:26.625+0000] {logging_mixin.py:188} INFO - [2025-07-26T06:57:26.625+0000] {dag.py:3036} INFO - Sync 1 DAGs
[2025-07-26T06:57:26.640+0000] {logging_mixin.py:188} INFO - [2025-07-26T06:57:26.640+0000] {dag.py:3823} INFO - Setting next_dagrun for pl001_ingest_crypto_postgres to None, run_after=None
[2025-07-26T06:57:26.666+0000] {processor.py:183} INFO - Processing /opt/airflow/dags/airflow_pipeline.py took 0.124 seconds
[2025-07-26T06:57:56.975+0000] {processor.py:161} INFO - Started process (PID=358) to work on /opt/airflow/dags/airflow_pipeline.py
[2025-07-26T06:57:56.977+0000] {processor.py:830} INFO - Processing file /opt/airflow/dags/airflow_pipeline.py for tasks to queue
[2025-07-26T06:57:56.979+0000] {logging_mixin.py:188} INFO - [2025-07-26T06:57:56.978+0000] {dagbag.py:538} INFO - Filling up the DagBag from /opt/airflow/dags/airflow_pipeline.py
[2025-07-26T06:57:57.012+0000] {processor.py:840} INFO - DAG(s) 'pl001_ingest_crypto_postgres' retrieved from /opt/airflow/dags/airflow_pipeline.py
[2025-07-26T06:57:57.052+0000] {logging_mixin.py:188} INFO - [2025-07-26T06:57:57.052+0000] {dag.py:3036} INFO - Sync 1 DAGs
[2025-07-26T06:57:57.067+0000] {logging_mixin.py:188} INFO - [2025-07-26T06:57:57.067+0000] {dag.py:3823} INFO - Setting next_dagrun for pl001_ingest_crypto_postgres to None, run_after=None
[2025-07-26T06:57:57.096+0000] {processor.py:183} INFO - Processing /opt/airflow/dags/airflow_pipeline.py took 0.127 seconds
[2025-07-26T06:58:27.446+0000] {processor.py:161} INFO - Started process (PID=363) to work on /opt/airflow/dags/airflow_pipeline.py
[2025-07-26T06:58:27.448+0000] {processor.py:830} INFO - Processing file /opt/airflow/dags/airflow_pipeline.py for tasks to queue
[2025-07-26T06:58:27.450+0000] {logging_mixin.py:188} INFO - [2025-07-26T06:58:27.449+0000] {dagbag.py:538} INFO - Filling up the DagBag from /opt/airflow/dags/airflow_pipeline.py
[2025-07-26T06:58:27.476+0000] {processor.py:840} INFO - DAG(s) 'pl001_ingest_crypto_postgres' retrieved from /opt/airflow/dags/airflow_pipeline.py
[2025-07-26T06:58:27.516+0000] {logging_mixin.py:188} INFO - [2025-07-26T06:58:27.515+0000] {dag.py:3036} INFO - Sync 1 DAGs
[2025-07-26T06:58:27.531+0000] {logging_mixin.py:188} INFO - [2025-07-26T06:58:27.531+0000] {dag.py:3823} INFO - Setting next_dagrun for pl001_ingest_crypto_postgres to None, run_after=None
[2025-07-26T06:58:27.558+0000] {processor.py:183} INFO - Processing /opt/airflow/dags/airflow_pipeline.py took 0.117 seconds
[2025-07-26T06:58:57.880+0000] {processor.py:161} INFO - Started process (PID=368) to work on /opt/airflow/dags/airflow_pipeline.py
[2025-07-26T06:58:57.883+0000] {processor.py:830} INFO - Processing file /opt/airflow/dags/airflow_pipeline.py for tasks to queue
[2025-07-26T06:58:57.885+0000] {logging_mixin.py:188} INFO - [2025-07-26T06:58:57.884+0000] {dagbag.py:538} INFO - Filling up the DagBag from /opt/airflow/dags/airflow_pipeline.py
[2025-07-26T06:58:57.925+0000] {processor.py:840} INFO - DAG(s) 'pl001_ingest_crypto_postgres' retrieved from /opt/airflow/dags/airflow_pipeline.py
[2025-07-26T06:58:57.963+0000] {logging_mixin.py:188} INFO - [2025-07-26T06:58:57.962+0000] {dag.py:3036} INFO - Sync 1 DAGs
[2025-07-26T06:58:57.978+0000] {logging_mixin.py:188} INFO - [2025-07-26T06:58:57.978+0000] {dag.py:3823} INFO - Setting next_dagrun for pl001_ingest_crypto_postgres to None, run_after=None
[2025-07-26T06:58:58.004+0000] {processor.py:183} INFO - Processing /opt/airflow/dags/airflow_pipeline.py took 0.132 seconds
[2025-07-26T06:59:28.360+0000] {processor.py:161} INFO - Started process (PID=373) to work on /opt/airflow/dags/airflow_pipeline.py
[2025-07-26T06:59:28.361+0000] {processor.py:830} INFO - Processing file /opt/airflow/dags/airflow_pipeline.py for tasks to queue
[2025-07-26T06:59:28.363+0000] {logging_mixin.py:188} INFO - [2025-07-26T06:59:28.363+0000] {dagbag.py:538} INFO - Filling up the DagBag from /opt/airflow/dags/airflow_pipeline.py
[2025-07-26T06:59:28.390+0000] {processor.py:840} INFO - DAG(s) 'pl001_ingest_crypto_postgres' retrieved from /opt/airflow/dags/airflow_pipeline.py
[2025-07-26T06:59:28.430+0000] {logging_mixin.py:188} INFO - [2025-07-26T06:59:28.430+0000] {dag.py:3036} INFO - Sync 1 DAGs
[2025-07-26T06:59:28.446+0000] {logging_mixin.py:188} INFO - [2025-07-26T06:59:28.446+0000] {dag.py:3823} INFO - Setting next_dagrun for pl001_ingest_crypto_postgres to None, run_after=None
[2025-07-26T06:59:28.475+0000] {processor.py:183} INFO - Processing /opt/airflow/dags/airflow_pipeline.py took 0.119 seconds
[2025-07-26T06:59:58.822+0000] {processor.py:161} INFO - Started process (PID=378) to work on /opt/airflow/dags/airflow_pipeline.py
[2025-07-26T06:59:58.826+0000] {processor.py:830} INFO - Processing file /opt/airflow/dags/airflow_pipeline.py for tasks to queue
[2025-07-26T06:59:58.828+0000] {logging_mixin.py:188} INFO - [2025-07-26T06:59:58.828+0000] {dagbag.py:538} INFO - Filling up the DagBag from /opt/airflow/dags/airflow_pipeline.py
[2025-07-26T06:59:58.852+0000] {processor.py:840} INFO - DAG(s) 'pl001_ingest_crypto_postgres' retrieved from /opt/airflow/dags/airflow_pipeline.py
[2025-07-26T06:59:58.894+0000] {logging_mixin.py:188} INFO - [2025-07-26T06:59:58.894+0000] {dag.py:3036} INFO - Sync 1 DAGs
[2025-07-26T06:59:58.910+0000] {logging_mixin.py:188} INFO - [2025-07-26T06:59:58.910+0000] {dag.py:3823} INFO - Setting next_dagrun for pl001_ingest_crypto_postgres to None, run_after=None
[2025-07-26T06:59:58.937+0000] {processor.py:183} INFO - Processing /opt/airflow/dags/airflow_pipeline.py took 0.123 seconds
[2025-07-26T07:00:29.343+0000] {processor.py:161} INFO - Started process (PID=383) to work on /opt/airflow/dags/airflow_pipeline.py
[2025-07-26T07:00:29.345+0000] {processor.py:830} INFO - Processing file /opt/airflow/dags/airflow_pipeline.py for tasks to queue
[2025-07-26T07:00:29.346+0000] {logging_mixin.py:188} INFO - [2025-07-26T07:00:29.346+0000] {dagbag.py:538} INFO - Filling up the DagBag from /opt/airflow/dags/airflow_pipeline.py
[2025-07-26T07:00:29.370+0000] {processor.py:840} INFO - DAG(s) 'pl001_ingest_crypto_postgres' retrieved from /opt/airflow/dags/airflow_pipeline.py
[2025-07-26T07:00:29.410+0000] {logging_mixin.py:188} INFO - [2025-07-26T07:00:29.410+0000] {dag.py:3036} INFO - Sync 1 DAGs
[2025-07-26T07:00:29.425+0000] {logging_mixin.py:188} INFO - [2025-07-26T07:00:29.425+0000] {dag.py:3823} INFO - Setting next_dagrun for pl001_ingest_crypto_postgres to None, run_after=None
[2025-07-26T07:00:29.453+0000] {processor.py:183} INFO - Processing /opt/airflow/dags/airflow_pipeline.py took 0.114 seconds
[2025-07-26T07:00:59.787+0000] {processor.py:161} INFO - Started process (PID=388) to work on /opt/airflow/dags/airflow_pipeline.py
[2025-07-26T07:00:59.789+0000] {processor.py:830} INFO - Processing file /opt/airflow/dags/airflow_pipeline.py for tasks to queue
[2025-07-26T07:00:59.790+0000] {logging_mixin.py:188} INFO - [2025-07-26T07:00:59.790+0000] {dagbag.py:538} INFO - Filling up the DagBag from /opt/airflow/dags/airflow_pipeline.py
[2025-07-26T07:00:59.820+0000] {processor.py:840} INFO - DAG(s) 'pl001_ingest_crypto_postgres' retrieved from /opt/airflow/dags/airflow_pipeline.py
[2025-07-26T07:00:59.861+0000] {logging_mixin.py:188} INFO - [2025-07-26T07:00:59.860+0000] {dag.py:3036} INFO - Sync 1 DAGs
[2025-07-26T07:00:59.876+0000] {logging_mixin.py:188} INFO - [2025-07-26T07:00:59.875+0000] {dag.py:3823} INFO - Setting next_dagrun for pl001_ingest_crypto_postgres to None, run_after=None
[2025-07-26T07:00:59.905+0000] {processor.py:183} INFO - Processing /opt/airflow/dags/airflow_pipeline.py took 0.138 seconds
[2025-07-26T07:01:30.235+0000] {processor.py:161} INFO - Started process (PID=393) to work on /opt/airflow/dags/airflow_pipeline.py
[2025-07-26T07:01:30.236+0000] {processor.py:830} INFO - Processing file /opt/airflow/dags/airflow_pipeline.py for tasks to queue
[2025-07-26T07:01:30.237+0000] {logging_mixin.py:188} INFO - [2025-07-26T07:01:30.237+0000] {dagbag.py:538} INFO - Filling up the DagBag from /opt/airflow/dags/airflow_pipeline.py
[2025-07-26T07:01:30.261+0000] {processor.py:840} INFO - DAG(s) 'pl001_ingest_crypto_postgres' retrieved from /opt/airflow/dags/airflow_pipeline.py
[2025-07-26T07:01:30.300+0000] {logging_mixin.py:188} INFO - [2025-07-26T07:01:30.299+0000] {dag.py:3036} INFO - Sync 1 DAGs
[2025-07-26T07:01:30.317+0000] {logging_mixin.py:188} INFO - [2025-07-26T07:01:30.316+0000] {dag.py:3823} INFO - Setting next_dagrun for pl001_ingest_crypto_postgres to None, run_after=None
[2025-07-26T07:01:30.347+0000] {processor.py:183} INFO - Processing /opt/airflow/dags/airflow_pipeline.py took 0.118 seconds
[2025-07-26T07:02:00.741+0000] {processor.py:161} INFO - Started process (PID=398) to work on /opt/airflow/dags/airflow_pipeline.py
[2025-07-26T07:02:00.743+0000] {processor.py:830} INFO - Processing file /opt/airflow/dags/airflow_pipeline.py for tasks to queue
[2025-07-26T07:02:00.745+0000] {logging_mixin.py:188} INFO - [2025-07-26T07:02:00.744+0000] {dagbag.py:538} INFO - Filling up the DagBag from /opt/airflow/dags/airflow_pipeline.py
[2025-07-26T07:02:00.770+0000] {processor.py:840} INFO - DAG(s) 'pl001_ingest_crypto_postgres' retrieved from /opt/airflow/dags/airflow_pipeline.py
[2025-07-26T07:02:00.810+0000] {logging_mixin.py:188} INFO - [2025-07-26T07:02:00.809+0000] {dag.py:3036} INFO - Sync 1 DAGs
[2025-07-26T07:02:00.833+0000] {logging_mixin.py:188} INFO - [2025-07-26T07:02:00.832+0000] {dag.py:3823} INFO - Setting next_dagrun for pl001_ingest_crypto_postgres to None, run_after=None
[2025-07-26T07:02:00.875+0000] {processor.py:183} INFO - Processing /opt/airflow/dags/airflow_pipeline.py took 0.139 seconds
[2025-07-26T07:02:31.118+0000] {processor.py:161} INFO - Started process (PID=403) to work on /opt/airflow/dags/airflow_pipeline.py
[2025-07-26T07:02:31.120+0000] {processor.py:830} INFO - Processing file /opt/airflow/dags/airflow_pipeline.py for tasks to queue
[2025-07-26T07:02:31.122+0000] {logging_mixin.py:188} INFO - [2025-07-26T07:02:31.122+0000] {dagbag.py:538} INFO - Filling up the DagBag from /opt/airflow/dags/airflow_pipeline.py
[2025-07-26T07:02:31.150+0000] {processor.py:840} INFO - DAG(s) 'pl001_ingest_crypto_postgres' retrieved from /opt/airflow/dags/airflow_pipeline.py
[2025-07-26T07:02:31.192+0000] {logging_mixin.py:188} INFO - [2025-07-26T07:02:31.191+0000] {dag.py:3036} INFO - Sync 1 DAGs
[2025-07-26T07:02:31.208+0000] {logging_mixin.py:188} INFO - [2025-07-26T07:02:31.208+0000] {dag.py:3823} INFO - Setting next_dagrun for pl001_ingest_crypto_postgres to None, run_after=None
[2025-07-26T07:02:31.236+0000] {processor.py:183} INFO - Processing /opt/airflow/dags/airflow_pipeline.py took 0.125 seconds
[2025-07-26T07:03:01.713+0000] {processor.py:161} INFO - Started process (PID=408) to work on /opt/airflow/dags/airflow_pipeline.py
[2025-07-26T07:03:01.715+0000] {processor.py:830} INFO - Processing file /opt/airflow/dags/airflow_pipeline.py for tasks to queue
[2025-07-26T07:03:01.717+0000] {logging_mixin.py:188} INFO - [2025-07-26T07:03:01.716+0000] {dagbag.py:538} INFO - Filling up the DagBag from /opt/airflow/dags/airflow_pipeline.py
[2025-07-26T07:03:01.747+0000] {processor.py:840} INFO - DAG(s) 'pl001_ingest_crypto_postgres' retrieved from /opt/airflow/dags/airflow_pipeline.py
[2025-07-26T07:03:01.786+0000] {logging_mixin.py:188} INFO - [2025-07-26T07:03:01.786+0000] {dag.py:3036} INFO - Sync 1 DAGs
[2025-07-26T07:03:01.801+0000] {logging_mixin.py:188} INFO - [2025-07-26T07:03:01.801+0000] {dag.py:3823} INFO - Setting next_dagrun for pl001_ingest_crypto_postgres to None, run_after=None
[2025-07-26T07:03:01.827+0000] {processor.py:183} INFO - Processing /opt/airflow/dags/airflow_pipeline.py took 0.120 seconds
[2025-07-26T07:03:32.113+0000] {processor.py:161} INFO - Started process (PID=413) to work on /opt/airflow/dags/airflow_pipeline.py
[2025-07-26T07:03:32.115+0000] {processor.py:830} INFO - Processing file /opt/airflow/dags/airflow_pipeline.py for tasks to queue
[2025-07-26T07:03:32.117+0000] {logging_mixin.py:188} INFO - [2025-07-26T07:03:32.116+0000] {dagbag.py:538} INFO - Filling up the DagBag from /opt/airflow/dags/airflow_pipeline.py
[2025-07-26T07:03:32.141+0000] {processor.py:840} INFO - DAG(s) 'pl001_ingest_crypto_postgres' retrieved from /opt/airflow/dags/airflow_pipeline.py
[2025-07-26T07:03:32.182+0000] {logging_mixin.py:188} INFO - [2025-07-26T07:03:32.182+0000] {dag.py:3036} INFO - Sync 1 DAGs
[2025-07-26T07:03:32.197+0000] {logging_mixin.py:188} INFO - [2025-07-26T07:03:32.197+0000] {dag.py:3823} INFO - Setting next_dagrun for pl001_ingest_crypto_postgres to None, run_after=None
[2025-07-26T07:03:32.223+0000] {processor.py:183} INFO - Processing /opt/airflow/dags/airflow_pipeline.py took 0.118 seconds
[2025-07-26T07:04:02.670+0000] {processor.py:161} INFO - Started process (PID=418) to work on /opt/airflow/dags/airflow_pipeline.py
[2025-07-26T07:04:02.672+0000] {processor.py:830} INFO - Processing file /opt/airflow/dags/airflow_pipeline.py for tasks to queue
[2025-07-26T07:04:02.673+0000] {logging_mixin.py:188} INFO - [2025-07-26T07:04:02.673+0000] {dagbag.py:538} INFO - Filling up the DagBag from /opt/airflow/dags/airflow_pipeline.py
[2025-07-26T07:04:02.698+0000] {processor.py:840} INFO - DAG(s) 'pl001_ingest_crypto_postgres' retrieved from /opt/airflow/dags/airflow_pipeline.py
[2025-07-26T07:04:02.737+0000] {logging_mixin.py:188} INFO - [2025-07-26T07:04:02.736+0000] {dag.py:3036} INFO - Sync 1 DAGs
[2025-07-26T07:04:02.751+0000] {logging_mixin.py:188} INFO - [2025-07-26T07:04:02.750+0000] {dag.py:3823} INFO - Setting next_dagrun for pl001_ingest_crypto_postgres to None, run_after=None
[2025-07-26T07:04:02.779+0000] {processor.py:183} INFO - Processing /opt/airflow/dags/airflow_pipeline.py took 0.113 seconds
[2025-07-26T07:04:33.142+0000] {processor.py:161} INFO - Started process (PID=423) to work on /opt/airflow/dags/airflow_pipeline.py
[2025-07-26T07:04:33.144+0000] {processor.py:830} INFO - Processing file /opt/airflow/dags/airflow_pipeline.py for tasks to queue
[2025-07-26T07:04:33.147+0000] {logging_mixin.py:188} INFO - [2025-07-26T07:04:33.146+0000] {dagbag.py:538} INFO - Filling up the DagBag from /opt/airflow/dags/airflow_pipeline.py
[2025-07-26T07:04:33.189+0000] {processor.py:840} INFO - DAG(s) 'pl001_ingest_crypto_postgres' retrieved from /opt/airflow/dags/airflow_pipeline.py
[2025-07-26T07:04:33.236+0000] {logging_mixin.py:188} INFO - [2025-07-26T07:04:33.236+0000] {dag.py:3036} INFO - Sync 1 DAGs
[2025-07-26T07:04:33.257+0000] {logging_mixin.py:188} INFO - [2025-07-26T07:04:33.256+0000] {dag.py:3823} INFO - Setting next_dagrun for pl001_ingest_crypto_postgres to None, run_after=None
[2025-07-26T07:04:33.285+0000] {processor.py:183} INFO - Processing /opt/airflow/dags/airflow_pipeline.py took 0.151 seconds
[2025-07-26T07:05:03.556+0000] {processor.py:161} INFO - Started process (PID=428) to work on /opt/airflow/dags/airflow_pipeline.py
[2025-07-26T07:05:03.558+0000] {processor.py:830} INFO - Processing file /opt/airflow/dags/airflow_pipeline.py for tasks to queue
[2025-07-26T07:05:03.559+0000] {logging_mixin.py:188} INFO - [2025-07-26T07:05:03.559+0000] {dagbag.py:538} INFO - Filling up the DagBag from /opt/airflow/dags/airflow_pipeline.py
[2025-07-26T07:05:03.588+0000] {processor.py:840} INFO - DAG(s) 'pl001_ingest_crypto_postgres' retrieved from /opt/airflow/dags/airflow_pipeline.py
[2025-07-26T07:05:03.632+0000] {logging_mixin.py:188} INFO - [2025-07-26T07:05:03.631+0000] {dag.py:3036} INFO - Sync 1 DAGs
[2025-07-26T07:05:03.647+0000] {logging_mixin.py:188} INFO - [2025-07-26T07:05:03.646+0000] {dag.py:3823} INFO - Setting next_dagrun for pl001_ingest_crypto_postgres to None, run_after=None
[2025-07-26T07:05:03.676+0000] {processor.py:183} INFO - Processing /opt/airflow/dags/airflow_pipeline.py took 0.126 seconds
[2025-07-26T07:05:34.110+0000] {processor.py:161} INFO - Started process (PID=433) to work on /opt/airflow/dags/airflow_pipeline.py
[2025-07-26T07:05:34.113+0000] {processor.py:830} INFO - Processing file /opt/airflow/dags/airflow_pipeline.py for tasks to queue
[2025-07-26T07:05:34.115+0000] {logging_mixin.py:188} INFO - [2025-07-26T07:05:34.114+0000] {dagbag.py:538} INFO - Filling up the DagBag from /opt/airflow/dags/airflow_pipeline.py
[2025-07-26T07:05:34.158+0000] {processor.py:840} INFO - DAG(s) 'pl001_ingest_crypto_postgres' retrieved from /opt/airflow/dags/airflow_pipeline.py
[2025-07-26T07:05:34.195+0000] {logging_mixin.py:188} INFO - [2025-07-26T07:05:34.195+0000] {dag.py:3036} INFO - Sync 1 DAGs
[2025-07-26T07:05:34.212+0000] {logging_mixin.py:188} INFO - [2025-07-26T07:05:34.212+0000] {dag.py:3823} INFO - Setting next_dagrun for pl001_ingest_crypto_postgres to None, run_after=None
[2025-07-26T07:05:34.239+0000] {processor.py:183} INFO - Processing /opt/airflow/dags/airflow_pipeline.py took 0.137 seconds
[2025-07-26T07:06:04.537+0000] {processor.py:161} INFO - Started process (PID=438) to work on /opt/airflow/dags/airflow_pipeline.py
[2025-07-26T07:06:04.538+0000] {processor.py:830} INFO - Processing file /opt/airflow/dags/airflow_pipeline.py for tasks to queue
[2025-07-26T07:06:04.544+0000] {logging_mixin.py:188} INFO - [2025-07-26T07:06:04.543+0000] {dagbag.py:538} INFO - Filling up the DagBag from /opt/airflow/dags/airflow_pipeline.py
[2025-07-26T07:06:04.570+0000] {processor.py:840} INFO - DAG(s) 'pl001_ingest_crypto_postgres' retrieved from /opt/airflow/dags/airflow_pipeline.py
[2025-07-26T07:06:04.608+0000] {logging_mixin.py:188} INFO - [2025-07-26T07:06:04.608+0000] {dag.py:3036} INFO - Sync 1 DAGs
[2025-07-26T07:06:04.623+0000] {logging_mixin.py:188} INFO - [2025-07-26T07:06:04.623+0000] {dag.py:3823} INFO - Setting next_dagrun for pl001_ingest_crypto_postgres to None, run_after=None
[2025-07-26T07:06:04.649+0000] {processor.py:183} INFO - Processing /opt/airflow/dags/airflow_pipeline.py took 0.117 seconds
[2025-07-26T07:06:34.983+0000] {processor.py:161} INFO - Started process (PID=443) to work on /opt/airflow/dags/airflow_pipeline.py
[2025-07-26T07:06:34.984+0000] {processor.py:830} INFO - Processing file /opt/airflow/dags/airflow_pipeline.py for tasks to queue
[2025-07-26T07:06:34.986+0000] {logging_mixin.py:188} INFO - [2025-07-26T07:06:34.986+0000] {dagbag.py:538} INFO - Filling up the DagBag from /opt/airflow/dags/airflow_pipeline.py
[2025-07-26T07:06:35.018+0000] {processor.py:840} INFO - DAG(s) 'pl001_ingest_crypto_postgres' retrieved from /opt/airflow/dags/airflow_pipeline.py
[2025-07-26T07:06:35.056+0000] {logging_mixin.py:188} INFO - [2025-07-26T07:06:35.056+0000] {dag.py:3036} INFO - Sync 1 DAGs
[2025-07-26T07:06:35.073+0000] {logging_mixin.py:188} INFO - [2025-07-26T07:06:35.072+0000] {dag.py:3823} INFO - Setting next_dagrun for pl001_ingest_crypto_postgres to None, run_after=None
[2025-07-26T07:06:35.101+0000] {processor.py:183} INFO - Processing /opt/airflow/dags/airflow_pipeline.py took 0.124 seconds
[2025-07-26T07:07:05.409+0000] {processor.py:161} INFO - Started process (PID=448) to work on /opt/airflow/dags/airflow_pipeline.py
[2025-07-26T07:07:05.412+0000] {processor.py:830} INFO - Processing file /opt/airflow/dags/airflow_pipeline.py for tasks to queue
[2025-07-26T07:07:05.414+0000] {logging_mixin.py:188} INFO - [2025-07-26T07:07:05.413+0000] {dagbag.py:538} INFO - Filling up the DagBag from /opt/airflow/dags/airflow_pipeline.py
[2025-07-26T07:07:05.443+0000] {processor.py:840} INFO - DAG(s) 'pl001_ingest_crypto_postgres' retrieved from /opt/airflow/dags/airflow_pipeline.py
[2025-07-26T07:07:05.481+0000] {logging_mixin.py:188} INFO - [2025-07-26T07:07:05.481+0000] {dag.py:3036} INFO - Sync 1 DAGs
[2025-07-26T07:07:05.497+0000] {logging_mixin.py:188} INFO - [2025-07-26T07:07:05.497+0000] {dag.py:3823} INFO - Setting next_dagrun for pl001_ingest_crypto_postgres to None, run_after=None
[2025-07-26T07:07:05.527+0000] {processor.py:183} INFO - Processing /opt/airflow/dags/airflow_pipeline.py took 0.126 seconds
[2025-07-26T07:07:35.864+0000] {processor.py:161} INFO - Started process (PID=453) to work on /opt/airflow/dags/airflow_pipeline.py
[2025-07-26T07:07:35.869+0000] {processor.py:830} INFO - Processing file /opt/airflow/dags/airflow_pipeline.py for tasks to queue
[2025-07-26T07:07:35.870+0000] {logging_mixin.py:188} INFO - [2025-07-26T07:07:35.870+0000] {dagbag.py:538} INFO - Filling up the DagBag from /opt/airflow/dags/airflow_pipeline.py
[2025-07-26T07:07:35.902+0000] {processor.py:840} INFO - DAG(s) 'pl001_ingest_crypto_postgres' retrieved from /opt/airflow/dags/airflow_pipeline.py
[2025-07-26T07:07:35.946+0000] {logging_mixin.py:188} INFO - [2025-07-26T07:07:35.946+0000] {dag.py:3036} INFO - Sync 1 DAGs
[2025-07-26T07:07:35.961+0000] {logging_mixin.py:188} INFO - [2025-07-26T07:07:35.961+0000] {dag.py:3823} INFO - Setting next_dagrun for pl001_ingest_crypto_postgres to None, run_after=None
[2025-07-26T07:07:35.988+0000] {processor.py:183} INFO - Processing /opt/airflow/dags/airflow_pipeline.py took 0.134 seconds
[2025-07-26T07:08:06.300+0000] {processor.py:161} INFO - Started process (PID=458) to work on /opt/airflow/dags/airflow_pipeline.py
[2025-07-26T07:08:06.302+0000] {processor.py:830} INFO - Processing file /opt/airflow/dags/airflow_pipeline.py for tasks to queue
[2025-07-26T07:08:06.305+0000] {logging_mixin.py:188} INFO - [2025-07-26T07:08:06.304+0000] {dagbag.py:538} INFO - Filling up the DagBag from /opt/airflow/dags/airflow_pipeline.py
[2025-07-26T07:08:06.352+0000] {processor.py:840} INFO - DAG(s) 'pl001_ingest_crypto_postgres' retrieved from /opt/airflow/dags/airflow_pipeline.py
[2025-07-26T07:08:06.427+0000] {logging_mixin.py:188} INFO - [2025-07-26T07:08:06.427+0000] {dag.py:3036} INFO - Sync 1 DAGs
[2025-07-26T07:08:06.452+0000] {logging_mixin.py:188} INFO - [2025-07-26T07:08:06.451+0000] {dag.py:3823} INFO - Setting next_dagrun for pl001_ingest_crypto_postgres to None, run_after=None
[2025-07-26T07:08:06.482+0000] {processor.py:183} INFO - Processing /opt/airflow/dags/airflow_pipeline.py took 0.188 seconds
[2025-07-26T07:08:36.680+0000] {processor.py:161} INFO - Started process (PID=463) to work on /opt/airflow/dags/airflow_pipeline.py
[2025-07-26T07:08:36.681+0000] {processor.py:830} INFO - Processing file /opt/airflow/dags/airflow_pipeline.py for tasks to queue
[2025-07-26T07:08:36.683+0000] {logging_mixin.py:188} INFO - [2025-07-26T07:08:36.683+0000] {dagbag.py:538} INFO - Filling up the DagBag from /opt/airflow/dags/airflow_pipeline.py
[2025-07-26T07:08:36.710+0000] {processor.py:840} INFO - DAG(s) 'pl001_ingest_crypto_postgres' retrieved from /opt/airflow/dags/airflow_pipeline.py
[2025-07-26T07:08:36.751+0000] {logging_mixin.py:188} INFO - [2025-07-26T07:08:36.751+0000] {dag.py:3036} INFO - Sync 1 DAGs
[2025-07-26T07:08:36.768+0000] {logging_mixin.py:188} INFO - [2025-07-26T07:08:36.767+0000] {dag.py:3823} INFO - Setting next_dagrun for pl001_ingest_crypto_postgres to None, run_after=None
[2025-07-26T07:08:36.796+0000] {processor.py:183} INFO - Processing /opt/airflow/dags/airflow_pipeline.py took 0.124 seconds
[2025-07-26T07:09:07.119+0000] {processor.py:161} INFO - Started process (PID=468) to work on /opt/airflow/dags/airflow_pipeline.py
[2025-07-26T07:09:07.121+0000] {processor.py:830} INFO - Processing file /opt/airflow/dags/airflow_pipeline.py for tasks to queue
[2025-07-26T07:09:07.123+0000] {logging_mixin.py:188} INFO - [2025-07-26T07:09:07.122+0000] {dagbag.py:538} INFO - Filling up the DagBag from /opt/airflow/dags/airflow_pipeline.py
[2025-07-26T07:09:07.149+0000] {processor.py:840} INFO - DAG(s) 'pl001_ingest_crypto_postgres' retrieved from /opt/airflow/dags/airflow_pipeline.py
[2025-07-26T07:09:07.191+0000] {logging_mixin.py:188} INFO - [2025-07-26T07:09:07.191+0000] {dag.py:3036} INFO - Sync 1 DAGs
[2025-07-26T07:09:07.207+0000] {logging_mixin.py:188} INFO - [2025-07-26T07:09:07.206+0000] {dag.py:3823} INFO - Setting next_dagrun for pl001_ingest_crypto_postgres to None, run_after=None
[2025-07-26T07:09:07.235+0000] {processor.py:183} INFO - Processing /opt/airflow/dags/airflow_pipeline.py took 0.120 seconds
[2025-07-26T07:09:37.618+0000] {processor.py:161} INFO - Started process (PID=473) to work on /opt/airflow/dags/airflow_pipeline.py
[2025-07-26T07:09:37.619+0000] {processor.py:830} INFO - Processing file /opt/airflow/dags/airflow_pipeline.py for tasks to queue
[2025-07-26T07:09:37.621+0000] {logging_mixin.py:188} INFO - [2025-07-26T07:09:37.620+0000] {dagbag.py:538} INFO - Filling up the DagBag from /opt/airflow/dags/airflow_pipeline.py
[2025-07-26T07:09:37.646+0000] {processor.py:840} INFO - DAG(s) 'pl001_ingest_crypto_postgres' retrieved from /opt/airflow/dags/airflow_pipeline.py
[2025-07-26T07:09:37.684+0000] {logging_mixin.py:188} INFO - [2025-07-26T07:09:37.684+0000] {dag.py:3036} INFO - Sync 1 DAGs
[2025-07-26T07:09:37.701+0000] {logging_mixin.py:188} INFO - [2025-07-26T07:09:37.701+0000] {dag.py:3823} INFO - Setting next_dagrun for pl001_ingest_crypto_postgres to None, run_after=None
[2025-07-26T07:09:37.733+0000] {processor.py:183} INFO - Processing /opt/airflow/dags/airflow_pipeline.py took 0.119 seconds
[2025-07-26T07:10:08.109+0000] {processor.py:161} INFO - Started process (PID=478) to work on /opt/airflow/dags/airflow_pipeline.py
[2025-07-26T07:10:08.111+0000] {processor.py:830} INFO - Processing file /opt/airflow/dags/airflow_pipeline.py for tasks to queue
[2025-07-26T07:10:08.114+0000] {logging_mixin.py:188} INFO - [2025-07-26T07:10:08.113+0000] {dagbag.py:538} INFO - Filling up the DagBag from /opt/airflow/dags/airflow_pipeline.py
[2025-07-26T07:10:08.158+0000] {processor.py:840} INFO - DAG(s) 'pl001_ingest_crypto_postgres' retrieved from /opt/airflow/dags/airflow_pipeline.py
[2025-07-26T07:10:08.205+0000] {logging_mixin.py:188} INFO - [2025-07-26T07:10:08.205+0000] {dag.py:3036} INFO - Sync 1 DAGs
[2025-07-26T07:10:08.221+0000] {logging_mixin.py:188} INFO - [2025-07-26T07:10:08.221+0000] {dag.py:3823} INFO - Setting next_dagrun for pl001_ingest_crypto_postgres to None, run_after=None
[2025-07-26T07:10:08.246+0000] {processor.py:183} INFO - Processing /opt/airflow/dags/airflow_pipeline.py took 0.143 seconds
[2025-07-26T07:10:38.562+0000] {processor.py:161} INFO - Started process (PID=483) to work on /opt/airflow/dags/airflow_pipeline.py
[2025-07-26T07:10:38.564+0000] {processor.py:830} INFO - Processing file /opt/airflow/dags/airflow_pipeline.py for tasks to queue
[2025-07-26T07:10:38.565+0000] {logging_mixin.py:188} INFO - [2025-07-26T07:10:38.565+0000] {dagbag.py:538} INFO - Filling up the DagBag from /opt/airflow/dags/airflow_pipeline.py
[2025-07-26T07:10:38.597+0000] {processor.py:840} INFO - DAG(s) 'pl001_ingest_crypto_postgres' retrieved from /opt/airflow/dags/airflow_pipeline.py
[2025-07-26T07:10:38.639+0000] {logging_mixin.py:188} INFO - [2025-07-26T07:10:38.638+0000] {dag.py:3036} INFO - Sync 1 DAGs
[2025-07-26T07:10:38.654+0000] {logging_mixin.py:188} INFO - [2025-07-26T07:10:38.654+0000] {dag.py:3823} INFO - Setting next_dagrun for pl001_ingest_crypto_postgres to None, run_after=None
[2025-07-26T07:10:38.681+0000] {processor.py:183} INFO - Processing /opt/airflow/dags/airflow_pipeline.py took 0.124 seconds
[2025-07-26T07:11:09.029+0000] {processor.py:161} INFO - Started process (PID=488) to work on /opt/airflow/dags/airflow_pipeline.py
[2025-07-26T07:11:09.031+0000] {processor.py:830} INFO - Processing file /opt/airflow/dags/airflow_pipeline.py for tasks to queue
[2025-07-26T07:11:09.033+0000] {logging_mixin.py:188} INFO - [2025-07-26T07:11:09.032+0000] {dagbag.py:538} INFO - Filling up the DagBag from /opt/airflow/dags/airflow_pipeline.py
[2025-07-26T07:11:09.084+0000] {processor.py:840} INFO - DAG(s) 'pl001_ingest_crypto_postgres' retrieved from /opt/airflow/dags/airflow_pipeline.py
[2025-07-26T07:11:09.136+0000] {logging_mixin.py:188} INFO - [2025-07-26T07:11:09.136+0000] {dag.py:3036} INFO - Sync 1 DAGs
[2025-07-26T07:11:09.159+0000] {logging_mixin.py:188} INFO - [2025-07-26T07:11:09.159+0000] {dag.py:3823} INFO - Setting next_dagrun for pl001_ingest_crypto_postgres to None, run_after=None
[2025-07-26T07:11:09.192+0000] {processor.py:183} INFO - Processing /opt/airflow/dags/airflow_pipeline.py took 0.169 seconds
[2025-07-26T07:11:39.446+0000] {processor.py:161} INFO - Started process (PID=493) to work on /opt/airflow/dags/airflow_pipeline.py
[2025-07-26T07:11:39.448+0000] {processor.py:830} INFO - Processing file /opt/airflow/dags/airflow_pipeline.py for tasks to queue
[2025-07-26T07:11:39.450+0000] {logging_mixin.py:188} INFO - [2025-07-26T07:11:39.449+0000] {dagbag.py:538} INFO - Filling up the DagBag from /opt/airflow/dags/airflow_pipeline.py
[2025-07-26T07:11:39.481+0000] {processor.py:840} INFO - DAG(s) 'pl001_ingest_crypto_postgres' retrieved from /opt/airflow/dags/airflow_pipeline.py
[2025-07-26T07:11:39.542+0000] {logging_mixin.py:188} INFO - [2025-07-26T07:11:39.541+0000] {dag.py:3036} INFO - Sync 1 DAGs
[2025-07-26T07:11:39.566+0000] {logging_mixin.py:188} INFO - [2025-07-26T07:11:39.566+0000] {dag.py:3823} INFO - Setting next_dagrun for pl001_ingest_crypto_postgres to None, run_after=None
[2025-07-26T07:11:39.602+0000] {processor.py:183} INFO - Processing /opt/airflow/dags/airflow_pipeline.py took 0.161 seconds
[2025-07-26T07:12:09.900+0000] {processor.py:161} INFO - Started process (PID=498) to work on /opt/airflow/dags/airflow_pipeline.py
[2025-07-26T07:12:09.902+0000] {processor.py:830} INFO - Processing file /opt/airflow/dags/airflow_pipeline.py for tasks to queue
[2025-07-26T07:12:09.903+0000] {logging_mixin.py:188} INFO - [2025-07-26T07:12:09.903+0000] {dagbag.py:538} INFO - Filling up the DagBag from /opt/airflow/dags/airflow_pipeline.py
[2025-07-26T07:12:09.926+0000] {processor.py:840} INFO - DAG(s) 'pl001_ingest_crypto_postgres' retrieved from /opt/airflow/dags/airflow_pipeline.py
[2025-07-26T07:12:09.965+0000] {logging_mixin.py:188} INFO - [2025-07-26T07:12:09.965+0000] {dag.py:3036} INFO - Sync 1 DAGs
[2025-07-26T07:12:09.980+0000] {logging_mixin.py:188} INFO - [2025-07-26T07:12:09.980+0000] {dag.py:3823} INFO - Setting next_dagrun for pl001_ingest_crypto_postgres to None, run_after=None
[2025-07-26T07:12:10.006+0000] {processor.py:183} INFO - Processing /opt/airflow/dags/airflow_pipeline.py took 0.110 seconds
[2025-07-26T07:12:40.315+0000] {processor.py:161} INFO - Started process (PID=503) to work on /opt/airflow/dags/airflow_pipeline.py
[2025-07-26T07:12:40.317+0000] {processor.py:830} INFO - Processing file /opt/airflow/dags/airflow_pipeline.py for tasks to queue
[2025-07-26T07:12:40.318+0000] {logging_mixin.py:188} INFO - [2025-07-26T07:12:40.318+0000] {dagbag.py:538} INFO - Filling up the DagBag from /opt/airflow/dags/airflow_pipeline.py
[2025-07-26T07:12:40.352+0000] {processor.py:840} INFO - DAG(s) 'pl001_ingest_crypto_postgres' retrieved from /opt/airflow/dags/airflow_pipeline.py
[2025-07-26T07:12:40.407+0000] {logging_mixin.py:188} INFO - [2025-07-26T07:12:40.407+0000] {dag.py:3036} INFO - Sync 1 DAGs
[2025-07-26T07:12:40.436+0000] {logging_mixin.py:188} INFO - [2025-07-26T07:12:40.435+0000] {dag.py:3823} INFO - Setting next_dagrun for pl001_ingest_crypto_postgres to None, run_after=None
[2025-07-26T07:12:40.468+0000] {processor.py:183} INFO - Processing /opt/airflow/dags/airflow_pipeline.py took 0.159 seconds
[2025-07-26T07:13:10.748+0000] {processor.py:161} INFO - Started process (PID=508) to work on /opt/airflow/dags/airflow_pipeline.py
[2025-07-26T07:13:10.750+0000] {processor.py:830} INFO - Processing file /opt/airflow/dags/airflow_pipeline.py for tasks to queue
[2025-07-26T07:13:10.752+0000] {logging_mixin.py:188} INFO - [2025-07-26T07:13:10.751+0000] {dagbag.py:538} INFO - Filling up the DagBag from /opt/airflow/dags/airflow_pipeline.py
[2025-07-26T07:13:10.777+0000] {processor.py:840} INFO - DAG(s) 'pl001_ingest_crypto_postgres' retrieved from /opt/airflow/dags/airflow_pipeline.py
[2025-07-26T07:13:10.815+0000] {logging_mixin.py:188} INFO - [2025-07-26T07:13:10.815+0000] {dag.py:3036} INFO - Sync 1 DAGs
[2025-07-26T07:13:10.830+0000] {logging_mixin.py:188} INFO - [2025-07-26T07:13:10.830+0000] {dag.py:3823} INFO - Setting next_dagrun for pl001_ingest_crypto_postgres to None, run_after=None
[2025-07-26T07:13:10.857+0000] {processor.py:183} INFO - Processing /opt/airflow/dags/airflow_pipeline.py took 0.115 seconds
[2025-07-26T07:13:41.246+0000] {processor.py:161} INFO - Started process (PID=513) to work on /opt/airflow/dags/airflow_pipeline.py
[2025-07-26T07:13:41.248+0000] {processor.py:830} INFO - Processing file /opt/airflow/dags/airflow_pipeline.py for tasks to queue
[2025-07-26T07:13:41.249+0000] {logging_mixin.py:188} INFO - [2025-07-26T07:13:41.249+0000] {dagbag.py:538} INFO - Filling up the DagBag from /opt/airflow/dags/airflow_pipeline.py
[2025-07-26T07:13:41.282+0000] {processor.py:840} INFO - DAG(s) 'pl001_ingest_crypto_postgres' retrieved from /opt/airflow/dags/airflow_pipeline.py
[2025-07-26T07:13:41.337+0000] {logging_mixin.py:188} INFO - [2025-07-26T07:13:41.337+0000] {dag.py:3036} INFO - Sync 1 DAGs
[2025-07-26T07:13:41.358+0000] {logging_mixin.py:188} INFO - [2025-07-26T07:13:41.358+0000] {dag.py:3823} INFO - Setting next_dagrun for pl001_ingest_crypto_postgres to None, run_after=None
[2025-07-26T07:13:41.393+0000] {processor.py:183} INFO - Processing /opt/airflow/dags/airflow_pipeline.py took 0.152 seconds
[2025-07-26T07:14:11.647+0000] {processor.py:161} INFO - Started process (PID=518) to work on /opt/airflow/dags/airflow_pipeline.py
[2025-07-26T07:14:11.649+0000] {processor.py:830} INFO - Processing file /opt/airflow/dags/airflow_pipeline.py for tasks to queue
[2025-07-26T07:14:11.650+0000] {logging_mixin.py:188} INFO - [2025-07-26T07:14:11.650+0000] {dagbag.py:538} INFO - Filling up the DagBag from /opt/airflow/dags/airflow_pipeline.py
[2025-07-26T07:14:11.698+0000] {processor.py:840} INFO - DAG(s) 'pl001_ingest_crypto_postgres' retrieved from /opt/airflow/dags/airflow_pipeline.py
[2025-07-26T07:14:11.763+0000] {logging_mixin.py:188} INFO - [2025-07-26T07:14:11.763+0000] {dag.py:3036} INFO - Sync 1 DAGs
[2025-07-26T07:14:11.788+0000] {logging_mixin.py:188} INFO - [2025-07-26T07:14:11.787+0000] {dag.py:3823} INFO - Setting next_dagrun for pl001_ingest_crypto_postgres to None, run_after=None
[2025-07-26T07:14:11.825+0000] {processor.py:183} INFO - Processing /opt/airflow/dags/airflow_pipeline.py took 0.186 seconds
[2025-07-26T07:14:42.128+0000] {processor.py:161} INFO - Started process (PID=523) to work on /opt/airflow/dags/airflow_pipeline.py
[2025-07-26T07:14:42.129+0000] {processor.py:830} INFO - Processing file /opt/airflow/dags/airflow_pipeline.py for tasks to queue
[2025-07-26T07:14:42.131+0000] {logging_mixin.py:188} INFO - [2025-07-26T07:14:42.131+0000] {dagbag.py:538} INFO - Filling up the DagBag from /opt/airflow/dags/airflow_pipeline.py
[2025-07-26T07:14:42.167+0000] {processor.py:840} INFO - DAG(s) 'pl001_ingest_crypto_postgres' retrieved from /opt/airflow/dags/airflow_pipeline.py
[2025-07-26T07:14:42.220+0000] {logging_mixin.py:188} INFO - [2025-07-26T07:14:42.219+0000] {dag.py:3036} INFO - Sync 1 DAGs
[2025-07-26T07:14:42.249+0000] {logging_mixin.py:188} INFO - [2025-07-26T07:14:42.249+0000] {dag.py:3823} INFO - Setting next_dagrun for pl001_ingest_crypto_postgres to None, run_after=None
[2025-07-26T07:14:42.284+0000] {processor.py:183} INFO - Processing /opt/airflow/dags/airflow_pipeline.py took 0.162 seconds
[2025-07-26T07:15:12.740+0000] {processor.py:161} INFO - Started process (PID=528) to work on /opt/airflow/dags/airflow_pipeline.py
[2025-07-26T07:15:12.741+0000] {processor.py:830} INFO - Processing file /opt/airflow/dags/airflow_pipeline.py for tasks to queue
[2025-07-26T07:15:12.743+0000] {logging_mixin.py:188} INFO - [2025-07-26T07:15:12.742+0000] {dagbag.py:538} INFO - Filling up the DagBag from /opt/airflow/dags/airflow_pipeline.py
[2025-07-26T07:15:12.774+0000] {processor.py:840} INFO - DAG(s) 'pl001_ingest_crypto_postgres' retrieved from /opt/airflow/dags/airflow_pipeline.py
[2025-07-26T07:15:12.817+0000] {logging_mixin.py:188} INFO - [2025-07-26T07:15:12.817+0000] {dag.py:3036} INFO - Sync 1 DAGs
[2025-07-26T07:15:12.833+0000] {logging_mixin.py:188} INFO - [2025-07-26T07:15:12.832+0000] {dag.py:3823} INFO - Setting next_dagrun for pl001_ingest_crypto_postgres to None, run_after=None
[2025-07-26T07:15:12.857+0000] {processor.py:183} INFO - Processing /opt/airflow/dags/airflow_pipeline.py took 0.122 seconds
[2025-07-26T07:15:43.143+0000] {processor.py:161} INFO - Started process (PID=533) to work on /opt/airflow/dags/airflow_pipeline.py
[2025-07-26T07:15:43.145+0000] {processor.py:830} INFO - Processing file /opt/airflow/dags/airflow_pipeline.py for tasks to queue
[2025-07-26T07:15:43.147+0000] {logging_mixin.py:188} INFO - [2025-07-26T07:15:43.146+0000] {dagbag.py:538} INFO - Filling up the DagBag from /opt/airflow/dags/airflow_pipeline.py
[2025-07-26T07:15:43.206+0000] {processor.py:840} INFO - DAG(s) 'pl001_ingest_crypto_postgres' retrieved from /opt/airflow/dags/airflow_pipeline.py
[2025-07-26T07:15:43.260+0000] {logging_mixin.py:188} INFO - [2025-07-26T07:15:43.259+0000] {dag.py:3036} INFO - Sync 1 DAGs
[2025-07-26T07:15:43.279+0000] {logging_mixin.py:188} INFO - [2025-07-26T07:15:43.279+0000] {dag.py:3823} INFO - Setting next_dagrun for pl001_ingest_crypto_postgres to None, run_after=None
[2025-07-26T07:15:43.312+0000] {processor.py:183} INFO - Processing /opt/airflow/dags/airflow_pipeline.py took 0.174 seconds
[2025-07-26T07:16:13.628+0000] {processor.py:161} INFO - Started process (PID=538) to work on /opt/airflow/dags/airflow_pipeline.py
[2025-07-26T07:16:13.630+0000] {processor.py:830} INFO - Processing file /opt/airflow/dags/airflow_pipeline.py for tasks to queue
[2025-07-26T07:16:13.631+0000] {logging_mixin.py:188} INFO - [2025-07-26T07:16:13.631+0000] {dagbag.py:538} INFO - Filling up the DagBag from /opt/airflow/dags/airflow_pipeline.py
[2025-07-26T07:16:13.663+0000] {processor.py:840} INFO - DAG(s) 'pl001_ingest_crypto_postgres' retrieved from /opt/airflow/dags/airflow_pipeline.py
[2025-07-26T07:16:13.704+0000] {logging_mixin.py:188} INFO - [2025-07-26T07:16:13.704+0000] {dag.py:3036} INFO - Sync 1 DAGs
[2025-07-26T07:16:13.718+0000] {logging_mixin.py:188} INFO - [2025-07-26T07:16:13.718+0000] {dag.py:3823} INFO - Setting next_dagrun for pl001_ingest_crypto_postgres to None, run_after=None
[2025-07-26T07:16:13.743+0000] {processor.py:183} INFO - Processing /opt/airflow/dags/airflow_pipeline.py took 0.122 seconds
[2025-07-26T07:16:44.075+0000] {processor.py:161} INFO - Started process (PID=543) to work on /opt/airflow/dags/airflow_pipeline.py
[2025-07-26T07:16:44.077+0000] {processor.py:830} INFO - Processing file /opt/airflow/dags/airflow_pipeline.py for tasks to queue
[2025-07-26T07:16:44.079+0000] {logging_mixin.py:188} INFO - [2025-07-26T07:16:44.078+0000] {dagbag.py:538} INFO - Filling up the DagBag from /opt/airflow/dags/airflow_pipeline.py
[2025-07-26T07:16:44.111+0000] {processor.py:840} INFO - DAG(s) 'pl001_ingest_crypto_postgres' retrieved from /opt/airflow/dags/airflow_pipeline.py
[2025-07-26T07:16:44.160+0000] {logging_mixin.py:188} INFO - [2025-07-26T07:16:44.160+0000] {dag.py:3036} INFO - Sync 1 DAGs
[2025-07-26T07:16:44.179+0000] {logging_mixin.py:188} INFO - [2025-07-26T07:16:44.179+0000] {dag.py:3823} INFO - Setting next_dagrun for pl001_ingest_crypto_postgres to None, run_after=None
[2025-07-26T07:16:44.222+0000] {processor.py:183} INFO - Processing /opt/airflow/dags/airflow_pipeline.py took 0.152 seconds
[2025-07-26T07:17:14.585+0000] {processor.py:161} INFO - Started process (PID=548) to work on /opt/airflow/dags/airflow_pipeline.py
[2025-07-26T07:17:14.586+0000] {processor.py:830} INFO - Processing file /opt/airflow/dags/airflow_pipeline.py for tasks to queue
[2025-07-26T07:17:14.588+0000] {logging_mixin.py:188} INFO - [2025-07-26T07:17:14.587+0000] {dagbag.py:538} INFO - Filling up the DagBag from /opt/airflow/dags/airflow_pipeline.py
[2025-07-26T07:17:14.612+0000] {processor.py:840} INFO - DAG(s) 'pl001_ingest_crypto_postgres' retrieved from /opt/airflow/dags/airflow_pipeline.py
[2025-07-26T07:17:14.651+0000] {logging_mixin.py:188} INFO - [2025-07-26T07:17:14.650+0000] {dag.py:3036} INFO - Sync 1 DAGs
[2025-07-26T07:17:14.667+0000] {logging_mixin.py:188} INFO - [2025-07-26T07:17:14.667+0000] {dag.py:3823} INFO - Setting next_dagrun for pl001_ingest_crypto_postgres to None, run_after=None
[2025-07-26T07:17:14.692+0000] {processor.py:183} INFO - Processing /opt/airflow/dags/airflow_pipeline.py took 0.113 seconds
[2025-07-26T07:17:44.999+0000] {processor.py:161} INFO - Started process (PID=553) to work on /opt/airflow/dags/airflow_pipeline.py
[2025-07-26T07:17:45.001+0000] {processor.py:830} INFO - Processing file /opt/airflow/dags/airflow_pipeline.py for tasks to queue
[2025-07-26T07:17:45.003+0000] {logging_mixin.py:188} INFO - [2025-07-26T07:17:45.003+0000] {dagbag.py:538} INFO - Filling up the DagBag from /opt/airflow/dags/airflow_pipeline.py
[2025-07-26T07:17:45.028+0000] {processor.py:840} INFO - DAG(s) 'pl001_ingest_crypto_postgres' retrieved from /opt/airflow/dags/airflow_pipeline.py
[2025-07-26T07:17:45.070+0000] {logging_mixin.py:188} INFO - [2025-07-26T07:17:45.070+0000] {dag.py:3036} INFO - Sync 1 DAGs
[2025-07-26T07:17:45.093+0000] {logging_mixin.py:188} INFO - [2025-07-26T07:17:45.093+0000] {dag.py:3823} INFO - Setting next_dagrun for pl001_ingest_crypto_postgres to None, run_after=None
[2025-07-26T07:17:45.127+0000] {processor.py:183} INFO - Processing /opt/airflow/dags/airflow_pipeline.py took 0.135 seconds
[2025-07-26T07:18:15.447+0000] {processor.py:161} INFO - Started process (PID=558) to work on /opt/airflow/dags/airflow_pipeline.py
[2025-07-26T07:18:15.448+0000] {processor.py:830} INFO - Processing file /opt/airflow/dags/airflow_pipeline.py for tasks to queue
[2025-07-26T07:18:15.450+0000] {logging_mixin.py:188} INFO - [2025-07-26T07:18:15.449+0000] {dagbag.py:538} INFO - Filling up the DagBag from /opt/airflow/dags/airflow_pipeline.py
[2025-07-26T07:18:15.473+0000] {processor.py:840} INFO - DAG(s) 'pl001_ingest_crypto_postgres' retrieved from /opt/airflow/dags/airflow_pipeline.py
[2025-07-26T07:18:15.513+0000] {logging_mixin.py:188} INFO - [2025-07-26T07:18:15.513+0000] {dag.py:3036} INFO - Sync 1 DAGs
[2025-07-26T07:18:15.528+0000] {logging_mixin.py:188} INFO - [2025-07-26T07:18:15.527+0000] {dag.py:3823} INFO - Setting next_dagrun for pl001_ingest_crypto_postgres to None, run_after=None
[2025-07-26T07:18:15.558+0000] {processor.py:183} INFO - Processing /opt/airflow/dags/airflow_pipeline.py took 0.116 seconds
[2025-07-26T07:18:45.906+0000] {processor.py:161} INFO - Started process (PID=563) to work on /opt/airflow/dags/airflow_pipeline.py
[2025-07-26T07:18:45.908+0000] {processor.py:830} INFO - Processing file /opt/airflow/dags/airflow_pipeline.py for tasks to queue
[2025-07-26T07:18:45.910+0000] {logging_mixin.py:188} INFO - [2025-07-26T07:18:45.910+0000] {dagbag.py:538} INFO - Filling up the DagBag from /opt/airflow/dags/airflow_pipeline.py
[2025-07-26T07:18:45.948+0000] {processor.py:840} INFO - DAG(s) 'pl001_ingest_crypto_postgres' retrieved from /opt/airflow/dags/airflow_pipeline.py
[2025-07-26T07:18:45.994+0000] {logging_mixin.py:188} INFO - [2025-07-26T07:18:45.994+0000] {dag.py:3036} INFO - Sync 1 DAGs
[2025-07-26T07:18:46.012+0000] {logging_mixin.py:188} INFO - [2025-07-26T07:18:46.012+0000] {dag.py:3823} INFO - Setting next_dagrun for pl001_ingest_crypto_postgres to None, run_after=None
[2025-07-26T07:18:46.045+0000] {processor.py:183} INFO - Processing /opt/airflow/dags/airflow_pipeline.py took 0.154 seconds
[2025-07-26T07:19:16.262+0000] {processor.py:161} INFO - Started process (PID=568) to work on /opt/airflow/dags/airflow_pipeline.py
[2025-07-26T07:19:16.264+0000] {processor.py:830} INFO - Processing file /opt/airflow/dags/airflow_pipeline.py for tasks to queue
[2025-07-26T07:19:16.266+0000] {logging_mixin.py:188} INFO - [2025-07-26T07:19:16.265+0000] {dagbag.py:538} INFO - Filling up the DagBag from /opt/airflow/dags/airflow_pipeline.py
[2025-07-26T07:19:16.296+0000] {processor.py:840} INFO - DAG(s) 'pl001_ingest_crypto_postgres' retrieved from /opt/airflow/dags/airflow_pipeline.py
[2025-07-26T07:19:16.352+0000] {logging_mixin.py:188} INFO - [2025-07-26T07:19:16.352+0000] {dag.py:3036} INFO - Sync 1 DAGs
[2025-07-26T07:19:16.370+0000] {logging_mixin.py:188} INFO - [2025-07-26T07:19:16.369+0000] {dag.py:3823} INFO - Setting next_dagrun for pl001_ingest_crypto_postgres to None, run_after=None
[2025-07-26T07:19:16.400+0000] {processor.py:183} INFO - Processing /opt/airflow/dags/airflow_pipeline.py took 0.144 seconds
[2025-07-26T07:19:46.465+0000] {processor.py:161} INFO - Started process (PID=573) to work on /opt/airflow/dags/airflow_pipeline.py
[2025-07-26T07:19:46.467+0000] {processor.py:830} INFO - Processing file /opt/airflow/dags/airflow_pipeline.py for tasks to queue
[2025-07-26T07:19:46.468+0000] {logging_mixin.py:188} INFO - [2025-07-26T07:19:46.468+0000] {dagbag.py:538} INFO - Filling up the DagBag from /opt/airflow/dags/airflow_pipeline.py
[2025-07-26T07:19:46.504+0000] {processor.py:840} INFO - DAG(s) 'pl001_ingest_crypto_postgres' retrieved from /opt/airflow/dags/airflow_pipeline.py
[2025-07-26T07:19:46.554+0000] {logging_mixin.py:188} INFO - [2025-07-26T07:19:46.553+0000] {dag.py:3036} INFO - Sync 1 DAGs
[2025-07-26T07:19:46.573+0000] {logging_mixin.py:188} INFO - [2025-07-26T07:19:46.573+0000] {dag.py:3823} INFO - Setting next_dagrun for pl001_ingest_crypto_postgres to None, run_after=None
[2025-07-26T07:19:46.609+0000] {processor.py:183} INFO - Processing /opt/airflow/dags/airflow_pipeline.py took 0.149 seconds
[2025-07-26T07:20:16.858+0000] {processor.py:161} INFO - Started process (PID=578) to work on /opt/airflow/dags/airflow_pipeline.py
[2025-07-26T07:20:16.859+0000] {processor.py:830} INFO - Processing file /opt/airflow/dags/airflow_pipeline.py for tasks to queue
[2025-07-26T07:20:16.861+0000] {logging_mixin.py:188} INFO - [2025-07-26T07:20:16.861+0000] {dagbag.py:538} INFO - Filling up the DagBag from /opt/airflow/dags/airflow_pipeline.py
[2025-07-26T07:20:16.891+0000] {processor.py:840} INFO - DAG(s) 'pl001_ingest_crypto_postgres' retrieved from /opt/airflow/dags/airflow_pipeline.py
[2025-07-26T07:20:16.935+0000] {logging_mixin.py:188} INFO - [2025-07-26T07:20:16.935+0000] {dag.py:3036} INFO - Sync 1 DAGs
[2025-07-26T07:20:16.955+0000] {logging_mixin.py:188} INFO - [2025-07-26T07:20:16.954+0000] {dag.py:3823} INFO - Setting next_dagrun for pl001_ingest_crypto_postgres to None, run_after=None
[2025-07-26T07:20:16.984+0000] {processor.py:183} INFO - Processing /opt/airflow/dags/airflow_pipeline.py took 0.131 seconds
[2025-07-26T16:33:09.414+0000] {processor.py:161} INFO - Started process (PID=160) to work on /opt/airflow/dags/airflow_pipeline.py
[2025-07-26T16:33:09.429+0000] {processor.py:830} INFO - Processing file /opt/airflow/dags/airflow_pipeline.py for tasks to queue
[2025-07-26T16:33:09.442+0000] {logging_mixin.py:188} INFO - [2025-07-26T16:33:09.442+0000] {dagbag.py:538} INFO - Filling up the DagBag from /opt/airflow/dags/airflow_pipeline.py
[2025-07-26T16:33:09.782+0000] {processor.py:840} INFO - DAG(s) 'pl001_ingest_crypto_postgres' retrieved from /opt/airflow/dags/airflow_pipeline.py
[2025-07-26T16:33:10.576+0000] {logging_mixin.py:188} INFO - [2025-07-26T16:33:10.575+0000] {dag.py:3036} INFO - Sync 1 DAGs
[2025-07-26T16:33:10.687+0000] {logging_mixin.py:188} INFO - [2025-07-26T16:33:10.686+0000] {dag.py:3823} INFO - Setting next_dagrun for pl001_ingest_crypto_postgres to None, run_after=None
[2025-07-26T16:33:10.802+0000] {processor.py:183} INFO - Processing /opt/airflow/dags/airflow_pipeline.py took 1.426 seconds
[2025-07-26T16:33:41.077+0000] {processor.py:161} INFO - Started process (PID=165) to work on /opt/airflow/dags/airflow_pipeline.py
[2025-07-26T16:33:41.080+0000] {processor.py:830} INFO - Processing file /opt/airflow/dags/airflow_pipeline.py for tasks to queue
[2025-07-26T16:33:41.083+0000] {logging_mixin.py:188} INFO - [2025-07-26T16:33:41.082+0000] {dagbag.py:538} INFO - Filling up the DagBag from /opt/airflow/dags/airflow_pipeline.py
[2025-07-26T16:33:41.144+0000] {processor.py:840} INFO - DAG(s) 'pl001_ingest_crypto_postgres' retrieved from /opt/airflow/dags/airflow_pipeline.py
[2025-07-26T16:33:41.822+0000] {logging_mixin.py:188} INFO - [2025-07-26T16:33:41.820+0000] {dag.py:3036} INFO - Sync 1 DAGs
[2025-07-26T16:33:42.117+0000] {logging_mixin.py:188} INFO - [2025-07-26T16:33:42.115+0000] {dag.py:3823} INFO - Setting next_dagrun for pl001_ingest_crypto_postgres to None, run_after=None
[2025-07-26T16:33:42.749+0000] {processor.py:183} INFO - Processing /opt/airflow/dags/airflow_pipeline.py took 1.714 seconds
[2025-07-26T16:34:13.091+0000] {processor.py:161} INFO - Started process (PID=170) to work on /opt/airflow/dags/airflow_pipeline.py
[2025-07-26T16:34:13.093+0000] {processor.py:830} INFO - Processing file /opt/airflow/dags/airflow_pipeline.py for tasks to queue
[2025-07-26T16:34:13.095+0000] {logging_mixin.py:188} INFO - [2025-07-26T16:34:13.094+0000] {dagbag.py:538} INFO - Filling up the DagBag from /opt/airflow/dags/airflow_pipeline.py
[2025-07-26T16:34:13.125+0000] {processor.py:840} INFO - DAG(s) 'pl001_ingest_crypto_postgres' retrieved from /opt/airflow/dags/airflow_pipeline.py
[2025-07-26T16:34:13.186+0000] {logging_mixin.py:188} INFO - [2025-07-26T16:34:13.186+0000] {dag.py:3036} INFO - Sync 1 DAGs
[2025-07-26T16:34:13.205+0000] {logging_mixin.py:188} INFO - [2025-07-26T16:34:13.205+0000] {dag.py:3823} INFO - Setting next_dagrun for pl001_ingest_crypto_postgres to None, run_after=None
[2025-07-26T16:34:13.286+0000] {processor.py:183} INFO - Processing /opt/airflow/dags/airflow_pipeline.py took 0.200 seconds
[2025-07-26T16:34:43.744+0000] {processor.py:161} INFO - Started process (PID=175) to work on /opt/airflow/dags/airflow_pipeline.py
[2025-07-26T16:34:43.748+0000] {processor.py:830} INFO - Processing file /opt/airflow/dags/airflow_pipeline.py for tasks to queue
[2025-07-26T16:34:43.751+0000] {logging_mixin.py:188} INFO - [2025-07-26T16:34:43.749+0000] {dagbag.py:538} INFO - Filling up the DagBag from /opt/airflow/dags/airflow_pipeline.py
[2025-07-26T16:34:43.793+0000] {processor.py:840} INFO - DAG(s) 'pl001_ingest_crypto_postgres' retrieved from /opt/airflow/dags/airflow_pipeline.py
[2025-07-26T16:34:44.160+0000] {logging_mixin.py:188} INFO - [2025-07-26T16:34:44.160+0000] {dag.py:3036} INFO - Sync 1 DAGs
[2025-07-26T16:34:44.181+0000] {logging_mixin.py:188} INFO - [2025-07-26T16:34:44.181+0000] {dag.py:3058} INFO - Creating ORM DAG for pl001_ingest_crypto_postgres
[2025-07-26T16:34:44.183+0000] {logging_mixin.py:188} INFO - [2025-07-26T16:34:44.182+0000] {dag.py:3823} INFO - Setting next_dagrun for pl001_ingest_crypto_postgres to None, run_after=None
[2025-07-26T16:34:44.222+0000] {processor.py:183} INFO - Processing /opt/airflow/dags/airflow_pipeline.py took 0.485 seconds
[2025-07-26T16:35:14.618+0000] {processor.py:161} INFO - Started process (PID=180) to work on /opt/airflow/dags/airflow_pipeline.py
[2025-07-26T16:35:14.620+0000] {processor.py:830} INFO - Processing file /opt/airflow/dags/airflow_pipeline.py for tasks to queue
[2025-07-26T16:35:14.621+0000] {logging_mixin.py:188} INFO - [2025-07-26T16:35:14.621+0000] {dagbag.py:538} INFO - Filling up the DagBag from /opt/airflow/dags/airflow_pipeline.py
[2025-07-26T16:35:14.644+0000] {processor.py:840} INFO - DAG(s) 'pl001_ingest_crypto_postgres' retrieved from /opt/airflow/dags/airflow_pipeline.py
[2025-07-26T16:35:14.685+0000] {logging_mixin.py:188} INFO - [2025-07-26T16:35:14.684+0000] {dag.py:3036} INFO - Sync 1 DAGs
[2025-07-26T16:35:14.706+0000] {logging_mixin.py:188} INFO - [2025-07-26T16:35:14.706+0000] {dag.py:3823} INFO - Setting next_dagrun for pl001_ingest_crypto_postgres to None, run_after=None
[2025-07-26T16:35:14.743+0000] {processor.py:183} INFO - Processing /opt/airflow/dags/airflow_pipeline.py took 0.130 seconds
[2025-07-26T16:35:44.969+0000] {processor.py:161} INFO - Started process (PID=185) to work on /opt/airflow/dags/airflow_pipeline.py
[2025-07-26T16:35:44.971+0000] {processor.py:830} INFO - Processing file /opt/airflow/dags/airflow_pipeline.py for tasks to queue
[2025-07-26T16:35:44.974+0000] {logging_mixin.py:188} INFO - [2025-07-26T16:35:44.973+0000] {dagbag.py:538} INFO - Filling up the DagBag from /opt/airflow/dags/airflow_pipeline.py
[2025-07-26T16:35:45.007+0000] {processor.py:840} INFO - DAG(s) 'pl001_ingest_crypto_postgres' retrieved from /opt/airflow/dags/airflow_pipeline.py
[2025-07-26T16:35:45.063+0000] {logging_mixin.py:188} INFO - [2025-07-26T16:35:45.062+0000] {dag.py:3036} INFO - Sync 1 DAGs
[2025-07-26T16:35:45.085+0000] {logging_mixin.py:188} INFO - [2025-07-26T16:35:45.085+0000] {dag.py:3823} INFO - Setting next_dagrun for pl001_ingest_crypto_postgres to None, run_after=None
[2025-07-26T16:35:45.116+0000] {processor.py:183} INFO - Processing /opt/airflow/dags/airflow_pipeline.py took 0.154 seconds
[2025-07-26T16:36:15.581+0000] {processor.py:161} INFO - Started process (PID=197) to work on /opt/airflow/dags/airflow_pipeline.py
[2025-07-26T16:36:15.582+0000] {processor.py:830} INFO - Processing file /opt/airflow/dags/airflow_pipeline.py for tasks to queue
[2025-07-26T16:36:15.584+0000] {logging_mixin.py:188} INFO - [2025-07-26T16:36:15.583+0000] {dagbag.py:538} INFO - Filling up the DagBag from /opt/airflow/dags/airflow_pipeline.py
[2025-07-26T16:36:15.613+0000] {processor.py:840} INFO - DAG(s) 'pl001_ingest_crypto_postgres' retrieved from /opt/airflow/dags/airflow_pipeline.py
[2025-07-26T16:36:15.652+0000] {logging_mixin.py:188} INFO - [2025-07-26T16:36:15.652+0000] {dag.py:3036} INFO - Sync 1 DAGs
[2025-07-26T16:36:15.669+0000] {logging_mixin.py:188} INFO - [2025-07-26T16:36:15.669+0000] {dag.py:3823} INFO - Setting next_dagrun for pl001_ingest_crypto_postgres to None, run_after=None
[2025-07-26T16:36:15.698+0000] {processor.py:183} INFO - Processing /opt/airflow/dags/airflow_pipeline.py took 0.122 seconds
[2025-07-26T16:36:46.140+0000] {processor.py:161} INFO - Started process (PID=202) to work on /opt/airflow/dags/airflow_pipeline.py
[2025-07-26T16:36:46.142+0000] {processor.py:830} INFO - Processing file /opt/airflow/dags/airflow_pipeline.py for tasks to queue
[2025-07-26T16:36:46.143+0000] {logging_mixin.py:188} INFO - [2025-07-26T16:36:46.143+0000] {dagbag.py:538} INFO - Filling up the DagBag from /opt/airflow/dags/airflow_pipeline.py
[2025-07-26T16:36:46.170+0000] {processor.py:840} INFO - DAG(s) 'pl001_ingest_crypto_postgres' retrieved from /opt/airflow/dags/airflow_pipeline.py
[2025-07-26T16:36:46.211+0000] {logging_mixin.py:188} INFO - [2025-07-26T16:36:46.211+0000] {dag.py:3036} INFO - Sync 1 DAGs
[2025-07-26T16:36:46.229+0000] {logging_mixin.py:188} INFO - [2025-07-26T16:36:46.229+0000] {dag.py:3823} INFO - Setting next_dagrun for pl001_ingest_crypto_postgres to None, run_after=None
[2025-07-26T16:36:46.260+0000] {processor.py:183} INFO - Processing /opt/airflow/dags/airflow_pipeline.py took 0.124 seconds
[2025-07-26T16:37:16.450+0000] {processor.py:161} INFO - Started process (PID=207) to work on /opt/airflow/dags/airflow_pipeline.py
[2025-07-26T16:37:16.451+0000] {processor.py:830} INFO - Processing file /opt/airflow/dags/airflow_pipeline.py for tasks to queue
[2025-07-26T16:37:16.453+0000] {logging_mixin.py:188} INFO - [2025-07-26T16:37:16.452+0000] {dagbag.py:538} INFO - Filling up the DagBag from /opt/airflow/dags/airflow_pipeline.py
[2025-07-26T16:37:16.480+0000] {processor.py:840} INFO - DAG(s) 'pl001_ingest_crypto_postgres' retrieved from /opt/airflow/dags/airflow_pipeline.py
[2025-07-26T16:37:16.522+0000] {logging_mixin.py:188} INFO - [2025-07-26T16:37:16.521+0000] {dag.py:3036} INFO - Sync 1 DAGs
[2025-07-26T16:37:16.552+0000] {logging_mixin.py:188} INFO - [2025-07-26T16:37:16.551+0000] {dag.py:3823} INFO - Setting next_dagrun for pl001_ingest_crypto_postgres to None, run_after=None
[2025-07-26T16:37:16.592+0000] {processor.py:183} INFO - Processing /opt/airflow/dags/airflow_pipeline.py took 0.147 seconds
[2025-07-26T16:37:46.880+0000] {processor.py:161} INFO - Started process (PID=212) to work on /opt/airflow/dags/airflow_pipeline.py
[2025-07-26T16:37:46.882+0000] {processor.py:830} INFO - Processing file /opt/airflow/dags/airflow_pipeline.py for tasks to queue
[2025-07-26T16:37:46.883+0000] {logging_mixin.py:188} INFO - [2025-07-26T16:37:46.883+0000] {dagbag.py:538} INFO - Filling up the DagBag from /opt/airflow/dags/airflow_pipeline.py
[2025-07-26T16:37:46.913+0000] {processor.py:840} INFO - DAG(s) 'pl001_ingest_crypto_postgres' retrieved from /opt/airflow/dags/airflow_pipeline.py
[2025-07-26T16:37:46.954+0000] {logging_mixin.py:188} INFO - [2025-07-26T16:37:46.953+0000] {dag.py:3036} INFO - Sync 1 DAGs
[2025-07-26T16:37:46.970+0000] {logging_mixin.py:188} INFO - [2025-07-26T16:37:46.970+0000] {dag.py:3823} INFO - Setting next_dagrun for pl001_ingest_crypto_postgres to None, run_after=None
[2025-07-26T16:37:46.998+0000] {processor.py:183} INFO - Processing /opt/airflow/dags/airflow_pipeline.py took 0.124 seconds
[2025-07-26T16:38:17.428+0000] {processor.py:161} INFO - Started process (PID=222) to work on /opt/airflow/dags/airflow_pipeline.py
[2025-07-26T16:38:17.431+0000] {processor.py:830} INFO - Processing file /opt/airflow/dags/airflow_pipeline.py for tasks to queue
[2025-07-26T16:38:17.433+0000] {logging_mixin.py:188} INFO - [2025-07-26T16:38:17.432+0000] {dagbag.py:538} INFO - Filling up the DagBag from /opt/airflow/dags/airflow_pipeline.py
[2025-07-26T16:38:17.459+0000] {processor.py:840} INFO - DAG(s) 'pl001_ingest_crypto_postgres' retrieved from /opt/airflow/dags/airflow_pipeline.py
[2025-07-26T16:38:17.525+0000] {logging_mixin.py:188} INFO - [2025-07-26T16:38:17.524+0000] {dag.py:3036} INFO - Sync 1 DAGs
[2025-07-26T16:38:17.564+0000] {logging_mixin.py:188} INFO - [2025-07-26T16:38:17.563+0000] {dag.py:3823} INFO - Setting next_dagrun for pl001_ingest_crypto_postgres to None, run_after=None
[2025-07-26T16:38:17.624+0000] {processor.py:183} INFO - Processing /opt/airflow/dags/airflow_pipeline.py took 0.201 seconds
[2025-07-26T16:38:47.728+0000] {processor.py:161} INFO - Started process (PID=239) to work on /opt/airflow/dags/airflow_pipeline.py
[2025-07-26T16:38:47.729+0000] {processor.py:830} INFO - Processing file /opt/airflow/dags/airflow_pipeline.py for tasks to queue
[2025-07-26T16:38:47.731+0000] {logging_mixin.py:188} INFO - [2025-07-26T16:38:47.730+0000] {dagbag.py:538} INFO - Filling up the DagBag from /opt/airflow/dags/airflow_pipeline.py
[2025-07-26T16:38:47.753+0000] {processor.py:840} INFO - DAG(s) 'pl001_ingest_crypto_postgres' retrieved from /opt/airflow/dags/airflow_pipeline.py
[2025-07-26T16:38:47.791+0000] {logging_mixin.py:188} INFO - [2025-07-26T16:38:47.791+0000] {dag.py:3036} INFO - Sync 1 DAGs
[2025-07-26T16:38:47.806+0000] {logging_mixin.py:188} INFO - [2025-07-26T16:38:47.805+0000] {dag.py:3823} INFO - Setting next_dagrun for pl001_ingest_crypto_postgres to None, run_after=None
[2025-07-26T16:38:47.830+0000] {processor.py:183} INFO - Processing /opt/airflow/dags/airflow_pipeline.py took 0.108 seconds
[2025-07-26T16:39:18.097+0000] {processor.py:161} INFO - Started process (PID=244) to work on /opt/airflow/dags/airflow_pipeline.py
[2025-07-26T16:39:18.099+0000] {processor.py:830} INFO - Processing file /opt/airflow/dags/airflow_pipeline.py for tasks to queue
[2025-07-26T16:39:18.101+0000] {logging_mixin.py:188} INFO - [2025-07-26T16:39:18.101+0000] {dagbag.py:538} INFO - Filling up the DagBag from /opt/airflow/dags/airflow_pipeline.py
[2025-07-26T16:39:18.142+0000] {processor.py:840} INFO - DAG(s) 'pl001_ingest_crypto_postgres' retrieved from /opt/airflow/dags/airflow_pipeline.py
[2025-07-26T16:39:18.210+0000] {logging_mixin.py:188} INFO - [2025-07-26T16:39:18.209+0000] {dag.py:3036} INFO - Sync 1 DAGs
[2025-07-26T16:39:18.237+0000] {logging_mixin.py:188} INFO - [2025-07-26T16:39:18.236+0000] {dag.py:3823} INFO - Setting next_dagrun for pl001_ingest_crypto_postgres to None, run_after=None
[2025-07-26T16:39:18.276+0000] {processor.py:183} INFO - Processing /opt/airflow/dags/airflow_pipeline.py took 0.185 seconds
[2025-07-26T16:39:48.683+0000] {processor.py:161} INFO - Started process (PID=249) to work on /opt/airflow/dags/airflow_pipeline.py
[2025-07-26T16:39:48.685+0000] {processor.py:830} INFO - Processing file /opt/airflow/dags/airflow_pipeline.py for tasks to queue
[2025-07-26T16:39:48.687+0000] {logging_mixin.py:188} INFO - [2025-07-26T16:39:48.686+0000] {dagbag.py:538} INFO - Filling up the DagBag from /opt/airflow/dags/airflow_pipeline.py
[2025-07-26T16:39:48.717+0000] {processor.py:840} INFO - DAG(s) 'pl001_ingest_crypto_postgres' retrieved from /opt/airflow/dags/airflow_pipeline.py
[2025-07-26T16:39:48.770+0000] {logging_mixin.py:188} INFO - [2025-07-26T16:39:48.770+0000] {dag.py:3036} INFO - Sync 1 DAGs
[2025-07-26T16:39:48.785+0000] {logging_mixin.py:188} INFO - [2025-07-26T16:39:48.785+0000] {dag.py:3823} INFO - Setting next_dagrun for pl001_ingest_crypto_postgres to None, run_after=None
[2025-07-26T16:39:48.810+0000] {processor.py:183} INFO - Processing /opt/airflow/dags/airflow_pipeline.py took 0.134 seconds
[2025-07-26T16:40:19.119+0000] {processor.py:161} INFO - Started process (PID=254) to work on /opt/airflow/dags/airflow_pipeline.py
[2025-07-26T16:40:19.121+0000] {processor.py:830} INFO - Processing file /opt/airflow/dags/airflow_pipeline.py for tasks to queue
[2025-07-26T16:40:19.125+0000] {logging_mixin.py:188} INFO - [2025-07-26T16:40:19.124+0000] {dagbag.py:538} INFO - Filling up the DagBag from /opt/airflow/dags/airflow_pipeline.py
[2025-07-26T16:40:19.164+0000] {processor.py:840} INFO - DAG(s) 'pl001_ingest_crypto_postgres' retrieved from /opt/airflow/dags/airflow_pipeline.py
[2025-07-26T16:40:19.209+0000] {logging_mixin.py:188} INFO - [2025-07-26T16:40:19.208+0000] {dag.py:3036} INFO - Sync 1 DAGs
[2025-07-26T16:40:19.223+0000] {logging_mixin.py:188} INFO - [2025-07-26T16:40:19.223+0000] {dag.py:3823} INFO - Setting next_dagrun for pl001_ingest_crypto_postgres to None, run_after=None
[2025-07-26T16:40:19.250+0000] {processor.py:183} INFO - Processing /opt/airflow/dags/airflow_pipeline.py took 0.139 seconds
[2025-07-26T16:40:49.547+0000] {processor.py:161} INFO - Started process (PID=259) to work on /opt/airflow/dags/airflow_pipeline.py
[2025-07-26T16:40:49.549+0000] {processor.py:830} INFO - Processing file /opt/airflow/dags/airflow_pipeline.py for tasks to queue
[2025-07-26T16:40:49.551+0000] {logging_mixin.py:188} INFO - [2025-07-26T16:40:49.551+0000] {dagbag.py:538} INFO - Filling up the DagBag from /opt/airflow/dags/airflow_pipeline.py
[2025-07-26T16:40:49.585+0000] {processor.py:840} INFO - DAG(s) 'pl001_ingest_crypto_postgres' retrieved from /opt/airflow/dags/airflow_pipeline.py
[2025-07-26T16:40:49.643+0000] {logging_mixin.py:188} INFO - [2025-07-26T16:40:49.642+0000] {dag.py:3036} INFO - Sync 1 DAGs
[2025-07-26T16:40:49.670+0000] {logging_mixin.py:188} INFO - [2025-07-26T16:40:49.670+0000] {dag.py:3823} INFO - Setting next_dagrun for pl001_ingest_crypto_postgres to None, run_after=None
[2025-07-26T16:40:49.697+0000] {processor.py:183} INFO - Processing /opt/airflow/dags/airflow_pipeline.py took 0.156 seconds
[2025-07-26T16:41:20.008+0000] {processor.py:161} INFO - Started process (PID=264) to work on /opt/airflow/dags/airflow_pipeline.py
[2025-07-26T16:41:20.010+0000] {processor.py:830} INFO - Processing file /opt/airflow/dags/airflow_pipeline.py for tasks to queue
[2025-07-26T16:41:20.011+0000] {logging_mixin.py:188} INFO - [2025-07-26T16:41:20.011+0000] {dagbag.py:538} INFO - Filling up the DagBag from /opt/airflow/dags/airflow_pipeline.py
[2025-07-26T16:41:20.046+0000] {processor.py:840} INFO - DAG(s) 'pl001_ingest_crypto_postgres' retrieved from /opt/airflow/dags/airflow_pipeline.py
[2025-07-26T16:41:20.092+0000] {logging_mixin.py:188} INFO - [2025-07-26T16:41:20.091+0000] {dag.py:3036} INFO - Sync 1 DAGs
[2025-07-26T16:41:20.107+0000] {logging_mixin.py:188} INFO - [2025-07-26T16:41:20.106+0000] {dag.py:3823} INFO - Setting next_dagrun for pl001_ingest_crypto_postgres to None, run_after=None
[2025-07-26T16:41:20.131+0000] {processor.py:183} INFO - Processing /opt/airflow/dags/airflow_pipeline.py took 0.129 seconds
[2025-07-26T16:41:50.612+0000] {processor.py:161} INFO - Started process (PID=269) to work on /opt/airflow/dags/airflow_pipeline.py
[2025-07-26T16:41:50.616+0000] {processor.py:830} INFO - Processing file /opt/airflow/dags/airflow_pipeline.py for tasks to queue
[2025-07-26T16:41:50.627+0000] {logging_mixin.py:188} INFO - [2025-07-26T16:41:50.626+0000] {dagbag.py:538} INFO - Filling up the DagBag from /opt/airflow/dags/airflow_pipeline.py
[2025-07-26T16:41:50.675+0000] {processor.py:840} INFO - DAG(s) 'pl001_ingest_crypto_postgres' retrieved from /opt/airflow/dags/airflow_pipeline.py
[2025-07-26T16:41:50.751+0000] {logging_mixin.py:188} INFO - [2025-07-26T16:41:50.751+0000] {dag.py:3036} INFO - Sync 1 DAGs
[2025-07-26T16:41:50.774+0000] {logging_mixin.py:188} INFO - [2025-07-26T16:41:50.773+0000] {dag.py:3823} INFO - Setting next_dagrun for pl001_ingest_crypto_postgres to None, run_after=None
[2025-07-26T16:41:50.814+0000] {processor.py:183} INFO - Processing /opt/airflow/dags/airflow_pipeline.py took 0.214 seconds
[2025-07-26T16:42:21.077+0000] {processor.py:161} INFO - Started process (PID=274) to work on /opt/airflow/dags/airflow_pipeline.py
[2025-07-26T16:42:21.087+0000] {processor.py:830} INFO - Processing file /opt/airflow/dags/airflow_pipeline.py for tasks to queue
[2025-07-26T16:42:21.098+0000] {logging_mixin.py:188} INFO - [2025-07-26T16:42:21.097+0000] {dagbag.py:538} INFO - Filling up the DagBag from /opt/airflow/dags/airflow_pipeline.py
[2025-07-26T16:42:21.157+0000] {processor.py:840} INFO - DAG(s) 'pl001_ingest_crypto_postgres' retrieved from /opt/airflow/dags/airflow_pipeline.py
[2025-07-26T16:42:21.249+0000] {logging_mixin.py:188} INFO - [2025-07-26T16:42:21.248+0000] {dag.py:3036} INFO - Sync 1 DAGs
[2025-07-26T16:42:21.274+0000] {logging_mixin.py:188} INFO - [2025-07-26T16:42:21.273+0000] {dag.py:3823} INFO - Setting next_dagrun for pl001_ingest_crypto_postgres to None, run_after=None
[2025-07-26T16:42:21.313+0000] {processor.py:183} INFO - Processing /opt/airflow/dags/airflow_pipeline.py took 0.251 seconds
[2025-07-26T16:42:52.382+0000] {processor.py:161} INFO - Started process (PID=279) to work on /opt/airflow/dags/airflow_pipeline.py
[2025-07-26T16:42:52.391+0000] {processor.py:830} INFO - Processing file /opt/airflow/dags/airflow_pipeline.py for tasks to queue
[2025-07-26T16:42:52.400+0000] {logging_mixin.py:188} INFO - [2025-07-26T16:42:52.397+0000] {dagbag.py:538} INFO - Filling up the DagBag from /opt/airflow/dags/airflow_pipeline.py
[2025-07-26T16:42:52.599+0000] {processor.py:840} INFO - DAG(s) 'pl001_ingest_crypto_postgres' retrieved from /opt/airflow/dags/airflow_pipeline.py
[2025-07-26T16:42:52.920+0000] {logging_mixin.py:188} INFO - [2025-07-26T16:42:52.918+0000] {dag.py:3036} INFO - Sync 1 DAGs
[2025-07-26T16:42:53.099+0000] {logging_mixin.py:188} INFO - [2025-07-26T16:42:53.098+0000] {dag.py:3823} INFO - Setting next_dagrun for pl001_ingest_crypto_postgres to None, run_after=None
[2025-07-26T16:42:53.554+0000] {processor.py:183} INFO - Processing /opt/airflow/dags/airflow_pipeline.py took 1.215 seconds
[2025-07-26T16:43:24.723+0000] {processor.py:161} INFO - Started process (PID=284) to work on /opt/airflow/dags/airflow_pipeline.py
[2025-07-26T16:43:24.725+0000] {processor.py:830} INFO - Processing file /opt/airflow/dags/airflow_pipeline.py for tasks to queue
[2025-07-26T16:43:24.727+0000] {logging_mixin.py:188} INFO - [2025-07-26T16:43:24.727+0000] {dagbag.py:538} INFO - Filling up the DagBag from /opt/airflow/dags/airflow_pipeline.py
[2025-07-26T16:43:24.766+0000] {processor.py:840} INFO - DAG(s) 'pl001_ingest_crypto_postgres' retrieved from /opt/airflow/dags/airflow_pipeline.py
[2025-07-26T16:43:24.836+0000] {logging_mixin.py:188} INFO - [2025-07-26T16:43:24.835+0000] {dag.py:3036} INFO - Sync 1 DAGs
[2025-07-26T16:43:24.859+0000] {logging_mixin.py:188} INFO - [2025-07-26T16:43:24.859+0000] {dag.py:3823} INFO - Setting next_dagrun for pl001_ingest_crypto_postgres to None, run_after=None
[2025-07-26T16:43:24.902+0000] {processor.py:183} INFO - Processing /opt/airflow/dags/airflow_pipeline.py took 0.187 seconds
[2025-07-26T16:43:55.510+0000] {processor.py:161} INFO - Started process (PID=289) to work on /opt/airflow/dags/airflow_pipeline.py
[2025-07-26T16:43:55.516+0000] {processor.py:830} INFO - Processing file /opt/airflow/dags/airflow_pipeline.py for tasks to queue
[2025-07-26T16:43:55.519+0000] {logging_mixin.py:188} INFO - [2025-07-26T16:43:55.518+0000] {dagbag.py:538} INFO - Filling up the DagBag from /opt/airflow/dags/airflow_pipeline.py
[2025-07-26T16:43:55.563+0000] {processor.py:840} INFO - DAG(s) 'pl001_ingest_crypto_postgres' retrieved from /opt/airflow/dags/airflow_pipeline.py
[2025-07-26T16:43:55.629+0000] {logging_mixin.py:188} INFO - [2025-07-26T16:43:55.628+0000] {dag.py:3036} INFO - Sync 1 DAGs
[2025-07-26T16:43:55.656+0000] {logging_mixin.py:188} INFO - [2025-07-26T16:43:55.655+0000] {dag.py:3823} INFO - Setting next_dagrun for pl001_ingest_crypto_postgres to None, run_after=None
[2025-07-26T16:43:55.749+0000] {processor.py:183} INFO - Processing /opt/airflow/dags/airflow_pipeline.py took 0.247 seconds
[2025-07-26T16:44:26.733+0000] {processor.py:161} INFO - Started process (PID=294) to work on /opt/airflow/dags/airflow_pipeline.py
[2025-07-26T16:44:26.735+0000] {processor.py:830} INFO - Processing file /opt/airflow/dags/airflow_pipeline.py for tasks to queue
[2025-07-26T16:44:26.736+0000] {logging_mixin.py:188} INFO - [2025-07-26T16:44:26.736+0000] {dagbag.py:538} INFO - Filling up the DagBag from /opt/airflow/dags/airflow_pipeline.py
[2025-07-26T16:44:26.760+0000] {processor.py:840} INFO - DAG(s) 'pl001_ingest_crypto_postgres' retrieved from /opt/airflow/dags/airflow_pipeline.py
[2025-07-26T16:44:26.800+0000] {logging_mixin.py:188} INFO - [2025-07-26T16:44:26.799+0000] {dag.py:3036} INFO - Sync 1 DAGs
[2025-07-26T16:44:26.819+0000] {logging_mixin.py:188} INFO - [2025-07-26T16:44:26.819+0000] {dag.py:3823} INFO - Setting next_dagrun for pl001_ingest_crypto_postgres to None, run_after=None
[2025-07-26T16:44:26.860+0000] {processor.py:183} INFO - Processing /opt/airflow/dags/airflow_pipeline.py took 0.131 seconds
[2025-07-26T16:44:57.110+0000] {processor.py:161} INFO - Started process (PID=299) to work on /opt/airflow/dags/airflow_pipeline.py
[2025-07-26T16:44:57.112+0000] {processor.py:830} INFO - Processing file /opt/airflow/dags/airflow_pipeline.py for tasks to queue
[2025-07-26T16:44:57.114+0000] {logging_mixin.py:188} INFO - [2025-07-26T16:44:57.114+0000] {dagbag.py:538} INFO - Filling up the DagBag from /opt/airflow/dags/airflow_pipeline.py
[2025-07-26T16:44:57.138+0000] {processor.py:840} INFO - DAG(s) 'pl001_ingest_crypto_postgres' retrieved from /opt/airflow/dags/airflow_pipeline.py
[2025-07-26T16:44:57.181+0000] {logging_mixin.py:188} INFO - [2025-07-26T16:44:57.180+0000] {dag.py:3036} INFO - Sync 1 DAGs
[2025-07-26T16:44:57.196+0000] {logging_mixin.py:188} INFO - [2025-07-26T16:44:57.196+0000] {dag.py:3823} INFO - Setting next_dagrun for pl001_ingest_crypto_postgres to None, run_after=None
[2025-07-26T16:44:57.224+0000] {processor.py:183} INFO - Processing /opt/airflow/dags/airflow_pipeline.py took 0.121 seconds
[2025-07-26T16:45:27.674+0000] {processor.py:161} INFO - Started process (PID=304) to work on /opt/airflow/dags/airflow_pipeline.py
[2025-07-26T16:45:27.677+0000] {processor.py:830} INFO - Processing file /opt/airflow/dags/airflow_pipeline.py for tasks to queue
[2025-07-26T16:45:27.679+0000] {logging_mixin.py:188} INFO - [2025-07-26T16:45:27.678+0000] {dagbag.py:538} INFO - Filling up the DagBag from /opt/airflow/dags/airflow_pipeline.py
[2025-07-26T16:45:27.704+0000] {processor.py:840} INFO - DAG(s) 'pl001_ingest_crypto_postgres' retrieved from /opt/airflow/dags/airflow_pipeline.py
[2025-07-26T16:45:27.743+0000] {logging_mixin.py:188} INFO - [2025-07-26T16:45:27.743+0000] {dag.py:3036} INFO - Sync 1 DAGs
[2025-07-26T16:45:27.760+0000] {logging_mixin.py:188} INFO - [2025-07-26T16:45:27.759+0000] {dag.py:3823} INFO - Setting next_dagrun for pl001_ingest_crypto_postgres to None, run_after=None
[2025-07-26T16:45:27.790+0000] {processor.py:183} INFO - Processing /opt/airflow/dags/airflow_pipeline.py took 0.122 seconds
[2025-07-26T16:45:58.064+0000] {processor.py:161} INFO - Started process (PID=309) to work on /opt/airflow/dags/airflow_pipeline.py
[2025-07-26T16:45:58.067+0000] {processor.py:830} INFO - Processing file /opt/airflow/dags/airflow_pipeline.py for tasks to queue
[2025-07-26T16:45:58.070+0000] {logging_mixin.py:188} INFO - [2025-07-26T16:45:58.069+0000] {dagbag.py:538} INFO - Filling up the DagBag from /opt/airflow/dags/airflow_pipeline.py
[2025-07-26T16:45:58.131+0000] {processor.py:840} INFO - DAG(s) 'pl001_ingest_crypto_postgres' retrieved from /opt/airflow/dags/airflow_pipeline.py
[2025-07-26T16:45:58.194+0000] {logging_mixin.py:188} INFO - [2025-07-26T16:45:58.194+0000] {dag.py:3036} INFO - Sync 1 DAGs
[2025-07-26T16:45:58.225+0000] {logging_mixin.py:188} INFO - [2025-07-26T16:45:58.225+0000] {dag.py:3823} INFO - Setting next_dagrun for pl001_ingest_crypto_postgres to None, run_after=None
[2025-07-26T16:45:58.250+0000] {processor.py:183} INFO - Processing /opt/airflow/dags/airflow_pipeline.py took 0.204 seconds
[2025-07-26T16:46:28.488+0000] {processor.py:161} INFO - Started process (PID=314) to work on /opt/airflow/dags/airflow_pipeline.py
[2025-07-26T16:46:28.491+0000] {processor.py:830} INFO - Processing file /opt/airflow/dags/airflow_pipeline.py for tasks to queue
[2025-07-26T16:46:28.493+0000] {logging_mixin.py:188} INFO - [2025-07-26T16:46:28.493+0000] {dagbag.py:538} INFO - Filling up the DagBag from /opt/airflow/dags/airflow_pipeline.py
[2025-07-26T16:46:28.527+0000] {processor.py:840} INFO - DAG(s) 'pl001_ingest_crypto_postgres' retrieved from /opt/airflow/dags/airflow_pipeline.py
[2025-07-26T16:46:28.567+0000] {logging_mixin.py:188} INFO - [2025-07-26T16:46:28.567+0000] {dag.py:3036} INFO - Sync 1 DAGs
[2025-07-26T16:46:28.582+0000] {logging_mixin.py:188} INFO - [2025-07-26T16:46:28.582+0000] {dag.py:3823} INFO - Setting next_dagrun for pl001_ingest_crypto_postgres to None, run_after=None
[2025-07-26T16:46:28.608+0000] {processor.py:183} INFO - Processing /opt/airflow/dags/airflow_pipeline.py took 0.130 seconds
[2025-07-26T16:46:58.781+0000] {processor.py:161} INFO - Started process (PID=319) to work on /opt/airflow/dags/airflow_pipeline.py
[2025-07-26T16:46:58.783+0000] {processor.py:830} INFO - Processing file /opt/airflow/dags/airflow_pipeline.py for tasks to queue
[2025-07-26T16:46:58.785+0000] {logging_mixin.py:188} INFO - [2025-07-26T16:46:58.785+0000] {dagbag.py:538} INFO - Filling up the DagBag from /opt/airflow/dags/airflow_pipeline.py
[2025-07-26T16:46:58.827+0000] {processor.py:840} INFO - DAG(s) 'pl001_ingest_crypto_postgres' retrieved from /opt/airflow/dags/airflow_pipeline.py
[2025-07-26T16:46:58.926+0000] {logging_mixin.py:188} INFO - [2025-07-26T16:46:58.925+0000] {dag.py:3036} INFO - Sync 1 DAGs
[2025-07-26T16:46:58.965+0000] {logging_mixin.py:188} INFO - [2025-07-26T16:46:58.964+0000] {dag.py:3823} INFO - Setting next_dagrun for pl001_ingest_crypto_postgres to None, run_after=None
[2025-07-26T16:46:59.028+0000] {processor.py:183} INFO - Processing /opt/airflow/dags/airflow_pipeline.py took 0.253 seconds
[2025-07-26T16:47:29.299+0000] {processor.py:161} INFO - Started process (PID=324) to work on /opt/airflow/dags/airflow_pipeline.py
[2025-07-26T16:47:29.300+0000] {processor.py:830} INFO - Processing file /opt/airflow/dags/airflow_pipeline.py for tasks to queue
[2025-07-26T16:47:29.302+0000] {logging_mixin.py:188} INFO - [2025-07-26T16:47:29.301+0000] {dagbag.py:538} INFO - Filling up the DagBag from /opt/airflow/dags/airflow_pipeline.py
[2025-07-26T16:47:29.326+0000] {processor.py:840} INFO - DAG(s) 'pl001_ingest_crypto_postgres' retrieved from /opt/airflow/dags/airflow_pipeline.py
[2025-07-26T16:47:29.367+0000] {logging_mixin.py:188} INFO - [2025-07-26T16:47:29.367+0000] {dag.py:3036} INFO - Sync 1 DAGs
[2025-07-26T16:47:29.382+0000] {logging_mixin.py:188} INFO - [2025-07-26T16:47:29.381+0000] {dag.py:3823} INFO - Setting next_dagrun for pl001_ingest_crypto_postgres to None, run_after=None
[2025-07-26T16:47:29.407+0000] {processor.py:183} INFO - Processing /opt/airflow/dags/airflow_pipeline.py took 0.114 seconds
[2025-07-26T16:47:59.725+0000] {processor.py:161} INFO - Started process (PID=329) to work on /opt/airflow/dags/airflow_pipeline.py
[2025-07-26T16:47:59.727+0000] {processor.py:830} INFO - Processing file /opt/airflow/dags/airflow_pipeline.py for tasks to queue
[2025-07-26T16:47:59.728+0000] {logging_mixin.py:188} INFO - [2025-07-26T16:47:59.728+0000] {dagbag.py:538} INFO - Filling up the DagBag from /opt/airflow/dags/airflow_pipeline.py
[2025-07-26T16:47:59.751+0000] {processor.py:840} INFO - DAG(s) 'pl001_ingest_crypto_postgres' retrieved from /opt/airflow/dags/airflow_pipeline.py
[2025-07-26T16:47:59.789+0000] {logging_mixin.py:188} INFO - [2025-07-26T16:47:59.789+0000] {dag.py:3036} INFO - Sync 1 DAGs
[2025-07-26T16:47:59.804+0000] {logging_mixin.py:188} INFO - [2025-07-26T16:47:59.804+0000] {dag.py:3823} INFO - Setting next_dagrun for pl001_ingest_crypto_postgres to None, run_after=None
[2025-07-26T16:47:59.835+0000] {processor.py:183} INFO - Processing /opt/airflow/dags/airflow_pipeline.py took 0.114 seconds
[2025-07-26T16:48:30.531+0000] {processor.py:161} INFO - Started process (PID=334) to work on /opt/airflow/dags/airflow_pipeline.py
[2025-07-26T16:48:30.539+0000] {processor.py:830} INFO - Processing file /opt/airflow/dags/airflow_pipeline.py for tasks to queue
[2025-07-26T16:48:30.549+0000] {logging_mixin.py:188} INFO - [2025-07-26T16:48:30.545+0000] {dagbag.py:538} INFO - Filling up the DagBag from /opt/airflow/dags/airflow_pipeline.py
[2025-07-26T16:48:30.802+0000] {processor.py:840} INFO - DAG(s) 'pl001_ingest_crypto_postgres' retrieved from /opt/airflow/dags/airflow_pipeline.py
[2025-07-26T16:48:31.247+0000] {logging_mixin.py:188} INFO - [2025-07-26T16:48:31.244+0000] {dag.py:3036} INFO - Sync 1 DAGs
[2025-07-26T16:48:31.455+0000] {logging_mixin.py:188} INFO - [2025-07-26T16:48:31.454+0000] {dag.py:3823} INFO - Setting next_dagrun for pl001_ingest_crypto_postgres to None, run_after=None
[2025-07-26T16:48:31.843+0000] {processor.py:183} INFO - Processing /opt/airflow/dags/airflow_pipeline.py took 1.347 seconds
[2025-07-26T16:49:02.460+0000] {processor.py:161} INFO - Started process (PID=339) to work on /opt/airflow/dags/airflow_pipeline.py
[2025-07-26T16:49:02.462+0000] {processor.py:830} INFO - Processing file /opt/airflow/dags/airflow_pipeline.py for tasks to queue
[2025-07-26T16:49:02.463+0000] {logging_mixin.py:188} INFO - [2025-07-26T16:49:02.463+0000] {dagbag.py:538} INFO - Filling up the DagBag from /opt/airflow/dags/airflow_pipeline.py
[2025-07-26T16:49:02.491+0000] {processor.py:840} INFO - DAG(s) 'pl001_ingest_crypto_postgres' retrieved from /opt/airflow/dags/airflow_pipeline.py
[2025-07-26T16:49:02.533+0000] {logging_mixin.py:188} INFO - [2025-07-26T16:49:02.532+0000] {dag.py:3036} INFO - Sync 1 DAGs
[2025-07-26T16:49:02.547+0000] {logging_mixin.py:188} INFO - [2025-07-26T16:49:02.547+0000] {dag.py:3823} INFO - Setting next_dagrun for pl001_ingest_crypto_postgres to None, run_after=None
[2025-07-26T16:49:02.574+0000] {processor.py:183} INFO - Processing /opt/airflow/dags/airflow_pipeline.py took 0.125 seconds
[2025-07-26T16:49:32.750+0000] {processor.py:161} INFO - Started process (PID=344) to work on /opt/airflow/dags/airflow_pipeline.py
[2025-07-26T16:49:32.752+0000] {processor.py:830} INFO - Processing file /opt/airflow/dags/airflow_pipeline.py for tasks to queue
[2025-07-26T16:49:32.754+0000] {logging_mixin.py:188} INFO - [2025-07-26T16:49:32.754+0000] {dagbag.py:538} INFO - Filling up the DagBag from /opt/airflow/dags/airflow_pipeline.py
[2025-07-26T16:49:32.780+0000] {processor.py:840} INFO - DAG(s) 'pl001_ingest_crypto_postgres' retrieved from /opt/airflow/dags/airflow_pipeline.py
[2025-07-26T16:49:32.827+0000] {logging_mixin.py:188} INFO - [2025-07-26T16:49:32.826+0000] {dag.py:3036} INFO - Sync 1 DAGs
[2025-07-26T16:49:32.842+0000] {logging_mixin.py:188} INFO - [2025-07-26T16:49:32.841+0000] {dag.py:3823} INFO - Setting next_dagrun for pl001_ingest_crypto_postgres to None, run_after=None
[2025-07-26T16:49:32.869+0000] {processor.py:183} INFO - Processing /opt/airflow/dags/airflow_pipeline.py took 0.126 seconds
[2025-07-26T16:50:03.215+0000] {processor.py:161} INFO - Started process (PID=349) to work on /opt/airflow/dags/airflow_pipeline.py
[2025-07-26T16:50:03.216+0000] {processor.py:830} INFO - Processing file /opt/airflow/dags/airflow_pipeline.py for tasks to queue
[2025-07-26T16:50:03.217+0000] {logging_mixin.py:188} INFO - [2025-07-26T16:50:03.217+0000] {dagbag.py:538} INFO - Filling up the DagBag from /opt/airflow/dags/airflow_pipeline.py
[2025-07-26T16:50:03.241+0000] {processor.py:840} INFO - DAG(s) 'pl001_ingest_crypto_postgres' retrieved from /opt/airflow/dags/airflow_pipeline.py
[2025-07-26T16:50:03.279+0000] {logging_mixin.py:188} INFO - [2025-07-26T16:50:03.279+0000] {dag.py:3036} INFO - Sync 1 DAGs
[2025-07-26T16:50:03.296+0000] {logging_mixin.py:188} INFO - [2025-07-26T16:50:03.296+0000] {dag.py:3823} INFO - Setting next_dagrun for pl001_ingest_crypto_postgres to None, run_after=None
[2025-07-26T16:50:03.325+0000] {processor.py:183} INFO - Processing /opt/airflow/dags/airflow_pipeline.py took 0.114 seconds
[2025-07-26T16:50:33.673+0000] {processor.py:161} INFO - Started process (PID=354) to work on /opt/airflow/dags/airflow_pipeline.py
[2025-07-26T16:50:33.675+0000] {processor.py:830} INFO - Processing file /opt/airflow/dags/airflow_pipeline.py for tasks to queue
[2025-07-26T16:50:33.678+0000] {logging_mixin.py:188} INFO - [2025-07-26T16:50:33.677+0000] {dagbag.py:538} INFO - Filling up the DagBag from /opt/airflow/dags/airflow_pipeline.py
[2025-07-26T16:50:33.705+0000] {processor.py:840} INFO - DAG(s) 'pl001_ingest_crypto_postgres' retrieved from /opt/airflow/dags/airflow_pipeline.py
[2025-07-26T16:50:33.743+0000] {logging_mixin.py:188} INFO - [2025-07-26T16:50:33.742+0000] {dag.py:3036} INFO - Sync 1 DAGs
[2025-07-26T16:50:33.757+0000] {logging_mixin.py:188} INFO - [2025-07-26T16:50:33.757+0000] {dag.py:3823} INFO - Setting next_dagrun for pl001_ingest_crypto_postgres to None, run_after=None
[2025-07-26T16:50:33.784+0000] {processor.py:183} INFO - Processing /opt/airflow/dags/airflow_pipeline.py took 0.117 seconds
[2025-07-26T16:51:04.294+0000] {processor.py:161} INFO - Started process (PID=359) to work on /opt/airflow/dags/airflow_pipeline.py
[2025-07-26T16:51:04.298+0000] {processor.py:830} INFO - Processing file /opt/airflow/dags/airflow_pipeline.py for tasks to queue
[2025-07-26T16:51:04.303+0000] {logging_mixin.py:188} INFO - [2025-07-26T16:51:04.302+0000] {dagbag.py:538} INFO - Filling up the DagBag from /opt/airflow/dags/airflow_pipeline.py
[2025-07-26T16:51:04.338+0000] {processor.py:840} INFO - DAG(s) 'pl001_ingest_crypto_postgres' retrieved from /opt/airflow/dags/airflow_pipeline.py
[2025-07-26T16:51:04.384+0000] {logging_mixin.py:188} INFO - [2025-07-26T16:51:04.384+0000] {dag.py:3036} INFO - Sync 1 DAGs
[2025-07-26T16:51:04.406+0000] {logging_mixin.py:188} INFO - [2025-07-26T16:51:04.406+0000] {dag.py:3823} INFO - Setting next_dagrun for pl001_ingest_crypto_postgres to None, run_after=None
[2025-07-26T16:51:04.447+0000] {processor.py:183} INFO - Processing /opt/airflow/dags/airflow_pipeline.py took 0.160 seconds
[2025-07-26T16:51:34.684+0000] {processor.py:161} INFO - Started process (PID=364) to work on /opt/airflow/dags/airflow_pipeline.py
[2025-07-26T16:51:34.686+0000] {processor.py:830} INFO - Processing file /opt/airflow/dags/airflow_pipeline.py for tasks to queue
[2025-07-26T16:51:34.687+0000] {logging_mixin.py:188} INFO - [2025-07-26T16:51:34.687+0000] {dagbag.py:538} INFO - Filling up the DagBag from /opt/airflow/dags/airflow_pipeline.py
[2025-07-26T16:51:34.712+0000] {processor.py:840} INFO - DAG(s) 'pl001_ingest_crypto_postgres' retrieved from /opt/airflow/dags/airflow_pipeline.py
[2025-07-26T16:51:34.752+0000] {logging_mixin.py:188} INFO - [2025-07-26T16:51:34.752+0000] {dag.py:3036} INFO - Sync 1 DAGs
[2025-07-26T16:51:34.767+0000] {logging_mixin.py:188} INFO - [2025-07-26T16:51:34.767+0000] {dag.py:3823} INFO - Setting next_dagrun for pl001_ingest_crypto_postgres to None, run_after=None
[2025-07-26T16:51:34.795+0000] {processor.py:183} INFO - Processing /opt/airflow/dags/airflow_pipeline.py took 0.116 seconds
[2025-07-26T16:52:05.172+0000] {processor.py:161} INFO - Started process (PID=369) to work on /opt/airflow/dags/airflow_pipeline.py
[2025-07-26T16:52:05.174+0000] {processor.py:830} INFO - Processing file /opt/airflow/dags/airflow_pipeline.py for tasks to queue
[2025-07-26T16:52:05.175+0000] {logging_mixin.py:188} INFO - [2025-07-26T16:52:05.175+0000] {dagbag.py:538} INFO - Filling up the DagBag from /opt/airflow/dags/airflow_pipeline.py
[2025-07-26T16:52:05.197+0000] {processor.py:840} INFO - DAG(s) 'pl001_ingest_crypto_postgres' retrieved from /opt/airflow/dags/airflow_pipeline.py
[2025-07-26T16:52:05.234+0000] {logging_mixin.py:188} INFO - [2025-07-26T16:52:05.234+0000] {dag.py:3036} INFO - Sync 1 DAGs
[2025-07-26T16:52:05.250+0000] {logging_mixin.py:188} INFO - [2025-07-26T16:52:05.250+0000] {dag.py:3823} INFO - Setting next_dagrun for pl001_ingest_crypto_postgres to None, run_after=None
[2025-07-26T16:52:05.277+0000] {processor.py:183} INFO - Processing /opt/airflow/dags/airflow_pipeline.py took 0.108 seconds
[2025-07-26T16:52:35.547+0000] {processor.py:161} INFO - Started process (PID=374) to work on /opt/airflow/dags/airflow_pipeline.py
[2025-07-26T16:52:35.549+0000] {processor.py:830} INFO - Processing file /opt/airflow/dags/airflow_pipeline.py for tasks to queue
[2025-07-26T16:52:35.551+0000] {logging_mixin.py:188} INFO - [2025-07-26T16:52:35.550+0000] {dagbag.py:538} INFO - Filling up the DagBag from /opt/airflow/dags/airflow_pipeline.py
[2025-07-26T16:52:35.581+0000] {processor.py:840} INFO - DAG(s) 'pl001_ingest_crypto_postgres' retrieved from /opt/airflow/dags/airflow_pipeline.py
[2025-07-26T16:52:35.620+0000] {logging_mixin.py:188} INFO - [2025-07-26T16:52:35.620+0000] {dag.py:3036} INFO - Sync 1 DAGs
[2025-07-26T16:52:35.636+0000] {logging_mixin.py:188} INFO - [2025-07-26T16:52:35.635+0000] {dag.py:3823} INFO - Setting next_dagrun for pl001_ingest_crypto_postgres to None, run_after=None
[2025-07-26T16:52:35.663+0000] {processor.py:183} INFO - Processing /opt/airflow/dags/airflow_pipeline.py took 0.122 seconds
[2025-07-26T16:53:06.046+0000] {processor.py:161} INFO - Started process (PID=379) to work on /opt/airflow/dags/airflow_pipeline.py
[2025-07-26T16:53:06.048+0000] {processor.py:830} INFO - Processing file /opt/airflow/dags/airflow_pipeline.py for tasks to queue
[2025-07-26T16:53:06.050+0000] {logging_mixin.py:188} INFO - [2025-07-26T16:53:06.049+0000] {dagbag.py:538} INFO - Filling up the DagBag from /opt/airflow/dags/airflow_pipeline.py
[2025-07-26T16:53:06.075+0000] {processor.py:840} INFO - DAG(s) 'pl001_ingest_crypto_postgres' retrieved from /opt/airflow/dags/airflow_pipeline.py
[2025-07-26T16:53:06.117+0000] {logging_mixin.py:188} INFO - [2025-07-26T16:53:06.116+0000] {dag.py:3036} INFO - Sync 1 DAGs
[2025-07-26T16:53:06.138+0000] {logging_mixin.py:188} INFO - [2025-07-26T16:53:06.137+0000] {dag.py:3823} INFO - Setting next_dagrun for pl001_ingest_crypto_postgres to None, run_after=None
[2025-07-26T16:53:06.165+0000] {processor.py:183} INFO - Processing /opt/airflow/dags/airflow_pipeline.py took 0.124 seconds
[2025-07-26T16:53:36.493+0000] {processor.py:161} INFO - Started process (PID=384) to work on /opt/airflow/dags/airflow_pipeline.py
[2025-07-26T16:53:36.495+0000] {processor.py:830} INFO - Processing file /opt/airflow/dags/airflow_pipeline.py for tasks to queue
[2025-07-26T16:53:36.497+0000] {logging_mixin.py:188} INFO - [2025-07-26T16:53:36.496+0000] {dagbag.py:538} INFO - Filling up the DagBag from /opt/airflow/dags/airflow_pipeline.py
[2025-07-26T16:53:36.527+0000] {processor.py:840} INFO - DAG(s) 'pl001_ingest_crypto_postgres' retrieved from /opt/airflow/dags/airflow_pipeline.py
[2025-07-26T16:53:36.566+0000] {logging_mixin.py:188} INFO - [2025-07-26T16:53:36.566+0000] {dag.py:3036} INFO - Sync 1 DAGs
[2025-07-26T16:53:36.581+0000] {logging_mixin.py:188} INFO - [2025-07-26T16:53:36.581+0000] {dag.py:3823} INFO - Setting next_dagrun for pl001_ingest_crypto_postgres to None, run_after=None
[2025-07-26T16:53:36.609+0000] {processor.py:183} INFO - Processing /opt/airflow/dags/airflow_pipeline.py took 0.119 seconds
[2025-07-26T16:54:06.899+0000] {processor.py:161} INFO - Started process (PID=389) to work on /opt/airflow/dags/airflow_pipeline.py
[2025-07-26T16:54:06.901+0000] {processor.py:830} INFO - Processing file /opt/airflow/dags/airflow_pipeline.py for tasks to queue
[2025-07-26T16:54:06.906+0000] {logging_mixin.py:188} INFO - [2025-07-26T16:54:06.906+0000] {dagbag.py:538} INFO - Filling up the DagBag from /opt/airflow/dags/airflow_pipeline.py
[2025-07-26T16:54:06.966+0000] {processor.py:840} INFO - DAG(s) 'pl001_ingest_crypto_postgres' retrieved from /opt/airflow/dags/airflow_pipeline.py
[2025-07-26T16:54:07.018+0000] {logging_mixin.py:188} INFO - [2025-07-26T16:54:07.017+0000] {dag.py:3036} INFO - Sync 1 DAGs
[2025-07-26T16:54:07.032+0000] {logging_mixin.py:188} INFO - [2025-07-26T16:54:07.032+0000] {dag.py:3823} INFO - Setting next_dagrun for pl001_ingest_crypto_postgres to None, run_after=None
[2025-07-26T16:54:07.057+0000] {processor.py:183} INFO - Processing /opt/airflow/dags/airflow_pipeline.py took 0.174 seconds
[2025-07-26T16:54:37.362+0000] {processor.py:161} INFO - Started process (PID=394) to work on /opt/airflow/dags/airflow_pipeline.py
[2025-07-26T16:54:37.366+0000] {processor.py:830} INFO - Processing file /opt/airflow/dags/airflow_pipeline.py for tasks to queue
[2025-07-26T16:54:37.368+0000] {logging_mixin.py:188} INFO - [2025-07-26T16:54:37.368+0000] {dagbag.py:538} INFO - Filling up the DagBag from /opt/airflow/dags/airflow_pipeline.py
[2025-07-26T16:54:37.400+0000] {processor.py:840} INFO - DAG(s) 'pl001_ingest_crypto_postgres' retrieved from /opt/airflow/dags/airflow_pipeline.py
[2025-07-26T16:54:37.441+0000] {logging_mixin.py:188} INFO - [2025-07-26T16:54:37.440+0000] {dag.py:3036} INFO - Sync 1 DAGs
[2025-07-26T16:54:37.456+0000] {logging_mixin.py:188} INFO - [2025-07-26T16:54:37.455+0000] {dag.py:3823} INFO - Setting next_dagrun for pl001_ingest_crypto_postgres to None, run_after=None
[2025-07-26T16:54:37.483+0000] {processor.py:183} INFO - Processing /opt/airflow/dags/airflow_pipeline.py took 0.133 seconds
[2025-07-26T16:55:07.783+0000] {processor.py:161} INFO - Started process (PID=399) to work on /opt/airflow/dags/airflow_pipeline.py
[2025-07-26T16:55:07.799+0000] {processor.py:830} INFO - Processing file /opt/airflow/dags/airflow_pipeline.py for tasks to queue
[2025-07-26T16:55:07.801+0000] {logging_mixin.py:188} INFO - [2025-07-26T16:55:07.801+0000] {dagbag.py:538} INFO - Filling up the DagBag from /opt/airflow/dags/airflow_pipeline.py
[2025-07-26T16:55:07.837+0000] {processor.py:840} INFO - DAG(s) 'pl001_ingest_crypto_postgres' retrieved from /opt/airflow/dags/airflow_pipeline.py
[2025-07-26T16:55:07.877+0000] {logging_mixin.py:188} INFO - [2025-07-26T16:55:07.877+0000] {dag.py:3036} INFO - Sync 1 DAGs
[2025-07-26T16:55:07.892+0000] {logging_mixin.py:188} INFO - [2025-07-26T16:55:07.892+0000] {dag.py:3823} INFO - Setting next_dagrun for pl001_ingest_crypto_postgres to None, run_after=None
[2025-07-26T16:55:07.918+0000] {processor.py:183} INFO - Processing /opt/airflow/dags/airflow_pipeline.py took 0.148 seconds
[2025-07-26T16:55:38.193+0000] {processor.py:161} INFO - Started process (PID=404) to work on /opt/airflow/dags/airflow_pipeline.py
[2025-07-26T16:55:38.194+0000] {processor.py:830} INFO - Processing file /opt/airflow/dags/airflow_pipeline.py for tasks to queue
[2025-07-26T16:55:38.196+0000] {logging_mixin.py:188} INFO - [2025-07-26T16:55:38.195+0000] {dagbag.py:538} INFO - Filling up the DagBag from /opt/airflow/dags/airflow_pipeline.py
[2025-07-26T16:55:38.222+0000] {processor.py:840} INFO - DAG(s) 'pl001_ingest_crypto_postgres' retrieved from /opt/airflow/dags/airflow_pipeline.py
[2025-07-26T16:55:38.263+0000] {logging_mixin.py:188} INFO - [2025-07-26T16:55:38.262+0000] {dag.py:3036} INFO - Sync 1 DAGs
[2025-07-26T16:55:38.278+0000] {logging_mixin.py:188} INFO - [2025-07-26T16:55:38.278+0000] {dag.py:3823} INFO - Setting next_dagrun for pl001_ingest_crypto_postgres to None, run_after=None
[2025-07-26T16:55:38.308+0000] {processor.py:183} INFO - Processing /opt/airflow/dags/airflow_pipeline.py took 0.120 seconds
[2025-07-26T16:56:08.769+0000] {processor.py:161} INFO - Started process (PID=409) to work on /opt/airflow/dags/airflow_pipeline.py
[2025-07-26T16:56:08.775+0000] {processor.py:830} INFO - Processing file /opt/airflow/dags/airflow_pipeline.py for tasks to queue
[2025-07-26T16:56:08.777+0000] {logging_mixin.py:188} INFO - [2025-07-26T16:56:08.776+0000] {dagbag.py:538} INFO - Filling up the DagBag from /opt/airflow/dags/airflow_pipeline.py
[2025-07-26T16:56:08.822+0000] {processor.py:840} INFO - DAG(s) 'pl001_ingest_crypto_postgres' retrieved from /opt/airflow/dags/airflow_pipeline.py
[2025-07-26T16:56:08.900+0000] {logging_mixin.py:188} INFO - [2025-07-26T16:56:08.899+0000] {dag.py:3036} INFO - Sync 1 DAGs
[2025-07-26T16:56:08.929+0000] {logging_mixin.py:188} INFO - [2025-07-26T16:56:08.928+0000] {dag.py:3823} INFO - Setting next_dagrun for pl001_ingest_crypto_postgres to None, run_after=None
[2025-07-26T16:56:08.962+0000] {processor.py:183} INFO - Processing /opt/airflow/dags/airflow_pipeline.py took 0.204 seconds
[2025-07-26T16:56:39.186+0000] {processor.py:161} INFO - Started process (PID=414) to work on /opt/airflow/dags/airflow_pipeline.py
[2025-07-26T16:56:39.189+0000] {processor.py:830} INFO - Processing file /opt/airflow/dags/airflow_pipeline.py for tasks to queue
[2025-07-26T16:56:39.192+0000] {logging_mixin.py:188} INFO - [2025-07-26T16:56:39.192+0000] {dagbag.py:538} INFO - Filling up the DagBag from /opt/airflow/dags/airflow_pipeline.py
[2025-07-26T16:56:39.245+0000] {processor.py:840} INFO - DAG(s) 'pl001_ingest_crypto_postgres' retrieved from /opt/airflow/dags/airflow_pipeline.py
[2025-07-26T16:56:39.313+0000] {logging_mixin.py:188} INFO - [2025-07-26T16:56:39.313+0000] {dag.py:3036} INFO - Sync 1 DAGs
[2025-07-26T16:56:39.342+0000] {logging_mixin.py:188} INFO - [2025-07-26T16:56:39.341+0000] {dag.py:3823} INFO - Setting next_dagrun for pl001_ingest_crypto_postgres to None, run_after=None
[2025-07-26T16:56:39.395+0000] {processor.py:183} INFO - Processing /opt/airflow/dags/airflow_pipeline.py took 0.217 seconds
[2025-07-26T16:57:09.591+0000] {processor.py:161} INFO - Started process (PID=419) to work on /opt/airflow/dags/airflow_pipeline.py
[2025-07-26T16:57:09.593+0000] {processor.py:830} INFO - Processing file /opt/airflow/dags/airflow_pipeline.py for tasks to queue
[2025-07-26T16:57:09.595+0000] {logging_mixin.py:188} INFO - [2025-07-26T16:57:09.595+0000] {dagbag.py:538} INFO - Filling up the DagBag from /opt/airflow/dags/airflow_pipeline.py
[2025-07-26T16:57:09.647+0000] {processor.py:840} INFO - DAG(s) 'pl001_ingest_crypto_postgres' retrieved from /opt/airflow/dags/airflow_pipeline.py
[2025-07-26T16:57:09.701+0000] {logging_mixin.py:188} INFO - [2025-07-26T16:57:09.700+0000] {dag.py:3036} INFO - Sync 1 DAGs
[2025-07-26T16:57:09.717+0000] {logging_mixin.py:188} INFO - [2025-07-26T16:57:09.716+0000] {dag.py:3823} INFO - Setting next_dagrun for pl001_ingest_crypto_postgres to None, run_after=None
[2025-07-26T16:57:09.746+0000] {processor.py:183} INFO - Processing /opt/airflow/dags/airflow_pipeline.py took 0.166 seconds
[2025-07-26T16:57:40.094+0000] {processor.py:161} INFO - Started process (PID=424) to work on /opt/airflow/dags/airflow_pipeline.py
[2025-07-26T16:57:40.096+0000] {processor.py:830} INFO - Processing file /opt/airflow/dags/airflow_pipeline.py for tasks to queue
[2025-07-26T16:57:40.098+0000] {logging_mixin.py:188} INFO - [2025-07-26T16:57:40.097+0000] {dagbag.py:538} INFO - Filling up the DagBag from /opt/airflow/dags/airflow_pipeline.py
[2025-07-26T16:57:40.129+0000] {processor.py:840} INFO - DAG(s) 'pl001_ingest_crypto_postgres' retrieved from /opt/airflow/dags/airflow_pipeline.py
[2025-07-26T16:57:40.182+0000] {logging_mixin.py:188} INFO - [2025-07-26T16:57:40.181+0000] {dag.py:3036} INFO - Sync 1 DAGs
[2025-07-26T16:57:40.198+0000] {logging_mixin.py:188} INFO - [2025-07-26T16:57:40.197+0000] {dag.py:3823} INFO - Setting next_dagrun for pl001_ingest_crypto_postgres to None, run_after=None
[2025-07-26T16:57:40.225+0000] {processor.py:183} INFO - Processing /opt/airflow/dags/airflow_pipeline.py took 0.135 seconds
[2025-07-26T16:58:10.521+0000] {processor.py:161} INFO - Started process (PID=429) to work on /opt/airflow/dags/airflow_pipeline.py
[2025-07-26T16:58:10.522+0000] {processor.py:830} INFO - Processing file /opt/airflow/dags/airflow_pipeline.py for tasks to queue
[2025-07-26T16:58:10.524+0000] {logging_mixin.py:188} INFO - [2025-07-26T16:58:10.523+0000] {dagbag.py:538} INFO - Filling up the DagBag from /opt/airflow/dags/airflow_pipeline.py
[2025-07-26T16:58:10.554+0000] {processor.py:840} INFO - DAG(s) 'pl001_ingest_crypto_postgres' retrieved from /opt/airflow/dags/airflow_pipeline.py
[2025-07-26T16:58:10.613+0000] {logging_mixin.py:188} INFO - [2025-07-26T16:58:10.612+0000] {dag.py:3036} INFO - Sync 1 DAGs
[2025-07-26T16:58:10.639+0000] {logging_mixin.py:188} INFO - [2025-07-26T16:58:10.638+0000] {dag.py:3823} INFO - Setting next_dagrun for pl001_ingest_crypto_postgres to None, run_after=None
[2025-07-26T16:58:10.678+0000] {processor.py:183} INFO - Processing /opt/airflow/dags/airflow_pipeline.py took 0.164 seconds
[2025-07-26T16:58:40.925+0000] {processor.py:161} INFO - Started process (PID=434) to work on /opt/airflow/dags/airflow_pipeline.py
[2025-07-26T16:58:40.927+0000] {processor.py:830} INFO - Processing file /opt/airflow/dags/airflow_pipeline.py for tasks to queue
[2025-07-26T16:58:40.929+0000] {logging_mixin.py:188} INFO - [2025-07-26T16:58:40.928+0000] {dagbag.py:538} INFO - Filling up the DagBag from /opt/airflow/dags/airflow_pipeline.py
[2025-07-26T16:58:40.958+0000] {processor.py:840} INFO - DAG(s) 'pl001_ingest_crypto_postgres' retrieved from /opt/airflow/dags/airflow_pipeline.py
[2025-07-26T16:58:41.003+0000] {logging_mixin.py:188} INFO - [2025-07-26T16:58:41.003+0000] {dag.py:3036} INFO - Sync 1 DAGs
[2025-07-26T16:58:41.023+0000] {logging_mixin.py:188} INFO - [2025-07-26T16:58:41.022+0000] {dag.py:3823} INFO - Setting next_dagrun for pl001_ingest_crypto_postgres to None, run_after=None
[2025-07-26T16:58:41.047+0000] {processor.py:183} INFO - Processing /opt/airflow/dags/airflow_pipeline.py took 0.129 seconds
[2025-07-26T16:59:11.356+0000] {processor.py:161} INFO - Started process (PID=439) to work on /opt/airflow/dags/airflow_pipeline.py
[2025-07-26T16:59:11.358+0000] {processor.py:830} INFO - Processing file /opt/airflow/dags/airflow_pipeline.py for tasks to queue
[2025-07-26T16:59:11.360+0000] {logging_mixin.py:188} INFO - [2025-07-26T16:59:11.359+0000] {dagbag.py:538} INFO - Filling up the DagBag from /opt/airflow/dags/airflow_pipeline.py
[2025-07-26T16:59:11.395+0000] {processor.py:840} INFO - DAG(s) 'pl001_ingest_crypto_postgres' retrieved from /opt/airflow/dags/airflow_pipeline.py
[2025-07-26T16:59:11.513+0000] {logging_mixin.py:188} INFO - [2025-07-26T16:59:11.513+0000] {dag.py:3036} INFO - Sync 1 DAGs
[2025-07-26T16:59:11.544+0000] {logging_mixin.py:188} INFO - [2025-07-26T16:59:11.544+0000] {dag.py:3823} INFO - Setting next_dagrun for pl001_ingest_crypto_postgres to None, run_after=None
[2025-07-26T16:59:11.592+0000] {processor.py:183} INFO - Processing /opt/airflow/dags/airflow_pipeline.py took 0.245 seconds
[2025-07-26T16:59:41.749+0000] {processor.py:161} INFO - Started process (PID=444) to work on /opt/airflow/dags/airflow_pipeline.py
[2025-07-26T16:59:41.752+0000] {processor.py:830} INFO - Processing file /opt/airflow/dags/airflow_pipeline.py for tasks to queue
[2025-07-26T16:59:41.754+0000] {logging_mixin.py:188} INFO - [2025-07-26T16:59:41.753+0000] {dagbag.py:538} INFO - Filling up the DagBag from /opt/airflow/dags/airflow_pipeline.py
[2025-07-26T16:59:41.797+0000] {processor.py:840} INFO - DAG(s) 'pl001_ingest_crypto_postgres' retrieved from /opt/airflow/dags/airflow_pipeline.py
[2025-07-26T16:59:41.871+0000] {logging_mixin.py:188} INFO - [2025-07-26T16:59:41.871+0000] {dag.py:3036} INFO - Sync 1 DAGs
[2025-07-26T16:59:41.893+0000] {logging_mixin.py:188} INFO - [2025-07-26T16:59:41.893+0000] {dag.py:3823} INFO - Setting next_dagrun for pl001_ingest_crypto_postgres to None, run_after=None
[2025-07-26T16:59:41.925+0000] {processor.py:183} INFO - Processing /opt/airflow/dags/airflow_pipeline.py took 0.183 seconds
[2025-07-26T17:00:12.404+0000] {processor.py:161} INFO - Started process (PID=449) to work on /opt/airflow/dags/airflow_pipeline.py
[2025-07-26T17:00:12.405+0000] {processor.py:830} INFO - Processing file /opt/airflow/dags/airflow_pipeline.py for tasks to queue
[2025-07-26T17:00:12.407+0000] {logging_mixin.py:188} INFO - [2025-07-26T17:00:12.406+0000] {dagbag.py:538} INFO - Filling up the DagBag from /opt/airflow/dags/airflow_pipeline.py
[2025-07-26T17:00:12.432+0000] {processor.py:840} INFO - DAG(s) 'pl001_ingest_crypto_postgres' retrieved from /opt/airflow/dags/airflow_pipeline.py
[2025-07-26T17:00:12.472+0000] {logging_mixin.py:188} INFO - [2025-07-26T17:00:12.472+0000] {dag.py:3036} INFO - Sync 1 DAGs
[2025-07-26T17:00:12.486+0000] {logging_mixin.py:188} INFO - [2025-07-26T17:00:12.486+0000] {dag.py:3823} INFO - Setting next_dagrun for pl001_ingest_crypto_postgres to None, run_after=None
[2025-07-26T17:00:12.513+0000] {processor.py:183} INFO - Processing /opt/airflow/dags/airflow_pipeline.py took 0.114 seconds
[2025-07-26T17:00:42.789+0000] {processor.py:161} INFO - Started process (PID=454) to work on /opt/airflow/dags/airflow_pipeline.py
[2025-07-26T17:00:42.790+0000] {processor.py:830} INFO - Processing file /opt/airflow/dags/airflow_pipeline.py for tasks to queue
[2025-07-26T17:00:42.792+0000] {logging_mixin.py:188} INFO - [2025-07-26T17:00:42.791+0000] {dagbag.py:538} INFO - Filling up the DagBag from /opt/airflow/dags/airflow_pipeline.py
[2025-07-26T17:00:42.820+0000] {processor.py:840} INFO - DAG(s) 'pl001_ingest_crypto_postgres' retrieved from /opt/airflow/dags/airflow_pipeline.py
[2025-07-26T17:00:42.874+0000] {logging_mixin.py:188} INFO - [2025-07-26T17:00:42.874+0000] {dag.py:3036} INFO - Sync 1 DAGs
[2025-07-26T17:00:42.897+0000] {logging_mixin.py:188} INFO - [2025-07-26T17:00:42.896+0000] {dag.py:3823} INFO - Setting next_dagrun for pl001_ingest_crypto_postgres to None, run_after=None
[2025-07-26T17:00:42.927+0000] {processor.py:183} INFO - Processing /opt/airflow/dags/airflow_pipeline.py took 0.145 seconds
[2025-07-26T17:00:47.999+0000] {processor.py:161} INFO - Started process (PID=459) to work on /opt/airflow/dags/airflow_pipeline.py
[2025-07-26T17:00:48.000+0000] {processor.py:830} INFO - Processing file /opt/airflow/dags/airflow_pipeline.py for tasks to queue
[2025-07-26T17:00:48.001+0000] {logging_mixin.py:188} INFO - [2025-07-26T17:00:48.001+0000] {dagbag.py:538} INFO - Filling up the DagBag from /opt/airflow/dags/airflow_pipeline.py
[2025-07-26T17:00:48.050+0000] {processor.py:840} INFO - DAG(s) 'pl001_ingest_crypto_postgres' retrieved from /opt/airflow/dags/airflow_pipeline.py
[2025-07-26T17:00:48.251+0000] {logging_mixin.py:188} INFO - [2025-07-26T17:00:48.251+0000] {dag.py:3036} INFO - Sync 1 DAGs
[2025-07-26T17:00:48.269+0000] {logging_mixin.py:188} INFO - [2025-07-26T17:00:48.268+0000] {dag.py:3823} INFO - Setting next_dagrun for pl001_ingest_crypto_postgres to None, run_after=None
[2025-07-26T17:00:48.307+0000] {processor.py:183} INFO - Processing /opt/airflow/dags/airflow_pipeline.py took 0.313 seconds
[2025-07-26T17:00:49.064+0000] {processor.py:161} INFO - Started process (PID=464) to work on /opt/airflow/dags/airflow_pipeline.py
[2025-07-26T17:00:49.065+0000] {processor.py:830} INFO - Processing file /opt/airflow/dags/airflow_pipeline.py for tasks to queue
[2025-07-26T17:00:49.066+0000] {logging_mixin.py:188} INFO - [2025-07-26T17:00:49.066+0000] {dagbag.py:538} INFO - Filling up the DagBag from /opt/airflow/dags/airflow_pipeline.py
[2025-07-26T17:00:49.098+0000] {processor.py:840} INFO - DAG(s) 'pl001_ingest_crypto_postgres' retrieved from /opt/airflow/dags/airflow_pipeline.py
[2025-07-26T17:00:49.121+0000] {logging_mixin.py:188} INFO - [2025-07-26T17:00:49.121+0000] {dag.py:3036} INFO - Sync 1 DAGs
[2025-07-26T17:00:49.138+0000] {logging_mixin.py:188} INFO - [2025-07-26T17:00:49.137+0000] {dag.py:3823} INFO - Setting next_dagrun for pl001_ingest_crypto_postgres to None, run_after=None
[2025-07-26T17:00:49.170+0000] {processor.py:183} INFO - Processing /opt/airflow/dags/airflow_pipeline.py took 0.111 seconds
[2025-07-26T17:01:19.957+0000] {processor.py:161} INFO - Started process (PID=488) to work on /opt/airflow/dags/airflow_pipeline.py
[2025-07-26T17:01:19.969+0000] {processor.py:830} INFO - Processing file /opt/airflow/dags/airflow_pipeline.py for tasks to queue
[2025-07-26T17:01:19.988+0000] {logging_mixin.py:188} INFO - [2025-07-26T17:01:19.982+0000] {dagbag.py:538} INFO - Filling up the DagBag from /opt/airflow/dags/airflow_pipeline.py
[2025-07-26T17:01:20.212+0000] {processor.py:840} INFO - DAG(s) 'pl001_ingest_crypto_postgres' retrieved from /opt/airflow/dags/airflow_pipeline.py
[2025-07-26T17:01:20.556+0000] {logging_mixin.py:188} INFO - [2025-07-26T17:01:20.554+0000] {dag.py:3036} INFO - Sync 1 DAGs
[2025-07-26T17:01:20.694+0000] {logging_mixin.py:188} INFO - [2025-07-26T17:01:20.693+0000] {dag.py:3823} INFO - Setting next_dagrun for pl001_ingest_crypto_postgres to None, run_after=None
[2025-07-26T17:01:20.903+0000] {processor.py:183} INFO - Processing /opt/airflow/dags/airflow_pipeline.py took 1.031 seconds
[2025-07-26T17:01:51.276+0000] {processor.py:161} INFO - Started process (PID=493) to work on /opt/airflow/dags/airflow_pipeline.py
[2025-07-26T17:01:51.277+0000] {processor.py:830} INFO - Processing file /opt/airflow/dags/airflow_pipeline.py for tasks to queue
[2025-07-26T17:01:51.279+0000] {logging_mixin.py:188} INFO - [2025-07-26T17:01:51.279+0000] {dagbag.py:538} INFO - Filling up the DagBag from /opt/airflow/dags/airflow_pipeline.py
[2025-07-26T17:01:51.304+0000] {processor.py:840} INFO - DAG(s) 'pl001_ingest_crypto_postgres' retrieved from /opt/airflow/dags/airflow_pipeline.py
[2025-07-26T17:01:51.342+0000] {logging_mixin.py:188} INFO - [2025-07-26T17:01:51.342+0000] {dag.py:3036} INFO - Sync 1 DAGs
[2025-07-26T17:01:51.358+0000] {logging_mixin.py:188} INFO - [2025-07-26T17:01:51.357+0000] {dag.py:3823} INFO - Setting next_dagrun for pl001_ingest_crypto_postgres to None, run_after=None
[2025-07-26T17:01:51.384+0000] {processor.py:183} INFO - Processing /opt/airflow/dags/airflow_pipeline.py took 0.116 seconds
[2025-07-26T17:02:21.816+0000] {processor.py:161} INFO - Started process (PID=498) to work on /opt/airflow/dags/airflow_pipeline.py
[2025-07-26T17:02:21.818+0000] {processor.py:830} INFO - Processing file /opt/airflow/dags/airflow_pipeline.py for tasks to queue
[2025-07-26T17:02:21.819+0000] {logging_mixin.py:188} INFO - [2025-07-26T17:02:21.819+0000] {dagbag.py:538} INFO - Filling up the DagBag from /opt/airflow/dags/airflow_pipeline.py
[2025-07-26T17:02:21.846+0000] {processor.py:840} INFO - DAG(s) 'pl001_ingest_crypto_postgres' retrieved from /opt/airflow/dags/airflow_pipeline.py
[2025-07-26T17:02:21.884+0000] {logging_mixin.py:188} INFO - [2025-07-26T17:02:21.884+0000] {dag.py:3036} INFO - Sync 1 DAGs
[2025-07-26T17:02:21.899+0000] {logging_mixin.py:188} INFO - [2025-07-26T17:02:21.899+0000] {dag.py:3823} INFO - Setting next_dagrun for pl001_ingest_crypto_postgres to None, run_after=None
[2025-07-26T17:02:21.925+0000] {processor.py:183} INFO - Processing /opt/airflow/dags/airflow_pipeline.py took 0.116 seconds
[2025-07-26T17:02:52.219+0000] {processor.py:161} INFO - Started process (PID=503) to work on /opt/airflow/dags/airflow_pipeline.py
[2025-07-26T17:02:52.220+0000] {processor.py:830} INFO - Processing file /opt/airflow/dags/airflow_pipeline.py for tasks to queue
[2025-07-26T17:02:52.223+0000] {logging_mixin.py:188} INFO - [2025-07-26T17:02:52.222+0000] {dagbag.py:538} INFO - Filling up the DagBag from /opt/airflow/dags/airflow_pipeline.py
[2025-07-26T17:02:52.252+0000] {processor.py:840} INFO - DAG(s) 'pl001_ingest_crypto_postgres' retrieved from /opt/airflow/dags/airflow_pipeline.py
[2025-07-26T17:02:52.290+0000] {logging_mixin.py:188} INFO - [2025-07-26T17:02:52.290+0000] {dag.py:3036} INFO - Sync 1 DAGs
[2025-07-26T17:02:52.306+0000] {logging_mixin.py:188} INFO - [2025-07-26T17:02:52.305+0000] {dag.py:3823} INFO - Setting next_dagrun for pl001_ingest_crypto_postgres to None, run_after=None
[2025-07-26T17:02:52.331+0000] {processor.py:183} INFO - Processing /opt/airflow/dags/airflow_pipeline.py took 0.119 seconds
[2025-07-26T17:03:22.727+0000] {processor.py:161} INFO - Started process (PID=508) to work on /opt/airflow/dags/airflow_pipeline.py
[2025-07-26T17:03:22.728+0000] {processor.py:830} INFO - Processing file /opt/airflow/dags/airflow_pipeline.py for tasks to queue
[2025-07-26T17:03:22.730+0000] {logging_mixin.py:188} INFO - [2025-07-26T17:03:22.729+0000] {dagbag.py:538} INFO - Filling up the DagBag from /opt/airflow/dags/airflow_pipeline.py
[2025-07-26T17:03:22.753+0000] {processor.py:840} INFO - DAG(s) 'pl001_ingest_crypto_postgres' retrieved from /opt/airflow/dags/airflow_pipeline.py
[2025-07-26T17:03:22.790+0000] {logging_mixin.py:188} INFO - [2025-07-26T17:03:22.790+0000] {dag.py:3036} INFO - Sync 1 DAGs
[2025-07-26T17:03:22.806+0000] {logging_mixin.py:188} INFO - [2025-07-26T17:03:22.805+0000] {dag.py:3823} INFO - Setting next_dagrun for pl001_ingest_crypto_postgres to None, run_after=None
[2025-07-26T17:03:22.833+0000] {processor.py:183} INFO - Processing /opt/airflow/dags/airflow_pipeline.py took 0.110 seconds
[2025-07-26T17:03:53.068+0000] {processor.py:161} INFO - Started process (PID=513) to work on /opt/airflow/dags/airflow_pipeline.py
[2025-07-26T17:03:53.070+0000] {processor.py:830} INFO - Processing file /opt/airflow/dags/airflow_pipeline.py for tasks to queue
[2025-07-26T17:03:53.071+0000] {logging_mixin.py:188} INFO - [2025-07-26T17:03:53.071+0000] {dagbag.py:538} INFO - Filling up the DagBag from /opt/airflow/dags/airflow_pipeline.py
[2025-07-26T17:03:53.093+0000] {processor.py:840} INFO - DAG(s) 'pl001_ingest_crypto_postgres' retrieved from /opt/airflow/dags/airflow_pipeline.py
[2025-07-26T17:03:53.130+0000] {logging_mixin.py:188} INFO - [2025-07-26T17:03:53.130+0000] {dag.py:3036} INFO - Sync 1 DAGs
[2025-07-26T17:03:53.146+0000] {logging_mixin.py:188} INFO - [2025-07-26T17:03:53.145+0000] {dag.py:3823} INFO - Setting next_dagrun for pl001_ingest_crypto_postgres to None, run_after=None
[2025-07-26T17:03:53.174+0000] {processor.py:183} INFO - Processing /opt/airflow/dags/airflow_pipeline.py took 0.111 seconds
[2025-07-26T17:04:23.544+0000] {processor.py:161} INFO - Started process (PID=518) to work on /opt/airflow/dags/airflow_pipeline.py
[2025-07-26T17:04:23.545+0000] {processor.py:830} INFO - Processing file /opt/airflow/dags/airflow_pipeline.py for tasks to queue
[2025-07-26T17:04:23.546+0000] {logging_mixin.py:188} INFO - [2025-07-26T17:04:23.546+0000] {dagbag.py:538} INFO - Filling up the DagBag from /opt/airflow/dags/airflow_pipeline.py
[2025-07-26T17:04:23.570+0000] {processor.py:840} INFO - DAG(s) 'pl001_ingest_crypto_postgres' retrieved from /opt/airflow/dags/airflow_pipeline.py
[2025-07-26T17:04:23.608+0000] {logging_mixin.py:188} INFO - [2025-07-26T17:04:23.608+0000] {dag.py:3036} INFO - Sync 1 DAGs
[2025-07-26T17:04:23.626+0000] {logging_mixin.py:188} INFO - [2025-07-26T17:04:23.626+0000] {dag.py:3823} INFO - Setting next_dagrun for pl001_ingest_crypto_postgres to None, run_after=None
[2025-07-26T17:04:23.656+0000] {processor.py:183} INFO - Processing /opt/airflow/dags/airflow_pipeline.py took 0.117 seconds
[2025-07-26T17:04:53.973+0000] {processor.py:161} INFO - Started process (PID=523) to work on /opt/airflow/dags/airflow_pipeline.py
[2025-07-26T17:04:53.974+0000] {processor.py:830} INFO - Processing file /opt/airflow/dags/airflow_pipeline.py for tasks to queue
[2025-07-26T17:04:53.975+0000] {logging_mixin.py:188} INFO - [2025-07-26T17:04:53.975+0000] {dagbag.py:538} INFO - Filling up the DagBag from /opt/airflow/dags/airflow_pipeline.py
[2025-07-26T17:04:53.997+0000] {processor.py:840} INFO - DAG(s) 'pl001_ingest_crypto_postgres' retrieved from /opt/airflow/dags/airflow_pipeline.py
[2025-07-26T17:04:54.034+0000] {logging_mixin.py:188} INFO - [2025-07-26T17:04:54.034+0000] {dag.py:3036} INFO - Sync 1 DAGs
[2025-07-26T17:04:54.048+0000] {logging_mixin.py:188} INFO - [2025-07-26T17:04:54.048+0000] {dag.py:3823} INFO - Setting next_dagrun for pl001_ingest_crypto_postgres to None, run_after=None
[2025-07-26T17:04:54.074+0000] {processor.py:183} INFO - Processing /opt/airflow/dags/airflow_pipeline.py took 0.111 seconds
[2025-07-26T17:05:24.319+0000] {processor.py:161} INFO - Started process (PID=528) to work on /opt/airflow/dags/airflow_pipeline.py
[2025-07-26T17:05:24.321+0000] {processor.py:830} INFO - Processing file /opt/airflow/dags/airflow_pipeline.py for tasks to queue
[2025-07-26T17:05:24.323+0000] {logging_mixin.py:188} INFO - [2025-07-26T17:05:24.323+0000] {dagbag.py:538} INFO - Filling up the DagBag from /opt/airflow/dags/airflow_pipeline.py
[2025-07-26T17:05:24.371+0000] {processor.py:840} INFO - DAG(s) 'pl001_ingest_crypto_postgres' retrieved from /opt/airflow/dags/airflow_pipeline.py
[2025-07-26T17:05:24.420+0000] {logging_mixin.py:188} INFO - [2025-07-26T17:05:24.420+0000] {dag.py:3036} INFO - Sync 1 DAGs
[2025-07-26T17:05:24.442+0000] {logging_mixin.py:188} INFO - [2025-07-26T17:05:24.441+0000] {dag.py:3823} INFO - Setting next_dagrun for pl001_ingest_crypto_postgres to None, run_after=None
[2025-07-26T17:05:24.470+0000] {processor.py:183} INFO - Processing /opt/airflow/dags/airflow_pipeline.py took 0.158 seconds
[2025-07-26T17:05:54.843+0000] {processor.py:161} INFO - Started process (PID=533) to work on /opt/airflow/dags/airflow_pipeline.py
[2025-07-26T17:05:54.844+0000] {processor.py:830} INFO - Processing file /opt/airflow/dags/airflow_pipeline.py for tasks to queue
[2025-07-26T17:05:54.846+0000] {logging_mixin.py:188} INFO - [2025-07-26T17:05:54.845+0000] {dagbag.py:538} INFO - Filling up the DagBag from /opt/airflow/dags/airflow_pipeline.py
[2025-07-26T17:05:54.871+0000] {processor.py:840} INFO - DAG(s) 'pl001_ingest_crypto_postgres' retrieved from /opt/airflow/dags/airflow_pipeline.py
[2025-07-26T17:05:54.910+0000] {logging_mixin.py:188} INFO - [2025-07-26T17:05:54.909+0000] {dag.py:3036} INFO - Sync 1 DAGs
[2025-07-26T17:05:54.924+0000] {logging_mixin.py:188} INFO - [2025-07-26T17:05:54.924+0000] {dag.py:3823} INFO - Setting next_dagrun for pl001_ingest_crypto_postgres to None, run_after=None
[2025-07-26T17:05:54.950+0000] {processor.py:183} INFO - Processing /opt/airflow/dags/airflow_pipeline.py took 0.112 seconds
[2025-07-26T17:06:25.243+0000] {processor.py:161} INFO - Started process (PID=538) to work on /opt/airflow/dags/airflow_pipeline.py
[2025-07-26T17:06:25.246+0000] {processor.py:830} INFO - Processing file /opt/airflow/dags/airflow_pipeline.py for tasks to queue
[2025-07-26T17:06:25.248+0000] {logging_mixin.py:188} INFO - [2025-07-26T17:06:25.247+0000] {dagbag.py:538} INFO - Filling up the DagBag from /opt/airflow/dags/airflow_pipeline.py
[2025-07-26T17:06:25.279+0000] {processor.py:840} INFO - DAG(s) 'pl001_ingest_crypto_postgres' retrieved from /opt/airflow/dags/airflow_pipeline.py
[2025-07-26T17:06:25.316+0000] {logging_mixin.py:188} INFO - [2025-07-26T17:06:25.316+0000] {dag.py:3036} INFO - Sync 1 DAGs
[2025-07-26T17:06:25.331+0000] {logging_mixin.py:188} INFO - [2025-07-26T17:06:25.331+0000] {dag.py:3823} INFO - Setting next_dagrun for pl001_ingest_crypto_postgres to None, run_after=None
[2025-07-26T17:06:25.361+0000] {processor.py:183} INFO - Processing /opt/airflow/dags/airflow_pipeline.py took 0.128 seconds
[2025-07-26T17:06:55.666+0000] {processor.py:161} INFO - Started process (PID=543) to work on /opt/airflow/dags/airflow_pipeline.py
[2025-07-26T17:06:55.668+0000] {processor.py:830} INFO - Processing file /opt/airflow/dags/airflow_pipeline.py for tasks to queue
[2025-07-26T17:06:55.670+0000] {logging_mixin.py:188} INFO - [2025-07-26T17:06:55.669+0000] {dagbag.py:538} INFO - Filling up the DagBag from /opt/airflow/dags/airflow_pipeline.py
[2025-07-26T17:06:55.692+0000] {processor.py:840} INFO - DAG(s) 'pl001_ingest_crypto_postgres' retrieved from /opt/airflow/dags/airflow_pipeline.py
[2025-07-26T17:06:55.729+0000] {logging_mixin.py:188} INFO - [2025-07-26T17:06:55.729+0000] {dag.py:3036} INFO - Sync 1 DAGs
[2025-07-26T17:06:55.745+0000] {logging_mixin.py:188} INFO - [2025-07-26T17:06:55.744+0000] {dag.py:3823} INFO - Setting next_dagrun for pl001_ingest_crypto_postgres to None, run_after=None
[2025-07-26T17:06:55.774+0000] {processor.py:183} INFO - Processing /opt/airflow/dags/airflow_pipeline.py took 0.113 seconds
[2025-07-26T17:07:26.044+0000] {processor.py:161} INFO - Started process (PID=548) to work on /opt/airflow/dags/airflow_pipeline.py
[2025-07-26T17:07:26.047+0000] {processor.py:830} INFO - Processing file /opt/airflow/dags/airflow_pipeline.py for tasks to queue
[2025-07-26T17:07:26.050+0000] {logging_mixin.py:188} INFO - [2025-07-26T17:07:26.049+0000] {dagbag.py:538} INFO - Filling up the DagBag from /opt/airflow/dags/airflow_pipeline.py
[2025-07-26T17:07:26.085+0000] {processor.py:840} INFO - DAG(s) 'pl001_ingest_crypto_postgres' retrieved from /opt/airflow/dags/airflow_pipeline.py
[2025-07-26T17:07:26.133+0000] {logging_mixin.py:188} INFO - [2025-07-26T17:07:26.133+0000] {dag.py:3036} INFO - Sync 1 DAGs
[2025-07-26T17:07:26.152+0000] {logging_mixin.py:188} INFO - [2025-07-26T17:07:26.151+0000] {dag.py:3823} INFO - Setting next_dagrun for pl001_ingest_crypto_postgres to None, run_after=None
[2025-07-26T17:07:26.176+0000] {processor.py:183} INFO - Processing /opt/airflow/dags/airflow_pipeline.py took 0.139 seconds
[2025-07-26T17:07:56.519+0000] {processor.py:161} INFO - Started process (PID=553) to work on /opt/airflow/dags/airflow_pipeline.py
[2025-07-26T17:07:56.520+0000] {processor.py:830} INFO - Processing file /opt/airflow/dags/airflow_pipeline.py for tasks to queue
[2025-07-26T17:07:56.522+0000] {logging_mixin.py:188} INFO - [2025-07-26T17:07:56.521+0000] {dagbag.py:538} INFO - Filling up the DagBag from /opt/airflow/dags/airflow_pipeline.py
[2025-07-26T17:07:56.546+0000] {processor.py:840} INFO - DAG(s) 'pl001_ingest_crypto_postgres' retrieved from /opt/airflow/dags/airflow_pipeline.py
[2025-07-26T17:07:56.585+0000] {logging_mixin.py:188} INFO - [2025-07-26T17:07:56.584+0000] {dag.py:3036} INFO - Sync 1 DAGs
[2025-07-26T17:07:56.600+0000] {logging_mixin.py:188} INFO - [2025-07-26T17:07:56.600+0000] {dag.py:3823} INFO - Setting next_dagrun for pl001_ingest_crypto_postgres to None, run_after=None
[2025-07-26T17:07:56.626+0000] {processor.py:183} INFO - Processing /opt/airflow/dags/airflow_pipeline.py took 0.114 seconds
[2025-07-26T17:08:27.022+0000] {processor.py:161} INFO - Started process (PID=558) to work on /opt/airflow/dags/airflow_pipeline.py
[2025-07-26T17:08:27.023+0000] {processor.py:830} INFO - Processing file /opt/airflow/dags/airflow_pipeline.py for tasks to queue
[2025-07-26T17:08:27.024+0000] {logging_mixin.py:188} INFO - [2025-07-26T17:08:27.024+0000] {dagbag.py:538} INFO - Filling up the DagBag from /opt/airflow/dags/airflow_pipeline.py
[2025-07-26T17:08:27.047+0000] {processor.py:840} INFO - DAG(s) 'pl001_ingest_crypto_postgres' retrieved from /opt/airflow/dags/airflow_pipeline.py
[2025-07-26T17:08:27.087+0000] {logging_mixin.py:188} INFO - [2025-07-26T17:08:27.087+0000] {dag.py:3036} INFO - Sync 1 DAGs
[2025-07-26T17:08:27.103+0000] {logging_mixin.py:188} INFO - [2025-07-26T17:08:27.103+0000] {dag.py:3823} INFO - Setting next_dagrun for pl001_ingest_crypto_postgres to None, run_after=None
[2025-07-26T17:08:27.130+0000] {processor.py:183} INFO - Processing /opt/airflow/dags/airflow_pipeline.py took 0.113 seconds
[2025-07-26T17:08:57.353+0000] {processor.py:161} INFO - Started process (PID=563) to work on /opt/airflow/dags/airflow_pipeline.py
[2025-07-26T17:08:57.355+0000] {processor.py:830} INFO - Processing file /opt/airflow/dags/airflow_pipeline.py for tasks to queue
[2025-07-26T17:08:57.358+0000] {logging_mixin.py:188} INFO - [2025-07-26T17:08:57.357+0000] {dagbag.py:538} INFO - Filling up the DagBag from /opt/airflow/dags/airflow_pipeline.py
[2025-07-26T17:08:57.387+0000] {processor.py:840} INFO - DAG(s) 'pl001_ingest_crypto_postgres' retrieved from /opt/airflow/dags/airflow_pipeline.py
[2025-07-26T17:08:57.427+0000] {logging_mixin.py:188} INFO - [2025-07-26T17:08:57.427+0000] {dag.py:3036} INFO - Sync 1 DAGs
[2025-07-26T17:08:57.446+0000] {logging_mixin.py:188} INFO - [2025-07-26T17:08:57.445+0000] {dag.py:3823} INFO - Setting next_dagrun for pl001_ingest_crypto_postgres to None, run_after=None
[2025-07-26T17:08:57.475+0000] {processor.py:183} INFO - Processing /opt/airflow/dags/airflow_pipeline.py took 0.129 seconds
[2025-07-26T17:09:27.797+0000] {processor.py:161} INFO - Started process (PID=568) to work on /opt/airflow/dags/airflow_pipeline.py
[2025-07-26T17:09:27.799+0000] {processor.py:830} INFO - Processing file /opt/airflow/dags/airflow_pipeline.py for tasks to queue
[2025-07-26T17:09:27.801+0000] {logging_mixin.py:188} INFO - [2025-07-26T17:09:27.800+0000] {dagbag.py:538} INFO - Filling up the DagBag from /opt/airflow/dags/airflow_pipeline.py
[2025-07-26T17:09:27.835+0000] {processor.py:840} INFO - DAG(s) 'pl001_ingest_crypto_postgres' retrieved from /opt/airflow/dags/airflow_pipeline.py
[2025-07-26T17:09:27.879+0000] {logging_mixin.py:188} INFO - [2025-07-26T17:09:27.879+0000] {dag.py:3036} INFO - Sync 1 DAGs
[2025-07-26T17:09:27.896+0000] {logging_mixin.py:188} INFO - [2025-07-26T17:09:27.895+0000] {dag.py:3823} INFO - Setting next_dagrun for pl001_ingest_crypto_postgres to None, run_after=None
[2025-07-26T17:09:27.922+0000] {processor.py:183} INFO - Processing /opt/airflow/dags/airflow_pipeline.py took 0.130 seconds
[2025-07-26T17:09:58.245+0000] {processor.py:161} INFO - Started process (PID=573) to work on /opt/airflow/dags/airflow_pipeline.py
[2025-07-26T17:09:58.247+0000] {processor.py:830} INFO - Processing file /opt/airflow/dags/airflow_pipeline.py for tasks to queue
[2025-07-26T17:09:58.248+0000] {logging_mixin.py:188} INFO - [2025-07-26T17:09:58.248+0000] {dagbag.py:538} INFO - Filling up the DagBag from /opt/airflow/dags/airflow_pipeline.py
[2025-07-26T17:09:58.273+0000] {processor.py:840} INFO - DAG(s) 'pl001_ingest_crypto_postgres' retrieved from /opt/airflow/dags/airflow_pipeline.py
[2025-07-26T17:09:58.309+0000] {logging_mixin.py:188} INFO - [2025-07-26T17:09:58.309+0000] {dag.py:3036} INFO - Sync 1 DAGs
[2025-07-26T17:09:58.323+0000] {logging_mixin.py:188} INFO - [2025-07-26T17:09:58.323+0000] {dag.py:3823} INFO - Setting next_dagrun for pl001_ingest_crypto_postgres to None, run_after=None
[2025-07-26T17:09:58.354+0000] {processor.py:183} INFO - Processing /opt/airflow/dags/airflow_pipeline.py took 0.114 seconds
[2025-07-26T17:10:28.585+0000] {processor.py:161} INFO - Started process (PID=578) to work on /opt/airflow/dags/airflow_pipeline.py
[2025-07-26T17:10:28.588+0000] {processor.py:830} INFO - Processing file /opt/airflow/dags/airflow_pipeline.py for tasks to queue
[2025-07-26T17:10:28.591+0000] {logging_mixin.py:188} INFO - [2025-07-26T17:10:28.590+0000] {dagbag.py:538} INFO - Filling up the DagBag from /opt/airflow/dags/airflow_pipeline.py
[2025-07-26T17:10:28.634+0000] {processor.py:840} INFO - DAG(s) 'pl001_ingest_crypto_postgres' retrieved from /opt/airflow/dags/airflow_pipeline.py
[2025-07-26T17:10:28.698+0000] {logging_mixin.py:188} INFO - [2025-07-26T17:10:28.697+0000] {dag.py:3036} INFO - Sync 1 DAGs
[2025-07-26T17:10:28.718+0000] {logging_mixin.py:188} INFO - [2025-07-26T17:10:28.718+0000] {dag.py:3823} INFO - Setting next_dagrun for pl001_ingest_crypto_postgres to None, run_after=None
[2025-07-26T17:10:28.749+0000] {processor.py:183} INFO - Processing /opt/airflow/dags/airflow_pipeline.py took 0.173 seconds
[2025-07-26T17:10:58.955+0000] {processor.py:161} INFO - Started process (PID=583) to work on /opt/airflow/dags/airflow_pipeline.py
[2025-07-26T17:10:58.956+0000] {processor.py:830} INFO - Processing file /opt/airflow/dags/airflow_pipeline.py for tasks to queue
[2025-07-26T17:10:58.958+0000] {logging_mixin.py:188} INFO - [2025-07-26T17:10:58.957+0000] {dagbag.py:538} INFO - Filling up the DagBag from /opt/airflow/dags/airflow_pipeline.py
[2025-07-26T17:10:58.987+0000] {processor.py:840} INFO - DAG(s) 'pl001_ingest_crypto_postgres' retrieved from /opt/airflow/dags/airflow_pipeline.py
[2025-07-26T17:10:59.029+0000] {logging_mixin.py:188} INFO - [2025-07-26T17:10:59.028+0000] {dag.py:3036} INFO - Sync 1 DAGs
[2025-07-26T17:10:59.047+0000] {logging_mixin.py:188} INFO - [2025-07-26T17:10:59.047+0000] {dag.py:3823} INFO - Setting next_dagrun for pl001_ingest_crypto_postgres to None, run_after=None
[2025-07-26T17:10:59.082+0000] {processor.py:183} INFO - Processing /opt/airflow/dags/airflow_pipeline.py took 0.132 seconds
[2025-07-26T17:11:29.472+0000] {processor.py:161} INFO - Started process (PID=588) to work on /opt/airflow/dags/airflow_pipeline.py
[2025-07-26T17:11:29.474+0000] {processor.py:830} INFO - Processing file /opt/airflow/dags/airflow_pipeline.py for tasks to queue
[2025-07-26T17:11:29.477+0000] {logging_mixin.py:188} INFO - [2025-07-26T17:11:29.476+0000] {dagbag.py:538} INFO - Filling up the DagBag from /opt/airflow/dags/airflow_pipeline.py
[2025-07-26T17:11:29.528+0000] {processor.py:840} INFO - DAG(s) 'pl001_ingest_crypto_postgres' retrieved from /opt/airflow/dags/airflow_pipeline.py
[2025-07-26T17:11:29.566+0000] {logging_mixin.py:188} INFO - [2025-07-26T17:11:29.565+0000] {dag.py:3036} INFO - Sync 1 DAGs
[2025-07-26T17:11:29.580+0000] {logging_mixin.py:188} INFO - [2025-07-26T17:11:29.580+0000] {dag.py:3823} INFO - Setting next_dagrun for pl001_ingest_crypto_postgres to None, run_after=None
[2025-07-26T17:11:29.605+0000] {processor.py:183} INFO - Processing /opt/airflow/dags/airflow_pipeline.py took 0.140 seconds
[2025-07-26T17:12:00.027+0000] {processor.py:161} INFO - Started process (PID=593) to work on /opt/airflow/dags/airflow_pipeline.py
[2025-07-26T17:12:00.032+0000] {processor.py:830} INFO - Processing file /opt/airflow/dags/airflow_pipeline.py for tasks to queue
[2025-07-26T17:12:00.035+0000] {logging_mixin.py:188} INFO - [2025-07-26T17:12:00.034+0000] {dagbag.py:538} INFO - Filling up the DagBag from /opt/airflow/dags/airflow_pipeline.py
[2025-07-26T17:12:00.071+0000] {processor.py:840} INFO - DAG(s) 'pl001_ingest_crypto_postgres' retrieved from /opt/airflow/dags/airflow_pipeline.py
[2025-07-26T17:12:00.148+0000] {logging_mixin.py:188} INFO - [2025-07-26T17:12:00.147+0000] {dag.py:3036} INFO - Sync 1 DAGs
[2025-07-26T17:12:00.178+0000] {logging_mixin.py:188} INFO - [2025-07-26T17:12:00.178+0000] {dag.py:3823} INFO - Setting next_dagrun for pl001_ingest_crypto_postgres to None, run_after=None
[2025-07-26T17:12:00.244+0000] {processor.py:183} INFO - Processing /opt/airflow/dags/airflow_pipeline.py took 0.225 seconds
[2025-07-26T17:12:30.380+0000] {processor.py:161} INFO - Started process (PID=598) to work on /opt/airflow/dags/airflow_pipeline.py
[2025-07-26T17:12:30.382+0000] {processor.py:830} INFO - Processing file /opt/airflow/dags/airflow_pipeline.py for tasks to queue
[2025-07-26T17:12:30.383+0000] {logging_mixin.py:188} INFO - [2025-07-26T17:12:30.383+0000] {dagbag.py:538} INFO - Filling up the DagBag from /opt/airflow/dags/airflow_pipeline.py
[2025-07-26T17:12:30.406+0000] {processor.py:840} INFO - DAG(s) 'pl001_ingest_crypto_postgres' retrieved from /opt/airflow/dags/airflow_pipeline.py
[2025-07-26T17:12:30.445+0000] {logging_mixin.py:188} INFO - [2025-07-26T17:12:30.445+0000] {dag.py:3036} INFO - Sync 1 DAGs
[2025-07-26T17:12:30.461+0000] {logging_mixin.py:188} INFO - [2025-07-26T17:12:30.461+0000] {dag.py:3823} INFO - Setting next_dagrun for pl001_ingest_crypto_postgres to None, run_after=None
[2025-07-26T17:12:30.488+0000] {processor.py:183} INFO - Processing /opt/airflow/dags/airflow_pipeline.py took 0.112 seconds
[2025-07-26T17:13:00.758+0000] {processor.py:161} INFO - Started process (PID=603) to work on /opt/airflow/dags/airflow_pipeline.py
[2025-07-26T17:13:00.759+0000] {processor.py:830} INFO - Processing file /opt/airflow/dags/airflow_pipeline.py for tasks to queue
[2025-07-26T17:13:00.761+0000] {logging_mixin.py:188} INFO - [2025-07-26T17:13:00.760+0000] {dagbag.py:538} INFO - Filling up the DagBag from /opt/airflow/dags/airflow_pipeline.py
[2025-07-26T17:13:00.788+0000] {processor.py:840} INFO - DAG(s) 'pl001_ingest_crypto_postgres' retrieved from /opt/airflow/dags/airflow_pipeline.py
[2025-07-26T17:13:00.828+0000] {logging_mixin.py:188} INFO - [2025-07-26T17:13:00.827+0000] {dag.py:3036} INFO - Sync 1 DAGs
[2025-07-26T17:13:00.846+0000] {logging_mixin.py:188} INFO - [2025-07-26T17:13:00.846+0000] {dag.py:3823} INFO - Setting next_dagrun for pl001_ingest_crypto_postgres to None, run_after=None
[2025-07-26T17:13:00.878+0000] {processor.py:183} INFO - Processing /opt/airflow/dags/airflow_pipeline.py took 0.124 seconds
[2025-07-26T17:13:31.331+0000] {processor.py:161} INFO - Started process (PID=608) to work on /opt/airflow/dags/airflow_pipeline.py
[2025-07-26T17:13:31.333+0000] {processor.py:830} INFO - Processing file /opt/airflow/dags/airflow_pipeline.py for tasks to queue
[2025-07-26T17:13:31.335+0000] {logging_mixin.py:188} INFO - [2025-07-26T17:13:31.334+0000] {dagbag.py:538} INFO - Filling up the DagBag from /opt/airflow/dags/airflow_pipeline.py
[2025-07-26T17:13:31.361+0000] {processor.py:840} INFO - DAG(s) 'pl001_ingest_crypto_postgres' retrieved from /opt/airflow/dags/airflow_pipeline.py
[2025-07-26T17:13:31.400+0000] {logging_mixin.py:188} INFO - [2025-07-26T17:13:31.399+0000] {dag.py:3036} INFO - Sync 1 DAGs
[2025-07-26T17:13:31.416+0000] {logging_mixin.py:188} INFO - [2025-07-26T17:13:31.415+0000] {dag.py:3823} INFO - Setting next_dagrun for pl001_ingest_crypto_postgres to None, run_after=None
[2025-07-26T17:13:31.444+0000] {processor.py:183} INFO - Processing /opt/airflow/dags/airflow_pipeline.py took 0.118 seconds
[2025-07-26T17:14:01.723+0000] {processor.py:161} INFO - Started process (PID=613) to work on /opt/airflow/dags/airflow_pipeline.py
[2025-07-26T17:14:01.725+0000] {processor.py:830} INFO - Processing file /opt/airflow/dags/airflow_pipeline.py for tasks to queue
[2025-07-26T17:14:01.727+0000] {logging_mixin.py:188} INFO - [2025-07-26T17:14:01.726+0000] {dagbag.py:538} INFO - Filling up the DagBag from /opt/airflow/dags/airflow_pipeline.py
[2025-07-26T17:14:01.752+0000] {processor.py:840} INFO - DAG(s) 'pl001_ingest_crypto_postgres' retrieved from /opt/airflow/dags/airflow_pipeline.py
[2025-07-26T17:14:01.789+0000] {logging_mixin.py:188} INFO - [2025-07-26T17:14:01.789+0000] {dag.py:3036} INFO - Sync 1 DAGs
[2025-07-26T17:14:01.805+0000] {logging_mixin.py:188} INFO - [2025-07-26T17:14:01.805+0000] {dag.py:3823} INFO - Setting next_dagrun for pl001_ingest_crypto_postgres to None, run_after=None
[2025-07-26T17:14:01.830+0000] {processor.py:183} INFO - Processing /opt/airflow/dags/airflow_pipeline.py took 0.113 seconds
[2025-07-26T17:14:32.208+0000] {processor.py:161} INFO - Started process (PID=618) to work on /opt/airflow/dags/airflow_pipeline.py
[2025-07-26T17:14:32.211+0000] {processor.py:830} INFO - Processing file /opt/airflow/dags/airflow_pipeline.py for tasks to queue
[2025-07-26T17:14:32.213+0000] {logging_mixin.py:188} INFO - [2025-07-26T17:14:32.212+0000] {dagbag.py:538} INFO - Filling up the DagBag from /opt/airflow/dags/airflow_pipeline.py
[2025-07-26T17:14:32.285+0000] {processor.py:840} INFO - DAG(s) 'pl001_ingest_crypto_postgres' retrieved from /opt/airflow/dags/airflow_pipeline.py
[2025-07-26T17:14:32.329+0000] {logging_mixin.py:188} INFO - [2025-07-26T17:14:32.328+0000] {dag.py:3036} INFO - Sync 1 DAGs
[2025-07-26T17:14:32.362+0000] {logging_mixin.py:188} INFO - [2025-07-26T17:14:32.362+0000] {dag.py:3823} INFO - Setting next_dagrun for pl001_ingest_crypto_postgres to None, run_after=None
[2025-07-26T17:14:32.399+0000] {processor.py:183} INFO - Processing /opt/airflow/dags/airflow_pipeline.py took 0.196 seconds
[2025-07-26T17:15:02.550+0000] {processor.py:161} INFO - Started process (PID=623) to work on /opt/airflow/dags/airflow_pipeline.py
[2025-07-26T17:15:02.551+0000] {processor.py:830} INFO - Processing file /opt/airflow/dags/airflow_pipeline.py for tasks to queue
[2025-07-26T17:15:02.553+0000] {logging_mixin.py:188} INFO - [2025-07-26T17:15:02.552+0000] {dagbag.py:538} INFO - Filling up the DagBag from /opt/airflow/dags/airflow_pipeline.py
[2025-07-26T17:15:02.580+0000] {processor.py:840} INFO - DAG(s) 'pl001_ingest_crypto_postgres' retrieved from /opt/airflow/dags/airflow_pipeline.py
[2025-07-26T17:15:02.622+0000] {logging_mixin.py:188} INFO - [2025-07-26T17:15:02.622+0000] {dag.py:3036} INFO - Sync 1 DAGs
[2025-07-26T17:15:02.640+0000] {logging_mixin.py:188} INFO - [2025-07-26T17:15:02.639+0000] {dag.py:3823} INFO - Setting next_dagrun for pl001_ingest_crypto_postgres to None, run_after=None
[2025-07-26T17:15:02.669+0000] {processor.py:183} INFO - Processing /opt/airflow/dags/airflow_pipeline.py took 0.124 seconds
[2025-07-26T17:15:32.860+0000] {processor.py:161} INFO - Started process (PID=628) to work on /opt/airflow/dags/airflow_pipeline.py
[2025-07-26T17:15:32.862+0000] {processor.py:830} INFO - Processing file /opt/airflow/dags/airflow_pipeline.py for tasks to queue
[2025-07-26T17:15:32.864+0000] {logging_mixin.py:188} INFO - [2025-07-26T17:15:32.863+0000] {dagbag.py:538} INFO - Filling up the DagBag from /opt/airflow/dags/airflow_pipeline.py
[2025-07-26T17:15:32.900+0000] {processor.py:840} INFO - DAG(s) 'pl001_ingest_crypto_postgres' retrieved from /opt/airflow/dags/airflow_pipeline.py
[2025-07-26T17:15:32.939+0000] {logging_mixin.py:188} INFO - [2025-07-26T17:15:32.939+0000] {dag.py:3036} INFO - Sync 1 DAGs
[2025-07-26T17:15:32.954+0000] {logging_mixin.py:188} INFO - [2025-07-26T17:15:32.954+0000] {dag.py:3823} INFO - Setting next_dagrun for pl001_ingest_crypto_postgres to None, run_after=None
[2025-07-26T17:15:32.983+0000] {processor.py:183} INFO - Processing /opt/airflow/dags/airflow_pipeline.py took 0.128 seconds
[2025-07-26T17:16:03.471+0000] {processor.py:161} INFO - Started process (PID=633) to work on /opt/airflow/dags/airflow_pipeline.py
[2025-07-26T17:16:03.472+0000] {processor.py:830} INFO - Processing file /opt/airflow/dags/airflow_pipeline.py for tasks to queue
[2025-07-26T17:16:03.474+0000] {logging_mixin.py:188} INFO - [2025-07-26T17:16:03.473+0000] {dagbag.py:538} INFO - Filling up the DagBag from /opt/airflow/dags/airflow_pipeline.py
[2025-07-26T17:16:03.497+0000] {processor.py:840} INFO - DAG(s) 'pl001_ingest_crypto_postgres' retrieved from /opt/airflow/dags/airflow_pipeline.py
[2025-07-26T17:16:03.535+0000] {logging_mixin.py:188} INFO - [2025-07-26T17:16:03.535+0000] {dag.py:3036} INFO - Sync 1 DAGs
[2025-07-26T17:16:03.552+0000] {logging_mixin.py:188} INFO - [2025-07-26T17:16:03.552+0000] {dag.py:3823} INFO - Setting next_dagrun for pl001_ingest_crypto_postgres to None, run_after=None
[2025-07-26T17:16:03.579+0000] {processor.py:183} INFO - Processing /opt/airflow/dags/airflow_pipeline.py took 0.112 seconds
[2025-07-26T17:16:33.864+0000] {processor.py:161} INFO - Started process (PID=638) to work on /opt/airflow/dags/airflow_pipeline.py
[2025-07-26T17:16:33.866+0000] {processor.py:830} INFO - Processing file /opt/airflow/dags/airflow_pipeline.py for tasks to queue
[2025-07-26T17:16:33.868+0000] {logging_mixin.py:188} INFO - [2025-07-26T17:16:33.867+0000] {dagbag.py:538} INFO - Filling up the DagBag from /opt/airflow/dags/airflow_pipeline.py
[2025-07-26T17:16:33.899+0000] {processor.py:840} INFO - DAG(s) 'pl001_ingest_crypto_postgres' retrieved from /opt/airflow/dags/airflow_pipeline.py
[2025-07-26T17:16:33.938+0000] {logging_mixin.py:188} INFO - [2025-07-26T17:16:33.938+0000] {dag.py:3036} INFO - Sync 1 DAGs
[2025-07-26T17:16:33.957+0000] {logging_mixin.py:188} INFO - [2025-07-26T17:16:33.956+0000] {dag.py:3823} INFO - Setting next_dagrun for pl001_ingest_crypto_postgres to None, run_after=None
[2025-07-26T17:16:33.983+0000] {processor.py:183} INFO - Processing /opt/airflow/dags/airflow_pipeline.py took 0.126 seconds
[2025-07-26T17:17:04.206+0000] {processor.py:161} INFO - Started process (PID=643) to work on /opt/airflow/dags/airflow_pipeline.py
[2025-07-26T17:17:04.208+0000] {processor.py:830} INFO - Processing file /opt/airflow/dags/airflow_pipeline.py for tasks to queue
[2025-07-26T17:17:04.209+0000] {logging_mixin.py:188} INFO - [2025-07-26T17:17:04.209+0000] {dagbag.py:538} INFO - Filling up the DagBag from /opt/airflow/dags/airflow_pipeline.py
[2025-07-26T17:17:04.233+0000] {processor.py:840} INFO - DAG(s) 'pl001_ingest_crypto_postgres' retrieved from /opt/airflow/dags/airflow_pipeline.py
[2025-07-26T17:17:04.302+0000] {logging_mixin.py:188} INFO - [2025-07-26T17:17:04.299+0000] {dag.py:3036} INFO - Sync 1 DAGs
[2025-07-26T17:17:04.333+0000] {logging_mixin.py:188} INFO - [2025-07-26T17:17:04.332+0000] {dag.py:3823} INFO - Setting next_dagrun for pl001_ingest_crypto_postgres to None, run_after=None
[2025-07-26T17:17:04.380+0000] {processor.py:183} INFO - Processing /opt/airflow/dags/airflow_pipeline.py took 0.179 seconds
[2025-07-26T17:17:34.700+0000] {processor.py:161} INFO - Started process (PID=648) to work on /opt/airflow/dags/airflow_pipeline.py
[2025-07-26T17:17:34.702+0000] {processor.py:830} INFO - Processing file /opt/airflow/dags/airflow_pipeline.py for tasks to queue
[2025-07-26T17:17:34.704+0000] {logging_mixin.py:188} INFO - [2025-07-26T17:17:34.703+0000] {dagbag.py:538} INFO - Filling up the DagBag from /opt/airflow/dags/airflow_pipeline.py
[2025-07-26T17:17:34.729+0000] {processor.py:840} INFO - DAG(s) 'pl001_ingest_crypto_postgres' retrieved from /opt/airflow/dags/airflow_pipeline.py
[2025-07-26T17:17:34.770+0000] {logging_mixin.py:188} INFO - [2025-07-26T17:17:34.770+0000] {dag.py:3036} INFO - Sync 1 DAGs
[2025-07-26T17:17:34.787+0000] {logging_mixin.py:188} INFO - [2025-07-26T17:17:34.787+0000] {dag.py:3823} INFO - Setting next_dagrun for pl001_ingest_crypto_postgres to None, run_after=None
[2025-07-26T17:17:34.816+0000] {processor.py:183} INFO - Processing /opt/airflow/dags/airflow_pipeline.py took 0.120 seconds
[2025-07-26T17:18:05.088+0000] {processor.py:161} INFO - Started process (PID=653) to work on /opt/airflow/dags/airflow_pipeline.py
[2025-07-26T17:18:05.090+0000] {processor.py:830} INFO - Processing file /opt/airflow/dags/airflow_pipeline.py for tasks to queue
[2025-07-26T17:18:05.092+0000] {logging_mixin.py:188} INFO - [2025-07-26T17:18:05.091+0000] {dagbag.py:538} INFO - Filling up the DagBag from /opt/airflow/dags/airflow_pipeline.py
[2025-07-26T17:18:05.115+0000] {processor.py:840} INFO - DAG(s) 'pl001_ingest_crypto_postgres' retrieved from /opt/airflow/dags/airflow_pipeline.py
[2025-07-26T17:18:05.151+0000] {logging_mixin.py:188} INFO - [2025-07-26T17:18:05.151+0000] {dag.py:3036} INFO - Sync 1 DAGs
[2025-07-26T17:18:05.166+0000] {logging_mixin.py:188} INFO - [2025-07-26T17:18:05.166+0000] {dag.py:3823} INFO - Setting next_dagrun for pl001_ingest_crypto_postgres to None, run_after=None
[2025-07-26T17:18:05.192+0000] {processor.py:183} INFO - Processing /opt/airflow/dags/airflow_pipeline.py took 0.109 seconds
[2025-07-26T17:18:35.496+0000] {processor.py:161} INFO - Started process (PID=658) to work on /opt/airflow/dags/airflow_pipeline.py
[2025-07-26T17:18:35.498+0000] {processor.py:830} INFO - Processing file /opt/airflow/dags/airflow_pipeline.py for tasks to queue
[2025-07-26T17:18:35.499+0000] {logging_mixin.py:188} INFO - [2025-07-26T17:18:35.499+0000] {dagbag.py:538} INFO - Filling up the DagBag from /opt/airflow/dags/airflow_pipeline.py
[2025-07-26T17:18:35.527+0000] {processor.py:840} INFO - DAG(s) 'pl001_ingest_crypto_postgres' retrieved from /opt/airflow/dags/airflow_pipeline.py
[2025-07-26T17:18:35.574+0000] {logging_mixin.py:188} INFO - [2025-07-26T17:18:35.573+0000] {dag.py:3036} INFO - Sync 1 DAGs
[2025-07-26T17:18:35.590+0000] {logging_mixin.py:188} INFO - [2025-07-26T17:18:35.590+0000] {dag.py:3823} INFO - Setting next_dagrun for pl001_ingest_crypto_postgres to None, run_after=None
[2025-07-26T17:18:35.618+0000] {processor.py:183} INFO - Processing /opt/airflow/dags/airflow_pipeline.py took 0.128 seconds
[2025-07-26T17:19:05.940+0000] {processor.py:161} INFO - Started process (PID=663) to work on /opt/airflow/dags/airflow_pipeline.py
[2025-07-26T17:19:05.941+0000] {processor.py:830} INFO - Processing file /opt/airflow/dags/airflow_pipeline.py for tasks to queue
[2025-07-26T17:19:05.943+0000] {logging_mixin.py:188} INFO - [2025-07-26T17:19:05.942+0000] {dagbag.py:538} INFO - Filling up the DagBag from /opt/airflow/dags/airflow_pipeline.py
[2025-07-26T17:19:05.968+0000] {processor.py:840} INFO - DAG(s) 'pl001_ingest_crypto_postgres' retrieved from /opt/airflow/dags/airflow_pipeline.py
[2025-07-26T17:19:06.008+0000] {logging_mixin.py:188} INFO - [2025-07-26T17:19:06.008+0000] {dag.py:3036} INFO - Sync 1 DAGs
[2025-07-26T17:19:06.040+0000] {logging_mixin.py:188} INFO - [2025-07-26T17:19:06.040+0000] {dag.py:3823} INFO - Setting next_dagrun for pl001_ingest_crypto_postgres to None, run_after=None
[2025-07-26T17:19:06.073+0000] {processor.py:183} INFO - Processing /opt/airflow/dags/airflow_pipeline.py took 0.139 seconds
[2025-07-26T17:19:36.370+0000] {processor.py:161} INFO - Started process (PID=668) to work on /opt/airflow/dags/airflow_pipeline.py
[2025-07-26T17:19:36.372+0000] {processor.py:830} INFO - Processing file /opt/airflow/dags/airflow_pipeline.py for tasks to queue
[2025-07-26T17:19:36.373+0000] {logging_mixin.py:188} INFO - [2025-07-26T17:19:36.373+0000] {dagbag.py:538} INFO - Filling up the DagBag from /opt/airflow/dags/airflow_pipeline.py
[2025-07-26T17:19:36.399+0000] {processor.py:840} INFO - DAG(s) 'pl001_ingest_crypto_postgres' retrieved from /opt/airflow/dags/airflow_pipeline.py
[2025-07-26T17:19:36.442+0000] {logging_mixin.py:188} INFO - [2025-07-26T17:19:36.442+0000] {dag.py:3036} INFO - Sync 1 DAGs
[2025-07-26T17:19:36.459+0000] {logging_mixin.py:188} INFO - [2025-07-26T17:19:36.459+0000] {dag.py:3823} INFO - Setting next_dagrun for pl001_ingest_crypto_postgres to None, run_after=None
[2025-07-26T17:19:36.485+0000] {processor.py:183} INFO - Processing /opt/airflow/dags/airflow_pipeline.py took 0.118 seconds
[2025-07-26T17:20:06.790+0000] {processor.py:161} INFO - Started process (PID=673) to work on /opt/airflow/dags/airflow_pipeline.py
[2025-07-26T17:20:06.793+0000] {processor.py:830} INFO - Processing file /opt/airflow/dags/airflow_pipeline.py for tasks to queue
[2025-07-26T17:20:06.795+0000] {logging_mixin.py:188} INFO - [2025-07-26T17:20:06.794+0000] {dagbag.py:538} INFO - Filling up the DagBag from /opt/airflow/dags/airflow_pipeline.py
[2025-07-26T17:20:06.827+0000] {processor.py:840} INFO - DAG(s) 'pl001_ingest_crypto_postgres' retrieved from /opt/airflow/dags/airflow_pipeline.py
[2025-07-26T17:20:06.868+0000] {logging_mixin.py:188} INFO - [2025-07-26T17:20:06.868+0000] {dag.py:3036} INFO - Sync 1 DAGs
[2025-07-26T17:20:06.883+0000] {logging_mixin.py:188} INFO - [2025-07-26T17:20:06.883+0000] {dag.py:3823} INFO - Setting next_dagrun for pl001_ingest_crypto_postgres to None, run_after=None
[2025-07-26T17:20:06.909+0000] {processor.py:183} INFO - Processing /opt/airflow/dags/airflow_pipeline.py took 0.127 seconds
[2025-07-26T17:20:37.383+0000] {processor.py:161} INFO - Started process (PID=678) to work on /opt/airflow/dags/airflow_pipeline.py
[2025-07-26T17:20:37.384+0000] {processor.py:830} INFO - Processing file /opt/airflow/dags/airflow_pipeline.py for tasks to queue
[2025-07-26T17:20:37.386+0000] {logging_mixin.py:188} INFO - [2025-07-26T17:20:37.385+0000] {dagbag.py:538} INFO - Filling up the DagBag from /opt/airflow/dags/airflow_pipeline.py
[2025-07-26T17:20:37.421+0000] {processor.py:840} INFO - DAG(s) 'pl001_ingest_crypto_postgres' retrieved from /opt/airflow/dags/airflow_pipeline.py
[2025-07-26T17:20:37.460+0000] {logging_mixin.py:188} INFO - [2025-07-26T17:20:37.459+0000] {dag.py:3036} INFO - Sync 1 DAGs
[2025-07-26T17:20:37.474+0000] {logging_mixin.py:188} INFO - [2025-07-26T17:20:37.474+0000] {dag.py:3823} INFO - Setting next_dagrun for pl001_ingest_crypto_postgres to None, run_after=None
[2025-07-26T17:20:37.499+0000] {processor.py:183} INFO - Processing /opt/airflow/dags/airflow_pipeline.py took 0.122 seconds
[2025-07-26T17:21:07.844+0000] {processor.py:161} INFO - Started process (PID=683) to work on /opt/airflow/dags/airflow_pipeline.py
[2025-07-26T17:21:07.846+0000] {processor.py:830} INFO - Processing file /opt/airflow/dags/airflow_pipeline.py for tasks to queue
[2025-07-26T17:21:07.848+0000] {logging_mixin.py:188} INFO - [2025-07-26T17:21:07.847+0000] {dagbag.py:538} INFO - Filling up the DagBag from /opt/airflow/dags/airflow_pipeline.py
[2025-07-26T17:21:07.891+0000] {processor.py:840} INFO - DAG(s) 'pl001_ingest_crypto_postgres' retrieved from /opt/airflow/dags/airflow_pipeline.py
[2025-07-26T17:21:07.936+0000] {logging_mixin.py:188} INFO - [2025-07-26T17:21:07.936+0000] {dag.py:3036} INFO - Sync 1 DAGs
[2025-07-26T17:21:07.954+0000] {logging_mixin.py:188} INFO - [2025-07-26T17:21:07.954+0000] {dag.py:3823} INFO - Setting next_dagrun for pl001_ingest_crypto_postgres to None, run_after=None
[2025-07-26T17:21:07.980+0000] {processor.py:183} INFO - Processing /opt/airflow/dags/airflow_pipeline.py took 0.143 seconds
[2025-07-26T17:21:38.417+0000] {processor.py:161} INFO - Started process (PID=688) to work on /opt/airflow/dags/airflow_pipeline.py
[2025-07-26T17:21:38.419+0000] {processor.py:830} INFO - Processing file /opt/airflow/dags/airflow_pipeline.py for tasks to queue
[2025-07-26T17:21:38.421+0000] {logging_mixin.py:188} INFO - [2025-07-26T17:21:38.420+0000] {dagbag.py:538} INFO - Filling up the DagBag from /opt/airflow/dags/airflow_pipeline.py
[2025-07-26T17:21:38.447+0000] {processor.py:840} INFO - DAG(s) 'pl001_ingest_crypto_postgres' retrieved from /opt/airflow/dags/airflow_pipeline.py
[2025-07-26T17:21:38.522+0000] {logging_mixin.py:188} INFO - [2025-07-26T17:21:38.522+0000] {dag.py:3036} INFO - Sync 1 DAGs
[2025-07-26T17:21:38.543+0000] {logging_mixin.py:188} INFO - [2025-07-26T17:21:38.543+0000] {dag.py:3823} INFO - Setting next_dagrun for pl001_ingest_crypto_postgres to None, run_after=None
[2025-07-26T17:21:38.575+0000] {processor.py:183} INFO - Processing /opt/airflow/dags/airflow_pipeline.py took 0.165 seconds
[2025-07-26T17:22:09.010+0000] {processor.py:161} INFO - Started process (PID=693) to work on /opt/airflow/dags/airflow_pipeline.py
[2025-07-26T17:22:09.012+0000] {processor.py:830} INFO - Processing file /opt/airflow/dags/airflow_pipeline.py for tasks to queue
[2025-07-26T17:22:09.014+0000] {logging_mixin.py:188} INFO - [2025-07-26T17:22:09.013+0000] {dagbag.py:538} INFO - Filling up the DagBag from /opt/airflow/dags/airflow_pipeline.py
[2025-07-26T17:22:09.039+0000] {processor.py:840} INFO - DAG(s) 'pl001_ingest_crypto_postgres' retrieved from /opt/airflow/dags/airflow_pipeline.py
[2025-07-26T17:22:09.078+0000] {logging_mixin.py:188} INFO - [2025-07-26T17:22:09.077+0000] {dag.py:3036} INFO - Sync 1 DAGs
[2025-07-26T17:22:09.093+0000] {logging_mixin.py:188} INFO - [2025-07-26T17:22:09.093+0000] {dag.py:3823} INFO - Setting next_dagrun for pl001_ingest_crypto_postgres to None, run_after=None
[2025-07-26T17:22:09.120+0000] {processor.py:183} INFO - Processing /opt/airflow/dags/airflow_pipeline.py took 0.114 seconds
[2025-07-26T17:22:39.352+0000] {processor.py:161} INFO - Started process (PID=698) to work on /opt/airflow/dags/airflow_pipeline.py
[2025-07-26T17:22:39.354+0000] {processor.py:830} INFO - Processing file /opt/airflow/dags/airflow_pipeline.py for tasks to queue
[2025-07-26T17:22:39.355+0000] {logging_mixin.py:188} INFO - [2025-07-26T17:22:39.355+0000] {dagbag.py:538} INFO - Filling up the DagBag from /opt/airflow/dags/airflow_pipeline.py
[2025-07-26T17:22:39.382+0000] {processor.py:840} INFO - DAG(s) 'pl001_ingest_crypto_postgres' retrieved from /opt/airflow/dags/airflow_pipeline.py
[2025-07-26T17:22:39.424+0000] {logging_mixin.py:188} INFO - [2025-07-26T17:22:39.423+0000] {dag.py:3036} INFO - Sync 1 DAGs
[2025-07-26T17:22:39.442+0000] {logging_mixin.py:188} INFO - [2025-07-26T17:22:39.441+0000] {dag.py:3823} INFO - Setting next_dagrun for pl001_ingest_crypto_postgres to None, run_after=None
[2025-07-26T17:22:39.471+0000] {processor.py:183} INFO - Processing /opt/airflow/dags/airflow_pipeline.py took 0.124 seconds
[2025-07-26T17:23:10.016+0000] {processor.py:161} INFO - Started process (PID=703) to work on /opt/airflow/dags/airflow_pipeline.py
[2025-07-26T17:23:10.018+0000] {processor.py:830} INFO - Processing file /opt/airflow/dags/airflow_pipeline.py for tasks to queue
[2025-07-26T17:23:10.021+0000] {logging_mixin.py:188} INFO - [2025-07-26T17:23:10.021+0000] {dagbag.py:538} INFO - Filling up the DagBag from /opt/airflow/dags/airflow_pipeline.py
[2025-07-26T17:23:10.070+0000] {processor.py:840} INFO - DAG(s) 'pl001_ingest_crypto_postgres' retrieved from /opt/airflow/dags/airflow_pipeline.py
[2025-07-26T17:23:10.125+0000] {logging_mixin.py:188} INFO - [2025-07-26T17:23:10.125+0000] {dag.py:3036} INFO - Sync 1 DAGs
[2025-07-26T17:23:10.140+0000] {logging_mixin.py:188} INFO - [2025-07-26T17:23:10.140+0000] {dag.py:3823} INFO - Setting next_dagrun for pl001_ingest_crypto_postgres to None, run_after=None
[2025-07-26T17:23:10.164+0000] {processor.py:183} INFO - Processing /opt/airflow/dags/airflow_pipeline.py took 0.155 seconds
[2025-07-26T17:23:40.377+0000] {processor.py:161} INFO - Started process (PID=708) to work on /opt/airflow/dags/airflow_pipeline.py
[2025-07-26T17:23:40.379+0000] {processor.py:830} INFO - Processing file /opt/airflow/dags/airflow_pipeline.py for tasks to queue
[2025-07-26T17:23:40.381+0000] {logging_mixin.py:188} INFO - [2025-07-26T17:23:40.380+0000] {dagbag.py:538} INFO - Filling up the DagBag from /opt/airflow/dags/airflow_pipeline.py
[2025-07-26T17:23:40.407+0000] {processor.py:840} INFO - DAG(s) 'pl001_ingest_crypto_postgres' retrieved from /opt/airflow/dags/airflow_pipeline.py
[2025-07-26T17:23:40.451+0000] {logging_mixin.py:188} INFO - [2025-07-26T17:23:40.451+0000] {dag.py:3036} INFO - Sync 1 DAGs
[2025-07-26T17:23:40.467+0000] {logging_mixin.py:188} INFO - [2025-07-26T17:23:40.467+0000] {dag.py:3823} INFO - Setting next_dagrun for pl001_ingest_crypto_postgres to None, run_after=None
[2025-07-26T17:23:40.494+0000] {processor.py:183} INFO - Processing /opt/airflow/dags/airflow_pipeline.py took 0.122 seconds
[2025-07-26T17:24:10.774+0000] {processor.py:161} INFO - Started process (PID=713) to work on /opt/airflow/dags/airflow_pipeline.py
[2025-07-26T17:24:10.776+0000] {processor.py:830} INFO - Processing file /opt/airflow/dags/airflow_pipeline.py for tasks to queue
[2025-07-26T17:24:10.778+0000] {logging_mixin.py:188} INFO - [2025-07-26T17:24:10.777+0000] {dagbag.py:538} INFO - Filling up the DagBag from /opt/airflow/dags/airflow_pipeline.py
[2025-07-26T17:24:10.815+0000] {processor.py:840} INFO - DAG(s) 'pl001_ingest_crypto_postgres' retrieved from /opt/airflow/dags/airflow_pipeline.py
[2025-07-26T17:24:10.881+0000] {logging_mixin.py:188} INFO - [2025-07-26T17:24:10.880+0000] {dag.py:3036} INFO - Sync 1 DAGs
[2025-07-26T17:24:10.912+0000] {logging_mixin.py:188} INFO - [2025-07-26T17:24:10.910+0000] {dag.py:3823} INFO - Setting next_dagrun for pl001_ingest_crypto_postgres to None, run_after=None
[2025-07-26T17:24:10.948+0000] {processor.py:183} INFO - Processing /opt/airflow/dags/airflow_pipeline.py took 0.179 seconds
[2025-07-26T17:24:41.303+0000] {processor.py:161} INFO - Started process (PID=718) to work on /opt/airflow/dags/airflow_pipeline.py
[2025-07-26T17:24:41.305+0000] {processor.py:830} INFO - Processing file /opt/airflow/dags/airflow_pipeline.py for tasks to queue
[2025-07-26T17:24:41.308+0000] {logging_mixin.py:188} INFO - [2025-07-26T17:24:41.307+0000] {dagbag.py:538} INFO - Filling up the DagBag from /opt/airflow/dags/airflow_pipeline.py
[2025-07-26T17:24:41.343+0000] {processor.py:840} INFO - DAG(s) 'pl001_ingest_crypto_postgres' retrieved from /opt/airflow/dags/airflow_pipeline.py
[2025-07-26T17:24:41.384+0000] {logging_mixin.py:188} INFO - [2025-07-26T17:24:41.383+0000] {dag.py:3036} INFO - Sync 1 DAGs
[2025-07-26T17:24:41.400+0000] {logging_mixin.py:188} INFO - [2025-07-26T17:24:41.400+0000] {dag.py:3823} INFO - Setting next_dagrun for pl001_ingest_crypto_postgres to None, run_after=None
[2025-07-26T17:24:41.425+0000] {processor.py:183} INFO - Processing /opt/airflow/dags/airflow_pipeline.py took 0.129 seconds
[2025-07-26T17:25:11.685+0000] {processor.py:161} INFO - Started process (PID=723) to work on /opt/airflow/dags/airflow_pipeline.py
[2025-07-26T17:25:11.687+0000] {processor.py:830} INFO - Processing file /opt/airflow/dags/airflow_pipeline.py for tasks to queue
[2025-07-26T17:25:11.688+0000] {logging_mixin.py:188} INFO - [2025-07-26T17:25:11.688+0000] {dagbag.py:538} INFO - Filling up the DagBag from /opt/airflow/dags/airflow_pipeline.py
[2025-07-26T17:25:11.712+0000] {processor.py:840} INFO - DAG(s) 'pl001_ingest_crypto_postgres' retrieved from /opt/airflow/dags/airflow_pipeline.py
[2025-07-26T17:25:11.754+0000] {logging_mixin.py:188} INFO - [2025-07-26T17:25:11.754+0000] {dag.py:3036} INFO - Sync 1 DAGs
[2025-07-26T17:25:11.769+0000] {logging_mixin.py:188} INFO - [2025-07-26T17:25:11.769+0000] {dag.py:3823} INFO - Setting next_dagrun for pl001_ingest_crypto_postgres to None, run_after=None
[2025-07-26T17:25:11.794+0000] {processor.py:183} INFO - Processing /opt/airflow/dags/airflow_pipeline.py took 0.114 seconds
[2025-07-26T17:25:42.079+0000] {processor.py:161} INFO - Started process (PID=728) to work on /opt/airflow/dags/airflow_pipeline.py
[2025-07-26T17:25:42.081+0000] {processor.py:830} INFO - Processing file /opt/airflow/dags/airflow_pipeline.py for tasks to queue
[2025-07-26T17:25:42.083+0000] {logging_mixin.py:188} INFO - [2025-07-26T17:25:42.082+0000] {dagbag.py:538} INFO - Filling up the DagBag from /opt/airflow/dags/airflow_pipeline.py
[2025-07-26T17:25:42.107+0000] {processor.py:840} INFO - DAG(s) 'pl001_ingest_crypto_postgres' retrieved from /opt/airflow/dags/airflow_pipeline.py
[2025-07-26T17:25:42.145+0000] {logging_mixin.py:188} INFO - [2025-07-26T17:25:42.145+0000] {dag.py:3036} INFO - Sync 1 DAGs
[2025-07-26T17:25:42.161+0000] {logging_mixin.py:188} INFO - [2025-07-26T17:25:42.161+0000] {dag.py:3823} INFO - Setting next_dagrun for pl001_ingest_crypto_postgres to None, run_after=None
[2025-07-26T17:25:42.186+0000] {processor.py:183} INFO - Processing /opt/airflow/dags/airflow_pipeline.py took 0.112 seconds
[2025-07-26T17:26:12.484+0000] {processor.py:161} INFO - Started process (PID=733) to work on /opt/airflow/dags/airflow_pipeline.py
[2025-07-26T17:26:12.486+0000] {processor.py:830} INFO - Processing file /opt/airflow/dags/airflow_pipeline.py for tasks to queue
[2025-07-26T17:26:12.487+0000] {logging_mixin.py:188} INFO - [2025-07-26T17:26:12.487+0000] {dagbag.py:538} INFO - Filling up the DagBag from /opt/airflow/dags/airflow_pipeline.py
[2025-07-26T17:26:12.510+0000] {processor.py:840} INFO - DAG(s) 'pl001_ingest_crypto_postgres' retrieved from /opt/airflow/dags/airflow_pipeline.py
[2025-07-26T17:26:12.548+0000] {logging_mixin.py:188} INFO - [2025-07-26T17:26:12.548+0000] {dag.py:3036} INFO - Sync 1 DAGs
[2025-07-26T17:26:12.564+0000] {logging_mixin.py:188} INFO - [2025-07-26T17:26:12.564+0000] {dag.py:3823} INFO - Setting next_dagrun for pl001_ingest_crypto_postgres to None, run_after=None
[2025-07-26T17:26:12.592+0000] {processor.py:183} INFO - Processing /opt/airflow/dags/airflow_pipeline.py took 0.112 seconds
[2025-07-26T17:26:42.893+0000] {processor.py:161} INFO - Started process (PID=738) to work on /opt/airflow/dags/airflow_pipeline.py
[2025-07-26T17:26:42.896+0000] {processor.py:830} INFO - Processing file /opt/airflow/dags/airflow_pipeline.py for tasks to queue
[2025-07-26T17:26:42.898+0000] {logging_mixin.py:188} INFO - [2025-07-26T17:26:42.897+0000] {dagbag.py:538} INFO - Filling up the DagBag from /opt/airflow/dags/airflow_pipeline.py
[2025-07-26T17:26:42.941+0000] {processor.py:840} INFO - DAG(s) 'pl001_ingest_crypto_postgres' retrieved from /opt/airflow/dags/airflow_pipeline.py
[2025-07-26T17:26:43.004+0000] {logging_mixin.py:188} INFO - [2025-07-26T17:26:43.004+0000] {dag.py:3036} INFO - Sync 1 DAGs
[2025-07-26T17:26:43.029+0000] {logging_mixin.py:188} INFO - [2025-07-26T17:26:43.029+0000] {dag.py:3823} INFO - Setting next_dagrun for pl001_ingest_crypto_postgres to None, run_after=None
[2025-07-26T17:26:43.118+0000] {processor.py:183} INFO - Processing /opt/airflow/dags/airflow_pipeline.py took 0.237 seconds
[2025-07-26T17:27:13.311+0000] {processor.py:161} INFO - Started process (PID=743) to work on /opt/airflow/dags/airflow_pipeline.py
[2025-07-26T17:27:13.313+0000] {processor.py:830} INFO - Processing file /opt/airflow/dags/airflow_pipeline.py for tasks to queue
[2025-07-26T17:27:13.315+0000] {logging_mixin.py:188} INFO - [2025-07-26T17:27:13.315+0000] {dagbag.py:538} INFO - Filling up the DagBag from /opt/airflow/dags/airflow_pipeline.py
[2025-07-26T17:27:13.338+0000] {processor.py:840} INFO - DAG(s) 'pl001_ingest_crypto_postgres' retrieved from /opt/airflow/dags/airflow_pipeline.py
[2025-07-26T17:27:13.378+0000] {logging_mixin.py:188} INFO - [2025-07-26T17:27:13.378+0000] {dag.py:3036} INFO - Sync 1 DAGs
[2025-07-26T17:27:13.393+0000] {logging_mixin.py:188} INFO - [2025-07-26T17:27:13.393+0000] {dag.py:3823} INFO - Setting next_dagrun for pl001_ingest_crypto_postgres to None, run_after=None
[2025-07-26T17:27:13.421+0000] {processor.py:183} INFO - Processing /opt/airflow/dags/airflow_pipeline.py took 0.114 seconds
[2025-07-26T17:27:43.667+0000] {processor.py:161} INFO - Started process (PID=748) to work on /opt/airflow/dags/airflow_pipeline.py
[2025-07-26T17:27:43.668+0000] {processor.py:830} INFO - Processing file /opt/airflow/dags/airflow_pipeline.py for tasks to queue
[2025-07-26T17:27:43.670+0000] {logging_mixin.py:188} INFO - [2025-07-26T17:27:43.670+0000] {dagbag.py:538} INFO - Filling up the DagBag from /opt/airflow/dags/airflow_pipeline.py
[2025-07-26T17:27:43.702+0000] {processor.py:840} INFO - DAG(s) 'pl001_ingest_crypto_postgres' retrieved from /opt/airflow/dags/airflow_pipeline.py
[2025-07-26T17:27:43.741+0000] {logging_mixin.py:188} INFO - [2025-07-26T17:27:43.741+0000] {dag.py:3036} INFO - Sync 1 DAGs
[2025-07-26T17:27:43.757+0000] {logging_mixin.py:188} INFO - [2025-07-26T17:27:43.757+0000] {dag.py:3823} INFO - Setting next_dagrun for pl001_ingest_crypto_postgres to None, run_after=None
[2025-07-26T17:27:43.781+0000] {processor.py:183} INFO - Processing /opt/airflow/dags/airflow_pipeline.py took 0.121 seconds
[2025-07-26T17:28:14.165+0000] {processor.py:161} INFO - Started process (PID=753) to work on /opt/airflow/dags/airflow_pipeline.py
[2025-07-26T17:28:14.169+0000] {processor.py:830} INFO - Processing file /opt/airflow/dags/airflow_pipeline.py for tasks to queue
[2025-07-26T17:28:14.172+0000] {logging_mixin.py:188} INFO - [2025-07-26T17:28:14.171+0000] {dagbag.py:538} INFO - Filling up the DagBag from /opt/airflow/dags/airflow_pipeline.py
[2025-07-26T17:28:14.202+0000] {processor.py:840} INFO - DAG(s) 'pl001_ingest_crypto_postgres' retrieved from /opt/airflow/dags/airflow_pipeline.py
[2025-07-26T17:28:14.259+0000] {logging_mixin.py:188} INFO - [2025-07-26T17:28:14.258+0000] {dag.py:3036} INFO - Sync 1 DAGs
[2025-07-26T17:28:14.278+0000] {logging_mixin.py:188} INFO - [2025-07-26T17:28:14.278+0000] {dag.py:3823} INFO - Setting next_dagrun for pl001_ingest_crypto_postgres to None, run_after=None
[2025-07-26T17:28:14.308+0000] {processor.py:183} INFO - Processing /opt/airflow/dags/airflow_pipeline.py took 0.151 seconds
[2025-07-26T17:28:44.687+0000] {processor.py:161} INFO - Started process (PID=758) to work on /opt/airflow/dags/airflow_pipeline.py
[2025-07-26T17:28:44.688+0000] {processor.py:830} INFO - Processing file /opt/airflow/dags/airflow_pipeline.py for tasks to queue
[2025-07-26T17:28:44.689+0000] {logging_mixin.py:188} INFO - [2025-07-26T17:28:44.689+0000] {dagbag.py:538} INFO - Filling up the DagBag from /opt/airflow/dags/airflow_pipeline.py
[2025-07-26T17:28:44.712+0000] {processor.py:840} INFO - DAG(s) 'pl001_ingest_crypto_postgres' retrieved from /opt/airflow/dags/airflow_pipeline.py
[2025-07-26T17:28:44.749+0000] {logging_mixin.py:188} INFO - [2025-07-26T17:28:44.749+0000] {dag.py:3036} INFO - Sync 1 DAGs
[2025-07-26T17:28:44.763+0000] {logging_mixin.py:188} INFO - [2025-07-26T17:28:44.763+0000] {dag.py:3823} INFO - Setting next_dagrun for pl001_ingest_crypto_postgres to None, run_after=None
[2025-07-26T17:28:44.790+0000] {processor.py:183} INFO - Processing /opt/airflow/dags/airflow_pipeline.py took 0.107 seconds
[2025-07-26T17:29:15.109+0000] {processor.py:161} INFO - Started process (PID=763) to work on /opt/airflow/dags/airflow_pipeline.py
[2025-07-26T17:29:15.111+0000] {processor.py:830} INFO - Processing file /opt/airflow/dags/airflow_pipeline.py for tasks to queue
[2025-07-26T17:29:15.113+0000] {logging_mixin.py:188} INFO - [2025-07-26T17:29:15.112+0000] {dagbag.py:538} INFO - Filling up the DagBag from /opt/airflow/dags/airflow_pipeline.py
[2025-07-26T17:29:15.139+0000] {processor.py:840} INFO - DAG(s) 'pl001_ingest_crypto_postgres' retrieved from /opt/airflow/dags/airflow_pipeline.py
[2025-07-26T17:29:15.180+0000] {logging_mixin.py:188} INFO - [2025-07-26T17:29:15.180+0000] {dag.py:3036} INFO - Sync 1 DAGs
[2025-07-26T17:29:15.195+0000] {logging_mixin.py:188} INFO - [2025-07-26T17:29:15.195+0000] {dag.py:3823} INFO - Setting next_dagrun for pl001_ingest_crypto_postgres to None, run_after=None
[2025-07-26T17:29:15.222+0000] {processor.py:183} INFO - Processing /opt/airflow/dags/airflow_pipeline.py took 0.119 seconds
[2025-07-26T17:29:45.557+0000] {processor.py:161} INFO - Started process (PID=768) to work on /opt/airflow/dags/airflow_pipeline.py
[2025-07-26T17:29:45.561+0000] {processor.py:830} INFO - Processing file /opt/airflow/dags/airflow_pipeline.py for tasks to queue
[2025-07-26T17:29:45.564+0000] {logging_mixin.py:188} INFO - [2025-07-26T17:29:45.563+0000] {dagbag.py:538} INFO - Filling up the DagBag from /opt/airflow/dags/airflow_pipeline.py
[2025-07-26T17:29:45.603+0000] {processor.py:840} INFO - DAG(s) 'pl001_ingest_crypto_postgres' retrieved from /opt/airflow/dags/airflow_pipeline.py
[2025-07-26T17:29:45.656+0000] {logging_mixin.py:188} INFO - [2025-07-26T17:29:45.655+0000] {dag.py:3036} INFO - Sync 1 DAGs
[2025-07-26T17:29:45.687+0000] {logging_mixin.py:188} INFO - [2025-07-26T17:29:45.687+0000] {dag.py:3823} INFO - Setting next_dagrun for pl001_ingest_crypto_postgres to None, run_after=None
[2025-07-26T17:29:45.717+0000] {processor.py:183} INFO - Processing /opt/airflow/dags/airflow_pipeline.py took 0.167 seconds
[2025-07-26T17:30:15.973+0000] {processor.py:161} INFO - Started process (PID=773) to work on /opt/airflow/dags/airflow_pipeline.py
[2025-07-26T17:30:15.976+0000] {processor.py:830} INFO - Processing file /opt/airflow/dags/airflow_pipeline.py for tasks to queue
[2025-07-26T17:30:15.979+0000] {logging_mixin.py:188} INFO - [2025-07-26T17:30:15.978+0000] {dagbag.py:538} INFO - Filling up the DagBag from /opt/airflow/dags/airflow_pipeline.py
[2025-07-26T17:30:16.008+0000] {processor.py:840} INFO - DAG(s) 'pl001_ingest_crypto_postgres' retrieved from /opt/airflow/dags/airflow_pipeline.py
[2025-07-26T17:30:16.050+0000] {logging_mixin.py:188} INFO - [2025-07-26T17:30:16.050+0000] {dag.py:3036} INFO - Sync 1 DAGs
[2025-07-26T17:30:16.065+0000] {logging_mixin.py:188} INFO - [2025-07-26T17:30:16.065+0000] {dag.py:3823} INFO - Setting next_dagrun for pl001_ingest_crypto_postgres to None, run_after=None
[2025-07-26T17:30:16.092+0000] {processor.py:183} INFO - Processing /opt/airflow/dags/airflow_pipeline.py took 0.130 seconds
[2025-07-26T17:30:46.455+0000] {processor.py:161} INFO - Started process (PID=778) to work on /opt/airflow/dags/airflow_pipeline.py
[2025-07-26T17:30:46.456+0000] {processor.py:830} INFO - Processing file /opt/airflow/dags/airflow_pipeline.py for tasks to queue
[2025-07-26T17:30:46.458+0000] {logging_mixin.py:188} INFO - [2025-07-26T17:30:46.458+0000] {dagbag.py:538} INFO - Filling up the DagBag from /opt/airflow/dags/airflow_pipeline.py
[2025-07-26T17:30:46.488+0000] {processor.py:840} INFO - DAG(s) 'pl001_ingest_crypto_postgres' retrieved from /opt/airflow/dags/airflow_pipeline.py
[2025-07-26T17:30:46.531+0000] {logging_mixin.py:188} INFO - [2025-07-26T17:30:46.530+0000] {dag.py:3036} INFO - Sync 1 DAGs
[2025-07-26T17:30:46.548+0000] {logging_mixin.py:188} INFO - [2025-07-26T17:30:46.548+0000] {dag.py:3823} INFO - Setting next_dagrun for pl001_ingest_crypto_postgres to None, run_after=None
[2025-07-26T17:30:46.576+0000] {processor.py:183} INFO - Processing /opt/airflow/dags/airflow_pipeline.py took 0.129 seconds
[2025-07-26T17:31:16.809+0000] {processor.py:161} INFO - Started process (PID=783) to work on /opt/airflow/dags/airflow_pipeline.py
[2025-07-26T17:31:16.811+0000] {processor.py:830} INFO - Processing file /opt/airflow/dags/airflow_pipeline.py for tasks to queue
[2025-07-26T17:31:16.813+0000] {logging_mixin.py:188} INFO - [2025-07-26T17:31:16.812+0000] {dagbag.py:538} INFO - Filling up the DagBag from /opt/airflow/dags/airflow_pipeline.py
[2025-07-26T17:31:16.835+0000] {processor.py:840} INFO - DAG(s) 'pl001_ingest_crypto_postgres' retrieved from /opt/airflow/dags/airflow_pipeline.py
[2025-07-26T17:31:16.874+0000] {logging_mixin.py:188} INFO - [2025-07-26T17:31:16.873+0000] {dag.py:3036} INFO - Sync 1 DAGs
[2025-07-26T17:31:16.891+0000] {logging_mixin.py:188} INFO - [2025-07-26T17:31:16.891+0000] {dag.py:3823} INFO - Setting next_dagrun for pl001_ingest_crypto_postgres to None, run_after=None
[2025-07-26T17:31:16.922+0000] {processor.py:183} INFO - Processing /opt/airflow/dags/airflow_pipeline.py took 0.121 seconds
[2025-07-26T17:31:47.215+0000] {processor.py:161} INFO - Started process (PID=788) to work on /opt/airflow/dags/airflow_pipeline.py
[2025-07-26T17:31:47.218+0000] {processor.py:830} INFO - Processing file /opt/airflow/dags/airflow_pipeline.py for tasks to queue
[2025-07-26T17:31:47.220+0000] {logging_mixin.py:188} INFO - [2025-07-26T17:31:47.219+0000] {dagbag.py:538} INFO - Filling up the DagBag from /opt/airflow/dags/airflow_pipeline.py
[2025-07-26T17:31:47.246+0000] {processor.py:840} INFO - DAG(s) 'pl001_ingest_crypto_postgres' retrieved from /opt/airflow/dags/airflow_pipeline.py
[2025-07-26T17:31:47.315+0000] {logging_mixin.py:188} INFO - [2025-07-26T17:31:47.314+0000] {dag.py:3036} INFO - Sync 1 DAGs
[2025-07-26T17:31:47.343+0000] {logging_mixin.py:188} INFO - [2025-07-26T17:31:47.343+0000] {dag.py:3823} INFO - Setting next_dagrun for pl001_ingest_crypto_postgres to None, run_after=None
[2025-07-26T17:31:47.389+0000] {processor.py:183} INFO - Processing /opt/airflow/dags/airflow_pipeline.py took 0.181 seconds
[2025-07-26T17:32:17.645+0000] {processor.py:161} INFO - Started process (PID=793) to work on /opt/airflow/dags/airflow_pipeline.py
[2025-07-26T17:32:17.647+0000] {processor.py:830} INFO - Processing file /opt/airflow/dags/airflow_pipeline.py for tasks to queue
[2025-07-26T17:32:17.650+0000] {logging_mixin.py:188} INFO - [2025-07-26T17:32:17.649+0000] {dagbag.py:538} INFO - Filling up the DagBag from /opt/airflow/dags/airflow_pipeline.py
[2025-07-26T17:32:17.690+0000] {processor.py:840} INFO - DAG(s) 'pl001_ingest_crypto_postgres' retrieved from /opt/airflow/dags/airflow_pipeline.py
[2025-07-26T17:32:17.733+0000] {logging_mixin.py:188} INFO - [2025-07-26T17:32:17.733+0000] {dag.py:3036} INFO - Sync 1 DAGs
[2025-07-26T17:32:17.748+0000] {logging_mixin.py:188} INFO - [2025-07-26T17:32:17.747+0000] {dag.py:3823} INFO - Setting next_dagrun for pl001_ingest_crypto_postgres to None, run_after=None
[2025-07-26T17:32:17.783+0000] {processor.py:183} INFO - Processing /opt/airflow/dags/airflow_pipeline.py took 0.146 seconds
[2025-07-26T17:32:48.199+0000] {processor.py:161} INFO - Started process (PID=798) to work on /opt/airflow/dags/airflow_pipeline.py
[2025-07-26T17:32:48.201+0000] {processor.py:830} INFO - Processing file /opt/airflow/dags/airflow_pipeline.py for tasks to queue
[2025-07-26T17:32:48.203+0000] {logging_mixin.py:188} INFO - [2025-07-26T17:32:48.202+0000] {dagbag.py:538} INFO - Filling up the DagBag from /opt/airflow/dags/airflow_pipeline.py
[2025-07-26T17:32:48.253+0000] {processor.py:840} INFO - DAG(s) 'pl001_ingest_crypto_postgres' retrieved from /opt/airflow/dags/airflow_pipeline.py
[2025-07-26T17:32:48.320+0000] {logging_mixin.py:188} INFO - [2025-07-26T17:32:48.320+0000] {dag.py:3036} INFO - Sync 1 DAGs
[2025-07-26T17:32:48.336+0000] {logging_mixin.py:188} INFO - [2025-07-26T17:32:48.336+0000] {dag.py:3823} INFO - Setting next_dagrun for pl001_ingest_crypto_postgres to None, run_after=None
[2025-07-26T17:32:48.367+0000] {processor.py:183} INFO - Processing /opt/airflow/dags/airflow_pipeline.py took 0.177 seconds
[2025-07-26T17:33:18.509+0000] {processor.py:161} INFO - Started process (PID=803) to work on /opt/airflow/dags/airflow_pipeline.py
[2025-07-26T17:33:18.511+0000] {processor.py:830} INFO - Processing file /opt/airflow/dags/airflow_pipeline.py for tasks to queue
[2025-07-26T17:33:18.512+0000] {logging_mixin.py:188} INFO - [2025-07-26T17:33:18.512+0000] {dagbag.py:538} INFO - Filling up the DagBag from /opt/airflow/dags/airflow_pipeline.py
[2025-07-26T17:33:18.541+0000] {processor.py:840} INFO - DAG(s) 'pl001_ingest_crypto_postgres' retrieved from /opt/airflow/dags/airflow_pipeline.py
[2025-07-26T17:33:18.580+0000] {logging_mixin.py:188} INFO - [2025-07-26T17:33:18.580+0000] {dag.py:3036} INFO - Sync 1 DAGs
[2025-07-26T17:33:18.596+0000] {logging_mixin.py:188} INFO - [2025-07-26T17:33:18.595+0000] {dag.py:3823} INFO - Setting next_dagrun for pl001_ingest_crypto_postgres to None, run_after=None
[2025-07-26T17:33:18.624+0000] {processor.py:183} INFO - Processing /opt/airflow/dags/airflow_pipeline.py took 0.121 seconds
[2025-07-26T17:33:48.987+0000] {processor.py:161} INFO - Started process (PID=808) to work on /opt/airflow/dags/airflow_pipeline.py
[2025-07-26T17:33:48.988+0000] {processor.py:830} INFO - Processing file /opt/airflow/dags/airflow_pipeline.py for tasks to queue
[2025-07-26T17:33:48.990+0000] {logging_mixin.py:188} INFO - [2025-07-26T17:33:48.989+0000] {dagbag.py:538} INFO - Filling up the DagBag from /opt/airflow/dags/airflow_pipeline.py
[2025-07-26T17:33:49.025+0000] {processor.py:840} INFO - DAG(s) 'pl001_ingest_crypto_postgres' retrieved from /opt/airflow/dags/airflow_pipeline.py
[2025-07-26T17:33:49.064+0000] {logging_mixin.py:188} INFO - [2025-07-26T17:33:49.064+0000] {dag.py:3036} INFO - Sync 1 DAGs
[2025-07-26T17:33:49.079+0000] {logging_mixin.py:188} INFO - [2025-07-26T17:33:49.079+0000] {dag.py:3823} INFO - Setting next_dagrun for pl001_ingest_crypto_postgres to None, run_after=None
[2025-07-26T17:33:49.103+0000] {processor.py:183} INFO - Processing /opt/airflow/dags/airflow_pipeline.py took 0.122 seconds
[2025-07-26T17:34:19.356+0000] {processor.py:161} INFO - Started process (PID=813) to work on /opt/airflow/dags/airflow_pipeline.py
[2025-07-26T17:34:19.358+0000] {processor.py:830} INFO - Processing file /opt/airflow/dags/airflow_pipeline.py for tasks to queue
[2025-07-26T17:34:19.364+0000] {logging_mixin.py:188} INFO - [2025-07-26T17:34:19.363+0000] {dagbag.py:538} INFO - Filling up the DagBag from /opt/airflow/dags/airflow_pipeline.py
[2025-07-26T17:34:19.403+0000] {processor.py:840} INFO - DAG(s) 'pl001_ingest_crypto_postgres' retrieved from /opt/airflow/dags/airflow_pipeline.py
[2025-07-26T17:34:19.442+0000] {logging_mixin.py:188} INFO - [2025-07-26T17:34:19.442+0000] {dag.py:3036} INFO - Sync 1 DAGs
[2025-07-26T17:34:19.458+0000] {logging_mixin.py:188} INFO - [2025-07-26T17:34:19.458+0000] {dag.py:3823} INFO - Setting next_dagrun for pl001_ingest_crypto_postgres to None, run_after=None
[2025-07-26T17:34:19.505+0000] {processor.py:183} INFO - Processing /opt/airflow/dags/airflow_pipeline.py took 0.153 seconds
[2025-07-26T17:34:49.737+0000] {processor.py:161} INFO - Started process (PID=818) to work on /opt/airflow/dags/airflow_pipeline.py
[2025-07-26T17:34:49.738+0000] {processor.py:830} INFO - Processing file /opt/airflow/dags/airflow_pipeline.py for tasks to queue
[2025-07-26T17:34:49.740+0000] {logging_mixin.py:188} INFO - [2025-07-26T17:34:49.739+0000] {dagbag.py:538} INFO - Filling up the DagBag from /opt/airflow/dags/airflow_pipeline.py
[2025-07-26T17:34:49.765+0000] {processor.py:840} INFO - DAG(s) 'pl001_ingest_crypto_postgres' retrieved from /opt/airflow/dags/airflow_pipeline.py
[2025-07-26T17:34:49.816+0000] {logging_mixin.py:188} INFO - [2025-07-26T17:34:49.815+0000] {dag.py:3036} INFO - Sync 1 DAGs
[2025-07-26T17:34:49.861+0000] {logging_mixin.py:188} INFO - [2025-07-26T17:34:49.857+0000] {dag.py:3823} INFO - Setting next_dagrun for pl001_ingest_crypto_postgres to None, run_after=None
[2025-07-26T17:34:49.906+0000] {processor.py:183} INFO - Processing /opt/airflow/dags/airflow_pipeline.py took 0.175 seconds
[2025-07-26T17:35:20.203+0000] {processor.py:161} INFO - Started process (PID=823) to work on /opt/airflow/dags/airflow_pipeline.py
[2025-07-26T17:35:20.204+0000] {processor.py:830} INFO - Processing file /opt/airflow/dags/airflow_pipeline.py for tasks to queue
[2025-07-26T17:35:20.206+0000] {logging_mixin.py:188} INFO - [2025-07-26T17:35:20.205+0000] {dagbag.py:538} INFO - Filling up the DagBag from /opt/airflow/dags/airflow_pipeline.py
[2025-07-26T17:35:20.230+0000] {processor.py:840} INFO - DAG(s) 'pl001_ingest_crypto_postgres' retrieved from /opt/airflow/dags/airflow_pipeline.py
[2025-07-26T17:35:20.269+0000] {logging_mixin.py:188} INFO - [2025-07-26T17:35:20.269+0000] {dag.py:3036} INFO - Sync 1 DAGs
[2025-07-26T17:35:20.288+0000] {logging_mixin.py:188} INFO - [2025-07-26T17:35:20.287+0000] {dag.py:3823} INFO - Setting next_dagrun for pl001_ingest_crypto_postgres to None, run_after=None
[2025-07-26T17:35:20.317+0000] {processor.py:183} INFO - Processing /opt/airflow/dags/airflow_pipeline.py took 0.119 seconds
[2025-07-26T17:35:50.588+0000] {processor.py:161} INFO - Started process (PID=828) to work on /opt/airflow/dags/airflow_pipeline.py
[2025-07-26T17:35:50.590+0000] {processor.py:830} INFO - Processing file /opt/airflow/dags/airflow_pipeline.py for tasks to queue
[2025-07-26T17:35:50.593+0000] {logging_mixin.py:188} INFO - [2025-07-26T17:35:50.592+0000] {dagbag.py:538} INFO - Filling up the DagBag from /opt/airflow/dags/airflow_pipeline.py
[2025-07-26T17:35:50.639+0000] {processor.py:840} INFO - DAG(s) 'pl001_ingest_crypto_postgres' retrieved from /opt/airflow/dags/airflow_pipeline.py
[2025-07-26T17:35:50.701+0000] {logging_mixin.py:188} INFO - [2025-07-26T17:35:50.701+0000] {dag.py:3036} INFO - Sync 1 DAGs
[2025-07-26T17:35:50.717+0000] {logging_mixin.py:188} INFO - [2025-07-26T17:35:50.716+0000] {dag.py:3823} INFO - Setting next_dagrun for pl001_ingest_crypto_postgres to None, run_after=None
[2025-07-26T17:35:50.743+0000] {processor.py:183} INFO - Processing /opt/airflow/dags/airflow_pipeline.py took 0.164 seconds
[2025-07-26T17:36:21.008+0000] {processor.py:161} INFO - Started process (PID=833) to work on /opt/airflow/dags/airflow_pipeline.py
[2025-07-26T17:36:21.011+0000] {processor.py:830} INFO - Processing file /opt/airflow/dags/airflow_pipeline.py for tasks to queue
[2025-07-26T17:36:21.012+0000] {logging_mixin.py:188} INFO - [2025-07-26T17:36:21.012+0000] {dagbag.py:538} INFO - Filling up the DagBag from /opt/airflow/dags/airflow_pipeline.py
[2025-07-26T17:36:21.038+0000] {processor.py:840} INFO - DAG(s) 'pl001_ingest_crypto_postgres' retrieved from /opt/airflow/dags/airflow_pipeline.py
[2025-07-26T17:36:21.077+0000] {logging_mixin.py:188} INFO - [2025-07-26T17:36:21.077+0000] {dag.py:3036} INFO - Sync 1 DAGs
[2025-07-26T17:36:21.095+0000] {logging_mixin.py:188} INFO - [2025-07-26T17:36:21.094+0000] {dag.py:3823} INFO - Setting next_dagrun for pl001_ingest_crypto_postgres to None, run_after=None
[2025-07-26T17:36:21.124+0000] {processor.py:183} INFO - Processing /opt/airflow/dags/airflow_pipeline.py took 0.121 seconds
[2025-07-26T17:36:51.493+0000] {processor.py:161} INFO - Started process (PID=838) to work on /opt/airflow/dags/airflow_pipeline.py
[2025-07-26T17:36:51.496+0000] {processor.py:830} INFO - Processing file /opt/airflow/dags/airflow_pipeline.py for tasks to queue
[2025-07-26T17:36:51.498+0000] {logging_mixin.py:188} INFO - [2025-07-26T17:36:51.497+0000] {dagbag.py:538} INFO - Filling up the DagBag from /opt/airflow/dags/airflow_pipeline.py
[2025-07-26T17:36:51.542+0000] {processor.py:840} INFO - DAG(s) 'pl001_ingest_crypto_postgres' retrieved from /opt/airflow/dags/airflow_pipeline.py
[2025-07-26T17:36:51.605+0000] {logging_mixin.py:188} INFO - [2025-07-26T17:36:51.605+0000] {dag.py:3036} INFO - Sync 1 DAGs
[2025-07-26T17:36:51.620+0000] {logging_mixin.py:188} INFO - [2025-07-26T17:36:51.620+0000] {dag.py:3823} INFO - Setting next_dagrun for pl001_ingest_crypto_postgres to None, run_after=None
[2025-07-26T17:36:51.648+0000] {processor.py:183} INFO - Processing /opt/airflow/dags/airflow_pipeline.py took 0.162 seconds
[2025-07-26T17:37:21.876+0000] {processor.py:161} INFO - Started process (PID=843) to work on /opt/airflow/dags/airflow_pipeline.py
[2025-07-26T17:37:21.877+0000] {processor.py:830} INFO - Processing file /opt/airflow/dags/airflow_pipeline.py for tasks to queue
[2025-07-26T17:37:21.879+0000] {logging_mixin.py:188} INFO - [2025-07-26T17:37:21.878+0000] {dagbag.py:538} INFO - Filling up the DagBag from /opt/airflow/dags/airflow_pipeline.py
[2025-07-26T17:37:21.905+0000] {processor.py:840} INFO - DAG(s) 'pl001_ingest_crypto_postgres' retrieved from /opt/airflow/dags/airflow_pipeline.py
[2025-07-26T17:37:21.947+0000] {logging_mixin.py:188} INFO - [2025-07-26T17:37:21.946+0000] {dag.py:3036} INFO - Sync 1 DAGs
[2025-07-26T17:37:21.963+0000] {logging_mixin.py:188} INFO - [2025-07-26T17:37:21.962+0000] {dag.py:3823} INFO - Setting next_dagrun for pl001_ingest_crypto_postgres to None, run_after=None
[2025-07-26T17:37:21.995+0000] {processor.py:183} INFO - Processing /opt/airflow/dags/airflow_pipeline.py took 0.124 seconds
[2025-07-26T17:37:52.226+0000] {processor.py:161} INFO - Started process (PID=848) to work on /opt/airflow/dags/airflow_pipeline.py
[2025-07-26T17:37:52.229+0000] {processor.py:830} INFO - Processing file /opt/airflow/dags/airflow_pipeline.py for tasks to queue
[2025-07-26T17:37:52.233+0000] {logging_mixin.py:188} INFO - [2025-07-26T17:37:52.231+0000] {dagbag.py:538} INFO - Filling up the DagBag from /opt/airflow/dags/airflow_pipeline.py
[2025-07-26T17:37:52.272+0000] {processor.py:840} INFO - DAG(s) 'pl001_ingest_crypto_postgres' retrieved from /opt/airflow/dags/airflow_pipeline.py
[2025-07-26T17:37:52.352+0000] {logging_mixin.py:188} INFO - [2025-07-26T17:37:52.351+0000] {dag.py:3036} INFO - Sync 1 DAGs
[2025-07-26T17:37:52.373+0000] {logging_mixin.py:188} INFO - [2025-07-26T17:37:52.373+0000] {dag.py:3823} INFO - Setting next_dagrun for pl001_ingest_crypto_postgres to None, run_after=None
[2025-07-26T17:37:52.406+0000] {processor.py:183} INFO - Processing /opt/airflow/dags/airflow_pipeline.py took 0.188 seconds
[2025-07-26T17:38:22.811+0000] {processor.py:161} INFO - Started process (PID=853) to work on /opt/airflow/dags/airflow_pipeline.py
[2025-07-26T17:38:22.814+0000] {processor.py:830} INFO - Processing file /opt/airflow/dags/airflow_pipeline.py for tasks to queue
[2025-07-26T17:38:22.816+0000] {logging_mixin.py:188} INFO - [2025-07-26T17:38:22.815+0000] {dagbag.py:538} INFO - Filling up the DagBag from /opt/airflow/dags/airflow_pipeline.py
[2025-07-26T17:38:22.851+0000] {processor.py:840} INFO - DAG(s) 'pl001_ingest_crypto_postgres' retrieved from /opt/airflow/dags/airflow_pipeline.py
[2025-07-26T17:38:22.900+0000] {logging_mixin.py:188} INFO - [2025-07-26T17:38:22.900+0000] {dag.py:3036} INFO - Sync 1 DAGs
[2025-07-26T17:38:22.922+0000] {logging_mixin.py:188} INFO - [2025-07-26T17:38:22.922+0000] {dag.py:3823} INFO - Setting next_dagrun for pl001_ingest_crypto_postgres to None, run_after=None
[2025-07-26T17:38:22.953+0000] {processor.py:183} INFO - Processing /opt/airflow/dags/airflow_pipeline.py took 0.147 seconds
[2025-07-26T17:38:53.080+0000] {processor.py:161} INFO - Started process (PID=858) to work on /opt/airflow/dags/airflow_pipeline.py
[2025-07-26T17:38:53.082+0000] {processor.py:830} INFO - Processing file /opt/airflow/dags/airflow_pipeline.py for tasks to queue
[2025-07-26T17:38:53.083+0000] {logging_mixin.py:188} INFO - [2025-07-26T17:38:53.083+0000] {dagbag.py:538} INFO - Filling up the DagBag from /opt/airflow/dags/airflow_pipeline.py
[2025-07-26T17:38:53.115+0000] {processor.py:840} INFO - DAG(s) 'pl001_ingest_crypto_postgres' retrieved from /opt/airflow/dags/airflow_pipeline.py
[2025-07-26T17:38:53.175+0000] {logging_mixin.py:188} INFO - [2025-07-26T17:38:53.174+0000] {dag.py:3036} INFO - Sync 1 DAGs
[2025-07-26T17:38:53.198+0000] {logging_mixin.py:188} INFO - [2025-07-26T17:38:53.198+0000] {dag.py:3823} INFO - Setting next_dagrun for pl001_ingest_crypto_postgres to None, run_after=None
[2025-07-26T17:38:53.231+0000] {processor.py:183} INFO - Processing /opt/airflow/dags/airflow_pipeline.py took 0.157 seconds
[2025-07-26T17:39:23.513+0000] {processor.py:161} INFO - Started process (PID=863) to work on /opt/airflow/dags/airflow_pipeline.py
[2025-07-26T17:39:23.515+0000] {processor.py:830} INFO - Processing file /opt/airflow/dags/airflow_pipeline.py for tasks to queue
[2025-07-26T17:39:23.516+0000] {logging_mixin.py:188} INFO - [2025-07-26T17:39:23.516+0000] {dagbag.py:538} INFO - Filling up the DagBag from /opt/airflow/dags/airflow_pipeline.py
[2025-07-26T17:39:23.545+0000] {processor.py:840} INFO - DAG(s) 'pl001_ingest_crypto_postgres' retrieved from /opt/airflow/dags/airflow_pipeline.py
[2025-07-26T17:39:23.593+0000] {logging_mixin.py:188} INFO - [2025-07-26T17:39:23.592+0000] {dag.py:3036} INFO - Sync 1 DAGs
[2025-07-26T17:39:23.612+0000] {logging_mixin.py:188} INFO - [2025-07-26T17:39:23.611+0000] {dag.py:3823} INFO - Setting next_dagrun for pl001_ingest_crypto_postgres to None, run_after=None
[2025-07-26T17:39:23.647+0000] {processor.py:183} INFO - Processing /opt/airflow/dags/airflow_pipeline.py took 0.140 seconds
[2025-07-26T17:39:53.956+0000] {processor.py:161} INFO - Started process (PID=868) to work on /opt/airflow/dags/airflow_pipeline.py
[2025-07-26T17:39:53.958+0000] {processor.py:830} INFO - Processing file /opt/airflow/dags/airflow_pipeline.py for tasks to queue
[2025-07-26T17:39:53.959+0000] {logging_mixin.py:188} INFO - [2025-07-26T17:39:53.959+0000] {dagbag.py:538} INFO - Filling up the DagBag from /opt/airflow/dags/airflow_pipeline.py
[2025-07-26T17:39:53.982+0000] {processor.py:840} INFO - DAG(s) 'pl001_ingest_crypto_postgres' retrieved from /opt/airflow/dags/airflow_pipeline.py
[2025-07-26T17:39:54.021+0000] {logging_mixin.py:188} INFO - [2025-07-26T17:39:54.020+0000] {dag.py:3036} INFO - Sync 1 DAGs
[2025-07-26T17:39:54.036+0000] {logging_mixin.py:188} INFO - [2025-07-26T17:39:54.036+0000] {dag.py:3823} INFO - Setting next_dagrun for pl001_ingest_crypto_postgres to None, run_after=None
[2025-07-26T17:39:54.063+0000] {processor.py:183} INFO - Processing /opt/airflow/dags/airflow_pipeline.py took 0.110 seconds
[2025-07-26T17:40:24.333+0000] {processor.py:161} INFO - Started process (PID=873) to work on /opt/airflow/dags/airflow_pipeline.py
[2025-07-26T17:40:24.335+0000] {processor.py:830} INFO - Processing file /opt/airflow/dags/airflow_pipeline.py for tasks to queue
[2025-07-26T17:40:24.337+0000] {logging_mixin.py:188} INFO - [2025-07-26T17:40:24.336+0000] {dagbag.py:538} INFO - Filling up the DagBag from /opt/airflow/dags/airflow_pipeline.py
[2025-07-26T17:40:24.362+0000] {processor.py:840} INFO - DAG(s) 'pl001_ingest_crypto_postgres' retrieved from /opt/airflow/dags/airflow_pipeline.py
[2025-07-26T17:40:24.400+0000] {logging_mixin.py:188} INFO - [2025-07-26T17:40:24.400+0000] {dag.py:3036} INFO - Sync 1 DAGs
[2025-07-26T17:40:24.415+0000] {logging_mixin.py:188} INFO - [2025-07-26T17:40:24.414+0000] {dag.py:3823} INFO - Setting next_dagrun for pl001_ingest_crypto_postgres to None, run_after=None
[2025-07-26T17:40:24.440+0000] {processor.py:183} INFO - Processing /opt/airflow/dags/airflow_pipeline.py took 0.113 seconds
[2025-07-26T17:40:54.749+0000] {processor.py:161} INFO - Started process (PID=878) to work on /opt/airflow/dags/airflow_pipeline.py
[2025-07-26T17:40:54.751+0000] {processor.py:830} INFO - Processing file /opt/airflow/dags/airflow_pipeline.py for tasks to queue
[2025-07-26T17:40:54.752+0000] {logging_mixin.py:188} INFO - [2025-07-26T17:40:54.752+0000] {dagbag.py:538} INFO - Filling up the DagBag from /opt/airflow/dags/airflow_pipeline.py
[2025-07-26T17:40:54.776+0000] {processor.py:840} INFO - DAG(s) 'pl001_ingest_crypto_postgres' retrieved from /opt/airflow/dags/airflow_pipeline.py
[2025-07-26T17:40:54.813+0000] {logging_mixin.py:188} INFO - [2025-07-26T17:40:54.813+0000] {dag.py:3036} INFO - Sync 1 DAGs
[2025-07-26T17:40:54.830+0000] {logging_mixin.py:188} INFO - [2025-07-26T17:40:54.830+0000] {dag.py:3823} INFO - Setting next_dagrun for pl001_ingest_crypto_postgres to None, run_after=None
[2025-07-26T17:40:54.858+0000] {processor.py:183} INFO - Processing /opt/airflow/dags/airflow_pipeline.py took 0.113 seconds
[2025-07-26T17:41:25.114+0000] {processor.py:161} INFO - Started process (PID=883) to work on /opt/airflow/dags/airflow_pipeline.py
[2025-07-26T17:41:25.116+0000] {processor.py:830} INFO - Processing file /opt/airflow/dags/airflow_pipeline.py for tasks to queue
[2025-07-26T17:41:25.117+0000] {logging_mixin.py:188} INFO - [2025-07-26T17:41:25.117+0000] {dagbag.py:538} INFO - Filling up the DagBag from /opt/airflow/dags/airflow_pipeline.py
[2025-07-26T17:41:25.143+0000] {processor.py:840} INFO - DAG(s) 'pl001_ingest_crypto_postgres' retrieved from /opt/airflow/dags/airflow_pipeline.py
[2025-07-26T17:41:25.188+0000] {logging_mixin.py:188} INFO - [2025-07-26T17:41:25.187+0000] {dag.py:3036} INFO - Sync 1 DAGs
[2025-07-26T17:41:25.206+0000] {logging_mixin.py:188} INFO - [2025-07-26T17:41:25.205+0000] {dag.py:3823} INFO - Setting next_dagrun for pl001_ingest_crypto_postgres to None, run_after=None
[2025-07-26T17:41:25.235+0000] {processor.py:183} INFO - Processing /opt/airflow/dags/airflow_pipeline.py took 0.132 seconds
[2025-07-26T17:41:55.553+0000] {processor.py:161} INFO - Started process (PID=888) to work on /opt/airflow/dags/airflow_pipeline.py
[2025-07-26T17:41:55.554+0000] {processor.py:830} INFO - Processing file /opt/airflow/dags/airflow_pipeline.py for tasks to queue
[2025-07-26T17:41:55.556+0000] {logging_mixin.py:188} INFO - [2025-07-26T17:41:55.555+0000] {dagbag.py:538} INFO - Filling up the DagBag from /opt/airflow/dags/airflow_pipeline.py
[2025-07-26T17:41:55.579+0000] {processor.py:840} INFO - DAG(s) 'pl001_ingest_crypto_postgres' retrieved from /opt/airflow/dags/airflow_pipeline.py
[2025-07-26T17:41:55.616+0000] {logging_mixin.py:188} INFO - [2025-07-26T17:41:55.616+0000] {dag.py:3036} INFO - Sync 1 DAGs
[2025-07-26T17:41:55.630+0000] {logging_mixin.py:188} INFO - [2025-07-26T17:41:55.630+0000] {dag.py:3823} INFO - Setting next_dagrun for pl001_ingest_crypto_postgres to None, run_after=None
[2025-07-26T17:41:55.657+0000] {processor.py:183} INFO - Processing /opt/airflow/dags/airflow_pipeline.py took 0.109 seconds
[2025-07-26T17:42:25.935+0000] {processor.py:161} INFO - Started process (PID=893) to work on /opt/airflow/dags/airflow_pipeline.py
[2025-07-26T17:42:25.937+0000] {processor.py:830} INFO - Processing file /opt/airflow/dags/airflow_pipeline.py for tasks to queue
[2025-07-26T17:42:25.938+0000] {logging_mixin.py:188} INFO - [2025-07-26T17:42:25.938+0000] {dagbag.py:538} INFO - Filling up the DagBag from /opt/airflow/dags/airflow_pipeline.py
[2025-07-26T17:42:25.965+0000] {processor.py:840} INFO - DAG(s) 'pl001_ingest_crypto_postgres' retrieved from /opt/airflow/dags/airflow_pipeline.py
[2025-07-26T17:42:26.004+0000] {logging_mixin.py:188} INFO - [2025-07-26T17:42:26.003+0000] {dag.py:3036} INFO - Sync 1 DAGs
[2025-07-26T17:42:26.021+0000] {logging_mixin.py:188} INFO - [2025-07-26T17:42:26.020+0000] {dag.py:3823} INFO - Setting next_dagrun for pl001_ingest_crypto_postgres to None, run_after=None
[2025-07-26T17:42:26.048+0000] {processor.py:183} INFO - Processing /opt/airflow/dags/airflow_pipeline.py took 0.120 seconds
[2025-07-26T17:42:56.469+0000] {processor.py:161} INFO - Started process (PID=898) to work on /opt/airflow/dags/airflow_pipeline.py
[2025-07-26T17:42:56.471+0000] {processor.py:830} INFO - Processing file /opt/airflow/dags/airflow_pipeline.py for tasks to queue
[2025-07-26T17:42:56.473+0000] {logging_mixin.py:188} INFO - [2025-07-26T17:42:56.473+0000] {dagbag.py:538} INFO - Filling up the DagBag from /opt/airflow/dags/airflow_pipeline.py
[2025-07-26T17:42:56.505+0000] {processor.py:840} INFO - DAG(s) 'pl001_ingest_crypto_postgres' retrieved from /opt/airflow/dags/airflow_pipeline.py
[2025-07-26T17:42:56.550+0000] {logging_mixin.py:188} INFO - [2025-07-26T17:42:56.549+0000] {dag.py:3036} INFO - Sync 1 DAGs
[2025-07-26T17:42:56.564+0000] {logging_mixin.py:188} INFO - [2025-07-26T17:42:56.564+0000] {dag.py:3823} INFO - Setting next_dagrun for pl001_ingest_crypto_postgres to None, run_after=None
[2025-07-26T17:42:56.588+0000] {processor.py:183} INFO - Processing /opt/airflow/dags/airflow_pipeline.py took 0.125 seconds
[2025-07-26T17:43:26.959+0000] {processor.py:161} INFO - Started process (PID=903) to work on /opt/airflow/dags/airflow_pipeline.py
[2025-07-26T17:43:26.961+0000] {processor.py:830} INFO - Processing file /opt/airflow/dags/airflow_pipeline.py for tasks to queue
[2025-07-26T17:43:26.962+0000] {logging_mixin.py:188} INFO - [2025-07-26T17:43:26.962+0000] {dagbag.py:538} INFO - Filling up the DagBag from /opt/airflow/dags/airflow_pipeline.py
[2025-07-26T17:43:27.011+0000] {processor.py:840} INFO - DAG(s) 'pl001_ingest_crypto_postgres' retrieved from /opt/airflow/dags/airflow_pipeline.py
[2025-07-26T17:43:27.061+0000] {logging_mixin.py:188} INFO - [2025-07-26T17:43:27.060+0000] {dag.py:3036} INFO - Sync 1 DAGs
[2025-07-26T17:43:27.077+0000] {logging_mixin.py:188} INFO - [2025-07-26T17:43:27.076+0000] {dag.py:3823} INFO - Setting next_dagrun for pl001_ingest_crypto_postgres to None, run_after=None
[2025-07-26T17:43:27.105+0000] {processor.py:183} INFO - Processing /opt/airflow/dags/airflow_pipeline.py took 0.152 seconds
[2025-07-26T17:43:57.393+0000] {processor.py:161} INFO - Started process (PID=908) to work on /opt/airflow/dags/airflow_pipeline.py
[2025-07-26T17:43:57.395+0000] {processor.py:830} INFO - Processing file /opt/airflow/dags/airflow_pipeline.py for tasks to queue
[2025-07-26T17:43:57.397+0000] {logging_mixin.py:188} INFO - [2025-07-26T17:43:57.397+0000] {dagbag.py:538} INFO - Filling up the DagBag from /opt/airflow/dags/airflow_pipeline.py
[2025-07-26T17:43:57.426+0000] {processor.py:840} INFO - DAG(s) 'pl001_ingest_crypto_postgres' retrieved from /opt/airflow/dags/airflow_pipeline.py
[2025-07-26T17:43:57.465+0000] {logging_mixin.py:188} INFO - [2025-07-26T17:43:57.465+0000] {dag.py:3036} INFO - Sync 1 DAGs
[2025-07-26T17:43:57.480+0000] {logging_mixin.py:188} INFO - [2025-07-26T17:43:57.480+0000] {dag.py:3823} INFO - Setting next_dagrun for pl001_ingest_crypto_postgres to None, run_after=None
[2025-07-26T17:43:57.509+0000] {processor.py:183} INFO - Processing /opt/airflow/dags/airflow_pipeline.py took 0.122 seconds
[2025-07-26T17:44:27.826+0000] {processor.py:161} INFO - Started process (PID=913) to work on /opt/airflow/dags/airflow_pipeline.py
[2025-07-26T17:44:27.830+0000] {processor.py:830} INFO - Processing file /opt/airflow/dags/airflow_pipeline.py for tasks to queue
[2025-07-26T17:44:27.832+0000] {logging_mixin.py:188} INFO - [2025-07-26T17:44:27.831+0000] {dagbag.py:538} INFO - Filling up the DagBag from /opt/airflow/dags/airflow_pipeline.py
[2025-07-26T17:44:27.866+0000] {processor.py:840} INFO - DAG(s) 'pl001_ingest_crypto_postgres' retrieved from /opt/airflow/dags/airflow_pipeline.py
[2025-07-26T17:44:27.935+0000] {logging_mixin.py:188} INFO - [2025-07-26T17:44:27.935+0000] {dag.py:3036} INFO - Sync 1 DAGs
[2025-07-26T17:44:27.958+0000] {logging_mixin.py:188} INFO - [2025-07-26T17:44:27.958+0000] {dag.py:3823} INFO - Setting next_dagrun for pl001_ingest_crypto_postgres to None, run_after=None
[2025-07-26T17:44:27.992+0000] {processor.py:183} INFO - Processing /opt/airflow/dags/airflow_pipeline.py took 0.173 seconds
[2025-07-26T17:44:58.216+0000] {processor.py:161} INFO - Started process (PID=918) to work on /opt/airflow/dags/airflow_pipeline.py
[2025-07-26T17:44:58.218+0000] {processor.py:830} INFO - Processing file /opt/airflow/dags/airflow_pipeline.py for tasks to queue
[2025-07-26T17:44:58.220+0000] {logging_mixin.py:188} INFO - [2025-07-26T17:44:58.219+0000] {dagbag.py:538} INFO - Filling up the DagBag from /opt/airflow/dags/airflow_pipeline.py
[2025-07-26T17:44:58.245+0000] {processor.py:840} INFO - DAG(s) 'pl001_ingest_crypto_postgres' retrieved from /opt/airflow/dags/airflow_pipeline.py
[2025-07-26T17:44:58.289+0000] {logging_mixin.py:188} INFO - [2025-07-26T17:44:58.288+0000] {dag.py:3036} INFO - Sync 1 DAGs
[2025-07-26T17:44:58.305+0000] {logging_mixin.py:188} INFO - [2025-07-26T17:44:58.305+0000] {dag.py:3823} INFO - Setting next_dagrun for pl001_ingest_crypto_postgres to None, run_after=None
[2025-07-26T17:44:58.331+0000] {processor.py:183} INFO - Processing /opt/airflow/dags/airflow_pipeline.py took 0.120 seconds
[2025-07-26T17:45:28.766+0000] {processor.py:161} INFO - Started process (PID=923) to work on /opt/airflow/dags/airflow_pipeline.py
[2025-07-26T17:45:28.767+0000] {processor.py:830} INFO - Processing file /opt/airflow/dags/airflow_pipeline.py for tasks to queue
[2025-07-26T17:45:28.768+0000] {logging_mixin.py:188} INFO - [2025-07-26T17:45:28.768+0000] {dagbag.py:538} INFO - Filling up the DagBag from /opt/airflow/dags/airflow_pipeline.py
[2025-07-26T17:45:28.794+0000] {processor.py:840} INFO - DAG(s) 'pl001_ingest_crypto_postgres' retrieved from /opt/airflow/dags/airflow_pipeline.py
[2025-07-26T17:45:28.834+0000] {logging_mixin.py:188} INFO - [2025-07-26T17:45:28.834+0000] {dag.py:3036} INFO - Sync 1 DAGs
[2025-07-26T17:45:28.849+0000] {logging_mixin.py:188} INFO - [2025-07-26T17:45:28.849+0000] {dag.py:3823} INFO - Setting next_dagrun for pl001_ingest_crypto_postgres to None, run_after=None
[2025-07-26T17:45:28.876+0000] {processor.py:183} INFO - Processing /opt/airflow/dags/airflow_pipeline.py took 0.115 seconds
[2025-07-26T17:45:59.249+0000] {processor.py:161} INFO - Started process (PID=928) to work on /opt/airflow/dags/airflow_pipeline.py
[2025-07-26T17:45:59.250+0000] {processor.py:830} INFO - Processing file /opt/airflow/dags/airflow_pipeline.py for tasks to queue
[2025-07-26T17:45:59.252+0000] {logging_mixin.py:188} INFO - [2025-07-26T17:45:59.251+0000] {dagbag.py:538} INFO - Filling up the DagBag from /opt/airflow/dags/airflow_pipeline.py
[2025-07-26T17:45:59.279+0000] {processor.py:840} INFO - DAG(s) 'pl001_ingest_crypto_postgres' retrieved from /opt/airflow/dags/airflow_pipeline.py
[2025-07-26T17:45:59.318+0000] {logging_mixin.py:188} INFO - [2025-07-26T17:45:59.318+0000] {dag.py:3036} INFO - Sync 1 DAGs
[2025-07-26T17:45:59.335+0000] {logging_mixin.py:188} INFO - [2025-07-26T17:45:59.335+0000] {dag.py:3823} INFO - Setting next_dagrun for pl001_ingest_crypto_postgres to None, run_after=None
[2025-07-26T17:45:59.377+0000] {processor.py:183} INFO - Processing /opt/airflow/dags/airflow_pipeline.py took 0.134 seconds
[2025-07-26T17:46:29.682+0000] {processor.py:161} INFO - Started process (PID=933) to work on /opt/airflow/dags/airflow_pipeline.py
[2025-07-26T17:46:29.686+0000] {processor.py:830} INFO - Processing file /opt/airflow/dags/airflow_pipeline.py for tasks to queue
[2025-07-26T17:46:29.688+0000] {logging_mixin.py:188} INFO - [2025-07-26T17:46:29.687+0000] {dagbag.py:538} INFO - Filling up the DagBag from /opt/airflow/dags/airflow_pipeline.py
[2025-07-26T17:46:29.726+0000] {processor.py:840} INFO - DAG(s) 'pl001_ingest_crypto_postgres' retrieved from /opt/airflow/dags/airflow_pipeline.py
[2025-07-26T17:46:29.774+0000] {logging_mixin.py:188} INFO - [2025-07-26T17:46:29.773+0000] {dag.py:3036} INFO - Sync 1 DAGs
[2025-07-26T17:46:29.791+0000] {logging_mixin.py:188} INFO - [2025-07-26T17:46:29.790+0000] {dag.py:3823} INFO - Setting next_dagrun for pl001_ingest_crypto_postgres to None, run_after=None
[2025-07-26T17:46:29.823+0000] {processor.py:183} INFO - Processing /opt/airflow/dags/airflow_pipeline.py took 0.153 seconds
[2025-07-26T17:47:00.058+0000] {processor.py:161} INFO - Started process (PID=938) to work on /opt/airflow/dags/airflow_pipeline.py
[2025-07-26T17:47:00.060+0000] {processor.py:830} INFO - Processing file /opt/airflow/dags/airflow_pipeline.py for tasks to queue
[2025-07-26T17:47:00.061+0000] {logging_mixin.py:188} INFO - [2025-07-26T17:47:00.061+0000] {dagbag.py:538} INFO - Filling up the DagBag from /opt/airflow/dags/airflow_pipeline.py
[2025-07-26T17:47:00.085+0000] {processor.py:840} INFO - DAG(s) 'pl001_ingest_crypto_postgres' retrieved from /opt/airflow/dags/airflow_pipeline.py
[2025-07-26T17:47:00.127+0000] {logging_mixin.py:188} INFO - [2025-07-26T17:47:00.127+0000] {dag.py:3036} INFO - Sync 1 DAGs
[2025-07-26T17:47:00.142+0000] {logging_mixin.py:188} INFO - [2025-07-26T17:47:00.142+0000] {dag.py:3823} INFO - Setting next_dagrun for pl001_ingest_crypto_postgres to None, run_after=None
[2025-07-26T17:47:00.176+0000] {processor.py:183} INFO - Processing /opt/airflow/dags/airflow_pipeline.py took 0.124 seconds
[2025-07-26T17:47:30.382+0000] {processor.py:161} INFO - Started process (PID=943) to work on /opt/airflow/dags/airflow_pipeline.py
[2025-07-26T17:47:30.383+0000] {processor.py:830} INFO - Processing file /opt/airflow/dags/airflow_pipeline.py for tasks to queue
[2025-07-26T17:47:30.385+0000] {logging_mixin.py:188} INFO - [2025-07-26T17:47:30.384+0000] {dagbag.py:538} INFO - Filling up the DagBag from /opt/airflow/dags/airflow_pipeline.py
[2025-07-26T17:47:30.407+0000] {processor.py:840} INFO - DAG(s) 'pl001_ingest_crypto_postgres' retrieved from /opt/airflow/dags/airflow_pipeline.py
[2025-07-26T17:47:30.446+0000] {logging_mixin.py:188} INFO - [2025-07-26T17:47:30.445+0000] {dag.py:3036} INFO - Sync 1 DAGs
[2025-07-26T17:47:30.462+0000] {logging_mixin.py:188} INFO - [2025-07-26T17:47:30.461+0000] {dag.py:3823} INFO - Setting next_dagrun for pl001_ingest_crypto_postgres to None, run_after=None
[2025-07-26T17:47:30.494+0000] {processor.py:183} INFO - Processing /opt/airflow/dags/airflow_pipeline.py took 0.117 seconds
[2025-07-26T17:48:00.694+0000] {processor.py:161} INFO - Started process (PID=948) to work on /opt/airflow/dags/airflow_pipeline.py
[2025-07-26T17:48:00.696+0000] {processor.py:830} INFO - Processing file /opt/airflow/dags/airflow_pipeline.py for tasks to queue
[2025-07-26T17:48:00.698+0000] {logging_mixin.py:188} INFO - [2025-07-26T17:48:00.697+0000] {dagbag.py:538} INFO - Filling up the DagBag from /opt/airflow/dags/airflow_pipeline.py
[2025-07-26T17:48:00.727+0000] {processor.py:840} INFO - DAG(s) 'pl001_ingest_crypto_postgres' retrieved from /opt/airflow/dags/airflow_pipeline.py
[2025-07-26T17:48:00.773+0000] {logging_mixin.py:188} INFO - [2025-07-26T17:48:00.772+0000] {dag.py:3036} INFO - Sync 1 DAGs
[2025-07-26T17:48:00.789+0000] {logging_mixin.py:188} INFO - [2025-07-26T17:48:00.788+0000] {dag.py:3823} INFO - Setting next_dagrun for pl001_ingest_crypto_postgres to None, run_after=None
[2025-07-26T17:48:00.813+0000] {processor.py:183} INFO - Processing /opt/airflow/dags/airflow_pipeline.py took 0.124 seconds
[2025-07-26T17:48:31.269+0000] {processor.py:161} INFO - Started process (PID=953) to work on /opt/airflow/dags/airflow_pipeline.py
[2025-07-26T17:48:31.272+0000] {processor.py:830} INFO - Processing file /opt/airflow/dags/airflow_pipeline.py for tasks to queue
[2025-07-26T17:48:31.275+0000] {logging_mixin.py:188} INFO - [2025-07-26T17:48:31.274+0000] {dagbag.py:538} INFO - Filling up the DagBag from /opt/airflow/dags/airflow_pipeline.py
[2025-07-26T17:48:31.319+0000] {processor.py:840} INFO - DAG(s) 'pl001_ingest_crypto_postgres' retrieved from /opt/airflow/dags/airflow_pipeline.py
[2025-07-26T17:48:31.386+0000] {logging_mixin.py:188} INFO - [2025-07-26T17:48:31.384+0000] {dag.py:3036} INFO - Sync 1 DAGs
[2025-07-26T17:48:31.412+0000] {logging_mixin.py:188} INFO - [2025-07-26T17:48:31.412+0000] {dag.py:3823} INFO - Setting next_dagrun for pl001_ingest_crypto_postgres to None, run_after=None
[2025-07-26T17:48:31.439+0000] {processor.py:183} INFO - Processing /opt/airflow/dags/airflow_pipeline.py took 0.175 seconds
[2025-07-26T17:49:01.610+0000] {processor.py:161} INFO - Started process (PID=958) to work on /opt/airflow/dags/airflow_pipeline.py
[2025-07-26T17:49:01.611+0000] {processor.py:830} INFO - Processing file /opt/airflow/dags/airflow_pipeline.py for tasks to queue
[2025-07-26T17:49:01.613+0000] {logging_mixin.py:188} INFO - [2025-07-26T17:49:01.612+0000] {dagbag.py:538} INFO - Filling up the DagBag from /opt/airflow/dags/airflow_pipeline.py
[2025-07-26T17:49:01.639+0000] {processor.py:840} INFO - DAG(s) 'pl001_ingest_crypto_postgres' retrieved from /opt/airflow/dags/airflow_pipeline.py
[2025-07-26T17:49:01.685+0000] {logging_mixin.py:188} INFO - [2025-07-26T17:49:01.684+0000] {dag.py:3036} INFO - Sync 1 DAGs
[2025-07-26T17:49:01.703+0000] {logging_mixin.py:188} INFO - [2025-07-26T17:49:01.702+0000] {dag.py:3823} INFO - Setting next_dagrun for pl001_ingest_crypto_postgres to None, run_after=None
[2025-07-26T17:49:01.730+0000] {processor.py:183} INFO - Processing /opt/airflow/dags/airflow_pipeline.py took 0.125 seconds
[2025-07-26T17:49:32.317+0000] {processor.py:161} INFO - Started process (PID=963) to work on /opt/airflow/dags/airflow_pipeline.py
[2025-07-26T17:49:32.320+0000] {processor.py:830} INFO - Processing file /opt/airflow/dags/airflow_pipeline.py for tasks to queue
[2025-07-26T17:49:32.322+0000] {logging_mixin.py:188} INFO - [2025-07-26T17:49:32.321+0000] {dagbag.py:538} INFO - Filling up the DagBag from /opt/airflow/dags/airflow_pipeline.py
[2025-07-26T17:49:32.381+0000] {processor.py:840} INFO - DAG(s) 'pl001_ingest_crypto_postgres' retrieved from /opt/airflow/dags/airflow_pipeline.py
[2025-07-26T17:49:32.437+0000] {logging_mixin.py:188} INFO - [2025-07-26T17:49:32.437+0000] {dag.py:3036} INFO - Sync 1 DAGs
[2025-07-26T17:49:32.466+0000] {logging_mixin.py:188} INFO - [2025-07-26T17:49:32.466+0000] {dag.py:3823} INFO - Setting next_dagrun for pl001_ingest_crypto_postgres to None, run_after=None
[2025-07-26T17:49:32.498+0000] {processor.py:183} INFO - Processing /opt/airflow/dags/airflow_pipeline.py took 0.188 seconds
[2025-07-26T17:50:02.627+0000] {processor.py:161} INFO - Started process (PID=968) to work on /opt/airflow/dags/airflow_pipeline.py
[2025-07-26T17:50:02.630+0000] {processor.py:830} INFO - Processing file /opt/airflow/dags/airflow_pipeline.py for tasks to queue
[2025-07-26T17:50:02.631+0000] {logging_mixin.py:188} INFO - [2025-07-26T17:50:02.631+0000] {dagbag.py:538} INFO - Filling up the DagBag from /opt/airflow/dags/airflow_pipeline.py
[2025-07-26T17:50:02.663+0000] {processor.py:840} INFO - DAG(s) 'pl001_ingest_crypto_postgres' retrieved from /opt/airflow/dags/airflow_pipeline.py
[2025-07-26T17:50:02.719+0000] {logging_mixin.py:188} INFO - [2025-07-26T17:50:02.719+0000] {dag.py:3036} INFO - Sync 1 DAGs
[2025-07-26T17:50:02.750+0000] {logging_mixin.py:188} INFO - [2025-07-26T17:50:02.749+0000] {dag.py:3823} INFO - Setting next_dagrun for pl001_ingest_crypto_postgres to None, run_after=None
[2025-07-26T17:50:02.789+0000] {processor.py:183} INFO - Processing /opt/airflow/dags/airflow_pipeline.py took 0.173 seconds
[2025-07-26T17:50:32.966+0000] {processor.py:161} INFO - Started process (PID=973) to work on /opt/airflow/dags/airflow_pipeline.py
[2025-07-26T17:50:32.967+0000] {processor.py:830} INFO - Processing file /opt/airflow/dags/airflow_pipeline.py for tasks to queue
[2025-07-26T17:50:32.969+0000] {logging_mixin.py:188} INFO - [2025-07-26T17:50:32.968+0000] {dagbag.py:538} INFO - Filling up the DagBag from /opt/airflow/dags/airflow_pipeline.py
[2025-07-26T17:50:32.995+0000] {processor.py:840} INFO - DAG(s) 'pl001_ingest_crypto_postgres' retrieved from /opt/airflow/dags/airflow_pipeline.py
[2025-07-26T17:50:33.051+0000] {logging_mixin.py:188} INFO - [2025-07-26T17:50:33.051+0000] {dag.py:3036} INFO - Sync 1 DAGs
[2025-07-26T17:50:33.070+0000] {logging_mixin.py:188} INFO - [2025-07-26T17:50:33.069+0000] {dag.py:3823} INFO - Setting next_dagrun for pl001_ingest_crypto_postgres to None, run_after=None
[2025-07-26T17:50:33.098+0000] {processor.py:183} INFO - Processing /opt/airflow/dags/airflow_pipeline.py took 0.139 seconds
[2025-07-26T17:51:03.273+0000] {processor.py:161} INFO - Started process (PID=978) to work on /opt/airflow/dags/airflow_pipeline.py
[2025-07-26T17:51:03.276+0000] {processor.py:830} INFO - Processing file /opt/airflow/dags/airflow_pipeline.py for tasks to queue
[2025-07-26T17:51:03.281+0000] {logging_mixin.py:188} INFO - [2025-07-26T17:51:03.279+0000] {dagbag.py:538} INFO - Filling up the DagBag from /opt/airflow/dags/airflow_pipeline.py
[2025-07-26T17:51:03.323+0000] {processor.py:840} INFO - DAG(s) 'pl001_ingest_crypto_postgres' retrieved from /opt/airflow/dags/airflow_pipeline.py
[2025-07-26T17:51:03.378+0000] {logging_mixin.py:188} INFO - [2025-07-26T17:51:03.377+0000] {dag.py:3036} INFO - Sync 1 DAGs
[2025-07-26T17:51:03.401+0000] {logging_mixin.py:188} INFO - [2025-07-26T17:51:03.400+0000] {dag.py:3823} INFO - Setting next_dagrun for pl001_ingest_crypto_postgres to None, run_after=None
[2025-07-26T17:51:03.441+0000] {processor.py:183} INFO - Processing /opt/airflow/dags/airflow_pipeline.py took 0.175 seconds
[2025-07-26T17:51:33.849+0000] {processor.py:161} INFO - Started process (PID=983) to work on /opt/airflow/dags/airflow_pipeline.py
[2025-07-26T17:51:33.850+0000] {processor.py:830} INFO - Processing file /opt/airflow/dags/airflow_pipeline.py for tasks to queue
[2025-07-26T17:51:33.852+0000] {logging_mixin.py:188} INFO - [2025-07-26T17:51:33.851+0000] {dagbag.py:538} INFO - Filling up the DagBag from /opt/airflow/dags/airflow_pipeline.py
[2025-07-26T17:51:33.876+0000] {processor.py:840} INFO - DAG(s) 'pl001_ingest_crypto_postgres' retrieved from /opt/airflow/dags/airflow_pipeline.py
[2025-07-26T17:51:33.918+0000] {logging_mixin.py:188} INFO - [2025-07-26T17:51:33.918+0000] {dag.py:3036} INFO - Sync 1 DAGs
[2025-07-26T17:51:33.934+0000] {logging_mixin.py:188} INFO - [2025-07-26T17:51:33.933+0000] {dag.py:3823} INFO - Setting next_dagrun for pl001_ingest_crypto_postgres to None, run_after=None
[2025-07-26T17:51:33.959+0000] {processor.py:183} INFO - Processing /opt/airflow/dags/airflow_pipeline.py took 0.115 seconds
[2025-07-26T17:52:04.697+0000] {processor.py:161} INFO - Started process (PID=988) to work on /opt/airflow/dags/airflow_pipeline.py
[2025-07-26T17:52:04.702+0000] {processor.py:830} INFO - Processing file /opt/airflow/dags/airflow_pipeline.py for tasks to queue
[2025-07-26T17:52:04.704+0000] {logging_mixin.py:188} INFO - [2025-07-26T17:52:04.704+0000] {dagbag.py:538} INFO - Filling up the DagBag from /opt/airflow/dags/airflow_pipeline.py
[2025-07-26T17:52:04.755+0000] {processor.py:840} INFO - DAG(s) 'pl001_ingest_crypto_postgres' retrieved from /opt/airflow/dags/airflow_pipeline.py
[2025-07-26T17:52:04.843+0000] {logging_mixin.py:188} INFO - [2025-07-26T17:52:04.843+0000] {dag.py:3036} INFO - Sync 1 DAGs
[2025-07-26T17:52:04.871+0000] {logging_mixin.py:188} INFO - [2025-07-26T17:52:04.871+0000] {dag.py:3823} INFO - Setting next_dagrun for pl001_ingest_crypto_postgres to None, run_after=None
[2025-07-26T17:52:04.916+0000] {processor.py:183} INFO - Processing /opt/airflow/dags/airflow_pipeline.py took 0.226 seconds
[2025-07-26T17:52:35.328+0000] {processor.py:161} INFO - Started process (PID=993) to work on /opt/airflow/dags/airflow_pipeline.py
[2025-07-26T17:52:35.331+0000] {processor.py:830} INFO - Processing file /opt/airflow/dags/airflow_pipeline.py for tasks to queue
[2025-07-26T17:52:35.334+0000] {logging_mixin.py:188} INFO - [2025-07-26T17:52:35.333+0000] {dagbag.py:538} INFO - Filling up the DagBag from /opt/airflow/dags/airflow_pipeline.py
[2025-07-26T17:52:35.367+0000] {processor.py:840} INFO - DAG(s) 'pl001_ingest_crypto_postgres' retrieved from /opt/airflow/dags/airflow_pipeline.py
[2025-07-26T17:52:35.412+0000] {logging_mixin.py:188} INFO - [2025-07-26T17:52:35.412+0000] {dag.py:3036} INFO - Sync 1 DAGs
[2025-07-26T17:52:35.430+0000] {logging_mixin.py:188} INFO - [2025-07-26T17:52:35.430+0000] {dag.py:3823} INFO - Setting next_dagrun for pl001_ingest_crypto_postgres to None, run_after=None
[2025-07-26T17:52:35.463+0000] {processor.py:183} INFO - Processing /opt/airflow/dags/airflow_pipeline.py took 0.141 seconds
[2025-07-26T17:53:05.650+0000] {processor.py:161} INFO - Started process (PID=1008) to work on /opt/airflow/dags/airflow_pipeline.py
[2025-07-26T17:53:05.652+0000] {processor.py:830} INFO - Processing file /opt/airflow/dags/airflow_pipeline.py for tasks to queue
[2025-07-26T17:53:05.654+0000] {logging_mixin.py:188} INFO - [2025-07-26T17:53:05.653+0000] {dagbag.py:538} INFO - Filling up the DagBag from /opt/airflow/dags/airflow_pipeline.py
[2025-07-26T17:53:05.691+0000] {processor.py:840} INFO - DAG(s) 'pl001_ingest_crypto_postgres' retrieved from /opt/airflow/dags/airflow_pipeline.py
[2025-07-26T17:53:05.746+0000] {logging_mixin.py:188} INFO - [2025-07-26T17:53:05.745+0000] {dag.py:3036} INFO - Sync 1 DAGs
[2025-07-26T17:53:05.771+0000] {logging_mixin.py:188} INFO - [2025-07-26T17:53:05.770+0000] {dag.py:3823} INFO - Setting next_dagrun for pl001_ingest_crypto_postgres to None, run_after=None
[2025-07-26T17:53:05.807+0000] {processor.py:183} INFO - Processing /opt/airflow/dags/airflow_pipeline.py took 0.164 seconds
[2025-07-26T17:53:36.329+0000] {processor.py:161} INFO - Started process (PID=1013) to work on /opt/airflow/dags/airflow_pipeline.py
[2025-07-26T17:53:36.331+0000] {processor.py:830} INFO - Processing file /opt/airflow/dags/airflow_pipeline.py for tasks to queue
[2025-07-26T17:53:36.332+0000] {logging_mixin.py:188} INFO - [2025-07-26T17:53:36.332+0000] {dagbag.py:538} INFO - Filling up the DagBag from /opt/airflow/dags/airflow_pipeline.py
[2025-07-26T17:53:36.360+0000] {processor.py:840} INFO - DAG(s) 'pl001_ingest_crypto_postgres' retrieved from /opt/airflow/dags/airflow_pipeline.py
[2025-07-26T17:53:36.402+0000] {logging_mixin.py:188} INFO - [2025-07-26T17:53:36.401+0000] {dag.py:3036} INFO - Sync 1 DAGs
[2025-07-26T17:53:36.418+0000] {logging_mixin.py:188} INFO - [2025-07-26T17:53:36.418+0000] {dag.py:3823} INFO - Setting next_dagrun for pl001_ingest_crypto_postgres to None, run_after=None
[2025-07-26T17:53:36.445+0000] {processor.py:183} INFO - Processing /opt/airflow/dags/airflow_pipeline.py took 0.122 seconds
[2025-07-26T17:54:06.737+0000] {processor.py:161} INFO - Started process (PID=1018) to work on /opt/airflow/dags/airflow_pipeline.py
[2025-07-26T17:54:06.740+0000] {processor.py:830} INFO - Processing file /opt/airflow/dags/airflow_pipeline.py for tasks to queue
[2025-07-26T17:54:06.743+0000] {logging_mixin.py:188} INFO - [2025-07-26T17:54:06.743+0000] {dagbag.py:538} INFO - Filling up the DagBag from /opt/airflow/dags/airflow_pipeline.py
[2025-07-26T17:54:06.773+0000] {processor.py:840} INFO - DAG(s) 'pl001_ingest_crypto_postgres' retrieved from /opt/airflow/dags/airflow_pipeline.py
[2025-07-26T17:54:06.827+0000] {logging_mixin.py:188} INFO - [2025-07-26T17:54:06.827+0000] {dag.py:3036} INFO - Sync 1 DAGs
[2025-07-26T17:54:06.850+0000] {logging_mixin.py:188} INFO - [2025-07-26T17:54:06.849+0000] {dag.py:3823} INFO - Setting next_dagrun for pl001_ingest_crypto_postgres to None, run_after=None
[2025-07-26T17:54:06.893+0000] {processor.py:183} INFO - Processing /opt/airflow/dags/airflow_pipeline.py took 0.165 seconds
[2025-07-26T17:54:37.863+0000] {processor.py:161} INFO - Started process (PID=1033) to work on /opt/airflow/dags/airflow_pipeline.py
[2025-07-26T17:54:37.869+0000] {processor.py:830} INFO - Processing file /opt/airflow/dags/airflow_pipeline.py for tasks to queue
[2025-07-26T17:54:37.877+0000] {logging_mixin.py:188} INFO - [2025-07-26T17:54:37.871+0000] {dagbag.py:538} INFO - Filling up the DagBag from /opt/airflow/dags/airflow_pipeline.py
[2025-07-26T17:54:38.236+0000] {processor.py:840} INFO - DAG(s) 'pl001_ingest_crypto_postgres' retrieved from /opt/airflow/dags/airflow_pipeline.py
[2025-07-26T17:54:38.302+0000] {logging_mixin.py:188} INFO - [2025-07-26T17:54:38.302+0000] {dag.py:3036} INFO - Sync 1 DAGs
[2025-07-26T17:54:38.330+0000] {logging_mixin.py:188} INFO - [2025-07-26T17:54:38.330+0000] {dag.py:3823} INFO - Setting next_dagrun for pl001_ingest_crypto_postgres to None, run_after=None
[2025-07-26T17:54:38.377+0000] {processor.py:183} INFO - Processing /opt/airflow/dags/airflow_pipeline.py took 0.529 seconds
[2025-07-26T17:55:08.948+0000] {processor.py:161} INFO - Started process (PID=1038) to work on /opt/airflow/dags/airflow_pipeline.py
[2025-07-26T17:55:08.957+0000] {processor.py:830} INFO - Processing file /opt/airflow/dags/airflow_pipeline.py for tasks to queue
[2025-07-26T17:55:08.964+0000] {logging_mixin.py:188} INFO - [2025-07-26T17:55:08.963+0000] {dagbag.py:538} INFO - Filling up the DagBag from /opt/airflow/dags/airflow_pipeline.py
[2025-07-26T17:55:09.022+0000] {processor.py:840} INFO - DAG(s) 'pl001_ingest_crypto_postgres' retrieved from /opt/airflow/dags/airflow_pipeline.py
[2025-07-26T17:55:09.094+0000] {logging_mixin.py:188} INFO - [2025-07-26T17:55:09.094+0000] {dag.py:3036} INFO - Sync 1 DAGs
[2025-07-26T17:55:09.122+0000] {logging_mixin.py:188} INFO - [2025-07-26T17:55:09.122+0000] {dag.py:3823} INFO - Setting next_dagrun for pl001_ingest_crypto_postgres to None, run_after=None
[2025-07-26T17:55:09.225+0000] {processor.py:183} INFO - Processing /opt/airflow/dags/airflow_pipeline.py took 0.284 seconds
[2025-07-26T17:55:39.507+0000] {processor.py:161} INFO - Started process (PID=1043) to work on /opt/airflow/dags/airflow_pipeline.py
[2025-07-26T17:55:39.515+0000] {processor.py:830} INFO - Processing file /opt/airflow/dags/airflow_pipeline.py for tasks to queue
[2025-07-26T17:55:39.519+0000] {logging_mixin.py:188} INFO - [2025-07-26T17:55:39.518+0000] {dagbag.py:538} INFO - Filling up the DagBag from /opt/airflow/dags/airflow_pipeline.py
[2025-07-26T17:55:39.608+0000] {processor.py:840} INFO - DAG(s) 'pl001_ingest_crypto_postgres' retrieved from /opt/airflow/dags/airflow_pipeline.py
[2025-07-26T17:55:39.650+0000] {logging_mixin.py:188} INFO - [2025-07-26T17:55:39.650+0000] {dag.py:3036} INFO - Sync 1 DAGs
[2025-07-26T17:55:39.666+0000] {logging_mixin.py:188} INFO - [2025-07-26T17:55:39.666+0000] {dag.py:3823} INFO - Setting next_dagrun for pl001_ingest_crypto_postgres to None, run_after=None
[2025-07-26T17:55:39.695+0000] {processor.py:183} INFO - Processing /opt/airflow/dags/airflow_pipeline.py took 0.205 seconds
[2025-07-26T17:56:10.067+0000] {processor.py:161} INFO - Started process (PID=1048) to work on /opt/airflow/dags/airflow_pipeline.py
[2025-07-26T17:56:10.069+0000] {processor.py:830} INFO - Processing file /opt/airflow/dags/airflow_pipeline.py for tasks to queue
[2025-07-26T17:56:10.070+0000] {logging_mixin.py:188} INFO - [2025-07-26T17:56:10.070+0000] {dagbag.py:538} INFO - Filling up the DagBag from /opt/airflow/dags/airflow_pipeline.py
[2025-07-26T17:56:10.105+0000] {processor.py:840} INFO - DAG(s) 'pl001_ingest_crypto_postgres' retrieved from /opt/airflow/dags/airflow_pipeline.py
[2025-07-26T17:56:10.557+0000] {logging_mixin.py:188} INFO - [2025-07-26T17:56:10.556+0000] {dag.py:3036} INFO - Sync 1 DAGs
[2025-07-26T17:56:10.616+0000] {logging_mixin.py:188} INFO - [2025-07-26T17:56:10.616+0000] {dag.py:3058} INFO - Creating ORM DAG for pl001_ingest_crypto_postgres
[2025-07-26T17:56:10.619+0000] {logging_mixin.py:188} INFO - [2025-07-26T17:56:10.618+0000] {dag.py:3823} INFO - Setting next_dagrun for pl001_ingest_crypto_postgres to None, run_after=None
[2025-07-26T17:56:10.681+0000] {processor.py:183} INFO - Processing /opt/airflow/dags/airflow_pipeline.py took 0.622 seconds
[2025-07-26T17:56:40.823+0000] {processor.py:161} INFO - Started process (PID=1063) to work on /opt/airflow/dags/airflow_pipeline.py
[2025-07-26T17:56:40.825+0000] {processor.py:830} INFO - Processing file /opt/airflow/dags/airflow_pipeline.py for tasks to queue
[2025-07-26T17:56:40.827+0000] {logging_mixin.py:188} INFO - [2025-07-26T17:56:40.826+0000] {dagbag.py:538} INFO - Filling up the DagBag from /opt/airflow/dags/airflow_pipeline.py
[2025-07-26T17:56:40.885+0000] {processor.py:840} INFO - DAG(s) 'pl001_ingest_crypto_postgres' retrieved from /opt/airflow/dags/airflow_pipeline.py
[2025-07-26T17:56:40.945+0000] {logging_mixin.py:188} INFO - [2025-07-26T17:56:40.945+0000] {dag.py:3036} INFO - Sync 1 DAGs
[2025-07-26T17:56:40.981+0000] {logging_mixin.py:188} INFO - [2025-07-26T17:56:40.981+0000] {dag.py:3823} INFO - Setting next_dagrun for pl001_ingest_crypto_postgres to None, run_after=None
[2025-07-26T17:56:41.020+0000] {processor.py:183} INFO - Processing /opt/airflow/dags/airflow_pipeline.py took 0.205 seconds
[2025-07-26T17:57:11.197+0000] {processor.py:161} INFO - Started process (PID=1068) to work on /opt/airflow/dags/airflow_pipeline.py
[2025-07-26T17:57:11.199+0000] {processor.py:830} INFO - Processing file /opt/airflow/dags/airflow_pipeline.py for tasks to queue
[2025-07-26T17:57:11.201+0000] {logging_mixin.py:188} INFO - [2025-07-26T17:57:11.200+0000] {dagbag.py:538} INFO - Filling up the DagBag from /opt/airflow/dags/airflow_pipeline.py
[2025-07-26T17:57:11.229+0000] {processor.py:840} INFO - DAG(s) 'pl001_ingest_crypto_postgres' retrieved from /opt/airflow/dags/airflow_pipeline.py
[2025-07-26T17:57:11.280+0000] {logging_mixin.py:188} INFO - [2025-07-26T17:57:11.280+0000] {dag.py:3036} INFO - Sync 1 DAGs
[2025-07-26T17:57:11.310+0000] {logging_mixin.py:188} INFO - [2025-07-26T17:57:11.309+0000] {dag.py:3823} INFO - Setting next_dagrun for pl001_ingest_crypto_postgres to None, run_after=None
[2025-07-26T17:57:11.403+0000] {processor.py:183} INFO - Processing /opt/airflow/dags/airflow_pipeline.py took 0.213 seconds
[2025-07-26T17:57:44.019+0000] {processor.py:161} INFO - Started process (PID=1096) to work on /opt/airflow/dags/airflow_pipeline.py
[2025-07-26T17:57:44.144+0000] {processor.py:830} INFO - Processing file /opt/airflow/dags/airflow_pipeline.py for tasks to queue
[2025-07-26T17:57:44.248+0000] {logging_mixin.py:188} INFO - [2025-07-26T17:57:44.230+0000] {dagbag.py:538} INFO - Filling up the DagBag from /opt/airflow/dags/airflow_pipeline.py
[2025-07-26T17:57:44.754+0000] {processor.py:840} INFO - DAG(s) 'pl001_ingest_crypto_postgres' retrieved from /opt/airflow/dags/airflow_pipeline.py
[2025-07-26T17:57:45.305+0000] {logging_mixin.py:188} INFO - [2025-07-26T17:57:45.305+0000] {dag.py:3036} INFO - Sync 1 DAGs
[2025-07-26T17:57:45.480+0000] {logging_mixin.py:188} INFO - [2025-07-26T17:57:45.480+0000] {dag.py:3823} INFO - Setting next_dagrun for pl001_ingest_crypto_postgres to None, run_after=None
[2025-07-26T17:57:45.649+0000] {processor.py:183} INFO - Processing /opt/airflow/dags/airflow_pipeline.py took 2.072 seconds
[2025-07-26T17:58:16.224+0000] {processor.py:161} INFO - Started process (PID=1101) to work on /opt/airflow/dags/airflow_pipeline.py
[2025-07-26T17:58:16.225+0000] {processor.py:830} INFO - Processing file /opt/airflow/dags/airflow_pipeline.py for tasks to queue
[2025-07-26T17:58:16.227+0000] {logging_mixin.py:188} INFO - [2025-07-26T17:58:16.226+0000] {dagbag.py:538} INFO - Filling up the DagBag from /opt/airflow/dags/airflow_pipeline.py
[2025-07-26T17:58:16.251+0000] {processor.py:840} INFO - DAG(s) 'pl001_ingest_crypto_postgres' retrieved from /opt/airflow/dags/airflow_pipeline.py
[2025-07-26T17:58:16.294+0000] {logging_mixin.py:188} INFO - [2025-07-26T17:58:16.294+0000] {dag.py:3036} INFO - Sync 1 DAGs
[2025-07-26T17:58:16.312+0000] {logging_mixin.py:188} INFO - [2025-07-26T17:58:16.311+0000] {dag.py:3823} INFO - Setting next_dagrun for pl001_ingest_crypto_postgres to None, run_after=None
[2025-07-26T17:58:16.339+0000] {processor.py:183} INFO - Processing /opt/airflow/dags/airflow_pipeline.py took 0.120 seconds
[2025-07-26T17:58:46.572+0000] {processor.py:161} INFO - Started process (PID=1106) to work on /opt/airflow/dags/airflow_pipeline.py
[2025-07-26T17:58:46.585+0000] {processor.py:830} INFO - Processing file /opt/airflow/dags/airflow_pipeline.py for tasks to queue
[2025-07-26T17:58:46.603+0000] {logging_mixin.py:188} INFO - [2025-07-26T17:58:46.602+0000] {dagbag.py:538} INFO - Filling up the DagBag from /opt/airflow/dags/airflow_pipeline.py
[2025-07-26T17:58:46.647+0000] {processor.py:840} INFO - DAG(s) 'pl001_ingest_crypto_postgres' retrieved from /opt/airflow/dags/airflow_pipeline.py
[2025-07-26T17:58:46.739+0000] {logging_mixin.py:188} INFO - [2025-07-26T17:58:46.739+0000] {dag.py:3036} INFO - Sync 1 DAGs
[2025-07-26T17:58:46.815+0000] {logging_mixin.py:188} INFO - [2025-07-26T17:58:46.814+0000] {dag.py:3823} INFO - Setting next_dagrun for pl001_ingest_crypto_postgres to None, run_after=None
[2025-07-26T17:58:46.894+0000] {processor.py:183} INFO - Processing /opt/airflow/dags/airflow_pipeline.py took 0.335 seconds
[2025-07-26T17:59:17.687+0000] {processor.py:161} INFO - Started process (PID=1111) to work on /opt/airflow/dags/airflow_pipeline.py
[2025-07-26T17:59:17.689+0000] {processor.py:830} INFO - Processing file /opt/airflow/dags/airflow_pipeline.py for tasks to queue
[2025-07-26T17:59:17.691+0000] {logging_mixin.py:188} INFO - [2025-07-26T17:59:17.690+0000] {dagbag.py:538} INFO - Filling up the DagBag from /opt/airflow/dags/airflow_pipeline.py
[2025-07-26T17:59:17.729+0000] {processor.py:840} INFO - DAG(s) 'pl001_ingest_crypto_postgres' retrieved from /opt/airflow/dags/airflow_pipeline.py
[2025-07-26T17:59:18.417+0000] {logging_mixin.py:188} INFO - [2025-07-26T17:59:18.415+0000] {dag.py:3036} INFO - Sync 1 DAGs
[2025-07-26T17:59:18.524+0000] {logging_mixin.py:188} INFO - [2025-07-26T17:59:18.523+0000] {dag.py:3058} INFO - Creating ORM DAG for pl001_ingest_crypto_postgres
[2025-07-26T17:59:18.534+0000] {logging_mixin.py:188} INFO - [2025-07-26T17:59:18.532+0000] {dag.py:3823} INFO - Setting next_dagrun for pl001_ingest_crypto_postgres to None, run_after=None
[2025-07-26T17:59:18.631+0000] {processor.py:183} INFO - Processing /opt/airflow/dags/airflow_pipeline.py took 0.952 seconds
[2025-07-26T17:59:49.247+0000] {processor.py:161} INFO - Started process (PID=1139) to work on /opt/airflow/dags/airflow_pipeline.py
[2025-07-26T17:59:49.249+0000] {processor.py:830} INFO - Processing file /opt/airflow/dags/airflow_pipeline.py for tasks to queue
[2025-07-26T17:59:49.252+0000] {logging_mixin.py:188} INFO - [2025-07-26T17:59:49.251+0000] {dagbag.py:538} INFO - Filling up the DagBag from /opt/airflow/dags/airflow_pipeline.py
[2025-07-26T17:59:49.280+0000] {processor.py:840} INFO - DAG(s) 'pl001_ingest_crypto_postgres' retrieved from /opt/airflow/dags/airflow_pipeline.py
[2025-07-26T17:59:49.320+0000] {logging_mixin.py:188} INFO - [2025-07-26T17:59:49.320+0000] {dag.py:3036} INFO - Sync 1 DAGs
[2025-07-26T17:59:49.335+0000] {logging_mixin.py:188} INFO - [2025-07-26T17:59:49.335+0000] {dag.py:3823} INFO - Setting next_dagrun for pl001_ingest_crypto_postgres to None, run_after=None
[2025-07-26T17:59:49.365+0000] {processor.py:183} INFO - Processing /opt/airflow/dags/airflow_pipeline.py took 0.125 seconds
[2025-07-26T18:00:19.621+0000] {processor.py:161} INFO - Started process (PID=1144) to work on /opt/airflow/dags/airflow_pipeline.py
[2025-07-26T18:00:19.622+0000] {processor.py:830} INFO - Processing file /opt/airflow/dags/airflow_pipeline.py for tasks to queue
[2025-07-26T18:00:19.624+0000] {logging_mixin.py:188} INFO - [2025-07-26T18:00:19.623+0000] {dagbag.py:538} INFO - Filling up the DagBag from /opt/airflow/dags/airflow_pipeline.py
[2025-07-26T18:00:19.647+0000] {processor.py:840} INFO - DAG(s) 'pl001_ingest_crypto_postgres' retrieved from /opt/airflow/dags/airflow_pipeline.py
[2025-07-26T18:00:19.686+0000] {logging_mixin.py:188} INFO - [2025-07-26T18:00:19.685+0000] {dag.py:3036} INFO - Sync 1 DAGs
[2025-07-26T18:00:19.702+0000] {logging_mixin.py:188} INFO - [2025-07-26T18:00:19.701+0000] {dag.py:3823} INFO - Setting next_dagrun for pl001_ingest_crypto_postgres to None, run_after=None
[2025-07-26T18:00:19.772+0000] {processor.py:183} INFO - Processing /opt/airflow/dags/airflow_pipeline.py took 0.157 seconds
[2025-07-26T18:00:50.016+0000] {processor.py:161} INFO - Started process (PID=1149) to work on /opt/airflow/dags/airflow_pipeline.py
[2025-07-26T18:00:50.024+0000] {processor.py:830} INFO - Processing file /opt/airflow/dags/airflow_pipeline.py for tasks to queue
[2025-07-26T18:00:50.027+0000] {logging_mixin.py:188} INFO - [2025-07-26T18:00:50.026+0000] {dagbag.py:538} INFO - Filling up the DagBag from /opt/airflow/dags/airflow_pipeline.py
[2025-07-26T18:00:50.107+0000] {processor.py:840} INFO - DAG(s) 'pl001_ingest_crypto_postgres' retrieved from /opt/airflow/dags/airflow_pipeline.py
[2025-07-26T18:00:50.252+0000] {logging_mixin.py:188} INFO - [2025-07-26T18:00:50.252+0000] {dag.py:3036} INFO - Sync 1 DAGs
[2025-07-26T18:00:50.343+0000] {logging_mixin.py:188} INFO - [2025-07-26T18:00:50.343+0000] {dag.py:3823} INFO - Setting next_dagrun for pl001_ingest_crypto_postgres to None, run_after=None
[2025-07-26T18:00:50.510+0000] {processor.py:183} INFO - Processing /opt/airflow/dags/airflow_pipeline.py took 0.507 seconds
[2025-07-26T18:01:21.241+0000] {processor.py:161} INFO - Started process (PID=1177) to work on /opt/airflow/dags/airflow_pipeline.py
[2025-07-26T18:01:21.245+0000] {processor.py:830} INFO - Processing file /opt/airflow/dags/airflow_pipeline.py for tasks to queue
[2025-07-26T18:01:21.251+0000] {logging_mixin.py:188} INFO - [2025-07-26T18:01:21.249+0000] {dagbag.py:538} INFO - Filling up the DagBag from /opt/airflow/dags/airflow_pipeline.py
[2025-07-26T18:01:21.344+0000] {processor.py:840} INFO - DAG(s) 'pl001_ingest_crypto_postgres' retrieved from /opt/airflow/dags/airflow_pipeline.py
[2025-07-26T18:01:21.543+0000] {logging_mixin.py:188} INFO - [2025-07-26T18:01:21.541+0000] {dag.py:3036} INFO - Sync 1 DAGs
[2025-07-26T18:01:21.603+0000] {logging_mixin.py:188} INFO - [2025-07-26T18:01:21.602+0000] {dag.py:3823} INFO - Setting next_dagrun for pl001_ingest_crypto_postgres to None, run_after=None
[2025-07-26T18:01:21.699+0000] {processor.py:183} INFO - Processing /opt/airflow/dags/airflow_pipeline.py took 0.485 seconds
[2025-07-26T18:01:52.229+0000] {processor.py:161} INFO - Started process (PID=1182) to work on /opt/airflow/dags/airflow_pipeline.py
[2025-07-26T18:01:52.236+0000] {processor.py:830} INFO - Processing file /opt/airflow/dags/airflow_pipeline.py for tasks to queue
[2025-07-26T18:01:52.243+0000] {logging_mixin.py:188} INFO - [2025-07-26T18:01:52.241+0000] {dagbag.py:538} INFO - Filling up the DagBag from /opt/airflow/dags/airflow_pipeline.py
[2025-07-26T18:01:52.432+0000] {processor.py:840} INFO - DAG(s) 'pl001_ingest_crypto_postgres' retrieved from /opt/airflow/dags/airflow_pipeline.py
[2025-07-26T18:01:52.969+0000] {logging_mixin.py:188} INFO - [2025-07-26T18:01:52.967+0000] {dag.py:3036} INFO - Sync 1 DAGs
[2025-07-26T18:01:53.276+0000] {logging_mixin.py:188} INFO - [2025-07-26T18:01:53.264+0000] {dag.py:3823} INFO - Setting next_dagrun for pl001_ingest_crypto_postgres to None, run_after=None
[2025-07-26T18:01:53.854+0000] {processor.py:183} INFO - Processing /opt/airflow/dags/airflow_pipeline.py took 1.664 seconds
[2025-07-26T18:02:24.056+0000] {processor.py:161} INFO - Started process (PID=1187) to work on /opt/airflow/dags/airflow_pipeline.py
[2025-07-26T18:02:24.057+0000] {processor.py:830} INFO - Processing file /opt/airflow/dags/airflow_pipeline.py for tasks to queue
[2025-07-26T18:02:24.059+0000] {logging_mixin.py:188} INFO - [2025-07-26T18:02:24.059+0000] {dagbag.py:538} INFO - Filling up the DagBag from /opt/airflow/dags/airflow_pipeline.py
[2025-07-26T18:02:24.097+0000] {processor.py:840} INFO - DAG(s) 'pl001_ingest_crypto_postgres' retrieved from /opt/airflow/dags/airflow_pipeline.py
[2025-07-26T18:02:24.143+0000] {logging_mixin.py:188} INFO - [2025-07-26T18:02:24.143+0000] {dag.py:3036} INFO - Sync 1 DAGs
[2025-07-26T18:02:24.160+0000] {logging_mixin.py:188} INFO - [2025-07-26T18:02:24.160+0000] {dag.py:3823} INFO - Setting next_dagrun for pl001_ingest_crypto_postgres to None, run_after=None
[2025-07-26T18:02:24.187+0000] {processor.py:183} INFO - Processing /opt/airflow/dags/airflow_pipeline.py took 0.138 seconds
[2025-07-26T18:02:54.453+0000] {processor.py:161} INFO - Started process (PID=1192) to work on /opt/airflow/dags/airflow_pipeline.py
[2025-07-26T18:02:54.455+0000] {processor.py:830} INFO - Processing file /opt/airflow/dags/airflow_pipeline.py for tasks to queue
[2025-07-26T18:02:54.457+0000] {logging_mixin.py:188} INFO - [2025-07-26T18:02:54.456+0000] {dagbag.py:538} INFO - Filling up the DagBag from /opt/airflow/dags/airflow_pipeline.py
[2025-07-26T18:02:54.486+0000] {processor.py:840} INFO - DAG(s) 'pl001_ingest_crypto_postgres' retrieved from /opt/airflow/dags/airflow_pipeline.py
[2025-07-26T18:02:54.688+0000] {logging_mixin.py:188} INFO - [2025-07-26T18:02:54.687+0000] {dag.py:3036} INFO - Sync 1 DAGs
[2025-07-26T18:02:54.706+0000] {logging_mixin.py:188} INFO - [2025-07-26T18:02:54.706+0000] {dag.py:3058} INFO - Creating ORM DAG for pl001_ingest_crypto_postgres
[2025-07-26T18:02:54.707+0000] {logging_mixin.py:188} INFO - [2025-07-26T18:02:54.707+0000] {dag.py:3823} INFO - Setting next_dagrun for pl001_ingest_crypto_postgres to None, run_after=None
[2025-07-26T18:02:54.731+0000] {processor.py:183} INFO - Processing /opt/airflow/dags/airflow_pipeline.py took 0.285 seconds
[2025-07-26T18:03:25.597+0000] {processor.py:161} INFO - Started process (PID=1218) to work on /opt/airflow/dags/airflow_pipeline.py
[2025-07-26T18:03:25.599+0000] {processor.py:830} INFO - Processing file /opt/airflow/dags/airflow_pipeline.py for tasks to queue
[2025-07-26T18:03:25.600+0000] {logging_mixin.py:188} INFO - [2025-07-26T18:03:25.600+0000] {dagbag.py:538} INFO - Filling up the DagBag from /opt/airflow/dags/airflow_pipeline.py
[2025-07-26T18:03:25.626+0000] {processor.py:840} INFO - DAG(s) 'pl001_ingest_crypto_postgres' retrieved from /opt/airflow/dags/airflow_pipeline.py
[2025-07-26T18:03:25.671+0000] {logging_mixin.py:188} INFO - [2025-07-26T18:03:25.671+0000] {dag.py:3036} INFO - Sync 1 DAGs
[2025-07-26T18:03:25.687+0000] {logging_mixin.py:188} INFO - [2025-07-26T18:03:25.687+0000] {dag.py:3823} INFO - Setting next_dagrun for pl001_ingest_crypto_postgres to None, run_after=None
[2025-07-26T18:03:25.712+0000] {processor.py:183} INFO - Processing /opt/airflow/dags/airflow_pipeline.py took 0.120 seconds
[2025-07-26T18:03:56.047+0000] {processor.py:161} INFO - Started process (PID=1223) to work on /opt/airflow/dags/airflow_pipeline.py
[2025-07-26T18:03:56.049+0000] {processor.py:830} INFO - Processing file /opt/airflow/dags/airflow_pipeline.py for tasks to queue
[2025-07-26T18:03:56.051+0000] {logging_mixin.py:188} INFO - [2025-07-26T18:03:56.050+0000] {dagbag.py:538} INFO - Filling up the DagBag from /opt/airflow/dags/airflow_pipeline.py
[2025-07-26T18:03:56.079+0000] {processor.py:840} INFO - DAG(s) 'pl001_ingest_crypto_postgres' retrieved from /opt/airflow/dags/airflow_pipeline.py
[2025-07-26T18:03:56.136+0000] {logging_mixin.py:188} INFO - [2025-07-26T18:03:56.135+0000] {dag.py:3036} INFO - Sync 1 DAGs
[2025-07-26T18:03:56.157+0000] {logging_mixin.py:188} INFO - [2025-07-26T18:03:56.157+0000] {dag.py:3823} INFO - Setting next_dagrun for pl001_ingest_crypto_postgres to None, run_after=None
[2025-07-26T18:03:56.192+0000] {processor.py:183} INFO - Processing /opt/airflow/dags/airflow_pipeline.py took 0.151 seconds
[2025-07-26T18:04:26.425+0000] {processor.py:161} INFO - Started process (PID=1228) to work on /opt/airflow/dags/airflow_pipeline.py
[2025-07-26T18:04:26.426+0000] {processor.py:830} INFO - Processing file /opt/airflow/dags/airflow_pipeline.py for tasks to queue
[2025-07-26T18:04:26.428+0000] {logging_mixin.py:188} INFO - [2025-07-26T18:04:26.428+0000] {dagbag.py:538} INFO - Filling up the DagBag from /opt/airflow/dags/airflow_pipeline.py
[2025-07-26T18:04:26.462+0000] {processor.py:840} INFO - DAG(s) 'pl001_ingest_crypto_postgres' retrieved from /opt/airflow/dags/airflow_pipeline.py
[2025-07-26T18:04:26.502+0000] {logging_mixin.py:188} INFO - [2025-07-26T18:04:26.502+0000] {dag.py:3036} INFO - Sync 1 DAGs
[2025-07-26T18:04:26.517+0000] {logging_mixin.py:188} INFO - [2025-07-26T18:04:26.517+0000] {dag.py:3823} INFO - Setting next_dagrun for pl001_ingest_crypto_postgres to None, run_after=None
[2025-07-26T18:04:26.546+0000] {processor.py:183} INFO - Processing /opt/airflow/dags/airflow_pipeline.py took 0.134 seconds
[2025-07-26T18:04:56.874+0000] {processor.py:161} INFO - Started process (PID=1233) to work on /opt/airflow/dags/airflow_pipeline.py
[2025-07-26T18:04:56.876+0000] {processor.py:830} INFO - Processing file /opt/airflow/dags/airflow_pipeline.py for tasks to queue
[2025-07-26T18:04:56.878+0000] {logging_mixin.py:188} INFO - [2025-07-26T18:04:56.877+0000] {dagbag.py:538} INFO - Filling up the DagBag from /opt/airflow/dags/airflow_pipeline.py
[2025-07-26T18:04:56.902+0000] {processor.py:840} INFO - DAG(s) 'pl001_ingest_crypto_postgres' retrieved from /opt/airflow/dags/airflow_pipeline.py
[2025-07-26T18:04:56.962+0000] {logging_mixin.py:188} INFO - [2025-07-26T18:04:56.962+0000] {dag.py:3036} INFO - Sync 1 DAGs
[2025-07-26T18:04:56.994+0000] {logging_mixin.py:188} INFO - [2025-07-26T18:04:56.993+0000] {dag.py:3823} INFO - Setting next_dagrun for pl001_ingest_crypto_postgres to None, run_after=None
[2025-07-26T18:04:57.046+0000] {processor.py:183} INFO - Processing /opt/airflow/dags/airflow_pipeline.py took 0.179 seconds
[2025-07-26T18:05:27.169+0000] {processor.py:161} INFO - Started process (PID=1238) to work on /opt/airflow/dags/airflow_pipeline.py
[2025-07-26T18:05:27.171+0000] {processor.py:830} INFO - Processing file /opt/airflow/dags/airflow_pipeline.py for tasks to queue
[2025-07-26T18:05:27.172+0000] {logging_mixin.py:188} INFO - [2025-07-26T18:05:27.172+0000] {dagbag.py:538} INFO - Filling up the DagBag from /opt/airflow/dags/airflow_pipeline.py
[2025-07-26T18:05:27.219+0000] {processor.py:840} INFO - DAG(s) 'pl001_ingest_crypto_postgres' retrieved from /opt/airflow/dags/airflow_pipeline.py
[2025-07-26T18:05:27.305+0000] {logging_mixin.py:188} INFO - [2025-07-26T18:05:27.305+0000] {dag.py:3036} INFO - Sync 1 DAGs
[2025-07-26T18:05:27.346+0000] {logging_mixin.py:188} INFO - [2025-07-26T18:05:27.346+0000] {dag.py:3823} INFO - Setting next_dagrun for pl001_ingest_crypto_postgres to None, run_after=None
[2025-07-26T18:05:27.399+0000] {processor.py:183} INFO - Processing /opt/airflow/dags/airflow_pipeline.py took 0.238 seconds
[2025-07-26T18:05:57.671+0000] {processor.py:161} INFO - Started process (PID=1243) to work on /opt/airflow/dags/airflow_pipeline.py
[2025-07-26T18:05:57.674+0000] {processor.py:830} INFO - Processing file /opt/airflow/dags/airflow_pipeline.py for tasks to queue
[2025-07-26T18:05:57.676+0000] {logging_mixin.py:188} INFO - [2025-07-26T18:05:57.675+0000] {dagbag.py:538} INFO - Filling up the DagBag from /opt/airflow/dags/airflow_pipeline.py
[2025-07-26T18:05:57.717+0000] {processor.py:840} INFO - DAG(s) 'pl001_ingest_crypto_postgres' retrieved from /opt/airflow/dags/airflow_pipeline.py
[2025-07-26T18:05:57.787+0000] {logging_mixin.py:188} INFO - [2025-07-26T18:05:57.786+0000] {dag.py:3036} INFO - Sync 1 DAGs
[2025-07-26T18:05:57.816+0000] {logging_mixin.py:188} INFO - [2025-07-26T18:05:57.816+0000] {dag.py:3823} INFO - Setting next_dagrun for pl001_ingest_crypto_postgres to None, run_after=None
[2025-07-26T18:05:57.880+0000] {processor.py:183} INFO - Processing /opt/airflow/dags/airflow_pipeline.py took 0.215 seconds
[2025-07-26T18:06:28.226+0000] {processor.py:161} INFO - Started process (PID=1253) to work on /opt/airflow/dags/airflow_pipeline.py
[2025-07-26T18:06:28.228+0000] {processor.py:830} INFO - Processing file /opt/airflow/dags/airflow_pipeline.py for tasks to queue
[2025-07-26T18:06:28.230+0000] {logging_mixin.py:188} INFO - [2025-07-26T18:06:28.229+0000] {dagbag.py:538} INFO - Filling up the DagBag from /opt/airflow/dags/airflow_pipeline.py
[2025-07-26T18:06:28.280+0000] {processor.py:840} INFO - DAG(s) 'pl001_ingest_crypto_postgres' retrieved from /opt/airflow/dags/airflow_pipeline.py
[2025-07-26T18:06:28.393+0000] {logging_mixin.py:188} INFO - [2025-07-26T18:06:28.393+0000] {dag.py:3036} INFO - Sync 1 DAGs
[2025-07-26T18:06:28.429+0000] {logging_mixin.py:188} INFO - [2025-07-26T18:06:28.428+0000] {dag.py:3823} INFO - Setting next_dagrun for pl001_ingest_crypto_postgres to None, run_after=None
[2025-07-26T18:06:28.470+0000] {processor.py:183} INFO - Processing /opt/airflow/dags/airflow_pipeline.py took 0.254 seconds
[2025-07-26T18:06:59.288+0000] {processor.py:161} INFO - Started process (PID=1270) to work on /opt/airflow/dags/airflow_pipeline.py
[2025-07-26T18:06:59.289+0000] {processor.py:830} INFO - Processing file /opt/airflow/dags/airflow_pipeline.py for tasks to queue
[2025-07-26T18:06:59.291+0000] {logging_mixin.py:188} INFO - [2025-07-26T18:06:59.290+0000] {dagbag.py:538} INFO - Filling up the DagBag from /opt/airflow/dags/airflow_pipeline.py
[2025-07-26T18:06:59.315+0000] {processor.py:840} INFO - DAG(s) 'pl001_ingest_crypto_postgres' retrieved from /opt/airflow/dags/airflow_pipeline.py
[2025-07-26T18:06:59.354+0000] {logging_mixin.py:188} INFO - [2025-07-26T18:06:59.354+0000] {dag.py:3036} INFO - Sync 1 DAGs
[2025-07-26T18:06:59.370+0000] {logging_mixin.py:188} INFO - [2025-07-26T18:06:59.369+0000] {dag.py:3823} INFO - Setting next_dagrun for pl001_ingest_crypto_postgres to None, run_after=None
[2025-07-26T18:06:59.397+0000] {processor.py:183} INFO - Processing /opt/airflow/dags/airflow_pipeline.py took 0.113 seconds
[2025-07-26T18:07:29.607+0000] {processor.py:161} INFO - Started process (PID=1275) to work on /opt/airflow/dags/airflow_pipeline.py
[2025-07-26T18:07:29.609+0000] {processor.py:830} INFO - Processing file /opt/airflow/dags/airflow_pipeline.py for tasks to queue
[2025-07-26T18:07:29.610+0000] {logging_mixin.py:188} INFO - [2025-07-26T18:07:29.610+0000] {dagbag.py:538} INFO - Filling up the DagBag from /opt/airflow/dags/airflow_pipeline.py
[2025-07-26T18:07:29.636+0000] {processor.py:840} INFO - DAG(s) 'pl001_ingest_crypto_postgres' retrieved from /opt/airflow/dags/airflow_pipeline.py
[2025-07-26T18:07:29.685+0000] {logging_mixin.py:188} INFO - [2025-07-26T18:07:29.685+0000] {dag.py:3036} INFO - Sync 1 DAGs
[2025-07-26T18:07:29.702+0000] {logging_mixin.py:188} INFO - [2025-07-26T18:07:29.702+0000] {dag.py:3823} INFO - Setting next_dagrun for pl001_ingest_crypto_postgres to None, run_after=None
[2025-07-26T18:07:29.732+0000] {processor.py:183} INFO - Processing /opt/airflow/dags/airflow_pipeline.py took 0.130 seconds
[2025-07-26T18:08:00.255+0000] {processor.py:161} INFO - Started process (PID=1280) to work on /opt/airflow/dags/airflow_pipeline.py
[2025-07-26T18:08:00.258+0000] {processor.py:830} INFO - Processing file /opt/airflow/dags/airflow_pipeline.py for tasks to queue
[2025-07-26T18:08:00.260+0000] {logging_mixin.py:188} INFO - [2025-07-26T18:08:00.260+0000] {dagbag.py:538} INFO - Filling up the DagBag from /opt/airflow/dags/airflow_pipeline.py
[2025-07-26T18:08:00.324+0000] {processor.py:840} INFO - DAG(s) 'pl001_ingest_crypto_postgres' retrieved from /opt/airflow/dags/airflow_pipeline.py
[2025-07-26T18:08:00.404+0000] {logging_mixin.py:188} INFO - [2025-07-26T18:08:00.403+0000] {dag.py:3036} INFO - Sync 1 DAGs
[2025-07-26T18:08:00.432+0000] {logging_mixin.py:188} INFO - [2025-07-26T18:08:00.432+0000] {dag.py:3823} INFO - Setting next_dagrun for pl001_ingest_crypto_postgres to None, run_after=None
[2025-07-26T18:08:00.461+0000] {processor.py:183} INFO - Processing /opt/airflow/dags/airflow_pipeline.py took 0.216 seconds
[2025-07-26T18:08:31.101+0000] {processor.py:161} INFO - Started process (PID=1302) to work on /opt/airflow/dags/airflow_pipeline.py
[2025-07-26T18:08:31.103+0000] {processor.py:830} INFO - Processing file /opt/airflow/dags/airflow_pipeline.py for tasks to queue
[2025-07-26T18:08:31.105+0000] {logging_mixin.py:188} INFO - [2025-07-26T18:08:31.104+0000] {dagbag.py:538} INFO - Filling up the DagBag from /opt/airflow/dags/airflow_pipeline.py
[2025-07-26T18:08:31.137+0000] {processor.py:840} INFO - DAG(s) 'pl001_ingest_crypto_postgres' retrieved from /opt/airflow/dags/airflow_pipeline.py
[2025-07-26T18:08:31.191+0000] {logging_mixin.py:188} INFO - [2025-07-26T18:08:31.190+0000] {dag.py:3036} INFO - Sync 1 DAGs
[2025-07-26T18:08:31.207+0000] {logging_mixin.py:188} INFO - [2025-07-26T18:08:31.207+0000] {dag.py:3823} INFO - Setting next_dagrun for pl001_ingest_crypto_postgres to None, run_after=None
[2025-07-26T18:08:31.233+0000] {processor.py:183} INFO - Processing /opt/airflow/dags/airflow_pipeline.py took 0.139 seconds
[2025-07-26T18:09:01.405+0000] {processor.py:161} INFO - Started process (PID=1307) to work on /opt/airflow/dags/airflow_pipeline.py
[2025-07-26T18:09:01.406+0000] {processor.py:830} INFO - Processing file /opt/airflow/dags/airflow_pipeline.py for tasks to queue
[2025-07-26T18:09:01.409+0000] {logging_mixin.py:188} INFO - [2025-07-26T18:09:01.408+0000] {dagbag.py:538} INFO - Filling up the DagBag from /opt/airflow/dags/airflow_pipeline.py
[2025-07-26T18:09:01.433+0000] {processor.py:840} INFO - DAG(s) 'pl001_ingest_crypto_postgres' retrieved from /opt/airflow/dags/airflow_pipeline.py
[2025-07-26T18:09:01.472+0000] {logging_mixin.py:188} INFO - [2025-07-26T18:09:01.472+0000] {dag.py:3036} INFO - Sync 1 DAGs
[2025-07-26T18:09:01.489+0000] {logging_mixin.py:188} INFO - [2025-07-26T18:09:01.489+0000] {dag.py:3823} INFO - Setting next_dagrun for pl001_ingest_crypto_postgres to None, run_after=None
[2025-07-26T18:09:01.517+0000] {processor.py:183} INFO - Processing /opt/airflow/dags/airflow_pipeline.py took 0.118 seconds
[2025-07-26T18:09:31.836+0000] {processor.py:161} INFO - Started process (PID=1312) to work on /opt/airflow/dags/airflow_pipeline.py
[2025-07-26T18:09:31.838+0000] {processor.py:830} INFO - Processing file /opt/airflow/dags/airflow_pipeline.py for tasks to queue
[2025-07-26T18:09:31.841+0000] {logging_mixin.py:188} INFO - [2025-07-26T18:09:31.840+0000] {dagbag.py:538} INFO - Filling up the DagBag from /opt/airflow/dags/airflow_pipeline.py
[2025-07-26T18:09:31.876+0000] {processor.py:840} INFO - DAG(s) 'pl001_ingest_crypto_postgres' retrieved from /opt/airflow/dags/airflow_pipeline.py
[2025-07-26T18:09:31.952+0000] {logging_mixin.py:188} INFO - [2025-07-26T18:09:31.952+0000] {dag.py:3036} INFO - Sync 1 DAGs
[2025-07-26T18:09:31.973+0000] {logging_mixin.py:188} INFO - [2025-07-26T18:09:31.973+0000] {dag.py:3823} INFO - Setting next_dagrun for pl001_ingest_crypto_postgres to None, run_after=None
[2025-07-26T18:09:32.034+0000] {processor.py:183} INFO - Processing /opt/airflow/dags/airflow_pipeline.py took 0.206 seconds
[2025-07-26T18:10:02.286+0000] {processor.py:161} INFO - Started process (PID=1317) to work on /opt/airflow/dags/airflow_pipeline.py
[2025-07-26T18:10:02.287+0000] {processor.py:830} INFO - Processing file /opt/airflow/dags/airflow_pipeline.py for tasks to queue
[2025-07-26T18:10:02.289+0000] {logging_mixin.py:188} INFO - [2025-07-26T18:10:02.288+0000] {dagbag.py:538} INFO - Filling up the DagBag from /opt/airflow/dags/airflow_pipeline.py
[2025-07-26T18:10:02.318+0000] {processor.py:840} INFO - DAG(s) 'pl001_ingest_crypto_postgres' retrieved from /opt/airflow/dags/airflow_pipeline.py
[2025-07-26T18:10:02.364+0000] {logging_mixin.py:188} INFO - [2025-07-26T18:10:02.364+0000] {dag.py:3036} INFO - Sync 1 DAGs
[2025-07-26T18:10:02.389+0000] {logging_mixin.py:188} INFO - [2025-07-26T18:10:02.389+0000] {dag.py:3823} INFO - Setting next_dagrun for pl001_ingest_crypto_postgres to None, run_after=None
[2025-07-26T18:10:02.425+0000] {processor.py:183} INFO - Processing /opt/airflow/dags/airflow_pipeline.py took 0.147 seconds
[2025-07-26T18:10:32.729+0000] {processor.py:161} INFO - Started process (PID=1322) to work on /opt/airflow/dags/airflow_pipeline.py
[2025-07-26T18:10:32.731+0000] {processor.py:830} INFO - Processing file /opt/airflow/dags/airflow_pipeline.py for tasks to queue
[2025-07-26T18:10:32.732+0000] {logging_mixin.py:188} INFO - [2025-07-26T18:10:32.732+0000] {dagbag.py:538} INFO - Filling up the DagBag from /opt/airflow/dags/airflow_pipeline.py
[2025-07-26T18:10:32.761+0000] {processor.py:840} INFO - DAG(s) 'pl001_ingest_crypto_postgres' retrieved from /opt/airflow/dags/airflow_pipeline.py
[2025-07-26T18:10:32.814+0000] {logging_mixin.py:188} INFO - [2025-07-26T18:10:32.814+0000] {dag.py:3036} INFO - Sync 1 DAGs
[2025-07-26T18:10:32.834+0000] {logging_mixin.py:188} INFO - [2025-07-26T18:10:32.834+0000] {dag.py:3823} INFO - Setting next_dagrun for pl001_ingest_crypto_postgres to None, run_after=None
[2025-07-26T18:10:32.866+0000] {processor.py:183} INFO - Processing /opt/airflow/dags/airflow_pipeline.py took 0.142 seconds
[2025-07-26T18:11:03.113+0000] {processor.py:161} INFO - Started process (PID=1327) to work on /opt/airflow/dags/airflow_pipeline.py
[2025-07-26T18:11:03.116+0000] {processor.py:830} INFO - Processing file /opt/airflow/dags/airflow_pipeline.py for tasks to queue
[2025-07-26T18:11:03.119+0000] {logging_mixin.py:188} INFO - [2025-07-26T18:11:03.118+0000] {dagbag.py:538} INFO - Filling up the DagBag from /opt/airflow/dags/airflow_pipeline.py
[2025-07-26T18:11:03.168+0000] {processor.py:840} INFO - DAG(s) 'pl001_ingest_crypto_postgres' retrieved from /opt/airflow/dags/airflow_pipeline.py
[2025-07-26T18:11:03.259+0000] {logging_mixin.py:188} INFO - [2025-07-26T18:11:03.258+0000] {dag.py:3036} INFO - Sync 1 DAGs
[2025-07-26T18:11:03.295+0000] {logging_mixin.py:188} INFO - [2025-07-26T18:11:03.295+0000] {dag.py:3823} INFO - Setting next_dagrun for pl001_ingest_crypto_postgres to None, run_after=None
[2025-07-26T18:11:03.344+0000] {processor.py:183} INFO - Processing /opt/airflow/dags/airflow_pipeline.py took 0.240 seconds
[2025-07-26T18:11:33.538+0000] {processor.py:161} INFO - Started process (PID=1332) to work on /opt/airflow/dags/airflow_pipeline.py
[2025-07-26T18:11:33.541+0000] {processor.py:830} INFO - Processing file /opt/airflow/dags/airflow_pipeline.py for tasks to queue
[2025-07-26T18:11:33.543+0000] {logging_mixin.py:188} INFO - [2025-07-26T18:11:33.542+0000] {dagbag.py:538} INFO - Filling up the DagBag from /opt/airflow/dags/airflow_pipeline.py
[2025-07-26T18:11:33.575+0000] {processor.py:840} INFO - DAG(s) 'pl001_ingest_crypto_postgres' retrieved from /opt/airflow/dags/airflow_pipeline.py
[2025-07-26T18:11:33.626+0000] {logging_mixin.py:188} INFO - [2025-07-26T18:11:33.625+0000] {dag.py:3036} INFO - Sync 1 DAGs
[2025-07-26T18:11:33.652+0000] {logging_mixin.py:188} INFO - [2025-07-26T18:11:33.652+0000] {dag.py:3823} INFO - Setting next_dagrun for pl001_ingest_crypto_postgres to None, run_after=None
[2025-07-26T18:11:33.691+0000] {processor.py:183} INFO - Processing /opt/airflow/dags/airflow_pipeline.py took 0.161 seconds
[2025-07-26T18:12:03.994+0000] {processor.py:161} INFO - Started process (PID=1337) to work on /opt/airflow/dags/airflow_pipeline.py
[2025-07-26T18:12:03.996+0000] {processor.py:830} INFO - Processing file /opt/airflow/dags/airflow_pipeline.py for tasks to queue
[2025-07-26T18:12:03.998+0000] {logging_mixin.py:188} INFO - [2025-07-26T18:12:03.997+0000] {dagbag.py:538} INFO - Filling up the DagBag from /opt/airflow/dags/airflow_pipeline.py
[2025-07-26T18:12:04.033+0000] {processor.py:840} INFO - DAG(s) 'pl001_ingest_crypto_postgres' retrieved from /opt/airflow/dags/airflow_pipeline.py
[2025-07-26T18:12:04.077+0000] {logging_mixin.py:188} INFO - [2025-07-26T18:12:04.076+0000] {dag.py:3036} INFO - Sync 1 DAGs
[2025-07-26T18:12:04.093+0000] {logging_mixin.py:188} INFO - [2025-07-26T18:12:04.093+0000] {dag.py:3823} INFO - Setting next_dagrun for pl001_ingest_crypto_postgres to None, run_after=None
[2025-07-26T18:12:04.122+0000] {processor.py:183} INFO - Processing /opt/airflow/dags/airflow_pipeline.py took 0.157 seconds
[2025-07-26T18:12:34.426+0000] {processor.py:161} INFO - Started process (PID=1342) to work on /opt/airflow/dags/airflow_pipeline.py
[2025-07-26T18:12:34.429+0000] {processor.py:830} INFO - Processing file /opt/airflow/dags/airflow_pipeline.py for tasks to queue
[2025-07-26T18:12:34.433+0000] {logging_mixin.py:188} INFO - [2025-07-26T18:12:34.433+0000] {dagbag.py:538} INFO - Filling up the DagBag from /opt/airflow/dags/airflow_pipeline.py
[2025-07-26T18:12:34.531+0000] {processor.py:840} INFO - DAG(s) 'pl001_ingest_crypto_postgres' retrieved from /opt/airflow/dags/airflow_pipeline.py
[2025-07-26T18:12:34.658+0000] {logging_mixin.py:188} INFO - [2025-07-26T18:12:34.657+0000] {dag.py:3036} INFO - Sync 1 DAGs
[2025-07-26T18:12:34.720+0000] {logging_mixin.py:188} INFO - [2025-07-26T18:12:34.719+0000] {dag.py:3823} INFO - Setting next_dagrun for pl001_ingest_crypto_postgres to None, run_after=None
[2025-07-26T18:12:34.791+0000] {processor.py:183} INFO - Processing /opt/airflow/dags/airflow_pipeline.py took 0.386 seconds
[2025-07-26T18:13:05.196+0000] {processor.py:161} INFO - Started process (PID=1347) to work on /opt/airflow/dags/airflow_pipeline.py
[2025-07-26T18:13:05.198+0000] {processor.py:830} INFO - Processing file /opt/airflow/dags/airflow_pipeline.py for tasks to queue
[2025-07-26T18:13:05.200+0000] {logging_mixin.py:188} INFO - [2025-07-26T18:13:05.200+0000] {dagbag.py:538} INFO - Filling up the DagBag from /opt/airflow/dags/airflow_pipeline.py
[2025-07-26T18:13:05.241+0000] {processor.py:840} INFO - DAG(s) 'pl001_ingest_crypto_postgres' retrieved from /opt/airflow/dags/airflow_pipeline.py
[2025-07-26T18:13:05.324+0000] {logging_mixin.py:188} INFO - [2025-07-26T18:13:05.323+0000] {dag.py:3036} INFO - Sync 1 DAGs
[2025-07-26T18:13:05.348+0000] {logging_mixin.py:188} INFO - [2025-07-26T18:13:05.348+0000] {dag.py:3823} INFO - Setting next_dagrun for pl001_ingest_crypto_postgres to None, run_after=None
[2025-07-26T18:13:05.399+0000] {processor.py:183} INFO - Processing /opt/airflow/dags/airflow_pipeline.py took 0.208 seconds
[2025-07-26T18:13:35.706+0000] {processor.py:161} INFO - Started process (PID=1352) to work on /opt/airflow/dags/airflow_pipeline.py
[2025-07-26T18:13:35.707+0000] {processor.py:830} INFO - Processing file /opt/airflow/dags/airflow_pipeline.py for tasks to queue
[2025-07-26T18:13:35.709+0000] {logging_mixin.py:188} INFO - [2025-07-26T18:13:35.708+0000] {dagbag.py:538} INFO - Filling up the DagBag from /opt/airflow/dags/airflow_pipeline.py
[2025-07-26T18:13:35.733+0000] {processor.py:840} INFO - DAG(s) 'pl001_ingest_crypto_postgres' retrieved from /opt/airflow/dags/airflow_pipeline.py
[2025-07-26T18:13:35.785+0000] {logging_mixin.py:188} INFO - [2025-07-26T18:13:35.785+0000] {dag.py:3036} INFO - Sync 1 DAGs
[2025-07-26T18:13:35.821+0000] {logging_mixin.py:188} INFO - [2025-07-26T18:13:35.821+0000] {dag.py:3823} INFO - Setting next_dagrun for pl001_ingest_crypto_postgres to None, run_after=None
[2025-07-26T18:13:35.859+0000] {processor.py:183} INFO - Processing /opt/airflow/dags/airflow_pipeline.py took 0.158 seconds
[2025-07-26T18:14:06.148+0000] {processor.py:161} INFO - Started process (PID=1357) to work on /opt/airflow/dags/airflow_pipeline.py
[2025-07-26T18:14:06.154+0000] {processor.py:830} INFO - Processing file /opt/airflow/dags/airflow_pipeline.py for tasks to queue
[2025-07-26T18:14:06.157+0000] {logging_mixin.py:188} INFO - [2025-07-26T18:14:06.156+0000] {dagbag.py:538} INFO - Filling up the DagBag from /opt/airflow/dags/airflow_pipeline.py
[2025-07-26T18:14:06.207+0000] {processor.py:840} INFO - DAG(s) 'pl001_ingest_crypto_postgres' retrieved from /opt/airflow/dags/airflow_pipeline.py
[2025-07-26T18:14:06.280+0000] {logging_mixin.py:188} INFO - [2025-07-26T18:14:06.279+0000] {dag.py:3036} INFO - Sync 1 DAGs
[2025-07-26T18:14:06.304+0000] {logging_mixin.py:188} INFO - [2025-07-26T18:14:06.304+0000] {dag.py:3823} INFO - Setting next_dagrun for pl001_ingest_crypto_postgres to None, run_after=None
[2025-07-26T18:14:06.335+0000] {processor.py:183} INFO - Processing /opt/airflow/dags/airflow_pipeline.py took 0.193 seconds
[2025-07-26T18:14:36.499+0000] {processor.py:161} INFO - Started process (PID=1362) to work on /opt/airflow/dags/airflow_pipeline.py
[2025-07-26T18:14:36.502+0000] {processor.py:830} INFO - Processing file /opt/airflow/dags/airflow_pipeline.py for tasks to queue
[2025-07-26T18:14:36.505+0000] {logging_mixin.py:188} INFO - [2025-07-26T18:14:36.504+0000] {dagbag.py:538} INFO - Filling up the DagBag from /opt/airflow/dags/airflow_pipeline.py
[2025-07-26T18:14:36.544+0000] {processor.py:840} INFO - DAG(s) 'pl001_ingest_crypto_postgres' retrieved from /opt/airflow/dags/airflow_pipeline.py
[2025-07-26T18:14:36.600+0000] {logging_mixin.py:188} INFO - [2025-07-26T18:14:36.600+0000] {dag.py:3036} INFO - Sync 1 DAGs
[2025-07-26T18:14:36.621+0000] {logging_mixin.py:188} INFO - [2025-07-26T18:14:36.620+0000] {dag.py:3823} INFO - Setting next_dagrun for pl001_ingest_crypto_postgres to None, run_after=None
[2025-07-26T18:14:36.650+0000] {processor.py:183} INFO - Processing /opt/airflow/dags/airflow_pipeline.py took 0.166 seconds
[2025-07-26T18:15:06.750+0000] {processor.py:161} INFO - Started process (PID=1367) to work on /opt/airflow/dags/airflow_pipeline.py
[2025-07-26T18:15:06.752+0000] {processor.py:830} INFO - Processing file /opt/airflow/dags/airflow_pipeline.py for tasks to queue
[2025-07-26T18:15:06.754+0000] {logging_mixin.py:188} INFO - [2025-07-26T18:15:06.754+0000] {dagbag.py:538} INFO - Filling up the DagBag from /opt/airflow/dags/airflow_pipeline.py
[2025-07-26T18:15:06.781+0000] {processor.py:840} INFO - DAG(s) 'pl001_ingest_crypto_postgres' retrieved from /opt/airflow/dags/airflow_pipeline.py
[2025-07-26T18:15:06.819+0000] {logging_mixin.py:188} INFO - [2025-07-26T18:15:06.819+0000] {dag.py:3036} INFO - Sync 1 DAGs
[2025-07-26T18:15:06.834+0000] {logging_mixin.py:188} INFO - [2025-07-26T18:15:06.834+0000] {dag.py:3823} INFO - Setting next_dagrun for pl001_ingest_crypto_postgres to None, run_after=None
[2025-07-26T18:15:06.861+0000] {processor.py:183} INFO - Processing /opt/airflow/dags/airflow_pipeline.py took 0.118 seconds
[2025-07-26T18:15:37.063+0000] {processor.py:161} INFO - Started process (PID=1372) to work on /opt/airflow/dags/airflow_pipeline.py
[2025-07-26T18:15:37.065+0000] {processor.py:830} INFO - Processing file /opt/airflow/dags/airflow_pipeline.py for tasks to queue
[2025-07-26T18:15:37.066+0000] {logging_mixin.py:188} INFO - [2025-07-26T18:15:37.066+0000] {dagbag.py:538} INFO - Filling up the DagBag from /opt/airflow/dags/airflow_pipeline.py
[2025-07-26T18:15:37.102+0000] {processor.py:840} INFO - DAG(s) 'pl001_ingest_crypto_postgres' retrieved from /opt/airflow/dags/airflow_pipeline.py
[2025-07-26T18:15:37.148+0000] {logging_mixin.py:188} INFO - [2025-07-26T18:15:37.148+0000] {dag.py:3036} INFO - Sync 1 DAGs
[2025-07-26T18:15:37.166+0000] {logging_mixin.py:188} INFO - [2025-07-26T18:15:37.166+0000] {dag.py:3823} INFO - Setting next_dagrun for pl001_ingest_crypto_postgres to None, run_after=None
[2025-07-26T18:15:37.196+0000] {processor.py:183} INFO - Processing /opt/airflow/dags/airflow_pipeline.py took 0.142 seconds
[2025-07-26T18:16:07.829+0000] {processor.py:161} INFO - Started process (PID=1377) to work on /opt/airflow/dags/airflow_pipeline.py
[2025-07-26T18:16:07.833+0000] {processor.py:830} INFO - Processing file /opt/airflow/dags/airflow_pipeline.py for tasks to queue
[2025-07-26T18:16:07.838+0000] {logging_mixin.py:188} INFO - [2025-07-26T18:16:07.835+0000] {dagbag.py:538} INFO - Filling up the DagBag from /opt/airflow/dags/airflow_pipeline.py
[2025-07-26T18:16:07.917+0000] {processor.py:840} INFO - DAG(s) 'pl001_ingest_crypto_postgres' retrieved from /opt/airflow/dags/airflow_pipeline.py
[2025-07-26T18:16:08.034+0000] {logging_mixin.py:188} INFO - [2025-07-26T18:16:08.034+0000] {dag.py:3036} INFO - Sync 1 DAGs
[2025-07-26T18:16:08.096+0000] {logging_mixin.py:188} INFO - [2025-07-26T18:16:08.096+0000] {dag.py:3823} INFO - Setting next_dagrun for pl001_ingest_crypto_postgres to None, run_after=None
[2025-07-26T18:16:08.151+0000] {processor.py:183} INFO - Processing /opt/airflow/dags/airflow_pipeline.py took 0.337 seconds
[2025-07-26T18:16:38.504+0000] {processor.py:161} INFO - Started process (PID=1382) to work on /opt/airflow/dags/airflow_pipeline.py
[2025-07-26T18:16:38.505+0000] {processor.py:830} INFO - Processing file /opt/airflow/dags/airflow_pipeline.py for tasks to queue
[2025-07-26T18:16:38.506+0000] {logging_mixin.py:188} INFO - [2025-07-26T18:16:38.506+0000] {dagbag.py:538} INFO - Filling up the DagBag from /opt/airflow/dags/airflow_pipeline.py
[2025-07-26T18:16:38.533+0000] {processor.py:840} INFO - DAG(s) 'pl001_ingest_crypto_postgres' retrieved from /opt/airflow/dags/airflow_pipeline.py
[2025-07-26T18:16:38.575+0000] {logging_mixin.py:188} INFO - [2025-07-26T18:16:38.575+0000] {dag.py:3036} INFO - Sync 1 DAGs
[2025-07-26T18:16:38.591+0000] {logging_mixin.py:188} INFO - [2025-07-26T18:16:38.590+0000] {dag.py:3823} INFO - Setting next_dagrun for pl001_ingest_crypto_postgres to None, run_after=None
[2025-07-26T18:16:38.619+0000] {processor.py:183} INFO - Processing /opt/airflow/dags/airflow_pipeline.py took 0.121 seconds
[2025-07-26T18:17:08.756+0000] {processor.py:161} INFO - Started process (PID=1392) to work on /opt/airflow/dags/airflow_pipeline.py
[2025-07-26T18:17:08.758+0000] {processor.py:830} INFO - Processing file /opt/airflow/dags/airflow_pipeline.py for tasks to queue
[2025-07-26T18:17:08.761+0000] {logging_mixin.py:188} INFO - [2025-07-26T18:17:08.761+0000] {dagbag.py:538} INFO - Filling up the DagBag from /opt/airflow/dags/airflow_pipeline.py
[2025-07-26T18:17:08.799+0000] {processor.py:840} INFO - DAG(s) 'pl001_ingest_crypto_postgres' retrieved from /opt/airflow/dags/airflow_pipeline.py
[2025-07-26T18:17:08.861+0000] {logging_mixin.py:188} INFO - [2025-07-26T18:17:08.860+0000] {dag.py:3036} INFO - Sync 1 DAGs
[2025-07-26T18:17:08.880+0000] {logging_mixin.py:188} INFO - [2025-07-26T18:17:08.880+0000] {dag.py:3823} INFO - Setting next_dagrun for pl001_ingest_crypto_postgres to None, run_after=None
[2025-07-26T18:17:08.912+0000] {processor.py:183} INFO - Processing /opt/airflow/dags/airflow_pipeline.py took 0.166 seconds
[2025-07-26T18:17:39.304+0000] {processor.py:161} INFO - Started process (PID=1413) to work on /opt/airflow/dags/airflow_pipeline.py
[2025-07-26T18:17:39.306+0000] {processor.py:830} INFO - Processing file /opt/airflow/dags/airflow_pipeline.py for tasks to queue
[2025-07-26T18:17:39.308+0000] {logging_mixin.py:188} INFO - [2025-07-26T18:17:39.307+0000] {dagbag.py:538} INFO - Filling up the DagBag from /opt/airflow/dags/airflow_pipeline.py
[2025-07-26T18:17:39.332+0000] {processor.py:840} INFO - DAG(s) 'pl001_ingest_crypto_postgres' retrieved from /opt/airflow/dags/airflow_pipeline.py
[2025-07-26T18:17:39.370+0000] {logging_mixin.py:188} INFO - [2025-07-26T18:17:39.370+0000] {dag.py:3036} INFO - Sync 1 DAGs
[2025-07-26T18:17:39.390+0000] {logging_mixin.py:188} INFO - [2025-07-26T18:17:39.390+0000] {dag.py:3823} INFO - Setting next_dagrun for pl001_ingest_crypto_postgres to None, run_after=None
[2025-07-26T18:17:39.425+0000] {processor.py:183} INFO - Processing /opt/airflow/dags/airflow_pipeline.py took 0.129 seconds
[2025-07-26T18:18:09.627+0000] {processor.py:161} INFO - Started process (PID=1418) to work on /opt/airflow/dags/airflow_pipeline.py
[2025-07-26T18:18:09.629+0000] {processor.py:830} INFO - Processing file /opt/airflow/dags/airflow_pipeline.py for tasks to queue
[2025-07-26T18:18:09.631+0000] {logging_mixin.py:188} INFO - [2025-07-26T18:18:09.630+0000] {dagbag.py:538} INFO - Filling up the DagBag from /opt/airflow/dags/airflow_pipeline.py
[2025-07-26T18:18:09.666+0000] {processor.py:840} INFO - DAG(s) 'pl001_ingest_crypto_postgres' retrieved from /opt/airflow/dags/airflow_pipeline.py
[2025-07-26T18:18:09.717+0000] {logging_mixin.py:188} INFO - [2025-07-26T18:18:09.717+0000] {dag.py:3036} INFO - Sync 1 DAGs
[2025-07-26T18:18:09.737+0000] {logging_mixin.py:188} INFO - [2025-07-26T18:18:09.737+0000] {dag.py:3823} INFO - Setting next_dagrun for pl001_ingest_crypto_postgres to None, run_after=None
[2025-07-26T18:18:09.767+0000] {processor.py:183} INFO - Processing /opt/airflow/dags/airflow_pipeline.py took 0.145 seconds
[2025-07-26T18:18:40.388+0000] {processor.py:161} INFO - Started process (PID=1423) to work on /opt/airflow/dags/airflow_pipeline.py
[2025-07-26T18:18:40.390+0000] {processor.py:830} INFO - Processing file /opt/airflow/dags/airflow_pipeline.py for tasks to queue
[2025-07-26T18:18:40.391+0000] {logging_mixin.py:188} INFO - [2025-07-26T18:18:40.391+0000] {dagbag.py:538} INFO - Filling up the DagBag from /opt/airflow/dags/airflow_pipeline.py
[2025-07-26T18:18:40.414+0000] {processor.py:840} INFO - DAG(s) 'pl001_ingest_crypto_postgres' retrieved from /opt/airflow/dags/airflow_pipeline.py
[2025-07-26T18:18:40.458+0000] {logging_mixin.py:188} INFO - [2025-07-26T18:18:40.458+0000] {dag.py:3036} INFO - Sync 1 DAGs
[2025-07-26T18:18:40.474+0000] {logging_mixin.py:188} INFO - [2025-07-26T18:18:40.473+0000] {dag.py:3823} INFO - Setting next_dagrun for pl001_ingest_crypto_postgres to None, run_after=None
[2025-07-26T18:18:40.503+0000] {processor.py:183} INFO - Processing /opt/airflow/dags/airflow_pipeline.py took 0.127 seconds
[2025-07-26T18:19:10.981+0000] {processor.py:161} INFO - Started process (PID=1428) to work on /opt/airflow/dags/airflow_pipeline.py
[2025-07-26T18:19:10.983+0000] {processor.py:830} INFO - Processing file /opt/airflow/dags/airflow_pipeline.py for tasks to queue
[2025-07-26T18:19:10.986+0000] {logging_mixin.py:188} INFO - [2025-07-26T18:19:10.985+0000] {dagbag.py:538} INFO - Filling up the DagBag from /opt/airflow/dags/airflow_pipeline.py
[2025-07-26T18:19:11.036+0000] {processor.py:840} INFO - DAG(s) 'pl001_ingest_crypto_postgres' retrieved from /opt/airflow/dags/airflow_pipeline.py
[2025-07-26T18:19:11.089+0000] {logging_mixin.py:188} INFO - [2025-07-26T18:19:11.088+0000] {dag.py:3036} INFO - Sync 1 DAGs
[2025-07-26T18:19:11.168+0000] {logging_mixin.py:188} INFO - [2025-07-26T18:19:11.167+0000] {dag.py:3823} INFO - Setting next_dagrun for pl001_ingest_crypto_postgres to None, run_after=None
[2025-07-26T18:19:11.224+0000] {processor.py:183} INFO - Processing /opt/airflow/dags/airflow_pipeline.py took 0.249 seconds
[2025-07-26T18:19:41.604+0000] {processor.py:161} INFO - Started process (PID=1433) to work on /opt/airflow/dags/airflow_pipeline.py
[2025-07-26T18:19:41.605+0000] {processor.py:830} INFO - Processing file /opt/airflow/dags/airflow_pipeline.py for tasks to queue
[2025-07-26T18:19:41.607+0000] {logging_mixin.py:188} INFO - [2025-07-26T18:19:41.606+0000] {dagbag.py:538} INFO - Filling up the DagBag from /opt/airflow/dags/airflow_pipeline.py
[2025-07-26T18:19:41.641+0000] {processor.py:840} INFO - DAG(s) 'pl001_ingest_crypto_postgres' retrieved from /opt/airflow/dags/airflow_pipeline.py
[2025-07-26T18:19:41.692+0000] {logging_mixin.py:188} INFO - [2025-07-26T18:19:41.691+0000] {dag.py:3036} INFO - Sync 1 DAGs
[2025-07-26T18:19:41.712+0000] {logging_mixin.py:188} INFO - [2025-07-26T18:19:41.711+0000] {dag.py:3823} INFO - Setting next_dagrun for pl001_ingest_crypto_postgres to None, run_after=None
[2025-07-26T18:19:41.749+0000] {processor.py:183} INFO - Processing /opt/airflow/dags/airflow_pipeline.py took 0.151 seconds
[2025-07-26T18:20:12.577+0000] {processor.py:161} INFO - Started process (PID=1443) to work on /opt/airflow/dags/airflow_pipeline.py
[2025-07-26T18:20:12.586+0000] {processor.py:830} INFO - Processing file /opt/airflow/dags/airflow_pipeline.py for tasks to queue
[2025-07-26T18:20:12.605+0000] {logging_mixin.py:188} INFO - [2025-07-26T18:20:12.596+0000] {dagbag.py:538} INFO - Filling up the DagBag from /opt/airflow/dags/airflow_pipeline.py
[2025-07-26T18:20:12.853+0000] {processor.py:840} INFO - DAG(s) 'pl001_ingest_crypto_postgres' retrieved from /opt/airflow/dags/airflow_pipeline.py
[2025-07-26T18:20:13.351+0000] {logging_mixin.py:188} INFO - [2025-07-26T18:20:13.349+0000] {dag.py:3036} INFO - Sync 1 DAGs
[2025-07-26T18:20:13.686+0000] {logging_mixin.py:188} INFO - [2025-07-26T18:20:13.673+0000] {dag.py:3823} INFO - Setting next_dagrun for pl001_ingest_crypto_postgres to None, run_after=None
[2025-07-26T18:20:14.084+0000] {processor.py:183} INFO - Processing /opt/airflow/dags/airflow_pipeline.py took 1.576 seconds
[2025-07-26T18:20:44.531+0000] {processor.py:161} INFO - Started process (PID=1460) to work on /opt/airflow/dags/airflow_pipeline.py
[2025-07-26T18:20:44.534+0000] {processor.py:830} INFO - Processing file /opt/airflow/dags/airflow_pipeline.py for tasks to queue
[2025-07-26T18:20:44.537+0000] {logging_mixin.py:188} INFO - [2025-07-26T18:20:44.536+0000] {dagbag.py:538} INFO - Filling up the DagBag from /opt/airflow/dags/airflow_pipeline.py
[2025-07-26T18:20:44.564+0000] {processor.py:840} INFO - DAG(s) 'pl001_ingest_crypto_postgres' retrieved from /opt/airflow/dags/airflow_pipeline.py
[2025-07-26T18:20:44.607+0000] {logging_mixin.py:188} INFO - [2025-07-26T18:20:44.606+0000] {dag.py:3036} INFO - Sync 1 DAGs
[2025-07-26T18:20:44.621+0000] {logging_mixin.py:188} INFO - [2025-07-26T18:20:44.621+0000] {dag.py:3823} INFO - Setting next_dagrun for pl001_ingest_crypto_postgres to None, run_after=None
[2025-07-26T18:20:44.648+0000] {processor.py:183} INFO - Processing /opt/airflow/dags/airflow_pipeline.py took 0.125 seconds
[2025-07-26T18:21:15.178+0000] {processor.py:161} INFO - Started process (PID=1465) to work on /opt/airflow/dags/airflow_pipeline.py
[2025-07-26T18:21:15.181+0000] {processor.py:830} INFO - Processing file /opt/airflow/dags/airflow_pipeline.py for tasks to queue
[2025-07-26T18:21:15.185+0000] {logging_mixin.py:188} INFO - [2025-07-26T18:21:15.184+0000] {dagbag.py:538} INFO - Filling up the DagBag from /opt/airflow/dags/airflow_pipeline.py
[2025-07-26T18:21:15.210+0000] {processor.py:840} INFO - DAG(s) 'pl001_ingest_crypto_postgres' retrieved from /opt/airflow/dags/airflow_pipeline.py
[2025-07-26T18:21:15.252+0000] {logging_mixin.py:188} INFO - [2025-07-26T18:21:15.251+0000] {dag.py:3036} INFO - Sync 1 DAGs
[2025-07-26T18:21:15.271+0000] {logging_mixin.py:188} INFO - [2025-07-26T18:21:15.271+0000] {dag.py:3823} INFO - Setting next_dagrun for pl001_ingest_crypto_postgres to None, run_after=None
[2025-07-26T18:21:15.300+0000] {processor.py:183} INFO - Processing /opt/airflow/dags/airflow_pipeline.py took 0.128 seconds
[2025-07-26T18:21:45.553+0000] {processor.py:161} INFO - Started process (PID=1470) to work on /opt/airflow/dags/airflow_pipeline.py
[2025-07-26T18:21:45.555+0000] {processor.py:830} INFO - Processing file /opt/airflow/dags/airflow_pipeline.py for tasks to queue
[2025-07-26T18:21:45.557+0000] {logging_mixin.py:188} INFO - [2025-07-26T18:21:45.556+0000] {dagbag.py:538} INFO - Filling up the DagBag from /opt/airflow/dags/airflow_pipeline.py
[2025-07-26T18:21:45.617+0000] {processor.py:840} INFO - DAG(s) 'pl001_ingest_crypto_postgres' retrieved from /opt/airflow/dags/airflow_pipeline.py
[2025-07-26T18:21:45.674+0000] {logging_mixin.py:188} INFO - [2025-07-26T18:21:45.674+0000] {dag.py:3036} INFO - Sync 1 DAGs
[2025-07-26T18:21:45.697+0000] {logging_mixin.py:188} INFO - [2025-07-26T18:21:45.695+0000] {dag.py:3823} INFO - Setting next_dagrun for pl001_ingest_crypto_postgres to None, run_after=None
[2025-07-26T18:21:45.736+0000] {processor.py:183} INFO - Processing /opt/airflow/dags/airflow_pipeline.py took 0.197 seconds
[2025-07-26T18:22:16.072+0000] {processor.py:161} INFO - Started process (PID=1475) to work on /opt/airflow/dags/airflow_pipeline.py
[2025-07-26T18:22:16.074+0000] {processor.py:830} INFO - Processing file /opt/airflow/dags/airflow_pipeline.py for tasks to queue
[2025-07-26T18:22:16.077+0000] {logging_mixin.py:188} INFO - [2025-07-26T18:22:16.076+0000] {dagbag.py:538} INFO - Filling up the DagBag from /opt/airflow/dags/airflow_pipeline.py
[2025-07-26T18:22:16.106+0000] {processor.py:840} INFO - DAG(s) 'pl001_ingest_crypto_postgres' retrieved from /opt/airflow/dags/airflow_pipeline.py
[2025-07-26T18:22:16.157+0000] {logging_mixin.py:188} INFO - [2025-07-26T18:22:16.156+0000] {dag.py:3036} INFO - Sync 1 DAGs
[2025-07-26T18:22:16.174+0000] {logging_mixin.py:188} INFO - [2025-07-26T18:22:16.174+0000] {dag.py:3823} INFO - Setting next_dagrun for pl001_ingest_crypto_postgres to None, run_after=None
[2025-07-26T18:22:16.201+0000] {processor.py:183} INFO - Processing /opt/airflow/dags/airflow_pipeline.py took 0.136 seconds
[2025-07-26T18:22:46.865+0000] {processor.py:161} INFO - Started process (PID=1480) to work on /opt/airflow/dags/airflow_pipeline.py
[2025-07-26T18:22:46.866+0000] {processor.py:830} INFO - Processing file /opt/airflow/dags/airflow_pipeline.py for tasks to queue
[2025-07-26T18:22:46.868+0000] {logging_mixin.py:188} INFO - [2025-07-26T18:22:46.867+0000] {dagbag.py:538} INFO - Filling up the DagBag from /opt/airflow/dags/airflow_pipeline.py
[2025-07-26T18:22:46.891+0000] {processor.py:840} INFO - DAG(s) 'pl001_ingest_crypto_postgres' retrieved from /opt/airflow/dags/airflow_pipeline.py
[2025-07-26T18:22:46.930+0000] {logging_mixin.py:188} INFO - [2025-07-26T18:22:46.930+0000] {dag.py:3036} INFO - Sync 1 DAGs
[2025-07-26T18:22:46.947+0000] {logging_mixin.py:188} INFO - [2025-07-26T18:22:46.946+0000] {dag.py:3823} INFO - Setting next_dagrun for pl001_ingest_crypto_postgres to None, run_after=None
[2025-07-26T18:22:46.973+0000] {processor.py:183} INFO - Processing /opt/airflow/dags/airflow_pipeline.py took 0.113 seconds
[2025-07-26T18:23:17.310+0000] {processor.py:161} INFO - Started process (PID=1485) to work on /opt/airflow/dags/airflow_pipeline.py
[2025-07-26T18:23:17.311+0000] {processor.py:830} INFO - Processing file /opt/airflow/dags/airflow_pipeline.py for tasks to queue
[2025-07-26T18:23:17.312+0000] {logging_mixin.py:188} INFO - [2025-07-26T18:23:17.312+0000] {dagbag.py:538} INFO - Filling up the DagBag from /opt/airflow/dags/airflow_pipeline.py
[2025-07-26T18:23:17.348+0000] {processor.py:840} INFO - DAG(s) 'pl001_ingest_crypto_postgres' retrieved from /opt/airflow/dags/airflow_pipeline.py
[2025-07-26T18:23:17.406+0000] {logging_mixin.py:188} INFO - [2025-07-26T18:23:17.405+0000] {dag.py:3036} INFO - Sync 1 DAGs
[2025-07-26T18:23:17.424+0000] {logging_mixin.py:188} INFO - [2025-07-26T18:23:17.424+0000] {dag.py:3823} INFO - Setting next_dagrun for pl001_ingest_crypto_postgres to None, run_after=None
[2025-07-26T18:23:17.454+0000] {processor.py:183} INFO - Processing /opt/airflow/dags/airflow_pipeline.py took 0.149 seconds
[2025-07-26T18:23:47.956+0000] {processor.py:161} INFO - Started process (PID=1507) to work on /opt/airflow/dags/airflow_pipeline.py
[2025-07-26T18:23:47.958+0000] {processor.py:830} INFO - Processing file /opt/airflow/dags/airflow_pipeline.py for tasks to queue
[2025-07-26T18:23:47.959+0000] {logging_mixin.py:188} INFO - [2025-07-26T18:23:47.959+0000] {dagbag.py:538} INFO - Filling up the DagBag from /opt/airflow/dags/airflow_pipeline.py
[2025-07-26T18:23:47.988+0000] {processor.py:840} INFO - DAG(s) 'pl001_ingest_crypto_postgres' retrieved from /opt/airflow/dags/airflow_pipeline.py
[2025-07-26T18:23:48.038+0000] {logging_mixin.py:188} INFO - [2025-07-26T18:23:48.038+0000] {dag.py:3036} INFO - Sync 1 DAGs
[2025-07-26T18:23:48.054+0000] {logging_mixin.py:188} INFO - [2025-07-26T18:23:48.054+0000] {dag.py:3823} INFO - Setting next_dagrun for pl001_ingest_crypto_postgres to None, run_after=None
[2025-07-26T18:23:48.080+0000] {processor.py:183} INFO - Processing /opt/airflow/dags/airflow_pipeline.py took 0.129 seconds
[2025-07-26T18:24:18.595+0000] {processor.py:161} INFO - Started process (PID=1512) to work on /opt/airflow/dags/airflow_pipeline.py
[2025-07-26T18:24:18.597+0000] {processor.py:830} INFO - Processing file /opt/airflow/dags/airflow_pipeline.py for tasks to queue
[2025-07-26T18:24:18.599+0000] {logging_mixin.py:188} INFO - [2025-07-26T18:24:18.598+0000] {dagbag.py:538} INFO - Filling up the DagBag from /opt/airflow/dags/airflow_pipeline.py
[2025-07-26T18:24:18.640+0000] {processor.py:840} INFO - DAG(s) 'pl001_ingest_crypto_postgres' retrieved from /opt/airflow/dags/airflow_pipeline.py
[2025-07-26T18:24:18.713+0000] {logging_mixin.py:188} INFO - [2025-07-26T18:24:18.713+0000] {dag.py:3036} INFO - Sync 1 DAGs
[2025-07-26T18:24:18.741+0000] {logging_mixin.py:188} INFO - [2025-07-26T18:24:18.741+0000] {dag.py:3823} INFO - Setting next_dagrun for pl001_ingest_crypto_postgres to None, run_after=None
[2025-07-26T18:24:18.794+0000] {processor.py:183} INFO - Processing /opt/airflow/dags/airflow_pipeline.py took 0.203 seconds
[2025-07-26T18:24:49.098+0000] {processor.py:161} INFO - Started process (PID=1517) to work on /opt/airflow/dags/airflow_pipeline.py
[2025-07-26T18:24:49.100+0000] {processor.py:830} INFO - Processing file /opt/airflow/dags/airflow_pipeline.py for tasks to queue
[2025-07-26T18:24:49.102+0000] {logging_mixin.py:188} INFO - [2025-07-26T18:24:49.102+0000] {dagbag.py:538} INFO - Filling up the DagBag from /opt/airflow/dags/airflow_pipeline.py
[2025-07-26T18:24:49.130+0000] {processor.py:840} INFO - DAG(s) 'pl001_ingest_crypto_postgres' retrieved from /opt/airflow/dags/airflow_pipeline.py
[2025-07-26T18:24:49.176+0000] {logging_mixin.py:188} INFO - [2025-07-26T18:24:49.175+0000] {dag.py:3036} INFO - Sync 1 DAGs
[2025-07-26T18:24:49.194+0000] {logging_mixin.py:188} INFO - [2025-07-26T18:24:49.194+0000] {dag.py:3823} INFO - Setting next_dagrun for pl001_ingest_crypto_postgres to None, run_after=None
[2025-07-26T18:24:49.222+0000] {processor.py:183} INFO - Processing /opt/airflow/dags/airflow_pipeline.py took 0.131 seconds
[2025-07-26T18:25:19.632+0000] {processor.py:161} INFO - Started process (PID=1527) to work on /opt/airflow/dags/airflow_pipeline.py
[2025-07-26T18:25:19.635+0000] {processor.py:830} INFO - Processing file /opt/airflow/dags/airflow_pipeline.py for tasks to queue
[2025-07-26T18:25:19.641+0000] {logging_mixin.py:188} INFO - [2025-07-26T18:25:19.640+0000] {dagbag.py:538} INFO - Filling up the DagBag from /opt/airflow/dags/airflow_pipeline.py
[2025-07-26T18:25:19.694+0000] {processor.py:840} INFO - DAG(s) 'pl001_ingest_crypto_postgres' retrieved from /opt/airflow/dags/airflow_pipeline.py
[2025-07-26T18:25:19.768+0000] {logging_mixin.py:188} INFO - [2025-07-26T18:25:19.768+0000] {dag.py:3036} INFO - Sync 1 DAGs
[2025-07-26T18:25:19.807+0000] {logging_mixin.py:188} INFO - [2025-07-26T18:25:19.806+0000] {dag.py:3823} INFO - Setting next_dagrun for pl001_ingest_crypto_postgres to None, run_after=None
[2025-07-26T18:25:19.894+0000] {processor.py:183} INFO - Processing /opt/airflow/dags/airflow_pipeline.py took 0.268 seconds
[2025-07-26T18:25:50.294+0000] {processor.py:161} INFO - Started process (PID=1533) to work on /opt/airflow/dags/airflow_pipeline.py
[2025-07-26T18:25:50.296+0000] {processor.py:830} INFO - Processing file /opt/airflow/dags/airflow_pipeline.py for tasks to queue
[2025-07-26T18:25:50.298+0000] {logging_mixin.py:188} INFO - [2025-07-26T18:25:50.297+0000] {dagbag.py:538} INFO - Filling up the DagBag from /opt/airflow/dags/airflow_pipeline.py
[2025-07-26T18:25:50.332+0000] {processor.py:840} INFO - DAG(s) 'pl001_ingest_crypto_postgres' retrieved from /opt/airflow/dags/airflow_pipeline.py
[2025-07-26T18:25:50.381+0000] {logging_mixin.py:188} INFO - [2025-07-26T18:25:50.381+0000] {dag.py:3036} INFO - Sync 1 DAGs
[2025-07-26T18:25:50.399+0000] {logging_mixin.py:188} INFO - [2025-07-26T18:25:50.399+0000] {dag.py:3823} INFO - Setting next_dagrun for pl001_ingest_crypto_postgres to None, run_after=None
[2025-07-26T18:25:50.429+0000] {processor.py:183} INFO - Processing /opt/airflow/dags/airflow_pipeline.py took 0.144 seconds
[2025-07-26T18:26:20.926+0000] {processor.py:161} INFO - Started process (PID=1538) to work on /opt/airflow/dags/airflow_pipeline.py
[2025-07-26T18:26:20.928+0000] {processor.py:830} INFO - Processing file /opt/airflow/dags/airflow_pipeline.py for tasks to queue
[2025-07-26T18:26:20.930+0000] {logging_mixin.py:188} INFO - [2025-07-26T18:26:20.929+0000] {dagbag.py:538} INFO - Filling up the DagBag from /opt/airflow/dags/airflow_pipeline.py
[2025-07-26T18:26:20.967+0000] {processor.py:840} INFO - DAG(s) 'pl001_ingest_crypto_postgres' retrieved from /opt/airflow/dags/airflow_pipeline.py
[2025-07-26T18:26:21.039+0000] {logging_mixin.py:188} INFO - [2025-07-26T18:26:21.039+0000] {dag.py:3036} INFO - Sync 1 DAGs
[2025-07-26T18:26:21.055+0000] {logging_mixin.py:188} INFO - [2025-07-26T18:26:21.054+0000] {dag.py:3823} INFO - Setting next_dagrun for pl001_ingest_crypto_postgres to None, run_after=None
[2025-07-26T18:26:21.080+0000] {processor.py:183} INFO - Processing /opt/airflow/dags/airflow_pipeline.py took 0.161 seconds
[2025-07-26T18:26:51.281+0000] {processor.py:161} INFO - Started process (PID=1543) to work on /opt/airflow/dags/airflow_pipeline.py
[2025-07-26T18:26:51.284+0000] {processor.py:830} INFO - Processing file /opt/airflow/dags/airflow_pipeline.py for tasks to queue
[2025-07-26T18:26:51.285+0000] {logging_mixin.py:188} INFO - [2025-07-26T18:26:51.285+0000] {dagbag.py:538} INFO - Filling up the DagBag from /opt/airflow/dags/airflow_pipeline.py
[2025-07-26T18:26:51.315+0000] {processor.py:840} INFO - DAG(s) 'pl001_ingest_crypto_postgres' retrieved from /opt/airflow/dags/airflow_pipeline.py
[2025-07-26T18:26:51.371+0000] {logging_mixin.py:188} INFO - [2025-07-26T18:26:51.371+0000] {dag.py:3036} INFO - Sync 1 DAGs
[2025-07-26T18:26:51.391+0000] {logging_mixin.py:188} INFO - [2025-07-26T18:26:51.390+0000] {dag.py:3823} INFO - Setting next_dagrun for pl001_ingest_crypto_postgres to None, run_after=None
[2025-07-26T18:26:51.426+0000] {processor.py:183} INFO - Processing /opt/airflow/dags/airflow_pipeline.py took 0.151 seconds
[2025-07-26T18:27:21.793+0000] {processor.py:161} INFO - Started process (PID=1548) to work on /opt/airflow/dags/airflow_pipeline.py
[2025-07-26T18:27:21.795+0000] {processor.py:830} INFO - Processing file /opt/airflow/dags/airflow_pipeline.py for tasks to queue
[2025-07-26T18:27:21.796+0000] {logging_mixin.py:188} INFO - [2025-07-26T18:27:21.796+0000] {dagbag.py:538} INFO - Filling up the DagBag from /opt/airflow/dags/airflow_pipeline.py
[2025-07-26T18:27:21.821+0000] {processor.py:840} INFO - DAG(s) 'pl001_ingest_crypto_postgres' retrieved from /opt/airflow/dags/airflow_pipeline.py
[2025-07-26T18:27:21.864+0000] {logging_mixin.py:188} INFO - [2025-07-26T18:27:21.863+0000] {dag.py:3036} INFO - Sync 1 DAGs
[2025-07-26T18:27:21.879+0000] {logging_mixin.py:188} INFO - [2025-07-26T18:27:21.879+0000] {dag.py:3823} INFO - Setting next_dagrun for pl001_ingest_crypto_postgres to None, run_after=None
[2025-07-26T18:27:21.909+0000] {processor.py:183} INFO - Processing /opt/airflow/dags/airflow_pipeline.py took 0.120 seconds
[2025-07-26T18:27:42.193+0000] {processor.py:161} INFO - Started process (PID=1553) to work on /opt/airflow/dags/airflow_pipeline.py
[2025-07-26T18:27:42.195+0000] {processor.py:830} INFO - Processing file /opt/airflow/dags/airflow_pipeline.py for tasks to queue
[2025-07-26T18:27:42.197+0000] {logging_mixin.py:188} INFO - [2025-07-26T18:27:42.196+0000] {dagbag.py:538} INFO - Filling up the DagBag from /opt/airflow/dags/airflow_pipeline.py
[2025-07-26T18:27:42.258+0000] {processor.py:840} INFO - DAG(s) 'pl001_ingest_crypto_postgres' retrieved from /opt/airflow/dags/airflow_pipeline.py
[2025-07-26T18:27:42.565+0000] {logging_mixin.py:188} INFO - [2025-07-26T18:27:42.564+0000] {dag.py:3036} INFO - Sync 1 DAGs
[2025-07-26T18:27:42.581+0000] {logging_mixin.py:188} INFO - [2025-07-26T18:27:42.581+0000] {dag.py:3823} INFO - Setting next_dagrun for pl001_ingest_crypto_postgres to None, run_after=None
[2025-07-26T18:27:42.616+0000] {processor.py:183} INFO - Processing /opt/airflow/dags/airflow_pipeline.py took 0.428 seconds
[2025-07-26T18:27:54.557+0000] {processor.py:161} INFO - Started process (PID=1558) to work on /opt/airflow/dags/airflow_pipeline.py
[2025-07-26T18:27:54.560+0000] {processor.py:830} INFO - Processing file /opt/airflow/dags/airflow_pipeline.py for tasks to queue
[2025-07-26T18:27:54.562+0000] {logging_mixin.py:188} INFO - [2025-07-26T18:27:54.561+0000] {dagbag.py:538} INFO - Filling up the DagBag from /opt/airflow/dags/airflow_pipeline.py
[2025-07-26T18:27:54.628+0000] {processor.py:840} INFO - DAG(s) 'pl001_ingest_crypto_postgres' retrieved from /opt/airflow/dags/airflow_pipeline.py
[2025-07-26T18:27:54.658+0000] {logging_mixin.py:188} INFO - [2025-07-26T18:27:54.658+0000] {dag.py:3036} INFO - Sync 1 DAGs
[2025-07-26T18:27:54.687+0000] {logging_mixin.py:188} INFO - [2025-07-26T18:27:54.687+0000] {dag.py:3823} INFO - Setting next_dagrun for pl001_ingest_crypto_postgres to None, run_after=None
[2025-07-26T18:27:54.724+0000] {processor.py:183} INFO - Processing /opt/airflow/dags/airflow_pipeline.py took 0.180 seconds
[2025-07-26T18:28:25.073+0000] {processor.py:161} INFO - Started process (PID=1568) to work on /opt/airflow/dags/airflow_pipeline.py
[2025-07-26T18:28:25.076+0000] {processor.py:830} INFO - Processing file /opt/airflow/dags/airflow_pipeline.py for tasks to queue
[2025-07-26T18:28:25.078+0000] {logging_mixin.py:188} INFO - [2025-07-26T18:28:25.077+0000] {dagbag.py:538} INFO - Filling up the DagBag from /opt/airflow/dags/airflow_pipeline.py
[2025-07-26T18:28:25.115+0000] {processor.py:840} INFO - DAG(s) 'pl001_ingest_crypto_postgres' retrieved from /opt/airflow/dags/airflow_pipeline.py
[2025-07-26T18:28:25.375+0000] {logging_mixin.py:188} INFO - [2025-07-26T18:28:25.373+0000] {dag.py:3036} INFO - Sync 1 DAGs
[2025-07-26T18:28:25.456+0000] {logging_mixin.py:188} INFO - [2025-07-26T18:28:25.456+0000] {dag.py:3823} INFO - Setting next_dagrun for pl001_ingest_crypto_postgres to None, run_after=None
[2025-07-26T18:28:25.555+0000] {processor.py:183} INFO - Processing /opt/airflow/dags/airflow_pipeline.py took 0.492 seconds
[2025-07-26T18:28:56.423+0000] {processor.py:161} INFO - Started process (PID=1574) to work on /opt/airflow/dags/airflow_pipeline.py
[2025-07-26T18:28:56.430+0000] {processor.py:830} INFO - Processing file /opt/airflow/dags/airflow_pipeline.py for tasks to queue
[2025-07-26T18:28:56.435+0000] {logging_mixin.py:188} INFO - [2025-07-26T18:28:56.434+0000] {dagbag.py:538} INFO - Filling up the DagBag from /opt/airflow/dags/airflow_pipeline.py
[2025-07-26T18:28:56.590+0000] {processor.py:840} INFO - DAG(s) 'pl001_ingest_crypto_postgres' retrieved from /opt/airflow/dags/airflow_pipeline.py
[2025-07-26T18:28:56.727+0000] {logging_mixin.py:188} INFO - [2025-07-26T18:28:56.726+0000] {dag.py:3036} INFO - Sync 1 DAGs
[2025-07-26T18:28:56.763+0000] {logging_mixin.py:188} INFO - [2025-07-26T18:28:56.763+0000] {dag.py:3823} INFO - Setting next_dagrun for pl001_ingest_crypto_postgres to None, run_after=None
[2025-07-26T18:28:56.806+0000] {processor.py:183} INFO - Processing /opt/airflow/dags/airflow_pipeline.py took 0.391 seconds
[2025-07-26T18:29:27.166+0000] {processor.py:161} INFO - Started process (PID=1579) to work on /opt/airflow/dags/airflow_pipeline.py
[2025-07-26T18:29:27.168+0000] {processor.py:830} INFO - Processing file /opt/airflow/dags/airflow_pipeline.py for tasks to queue
[2025-07-26T18:29:27.169+0000] {logging_mixin.py:188} INFO - [2025-07-26T18:29:27.169+0000] {dagbag.py:538} INFO - Filling up the DagBag from /opt/airflow/dags/airflow_pipeline.py
[2025-07-26T18:29:27.192+0000] {processor.py:840} INFO - DAG(s) 'pl001_ingest_crypto_postgres' retrieved from /opt/airflow/dags/airflow_pipeline.py
[2025-07-26T18:29:27.232+0000] {logging_mixin.py:188} INFO - [2025-07-26T18:29:27.232+0000] {dag.py:3036} INFO - Sync 1 DAGs
[2025-07-26T18:29:27.249+0000] {logging_mixin.py:188} INFO - [2025-07-26T18:29:27.249+0000] {dag.py:3823} INFO - Setting next_dagrun for pl001_ingest_crypto_postgres to None, run_after=None
[2025-07-26T18:29:27.281+0000] {processor.py:183} INFO - Processing /opt/airflow/dags/airflow_pipeline.py took 0.120 seconds
[2025-07-26T18:29:57.961+0000] {processor.py:161} INFO - Started process (PID=1584) to work on /opt/airflow/dags/airflow_pipeline.py
[2025-07-26T18:29:57.963+0000] {processor.py:830} INFO - Processing file /opt/airflow/dags/airflow_pipeline.py for tasks to queue
[2025-07-26T18:29:57.965+0000] {logging_mixin.py:188} INFO - [2025-07-26T18:29:57.964+0000] {dagbag.py:538} INFO - Filling up the DagBag from /opt/airflow/dags/airflow_pipeline.py
[2025-07-26T18:29:57.994+0000] {processor.py:840} INFO - DAG(s) 'pl001_ingest_crypto_postgres' retrieved from /opt/airflow/dags/airflow_pipeline.py
[2025-07-26T18:29:58.062+0000] {logging_mixin.py:188} INFO - [2025-07-26T18:29:58.061+0000] {dag.py:3036} INFO - Sync 1 DAGs
[2025-07-26T18:29:58.086+0000] {logging_mixin.py:188} INFO - [2025-07-26T18:29:58.085+0000] {dag.py:3823} INFO - Setting next_dagrun for pl001_ingest_crypto_postgres to None, run_after=None
[2025-07-26T18:29:58.111+0000] {processor.py:183} INFO - Processing /opt/airflow/dags/airflow_pipeline.py took 0.156 seconds
[2025-07-26T18:30:28.459+0000] {processor.py:161} INFO - Started process (PID=1589) to work on /opt/airflow/dags/airflow_pipeline.py
[2025-07-26T18:30:28.461+0000] {processor.py:830} INFO - Processing file /opt/airflow/dags/airflow_pipeline.py for tasks to queue
[2025-07-26T18:30:28.462+0000] {logging_mixin.py:188} INFO - [2025-07-26T18:30:28.462+0000] {dagbag.py:538} INFO - Filling up the DagBag from /opt/airflow/dags/airflow_pipeline.py
[2025-07-26T18:30:28.500+0000] {processor.py:840} INFO - DAG(s) 'pl001_ingest_crypto_postgres' retrieved from /opt/airflow/dags/airflow_pipeline.py
[2025-07-26T18:30:28.556+0000] {logging_mixin.py:188} INFO - [2025-07-26T18:30:28.555+0000] {dag.py:3036} INFO - Sync 1 DAGs
[2025-07-26T18:30:28.571+0000] {logging_mixin.py:188} INFO - [2025-07-26T18:30:28.570+0000] {dag.py:3823} INFO - Setting next_dagrun for pl001_ingest_crypto_postgres to None, run_after=None
[2025-07-26T18:30:28.596+0000] {processor.py:183} INFO - Processing /opt/airflow/dags/airflow_pipeline.py took 0.144 seconds
[2025-07-26T18:30:55.762+0000] {processor.py:161} INFO - Started process (PID=1594) to work on /opt/airflow/dags/airflow_pipeline.py
[2025-07-26T18:30:55.772+0000] {processor.py:830} INFO - Processing file /opt/airflow/dags/airflow_pipeline.py for tasks to queue
[2025-07-26T18:30:55.778+0000] {logging_mixin.py:188} INFO - [2025-07-26T18:30:55.777+0000] {dagbag.py:538} INFO - Filling up the DagBag from /opt/airflow/dags/airflow_pipeline.py
[2025-07-26T18:30:56.253+0000] {processor.py:840} INFO - DAG(s) 'pl001_ingest_crypto_postgres' retrieved from /opt/airflow/dags/airflow_pipeline.py
[2025-07-26T18:30:56.988+0000] {logging_mixin.py:188} INFO - [2025-07-26T18:30:56.978+0000] {dag.py:3036} INFO - Sync 1 DAGs
[2025-07-26T18:30:57.035+0000] {logging_mixin.py:188} INFO - [2025-07-26T18:30:57.034+0000] {dag.py:3823} INFO - Setting next_dagrun for pl001_ingest_crypto_postgres to None, run_after=None
[2025-07-26T18:30:57.157+0000] {processor.py:183} INFO - Processing /opt/airflow/dags/airflow_pipeline.py took 1.416 seconds
[2025-07-26T18:31:28.022+0000] {processor.py:161} INFO - Started process (PID=1599) to work on /opt/airflow/dags/airflow_pipeline.py
[2025-07-26T18:31:28.024+0000] {processor.py:830} INFO - Processing file /opt/airflow/dags/airflow_pipeline.py for tasks to queue
[2025-07-26T18:31:28.026+0000] {logging_mixin.py:188} INFO - [2025-07-26T18:31:28.026+0000] {dagbag.py:538} INFO - Filling up the DagBag from /opt/airflow/dags/airflow_pipeline.py
[2025-07-26T18:31:28.066+0000] {processor.py:840} INFO - DAG(s) 'pl001_ingest_crypto_postgres' retrieved from /opt/airflow/dags/airflow_pipeline.py
[2025-07-26T18:31:28.126+0000] {logging_mixin.py:188} INFO - [2025-07-26T18:31:28.125+0000] {dag.py:3036} INFO - Sync 1 DAGs
[2025-07-26T18:31:28.154+0000] {logging_mixin.py:188} INFO - [2025-07-26T18:31:28.154+0000] {dag.py:3823} INFO - Setting next_dagrun for pl001_ingest_crypto_postgres to None, run_after=None
[2025-07-26T18:31:28.219+0000] {processor.py:183} INFO - Processing /opt/airflow/dags/airflow_pipeline.py took 0.203 seconds
[2025-07-26T18:31:58.771+0000] {processor.py:161} INFO - Started process (PID=1604) to work on /opt/airflow/dags/airflow_pipeline.py
[2025-07-26T18:31:58.772+0000] {processor.py:830} INFO - Processing file /opt/airflow/dags/airflow_pipeline.py for tasks to queue
[2025-07-26T18:31:58.775+0000] {logging_mixin.py:188} INFO - [2025-07-26T18:31:58.774+0000] {dagbag.py:538} INFO - Filling up the DagBag from /opt/airflow/dags/airflow_pipeline.py
[2025-07-26T18:31:58.826+0000] {processor.py:840} INFO - DAG(s) 'pl001_ingest_crypto_postgres' retrieved from /opt/airflow/dags/airflow_pipeline.py
[2025-07-26T18:31:58.898+0000] {logging_mixin.py:188} INFO - [2025-07-26T18:31:58.897+0000] {dag.py:3036} INFO - Sync 1 DAGs
[2025-07-26T18:31:58.932+0000] {logging_mixin.py:188} INFO - [2025-07-26T18:31:58.932+0000] {dag.py:3823} INFO - Setting next_dagrun for pl001_ingest_crypto_postgres to None, run_after=None
[2025-07-26T18:31:59.019+0000] {processor.py:183} INFO - Processing /opt/airflow/dags/airflow_pipeline.py took 0.253 seconds
[2025-07-26T18:32:29.316+0000] {processor.py:161} INFO - Started process (PID=1609) to work on /opt/airflow/dags/airflow_pipeline.py
[2025-07-26T18:32:29.317+0000] {processor.py:830} INFO - Processing file /opt/airflow/dags/airflow_pipeline.py for tasks to queue
[2025-07-26T18:32:29.319+0000] {logging_mixin.py:188} INFO - [2025-07-26T18:32:29.319+0000] {dagbag.py:538} INFO - Filling up the DagBag from /opt/airflow/dags/airflow_pipeline.py
[2025-07-26T18:32:29.350+0000] {processor.py:840} INFO - DAG(s) 'pl001_ingest_crypto_postgres' retrieved from /opt/airflow/dags/airflow_pipeline.py
[2025-07-26T18:32:29.397+0000] {logging_mixin.py:188} INFO - [2025-07-26T18:32:29.397+0000] {dag.py:3036} INFO - Sync 1 DAGs
[2025-07-26T18:32:29.418+0000] {logging_mixin.py:188} INFO - [2025-07-26T18:32:29.418+0000] {dag.py:3823} INFO - Setting next_dagrun for pl001_ingest_crypto_postgres to None, run_after=None
[2025-07-26T18:32:29.451+0000] {processor.py:183} INFO - Processing /opt/airflow/dags/airflow_pipeline.py took 0.140 seconds
[2025-07-26T18:32:59.839+0000] {processor.py:161} INFO - Started process (PID=1614) to work on /opt/airflow/dags/airflow_pipeline.py
[2025-07-26T18:32:59.842+0000] {processor.py:830} INFO - Processing file /opt/airflow/dags/airflow_pipeline.py for tasks to queue
[2025-07-26T18:32:59.846+0000] {logging_mixin.py:188} INFO - [2025-07-26T18:32:59.845+0000] {dagbag.py:538} INFO - Filling up the DagBag from /opt/airflow/dags/airflow_pipeline.py
[2025-07-26T18:32:59.894+0000] {processor.py:840} INFO - DAG(s) 'pl001_ingest_crypto_postgres' retrieved from /opt/airflow/dags/airflow_pipeline.py
[2025-07-26T18:32:59.962+0000] {logging_mixin.py:188} INFO - [2025-07-26T18:32:59.961+0000] {dag.py:3036} INFO - Sync 1 DAGs
[2025-07-26T18:33:00.002+0000] {logging_mixin.py:188} INFO - [2025-07-26T18:33:00.001+0000] {dag.py:3823} INFO - Setting next_dagrun for pl001_ingest_crypto_postgres to None, run_after=None
[2025-07-26T18:33:00.081+0000] {processor.py:183} INFO - Processing /opt/airflow/dags/airflow_pipeline.py took 0.250 seconds
[2025-07-26T18:33:30.284+0000] {processor.py:161} INFO - Started process (PID=1619) to work on /opt/airflow/dags/airflow_pipeline.py
[2025-07-26T18:33:30.286+0000] {processor.py:830} INFO - Processing file /opt/airflow/dags/airflow_pipeline.py for tasks to queue
[2025-07-26T18:33:30.287+0000] {logging_mixin.py:188} INFO - [2025-07-26T18:33:30.286+0000] {dagbag.py:538} INFO - Filling up the DagBag from /opt/airflow/dags/airflow_pipeline.py
[2025-07-26T18:33:30.311+0000] {processor.py:840} INFO - DAG(s) 'pl001_ingest_crypto_postgres' retrieved from /opt/airflow/dags/airflow_pipeline.py
[2025-07-26T18:33:30.449+0000] {logging_mixin.py:188} INFO - [2025-07-26T18:33:30.449+0000] {dag.py:3036} INFO - Sync 1 DAGs
[2025-07-26T18:33:30.462+0000] {logging_mixin.py:188} INFO - [2025-07-26T18:33:30.461+0000] {dag.py:3058} INFO - Creating ORM DAG for pl001_ingest_crypto_postgres
[2025-07-26T18:33:30.463+0000] {logging_mixin.py:188} INFO - [2025-07-26T18:33:30.463+0000] {dag.py:3823} INFO - Setting next_dagrun for pl001_ingest_crypto_postgres to None, run_after=None
[2025-07-26T18:33:30.486+0000] {processor.py:183} INFO - Processing /opt/airflow/dags/airflow_pipeline.py took 0.208 seconds
[2025-07-26T18:34:00.728+0000] {processor.py:161} INFO - Started process (PID=1630) to work on /opt/airflow/dags/airflow_pipeline.py
[2025-07-26T18:34:00.729+0000] {processor.py:830} INFO - Processing file /opt/airflow/dags/airflow_pipeline.py for tasks to queue
[2025-07-26T18:34:00.731+0000] {logging_mixin.py:188} INFO - [2025-07-26T18:34:00.730+0000] {dagbag.py:538} INFO - Filling up the DagBag from /opt/airflow/dags/airflow_pipeline.py
[2025-07-26T18:34:00.754+0000] {processor.py:840} INFO - DAG(s) 'pl001_ingest_crypto_postgres' retrieved from /opt/airflow/dags/airflow_pipeline.py
[2025-07-26T18:34:00.797+0000] {logging_mixin.py:188} INFO - [2025-07-26T18:34:00.797+0000] {dag.py:3036} INFO - Sync 1 DAGs
[2025-07-26T18:34:00.815+0000] {logging_mixin.py:188} INFO - [2025-07-26T18:34:00.814+0000] {dag.py:3823} INFO - Setting next_dagrun for pl001_ingest_crypto_postgres to None, run_after=None
[2025-07-26T18:34:00.843+0000] {processor.py:183} INFO - Processing /opt/airflow/dags/airflow_pipeline.py took 0.122 seconds
[2025-07-26T18:34:31.489+0000] {processor.py:161} INFO - Started process (PID=1635) to work on /opt/airflow/dags/airflow_pipeline.py
[2025-07-26T18:34:31.503+0000] {processor.py:830} INFO - Processing file /opt/airflow/dags/airflow_pipeline.py for tasks to queue
[2025-07-26T18:34:31.514+0000] {logging_mixin.py:188} INFO - [2025-07-26T18:34:31.513+0000] {dagbag.py:538} INFO - Filling up the DagBag from /opt/airflow/dags/airflow_pipeline.py
[2025-07-26T18:34:31.564+0000] {processor.py:840} INFO - DAG(s) 'pl001_ingest_crypto_postgres' retrieved from /opt/airflow/dags/airflow_pipeline.py
[2025-07-26T18:34:31.611+0000] {logging_mixin.py:188} INFO - [2025-07-26T18:34:31.610+0000] {dag.py:3036} INFO - Sync 1 DAGs
[2025-07-26T18:34:31.628+0000] {logging_mixin.py:188} INFO - [2025-07-26T18:34:31.628+0000] {dag.py:3823} INFO - Setting next_dagrun for pl001_ingest_crypto_postgres to None, run_after=None
[2025-07-26T18:34:31.656+0000] {processor.py:183} INFO - Processing /opt/airflow/dags/airflow_pipeline.py took 0.184 seconds
[2025-07-26T18:35:01.868+0000] {processor.py:161} INFO - Started process (PID=1640) to work on /opt/airflow/dags/airflow_pipeline.py
[2025-07-26T18:35:01.870+0000] {processor.py:830} INFO - Processing file /opt/airflow/dags/airflow_pipeline.py for tasks to queue
[2025-07-26T18:35:01.871+0000] {logging_mixin.py:188} INFO - [2025-07-26T18:35:01.871+0000] {dagbag.py:538} INFO - Filling up the DagBag from /opt/airflow/dags/airflow_pipeline.py
[2025-07-26T18:35:01.898+0000] {processor.py:840} INFO - DAG(s) 'pl001_ingest_crypto_postgres' retrieved from /opt/airflow/dags/airflow_pipeline.py
[2025-07-26T18:35:01.947+0000] {logging_mixin.py:188} INFO - [2025-07-26T18:35:01.947+0000] {dag.py:3036} INFO - Sync 1 DAGs
[2025-07-26T18:35:01.965+0000] {logging_mixin.py:188} INFO - [2025-07-26T18:35:01.965+0000] {dag.py:3823} INFO - Setting next_dagrun for pl001_ingest_crypto_postgres to None, run_after=None
[2025-07-26T18:35:01.992+0000] {processor.py:183} INFO - Processing /opt/airflow/dags/airflow_pipeline.py took 0.129 seconds
[2025-07-26T18:35:04.908+0000] {processor.py:161} INFO - Started process (PID=1645) to work on /opt/airflow/dags/airflow_pipeline.py
[2025-07-26T18:35:04.910+0000] {processor.py:830} INFO - Processing file /opt/airflow/dags/airflow_pipeline.py for tasks to queue
[2025-07-26T18:35:04.913+0000] {logging_mixin.py:188} INFO - [2025-07-26T18:35:04.912+0000] {dagbag.py:538} INFO - Filling up the DagBag from /opt/airflow/dags/airflow_pipeline.py
[2025-07-26T18:35:04.964+0000] {processor.py:840} INFO - DAG(s) 'pl001_ingest_crypto_postgres' retrieved from /opt/airflow/dags/airflow_pipeline.py
[2025-07-26T18:35:05.010+0000] {logging_mixin.py:188} INFO - [2025-07-26T18:35:05.009+0000] {dag.py:3036} INFO - Sync 1 DAGs
[2025-07-26T18:35:05.027+0000] {logging_mixin.py:188} INFO - [2025-07-26T18:35:05.027+0000] {dag.py:3823} INFO - Setting next_dagrun for pl001_ingest_crypto_postgres to None, run_after=None
[2025-07-26T18:35:05.061+0000] {processor.py:183} INFO - Processing /opt/airflow/dags/airflow_pipeline.py took 0.159 seconds
[2025-07-26T18:35:36.763+0000] {processor.py:161} INFO - Started process (PID=1651) to work on /opt/airflow/dags/airflow_pipeline.py
[2025-07-26T18:35:36.791+0000] {processor.py:830} INFO - Processing file /opt/airflow/dags/airflow_pipeline.py for tasks to queue
[2025-07-26T18:35:36.811+0000] {logging_mixin.py:188} INFO - [2025-07-26T18:35:36.810+0000] {dagbag.py:538} INFO - Filling up the DagBag from /opt/airflow/dags/airflow_pipeline.py
[2025-07-26T18:35:37.467+0000] {processor.py:840} INFO - DAG(s) 'pl001_ingest_crypto_postgres' retrieved from /opt/airflow/dags/airflow_pipeline.py
[2025-07-26T18:35:37.697+0000] {logging_mixin.py:188} INFO - [2025-07-26T18:35:37.697+0000] {dag.py:3036} INFO - Sync 1 DAGs
[2025-07-26T18:35:37.841+0000] {logging_mixin.py:188} INFO - [2025-07-26T18:35:37.840+0000] {dag.py:3823} INFO - Setting next_dagrun for pl001_ingest_crypto_postgres to None, run_after=None
[2025-07-26T18:35:38.090+0000] {processor.py:183} INFO - Processing /opt/airflow/dags/airflow_pipeline.py took 1.334 seconds
[2025-07-26T18:36:10.397+0000] {processor.py:161} INFO - Started process (PID=1660) to work on /opt/airflow/dags/airflow_pipeline.py
[2025-07-26T18:36:10.486+0000] {processor.py:830} INFO - Processing file /opt/airflow/dags/airflow_pipeline.py for tasks to queue
[2025-07-26T18:36:10.537+0000] {logging_mixin.py:188} INFO - [2025-07-26T18:36:10.517+0000] {dagbag.py:538} INFO - Filling up the DagBag from /opt/airflow/dags/airflow_pipeline.py
[2025-07-26T18:36:12.778+0000] {processor.py:840} INFO - DAG(s) 'pl001_ingest_crypto_postgres' retrieved from /opt/airflow/dags/airflow_pipeline.py
[2025-07-26T18:36:13.173+0000] {logging_mixin.py:188} INFO - [2025-07-26T18:36:13.172+0000] {dag.py:3036} INFO - Sync 1 DAGs
[2025-07-26T18:36:13.460+0000] {logging_mixin.py:188} INFO - [2025-07-26T18:36:13.449+0000] {dag.py:3823} INFO - Setting next_dagrun for pl001_ingest_crypto_postgres to None, run_after=None
[2025-07-26T18:36:13.881+0000] {processor.py:183} INFO - Processing /opt/airflow/dags/airflow_pipeline.py took 4.011 seconds
[2025-07-26T18:36:44.517+0000] {processor.py:161} INFO - Started process (PID=1677) to work on /opt/airflow/dags/airflow_pipeline.py
[2025-07-26T18:36:44.553+0000] {processor.py:830} INFO - Processing file /opt/airflow/dags/airflow_pipeline.py for tasks to queue
[2025-07-26T18:36:44.568+0000] {logging_mixin.py:188} INFO - [2025-07-26T18:36:44.567+0000] {dagbag.py:538} INFO - Filling up the DagBag from /opt/airflow/dags/airflow_pipeline.py
[2025-07-26T18:36:45.016+0000] {processor.py:840} INFO - DAG(s) 'pl001_ingest_crypto_postgres' retrieved from /opt/airflow/dags/airflow_pipeline.py
[2025-07-26T18:36:45.310+0000] {logging_mixin.py:188} INFO - [2025-07-26T18:36:45.309+0000] {dag.py:3036} INFO - Sync 1 DAGs
[2025-07-26T18:36:45.411+0000] {logging_mixin.py:188} INFO - [2025-07-26T18:36:45.411+0000] {dag.py:3823} INFO - Setting next_dagrun for pl001_ingest_crypto_postgres to None, run_after=None
[2025-07-26T18:36:45.504+0000] {processor.py:183} INFO - Processing /opt/airflow/dags/airflow_pipeline.py took 1.034 seconds
[2025-07-26T18:37:16.017+0000] {processor.py:161} INFO - Started process (PID=1682) to work on /opt/airflow/dags/airflow_pipeline.py
[2025-07-26T18:37:16.025+0000] {processor.py:830} INFO - Processing file /opt/airflow/dags/airflow_pipeline.py for tasks to queue
[2025-07-26T18:37:16.028+0000] {logging_mixin.py:188} INFO - [2025-07-26T18:37:16.027+0000] {dagbag.py:538} INFO - Filling up the DagBag from /opt/airflow/dags/airflow_pipeline.py
[2025-07-26T18:37:16.100+0000] {processor.py:840} INFO - DAG(s) 'pl001_ingest_crypto_postgres' retrieved from /opt/airflow/dags/airflow_pipeline.py
[2025-07-26T18:37:16.280+0000] {logging_mixin.py:188} INFO - [2025-07-26T18:37:16.279+0000] {dag.py:3036} INFO - Sync 1 DAGs
[2025-07-26T18:37:16.320+0000] {logging_mixin.py:188} INFO - [2025-07-26T18:37:16.319+0000] {dag.py:3823} INFO - Setting next_dagrun for pl001_ingest_crypto_postgres to None, run_after=None
[2025-07-26T18:37:16.392+0000] {processor.py:183} INFO - Processing /opt/airflow/dags/airflow_pipeline.py took 0.383 seconds
[2025-07-26T18:37:46.803+0000] {processor.py:161} INFO - Started process (PID=1687) to work on /opt/airflow/dags/airflow_pipeline.py
[2025-07-26T18:37:46.805+0000] {processor.py:830} INFO - Processing file /opt/airflow/dags/airflow_pipeline.py for tasks to queue
[2025-07-26T18:37:46.808+0000] {logging_mixin.py:188} INFO - [2025-07-26T18:37:46.807+0000] {dagbag.py:538} INFO - Filling up the DagBag from /opt/airflow/dags/airflow_pipeline.py
[2025-07-26T18:37:46.844+0000] {processor.py:840} INFO - DAG(s) 'pl001_ingest_crypto_postgres' retrieved from /opt/airflow/dags/airflow_pipeline.py
[2025-07-26T18:37:46.913+0000] {logging_mixin.py:188} INFO - [2025-07-26T18:37:46.913+0000] {dag.py:3036} INFO - Sync 1 DAGs
[2025-07-26T18:37:46.934+0000] {logging_mixin.py:188} INFO - [2025-07-26T18:37:46.934+0000] {dag.py:3823} INFO - Setting next_dagrun for pl001_ingest_crypto_postgres to None, run_after=None
[2025-07-26T18:37:46.977+0000] {processor.py:183} INFO - Processing /opt/airflow/dags/airflow_pipeline.py took 0.181 seconds
[2025-07-26T18:38:17.165+0000] {processor.py:161} INFO - Started process (PID=1692) to work on /opt/airflow/dags/airflow_pipeline.py
[2025-07-26T18:38:17.170+0000] {processor.py:830} INFO - Processing file /opt/airflow/dags/airflow_pipeline.py for tasks to queue
[2025-07-26T18:38:17.172+0000] {logging_mixin.py:188} INFO - [2025-07-26T18:38:17.172+0000] {dagbag.py:538} INFO - Filling up the DagBag from /opt/airflow/dags/airflow_pipeline.py
[2025-07-26T18:38:17.204+0000] {processor.py:840} INFO - DAG(s) 'pl001_ingest_crypto_postgres' retrieved from /opt/airflow/dags/airflow_pipeline.py
[2025-07-26T18:38:17.252+0000] {logging_mixin.py:188} INFO - [2025-07-26T18:38:17.252+0000] {dag.py:3036} INFO - Sync 1 DAGs
[2025-07-26T18:38:17.275+0000] {logging_mixin.py:188} INFO - [2025-07-26T18:38:17.275+0000] {dag.py:3823} INFO - Setting next_dagrun for pl001_ingest_crypto_postgres to None, run_after=None
[2025-07-26T18:38:17.308+0000] {processor.py:183} INFO - Processing /opt/airflow/dags/airflow_pipeline.py took 0.149 seconds
[2025-07-26T18:38:47.584+0000] {processor.py:161} INFO - Started process (PID=1697) to work on /opt/airflow/dags/airflow_pipeline.py
[2025-07-26T18:38:47.585+0000] {processor.py:830} INFO - Processing file /opt/airflow/dags/airflow_pipeline.py for tasks to queue
[2025-07-26T18:38:47.587+0000] {logging_mixin.py:188} INFO - [2025-07-26T18:38:47.586+0000] {dagbag.py:538} INFO - Filling up the DagBag from /opt/airflow/dags/airflow_pipeline.py
[2025-07-26T18:38:47.613+0000] {processor.py:840} INFO - DAG(s) 'pl001_ingest_crypto_postgres' retrieved from /opt/airflow/dags/airflow_pipeline.py
[2025-07-26T18:38:47.652+0000] {logging_mixin.py:188} INFO - [2025-07-26T18:38:47.651+0000] {dag.py:3036} INFO - Sync 1 DAGs
[2025-07-26T18:38:47.668+0000] {logging_mixin.py:188} INFO - [2025-07-26T18:38:47.668+0000] {dag.py:3823} INFO - Setting next_dagrun for pl001_ingest_crypto_postgres to None, run_after=None
[2025-07-26T18:38:47.697+0000] {processor.py:183} INFO - Processing /opt/airflow/dags/airflow_pipeline.py took 0.118 seconds
[2025-07-26T18:39:18.389+0000] {processor.py:161} INFO - Started process (PID=1702) to work on /opt/airflow/dags/airflow_pipeline.py
[2025-07-26T18:39:18.393+0000] {processor.py:830} INFO - Processing file /opt/airflow/dags/airflow_pipeline.py for tasks to queue
[2025-07-26T18:39:18.396+0000] {logging_mixin.py:188} INFO - [2025-07-26T18:39:18.395+0000] {dagbag.py:538} INFO - Filling up the DagBag from /opt/airflow/dags/airflow_pipeline.py
[2025-07-26T18:39:18.473+0000] {processor.py:840} INFO - DAG(s) 'pl001_ingest_crypto_postgres' retrieved from /opt/airflow/dags/airflow_pipeline.py
[2025-07-26T18:39:18.546+0000] {logging_mixin.py:188} INFO - [2025-07-26T18:39:18.545+0000] {dag.py:3036} INFO - Sync 1 DAGs
[2025-07-26T18:39:18.565+0000] {logging_mixin.py:188} INFO - [2025-07-26T18:39:18.564+0000] {dag.py:3823} INFO - Setting next_dagrun for pl001_ingest_crypto_postgres to None, run_after=None
[2025-07-26T18:39:18.605+0000] {processor.py:183} INFO - Processing /opt/airflow/dags/airflow_pipeline.py took 0.229 seconds
[2025-07-26T18:39:49.538+0000] {processor.py:161} INFO - Started process (PID=1724) to work on /opt/airflow/dags/airflow_pipeline.py
[2025-07-26T18:39:49.545+0000] {processor.py:830} INFO - Processing file /opt/airflow/dags/airflow_pipeline.py for tasks to queue
[2025-07-26T18:39:49.555+0000] {logging_mixin.py:188} INFO - [2025-07-26T18:39:49.553+0000] {dagbag.py:538} INFO - Filling up the DagBag from /opt/airflow/dags/airflow_pipeline.py
[2025-07-26T18:39:49.827+0000] {processor.py:840} INFO - DAG(s) 'pl001_ingest_crypto_postgres' retrieved from /opt/airflow/dags/airflow_pipeline.py
[2025-07-26T18:39:50.045+0000] {logging_mixin.py:188} INFO - [2025-07-26T18:39:50.043+0000] {dag.py:3036} INFO - Sync 1 DAGs
[2025-07-26T18:39:50.379+0000] {logging_mixin.py:188} INFO - [2025-07-26T18:39:50.377+0000] {dag.py:3823} INFO - Setting next_dagrun for pl001_ingest_crypto_postgres to None, run_after=None
[2025-07-26T18:39:50.593+0000] {processor.py:183} INFO - Processing /opt/airflow/dags/airflow_pipeline.py took 1.091 seconds
[2025-07-26T18:40:20.780+0000] {processor.py:161} INFO - Started process (PID=1729) to work on /opt/airflow/dags/airflow_pipeline.py
[2025-07-26T18:40:20.782+0000] {processor.py:830} INFO - Processing file /opt/airflow/dags/airflow_pipeline.py for tasks to queue
[2025-07-26T18:40:20.783+0000] {logging_mixin.py:188} INFO - [2025-07-26T18:40:20.783+0000] {dagbag.py:538} INFO - Filling up the DagBag from /opt/airflow/dags/airflow_pipeline.py
[2025-07-26T18:40:20.812+0000] {processor.py:840} INFO - DAG(s) 'pl001_ingest_crypto_postgres' retrieved from /opt/airflow/dags/airflow_pipeline.py
[2025-07-26T18:40:20.853+0000] {logging_mixin.py:188} INFO - [2025-07-26T18:40:20.853+0000] {dag.py:3036} INFO - Sync 1 DAGs
[2025-07-26T18:40:20.868+0000] {logging_mixin.py:188} INFO - [2025-07-26T18:40:20.868+0000] {dag.py:3823} INFO - Setting next_dagrun for pl001_ingest_crypto_postgres to None, run_after=None
[2025-07-26T18:40:20.898+0000] {processor.py:183} INFO - Processing /opt/airflow/dags/airflow_pipeline.py took 0.123 seconds
[2025-07-26T18:40:51.251+0000] {processor.py:161} INFO - Started process (PID=1734) to work on /opt/airflow/dags/airflow_pipeline.py
[2025-07-26T18:40:51.253+0000] {processor.py:830} INFO - Processing file /opt/airflow/dags/airflow_pipeline.py for tasks to queue
[2025-07-26T18:40:51.254+0000] {logging_mixin.py:188} INFO - [2025-07-26T18:40:51.254+0000] {dagbag.py:538} INFO - Filling up the DagBag from /opt/airflow/dags/airflow_pipeline.py
[2025-07-26T18:40:51.279+0000] {processor.py:840} INFO - DAG(s) 'pl001_ingest_crypto_postgres' retrieved from /opt/airflow/dags/airflow_pipeline.py
[2025-07-26T18:40:51.321+0000] {logging_mixin.py:188} INFO - [2025-07-26T18:40:51.321+0000] {dag.py:3036} INFO - Sync 1 DAGs
[2025-07-26T18:40:51.338+0000] {logging_mixin.py:188} INFO - [2025-07-26T18:40:51.338+0000] {dag.py:3823} INFO - Setting next_dagrun for pl001_ingest_crypto_postgres to None, run_after=None
[2025-07-26T18:40:51.366+0000] {processor.py:183} INFO - Processing /opt/airflow/dags/airflow_pipeline.py took 0.120 seconds
[2025-07-26T18:41:21.689+0000] {processor.py:161} INFO - Started process (PID=1739) to work on /opt/airflow/dags/airflow_pipeline.py
[2025-07-26T18:41:21.690+0000] {processor.py:830} INFO - Processing file /opt/airflow/dags/airflow_pipeline.py for tasks to queue
[2025-07-26T18:41:21.691+0000] {logging_mixin.py:188} INFO - [2025-07-26T18:41:21.691+0000] {dagbag.py:538} INFO - Filling up the DagBag from /opt/airflow/dags/airflow_pipeline.py
[2025-07-26T18:41:21.717+0000] {processor.py:840} INFO - DAG(s) 'pl001_ingest_crypto_postgres' retrieved from /opt/airflow/dags/airflow_pipeline.py
[2025-07-26T18:41:21.756+0000] {logging_mixin.py:188} INFO - [2025-07-26T18:41:21.756+0000] {dag.py:3036} INFO - Sync 1 DAGs
[2025-07-26T18:41:21.772+0000] {logging_mixin.py:188} INFO - [2025-07-26T18:41:21.771+0000] {dag.py:3823} INFO - Setting next_dagrun for pl001_ingest_crypto_postgres to None, run_after=None
[2025-07-26T18:41:21.800+0000] {processor.py:183} INFO - Processing /opt/airflow/dags/airflow_pipeline.py took 0.116 seconds
[2025-07-26T18:41:51.994+0000] {processor.py:161} INFO - Started process (PID=1744) to work on /opt/airflow/dags/airflow_pipeline.py
[2025-07-26T18:41:51.995+0000] {processor.py:830} INFO - Processing file /opt/airflow/dags/airflow_pipeline.py for tasks to queue
[2025-07-26T18:41:51.997+0000] {logging_mixin.py:188} INFO - [2025-07-26T18:41:51.997+0000] {dagbag.py:538} INFO - Filling up the DagBag from /opt/airflow/dags/airflow_pipeline.py
[2025-07-26T18:41:52.026+0000] {processor.py:840} INFO - DAG(s) 'pl001_ingest_crypto_postgres' retrieved from /opt/airflow/dags/airflow_pipeline.py
[2025-07-26T18:41:52.068+0000] {logging_mixin.py:188} INFO - [2025-07-26T18:41:52.067+0000] {dag.py:3036} INFO - Sync 1 DAGs
[2025-07-26T18:41:52.084+0000] {logging_mixin.py:188} INFO - [2025-07-26T18:41:52.084+0000] {dag.py:3823} INFO - Setting next_dagrun for pl001_ingest_crypto_postgres to None, run_after=None
[2025-07-26T18:41:52.113+0000] {processor.py:183} INFO - Processing /opt/airflow/dags/airflow_pipeline.py took 0.124 seconds
[2025-07-26T18:42:22.427+0000] {processor.py:161} INFO - Started process (PID=1749) to work on /opt/airflow/dags/airflow_pipeline.py
[2025-07-26T18:42:22.430+0000] {processor.py:830} INFO - Processing file /opt/airflow/dags/airflow_pipeline.py for tasks to queue
[2025-07-26T18:42:22.432+0000] {logging_mixin.py:188} INFO - [2025-07-26T18:42:22.431+0000] {dagbag.py:538} INFO - Filling up the DagBag from /opt/airflow/dags/airflow_pipeline.py
[2025-07-26T18:42:22.459+0000] {processor.py:840} INFO - DAG(s) 'pl001_ingest_crypto_postgres' retrieved from /opt/airflow/dags/airflow_pipeline.py
[2025-07-26T18:42:22.496+0000] {logging_mixin.py:188} INFO - [2025-07-26T18:42:22.495+0000] {dag.py:3036} INFO - Sync 1 DAGs
[2025-07-26T18:42:22.511+0000] {logging_mixin.py:188} INFO - [2025-07-26T18:42:22.511+0000] {dag.py:3823} INFO - Setting next_dagrun for pl001_ingest_crypto_postgres to None, run_after=None
[2025-07-26T18:42:22.538+0000] {processor.py:183} INFO - Processing /opt/airflow/dags/airflow_pipeline.py took 0.122 seconds
[2025-07-26T18:42:52.781+0000] {processor.py:161} INFO - Started process (PID=1754) to work on /opt/airflow/dags/airflow_pipeline.py
[2025-07-26T18:42:52.783+0000] {processor.py:830} INFO - Processing file /opt/airflow/dags/airflow_pipeline.py for tasks to queue
[2025-07-26T18:42:52.786+0000] {logging_mixin.py:188} INFO - [2025-07-26T18:42:52.785+0000] {dagbag.py:538} INFO - Filling up the DagBag from /opt/airflow/dags/airflow_pipeline.py
[2025-07-26T18:42:52.821+0000] {processor.py:840} INFO - DAG(s) 'pl001_ingest_crypto_postgres' retrieved from /opt/airflow/dags/airflow_pipeline.py
[2025-07-26T18:42:52.885+0000] {logging_mixin.py:188} INFO - [2025-07-26T18:42:52.885+0000] {dag.py:3036} INFO - Sync 1 DAGs
[2025-07-26T18:42:52.921+0000] {logging_mixin.py:188} INFO - [2025-07-26T18:42:52.921+0000] {dag.py:3823} INFO - Setting next_dagrun for pl001_ingest_crypto_postgres to None, run_after=None
[2025-07-26T18:42:52.956+0000] {processor.py:183} INFO - Processing /opt/airflow/dags/airflow_pipeline.py took 0.182 seconds
[2025-07-26T18:43:23.380+0000] {processor.py:161} INFO - Started process (PID=1759) to work on /opt/airflow/dags/airflow_pipeline.py
[2025-07-26T18:43:23.382+0000] {processor.py:830} INFO - Processing file /opt/airflow/dags/airflow_pipeline.py for tasks to queue
[2025-07-26T18:43:23.384+0000] {logging_mixin.py:188} INFO - [2025-07-26T18:43:23.383+0000] {dagbag.py:538} INFO - Filling up the DagBag from /opt/airflow/dags/airflow_pipeline.py
[2025-07-26T18:43:23.420+0000] {processor.py:840} INFO - DAG(s) 'pl001_ingest_crypto_postgres' retrieved from /opt/airflow/dags/airflow_pipeline.py
[2025-07-26T18:43:23.480+0000] {logging_mixin.py:188} INFO - [2025-07-26T18:43:23.480+0000] {dag.py:3036} INFO - Sync 1 DAGs
[2025-07-26T18:43:23.496+0000] {logging_mixin.py:188} INFO - [2025-07-26T18:43:23.496+0000] {dag.py:3823} INFO - Setting next_dagrun for pl001_ingest_crypto_postgres to None, run_after=None
[2025-07-26T18:43:23.524+0000] {processor.py:183} INFO - Processing /opt/airflow/dags/airflow_pipeline.py took 0.150 seconds
[2025-07-26T18:43:53.802+0000] {processor.py:161} INFO - Started process (PID=1764) to work on /opt/airflow/dags/airflow_pipeline.py
[2025-07-26T18:43:53.804+0000] {processor.py:830} INFO - Processing file /opt/airflow/dags/airflow_pipeline.py for tasks to queue
[2025-07-26T18:43:53.806+0000] {logging_mixin.py:188} INFO - [2025-07-26T18:43:53.806+0000] {dagbag.py:538} INFO - Filling up the DagBag from /opt/airflow/dags/airflow_pipeline.py
[2025-07-26T18:43:53.834+0000] {processor.py:840} INFO - DAG(s) 'pl001_ingest_crypto_postgres' retrieved from /opt/airflow/dags/airflow_pipeline.py
[2025-07-26T18:43:53.870+0000] {logging_mixin.py:188} INFO - [2025-07-26T18:43:53.870+0000] {dag.py:3036} INFO - Sync 1 DAGs
[2025-07-26T18:43:53.886+0000] {logging_mixin.py:188} INFO - [2025-07-26T18:43:53.885+0000] {dag.py:3823} INFO - Setting next_dagrun for pl001_ingest_crypto_postgres to None, run_after=None
[2025-07-26T18:43:53.913+0000] {processor.py:183} INFO - Processing /opt/airflow/dags/airflow_pipeline.py took 0.118 seconds
[2025-07-26T18:44:24.266+0000] {processor.py:161} INFO - Started process (PID=1769) to work on /opt/airflow/dags/airflow_pipeline.py
[2025-07-26T18:44:24.268+0000] {processor.py:830} INFO - Processing file /opt/airflow/dags/airflow_pipeline.py for tasks to queue
[2025-07-26T18:44:24.269+0000] {logging_mixin.py:188} INFO - [2025-07-26T18:44:24.269+0000] {dagbag.py:538} INFO - Filling up the DagBag from /opt/airflow/dags/airflow_pipeline.py
[2025-07-26T18:44:24.311+0000] {processor.py:840} INFO - DAG(s) 'pl001_ingest_crypto_postgres' retrieved from /opt/airflow/dags/airflow_pipeline.py
[2025-07-26T18:44:24.351+0000] {logging_mixin.py:188} INFO - [2025-07-26T18:44:24.350+0000] {dag.py:3036} INFO - Sync 1 DAGs
[2025-07-26T18:44:24.373+0000] {logging_mixin.py:188} INFO - [2025-07-26T18:44:24.373+0000] {dag.py:3823} INFO - Setting next_dagrun for pl001_ingest_crypto_postgres to None, run_after=None
[2025-07-26T18:44:24.402+0000] {processor.py:183} INFO - Processing /opt/airflow/dags/airflow_pipeline.py took 0.147 seconds
[2025-07-26T18:44:54.639+0000] {processor.py:161} INFO - Started process (PID=1774) to work on /opt/airflow/dags/airflow_pipeline.py
[2025-07-26T18:44:54.641+0000] {processor.py:830} INFO - Processing file /opt/airflow/dags/airflow_pipeline.py for tasks to queue
[2025-07-26T18:44:54.642+0000] {logging_mixin.py:188} INFO - [2025-07-26T18:44:54.642+0000] {dagbag.py:538} INFO - Filling up the DagBag from /opt/airflow/dags/airflow_pipeline.py
[2025-07-26T18:44:54.671+0000] {processor.py:840} INFO - DAG(s) 'pl001_ingest_crypto_postgres' retrieved from /opt/airflow/dags/airflow_pipeline.py
[2025-07-26T18:44:54.715+0000] {logging_mixin.py:188} INFO - [2025-07-26T18:44:54.715+0000] {dag.py:3036} INFO - Sync 1 DAGs
[2025-07-26T18:44:54.734+0000] {logging_mixin.py:188} INFO - [2025-07-26T18:44:54.734+0000] {dag.py:3823} INFO - Setting next_dagrun for pl001_ingest_crypto_postgres to None, run_after=None
[2025-07-26T18:44:54.772+0000] {processor.py:183} INFO - Processing /opt/airflow/dags/airflow_pipeline.py took 0.137 seconds
[2025-07-26T18:45:25.068+0000] {processor.py:161} INFO - Started process (PID=1779) to work on /opt/airflow/dags/airflow_pipeline.py
[2025-07-26T18:45:25.071+0000] {processor.py:830} INFO - Processing file /opt/airflow/dags/airflow_pipeline.py for tasks to queue
[2025-07-26T18:45:25.074+0000] {logging_mixin.py:188} INFO - [2025-07-26T18:45:25.073+0000] {dagbag.py:538} INFO - Filling up the DagBag from /opt/airflow/dags/airflow_pipeline.py
[2025-07-26T18:45:25.168+0000] {processor.py:840} INFO - DAG(s) 'pl001_ingest_crypto_postgres' retrieved from /opt/airflow/dags/airflow_pipeline.py
[2025-07-26T18:45:25.246+0000] {logging_mixin.py:188} INFO - [2025-07-26T18:45:25.245+0000] {dag.py:3036} INFO - Sync 1 DAGs
[2025-07-26T18:45:25.269+0000] {logging_mixin.py:188} INFO - [2025-07-26T18:45:25.269+0000] {dag.py:3823} INFO - Setting next_dagrun for pl001_ingest_crypto_postgres to None, run_after=None
[2025-07-26T18:45:25.301+0000] {processor.py:183} INFO - Processing /opt/airflow/dags/airflow_pipeline.py took 0.244 seconds
[2025-07-26T18:45:55.491+0000] {processor.py:161} INFO - Started process (PID=1784) to work on /opt/airflow/dags/airflow_pipeline.py
[2025-07-26T18:45:55.493+0000] {processor.py:830} INFO - Processing file /opt/airflow/dags/airflow_pipeline.py for tasks to queue
[2025-07-26T18:45:55.494+0000] {logging_mixin.py:188} INFO - [2025-07-26T18:45:55.494+0000] {dagbag.py:538} INFO - Filling up the DagBag from /opt/airflow/dags/airflow_pipeline.py
[2025-07-26T18:45:55.517+0000] {processor.py:840} INFO - DAG(s) 'pl001_ingest_crypto_postgres' retrieved from /opt/airflow/dags/airflow_pipeline.py
[2025-07-26T18:45:55.561+0000] {logging_mixin.py:188} INFO - [2025-07-26T18:45:55.560+0000] {dag.py:3036} INFO - Sync 1 DAGs
[2025-07-26T18:45:55.578+0000] {logging_mixin.py:188} INFO - [2025-07-26T18:45:55.577+0000] {dag.py:3823} INFO - Setting next_dagrun for pl001_ingest_crypto_postgres to None, run_after=None
[2025-07-26T18:45:55.615+0000] {processor.py:183} INFO - Processing /opt/airflow/dags/airflow_pipeline.py took 0.130 seconds
[2025-07-26T18:46:26.001+0000] {processor.py:161} INFO - Started process (PID=1789) to work on /opt/airflow/dags/airflow_pipeline.py
[2025-07-26T18:46:26.002+0000] {processor.py:830} INFO - Processing file /opt/airflow/dags/airflow_pipeline.py for tasks to queue
[2025-07-26T18:46:26.004+0000] {logging_mixin.py:188} INFO - [2025-07-26T18:46:26.004+0000] {dagbag.py:538} INFO - Filling up the DagBag from /opt/airflow/dags/airflow_pipeline.py
[2025-07-26T18:46:26.036+0000] {processor.py:840} INFO - DAG(s) 'pl001_ingest_crypto_postgres' retrieved from /opt/airflow/dags/airflow_pipeline.py
[2025-07-26T18:46:26.087+0000] {logging_mixin.py:188} INFO - [2025-07-26T18:46:26.086+0000] {dag.py:3036} INFO - Sync 1 DAGs
[2025-07-26T18:46:26.109+0000] {logging_mixin.py:188} INFO - [2025-07-26T18:46:26.108+0000] {dag.py:3823} INFO - Setting next_dagrun for pl001_ingest_crypto_postgres to None, run_after=None
[2025-07-26T18:46:26.142+0000] {processor.py:183} INFO - Processing /opt/airflow/dags/airflow_pipeline.py took 0.147 seconds
[2025-07-26T18:46:56.423+0000] {processor.py:161} INFO - Started process (PID=1794) to work on /opt/airflow/dags/airflow_pipeline.py
[2025-07-26T18:46:56.425+0000] {processor.py:830} INFO - Processing file /opt/airflow/dags/airflow_pipeline.py for tasks to queue
[2025-07-26T18:46:56.426+0000] {logging_mixin.py:188} INFO - [2025-07-26T18:46:56.426+0000] {dagbag.py:538} INFO - Filling up the DagBag from /opt/airflow/dags/airflow_pipeline.py
[2025-07-26T18:46:56.455+0000] {processor.py:840} INFO - DAG(s) 'pl001_ingest_crypto_postgres' retrieved from /opt/airflow/dags/airflow_pipeline.py
[2025-07-26T18:46:56.498+0000] {logging_mixin.py:188} INFO - [2025-07-26T18:46:56.498+0000] {dag.py:3036} INFO - Sync 1 DAGs
[2025-07-26T18:46:56.515+0000] {logging_mixin.py:188} INFO - [2025-07-26T18:46:56.515+0000] {dag.py:3823} INFO - Setting next_dagrun for pl001_ingest_crypto_postgres to None, run_after=None
[2025-07-26T18:46:56.542+0000] {processor.py:183} INFO - Processing /opt/airflow/dags/airflow_pipeline.py took 0.124 seconds
[2025-07-26T18:47:26.979+0000] {processor.py:161} INFO - Started process (PID=1799) to work on /opt/airflow/dags/airflow_pipeline.py
[2025-07-26T18:47:26.981+0000] {processor.py:830} INFO - Processing file /opt/airflow/dags/airflow_pipeline.py for tasks to queue
[2025-07-26T18:47:26.982+0000] {logging_mixin.py:188} INFO - [2025-07-26T18:47:26.982+0000] {dagbag.py:538} INFO - Filling up the DagBag from /opt/airflow/dags/airflow_pipeline.py
[2025-07-26T18:47:27.008+0000] {processor.py:840} INFO - DAG(s) 'pl001_ingest_crypto_postgres' retrieved from /opt/airflow/dags/airflow_pipeline.py
[2025-07-26T18:47:27.053+0000] {logging_mixin.py:188} INFO - [2025-07-26T18:47:27.053+0000] {dag.py:3036} INFO - Sync 1 DAGs
[2025-07-26T18:47:27.070+0000] {logging_mixin.py:188} INFO - [2025-07-26T18:47:27.069+0000] {dag.py:3823} INFO - Setting next_dagrun for pl001_ingest_crypto_postgres to None, run_after=None
[2025-07-26T18:47:27.094+0000] {processor.py:183} INFO - Processing /opt/airflow/dags/airflow_pipeline.py took 0.119 seconds
[2025-07-26T18:47:57.382+0000] {processor.py:161} INFO - Started process (PID=1804) to work on /opt/airflow/dags/airflow_pipeline.py
[2025-07-26T18:47:57.383+0000] {processor.py:830} INFO - Processing file /opt/airflow/dags/airflow_pipeline.py for tasks to queue
[2025-07-26T18:47:57.384+0000] {logging_mixin.py:188} INFO - [2025-07-26T18:47:57.384+0000] {dagbag.py:538} INFO - Filling up the DagBag from /opt/airflow/dags/airflow_pipeline.py
[2025-07-26T18:47:57.411+0000] {processor.py:840} INFO - DAG(s) 'pl001_ingest_crypto_postgres' retrieved from /opt/airflow/dags/airflow_pipeline.py
[2025-07-26T18:47:57.447+0000] {logging_mixin.py:188} INFO - [2025-07-26T18:47:57.447+0000] {dag.py:3036} INFO - Sync 1 DAGs
[2025-07-26T18:47:57.462+0000] {logging_mixin.py:188} INFO - [2025-07-26T18:47:57.462+0000] {dag.py:3823} INFO - Setting next_dagrun for pl001_ingest_crypto_postgres to None, run_after=None
[2025-07-26T18:47:57.489+0000] {processor.py:183} INFO - Processing /opt/airflow/dags/airflow_pipeline.py took 0.112 seconds
[2025-07-26T18:48:28.088+0000] {processor.py:161} INFO - Started process (PID=1809) to work on /opt/airflow/dags/airflow_pipeline.py
[2025-07-26T18:48:28.091+0000] {processor.py:830} INFO - Processing file /opt/airflow/dags/airflow_pipeline.py for tasks to queue
[2025-07-26T18:48:28.094+0000] {logging_mixin.py:188} INFO - [2025-07-26T18:48:28.093+0000] {dagbag.py:538} INFO - Filling up the DagBag from /opt/airflow/dags/airflow_pipeline.py
[2025-07-26T18:48:28.133+0000] {processor.py:840} INFO - DAG(s) 'pl001_ingest_crypto_postgres' retrieved from /opt/airflow/dags/airflow_pipeline.py
[2025-07-26T18:48:28.177+0000] {logging_mixin.py:188} INFO - [2025-07-26T18:48:28.177+0000] {dag.py:3036} INFO - Sync 1 DAGs
[2025-07-26T18:48:28.200+0000] {logging_mixin.py:188} INFO - [2025-07-26T18:48:28.199+0000] {dag.py:3823} INFO - Setting next_dagrun for pl001_ingest_crypto_postgres to None, run_after=None
[2025-07-26T18:48:28.234+0000] {processor.py:183} INFO - Processing /opt/airflow/dags/airflow_pipeline.py took 0.158 seconds
[2025-07-26T18:48:58.404+0000] {processor.py:161} INFO - Started process (PID=1814) to work on /opt/airflow/dags/airflow_pipeline.py
[2025-07-26T18:48:58.406+0000] {processor.py:830} INFO - Processing file /opt/airflow/dags/airflow_pipeline.py for tasks to queue
[2025-07-26T18:48:58.408+0000] {logging_mixin.py:188} INFO - [2025-07-26T18:48:58.408+0000] {dagbag.py:538} INFO - Filling up the DagBag from /opt/airflow/dags/airflow_pipeline.py
[2025-07-26T18:48:58.440+0000] {processor.py:840} INFO - DAG(s) 'pl001_ingest_crypto_postgres' retrieved from /opt/airflow/dags/airflow_pipeline.py
[2025-07-26T18:48:58.486+0000] {logging_mixin.py:188} INFO - [2025-07-26T18:48:58.486+0000] {dag.py:3036} INFO - Sync 1 DAGs
[2025-07-26T18:48:58.503+0000] {logging_mixin.py:188} INFO - [2025-07-26T18:48:58.502+0000] {dag.py:3823} INFO - Setting next_dagrun for pl001_ingest_crypto_postgres to None, run_after=None
[2025-07-26T18:48:58.535+0000] {processor.py:183} INFO - Processing /opt/airflow/dags/airflow_pipeline.py took 0.137 seconds
[2025-07-26T18:49:28.840+0000] {processor.py:161} INFO - Started process (PID=1819) to work on /opt/airflow/dags/airflow_pipeline.py
[2025-07-26T18:49:28.842+0000] {processor.py:830} INFO - Processing file /opt/airflow/dags/airflow_pipeline.py for tasks to queue
[2025-07-26T18:49:28.844+0000] {logging_mixin.py:188} INFO - [2025-07-26T18:49:28.843+0000] {dagbag.py:538} INFO - Filling up the DagBag from /opt/airflow/dags/airflow_pipeline.py
[2025-07-26T18:49:28.875+0000] {processor.py:840} INFO - DAG(s) 'pl001_ingest_crypto_postgres' retrieved from /opt/airflow/dags/airflow_pipeline.py
[2025-07-26T18:49:28.913+0000] {logging_mixin.py:188} INFO - [2025-07-26T18:49:28.912+0000] {dag.py:3036} INFO - Sync 1 DAGs
[2025-07-26T18:49:28.929+0000] {logging_mixin.py:188} INFO - [2025-07-26T18:49:28.929+0000] {dag.py:3823} INFO - Setting next_dagrun for pl001_ingest_crypto_postgres to None, run_after=None
[2025-07-26T18:49:28.956+0000] {processor.py:183} INFO - Processing /opt/airflow/dags/airflow_pipeline.py took 0.121 seconds
[2025-07-26T18:49:59.230+0000] {processor.py:161} INFO - Started process (PID=1824) to work on /opt/airflow/dags/airflow_pipeline.py
[2025-07-26T18:49:59.232+0000] {processor.py:830} INFO - Processing file /opt/airflow/dags/airflow_pipeline.py for tasks to queue
[2025-07-26T18:49:59.234+0000] {logging_mixin.py:188} INFO - [2025-07-26T18:49:59.234+0000] {dagbag.py:538} INFO - Filling up the DagBag from /opt/airflow/dags/airflow_pipeline.py
[2025-07-26T18:49:59.264+0000] {processor.py:840} INFO - DAG(s) 'pl001_ingest_crypto_postgres' retrieved from /opt/airflow/dags/airflow_pipeline.py
[2025-07-26T18:49:59.305+0000] {logging_mixin.py:188} INFO - [2025-07-26T18:49:59.305+0000] {dag.py:3036} INFO - Sync 1 DAGs
[2025-07-26T18:49:59.321+0000] {logging_mixin.py:188} INFO - [2025-07-26T18:49:59.320+0000] {dag.py:3823} INFO - Setting next_dagrun for pl001_ingest_crypto_postgres to None, run_after=None
[2025-07-26T18:49:59.362+0000] {processor.py:183} INFO - Processing /opt/airflow/dags/airflow_pipeline.py took 0.137 seconds
[2025-07-26T18:50:29.714+0000] {processor.py:161} INFO - Started process (PID=1829) to work on /opt/airflow/dags/airflow_pipeline.py
[2025-07-26T18:50:29.716+0000] {processor.py:830} INFO - Processing file /opt/airflow/dags/airflow_pipeline.py for tasks to queue
[2025-07-26T18:50:29.717+0000] {logging_mixin.py:188} INFO - [2025-07-26T18:50:29.717+0000] {dagbag.py:538} INFO - Filling up the DagBag from /opt/airflow/dags/airflow_pipeline.py
[2025-07-26T18:50:29.749+0000] {processor.py:840} INFO - DAG(s) 'pl001_ingest_crypto_postgres' retrieved from /opt/airflow/dags/airflow_pipeline.py
[2025-07-26T18:50:29.802+0000] {logging_mixin.py:188} INFO - [2025-07-26T18:50:29.801+0000] {dag.py:3036} INFO - Sync 1 DAGs
[2025-07-26T18:50:29.820+0000] {logging_mixin.py:188} INFO - [2025-07-26T18:50:29.820+0000] {dag.py:3823} INFO - Setting next_dagrun for pl001_ingest_crypto_postgres to None, run_after=None
[2025-07-26T18:50:29.861+0000] {processor.py:183} INFO - Processing /opt/airflow/dags/airflow_pipeline.py took 0.153 seconds
[2025-07-26T18:51:00.366+0000] {processor.py:161} INFO - Started process (PID=1834) to work on /opt/airflow/dags/airflow_pipeline.py
[2025-07-26T18:51:00.368+0000] {processor.py:830} INFO - Processing file /opt/airflow/dags/airflow_pipeline.py for tasks to queue
[2025-07-26T18:51:00.381+0000] {logging_mixin.py:188} INFO - [2025-07-26T18:51:00.380+0000] {dagbag.py:538} INFO - Filling up the DagBag from /opt/airflow/dags/airflow_pipeline.py
[2025-07-26T18:51:00.445+0000] {processor.py:840} INFO - DAG(s) 'pl001_ingest_crypto_postgres' retrieved from /opt/airflow/dags/airflow_pipeline.py
[2025-07-26T18:51:00.590+0000] {logging_mixin.py:188} INFO - [2025-07-26T18:51:00.589+0000] {dag.py:3036} INFO - Sync 1 DAGs
[2025-07-26T18:51:00.674+0000] {logging_mixin.py:188} INFO - [2025-07-26T18:51:00.673+0000] {dag.py:3823} INFO - Setting next_dagrun for pl001_ingest_crypto_postgres to None, run_after=None
[2025-07-26T18:51:00.856+0000] {processor.py:183} INFO - Processing /opt/airflow/dags/airflow_pipeline.py took 0.497 seconds
[2025-07-26T18:51:31.379+0000] {processor.py:161} INFO - Started process (PID=1839) to work on /opt/airflow/dags/airflow_pipeline.py
[2025-07-26T18:51:31.381+0000] {processor.py:830} INFO - Processing file /opt/airflow/dags/airflow_pipeline.py for tasks to queue
[2025-07-26T18:51:31.382+0000] {logging_mixin.py:188} INFO - [2025-07-26T18:51:31.382+0000] {dagbag.py:538} INFO - Filling up the DagBag from /opt/airflow/dags/airflow_pipeline.py
[2025-07-26T18:51:31.406+0000] {processor.py:840} INFO - DAG(s) 'pl001_ingest_crypto_postgres' retrieved from /opt/airflow/dags/airflow_pipeline.py
[2025-07-26T18:51:31.456+0000] {logging_mixin.py:188} INFO - [2025-07-26T18:51:31.456+0000] {dag.py:3036} INFO - Sync 1 DAGs
[2025-07-26T18:51:31.473+0000] {logging_mixin.py:188} INFO - [2025-07-26T18:51:31.473+0000] {dag.py:3823} INFO - Setting next_dagrun for pl001_ingest_crypto_postgres to None, run_after=None
[2025-07-26T18:51:31.502+0000] {processor.py:183} INFO - Processing /opt/airflow/dags/airflow_pipeline.py took 0.128 seconds
[2025-07-26T18:52:01.821+0000] {processor.py:161} INFO - Started process (PID=1844) to work on /opt/airflow/dags/airflow_pipeline.py
[2025-07-26T18:52:01.824+0000] {processor.py:830} INFO - Processing file /opt/airflow/dags/airflow_pipeline.py for tasks to queue
[2025-07-26T18:52:01.825+0000] {logging_mixin.py:188} INFO - [2025-07-26T18:52:01.825+0000] {dagbag.py:538} INFO - Filling up the DagBag from /opt/airflow/dags/airflow_pipeline.py
[2025-07-26T18:52:01.853+0000] {processor.py:840} INFO - DAG(s) 'pl001_ingest_crypto_postgres' retrieved from /opt/airflow/dags/airflow_pipeline.py
[2025-07-26T18:52:02.054+0000] {logging_mixin.py:188} INFO - [2025-07-26T18:52:02.053+0000] {dag.py:3036} INFO - Sync 1 DAGs
[2025-07-26T18:52:02.068+0000] {logging_mixin.py:188} INFO - [2025-07-26T18:52:02.068+0000] {dag.py:3058} INFO - Creating ORM DAG for pl001_ingest_crypto_postgres
[2025-07-26T18:52:02.070+0000] {logging_mixin.py:188} INFO - [2025-07-26T18:52:02.069+0000] {dag.py:3823} INFO - Setting next_dagrun for pl001_ingest_crypto_postgres to None, run_after=None
[2025-07-26T18:52:02.097+0000] {processor.py:183} INFO - Processing /opt/airflow/dags/airflow_pipeline.py took 0.285 seconds
[2025-07-26T18:52:32.313+0000] {processor.py:161} INFO - Started process (PID=1859) to work on /opt/airflow/dags/airflow_pipeline.py
[2025-07-26T18:52:32.314+0000] {processor.py:830} INFO - Processing file /opt/airflow/dags/airflow_pipeline.py for tasks to queue
[2025-07-26T18:52:32.316+0000] {logging_mixin.py:188} INFO - [2025-07-26T18:52:32.315+0000] {dagbag.py:538} INFO - Filling up the DagBag from /opt/airflow/dags/airflow_pipeline.py
[2025-07-26T18:52:32.347+0000] {processor.py:840} INFO - DAG(s) 'pl001_ingest_crypto_postgres' retrieved from /opt/airflow/dags/airflow_pipeline.py
[2025-07-26T18:52:32.392+0000] {logging_mixin.py:188} INFO - [2025-07-26T18:52:32.391+0000] {dag.py:3036} INFO - Sync 1 DAGs
[2025-07-26T18:52:32.410+0000] {logging_mixin.py:188} INFO - [2025-07-26T18:52:32.409+0000] {dag.py:3823} INFO - Setting next_dagrun for pl001_ingest_crypto_postgres to None, run_after=None
[2025-07-26T18:52:32.435+0000] {processor.py:183} INFO - Processing /opt/airflow/dags/airflow_pipeline.py took 0.128 seconds
[2025-07-26T18:53:02.735+0000] {processor.py:161} INFO - Started process (PID=1864) to work on /opt/airflow/dags/airflow_pipeline.py
[2025-07-26T18:53:02.737+0000] {processor.py:830} INFO - Processing file /opt/airflow/dags/airflow_pipeline.py for tasks to queue
[2025-07-26T18:53:02.738+0000] {logging_mixin.py:188} INFO - [2025-07-26T18:53:02.738+0000] {dagbag.py:538} INFO - Filling up the DagBag from /opt/airflow/dags/airflow_pipeline.py
[2025-07-26T18:53:02.795+0000] {processor.py:840} INFO - DAG(s) 'pl001_ingest_crypto_postgres' retrieved from /opt/airflow/dags/airflow_pipeline.py
[2025-07-26T18:53:02.896+0000] {logging_mixin.py:188} INFO - [2025-07-26T18:53:02.896+0000] {dag.py:3036} INFO - Sync 1 DAGs
[2025-07-26T18:53:02.934+0000] {logging_mixin.py:188} INFO - [2025-07-26T18:53:02.934+0000] {dag.py:3823} INFO - Setting next_dagrun for pl001_ingest_crypto_postgres to None, run_after=None
[2025-07-26T18:53:02.989+0000] {processor.py:183} INFO - Processing /opt/airflow/dags/airflow_pipeline.py took 0.260 seconds
[2025-07-26T18:53:33.842+0000] {processor.py:161} INFO - Started process (PID=1874) to work on /opt/airflow/dags/airflow_pipeline.py
[2025-07-26T18:53:33.854+0000] {processor.py:830} INFO - Processing file /opt/airflow/dags/airflow_pipeline.py for tasks to queue
[2025-07-26T18:53:33.860+0000] {logging_mixin.py:188} INFO - [2025-07-26T18:53:33.858+0000] {dagbag.py:538} INFO - Filling up the DagBag from /opt/airflow/dags/airflow_pipeline.py
[2025-07-26T18:53:34.152+0000] {processor.py:840} INFO - DAG(s) 'pl001_ingest_crypto_postgres' retrieved from /opt/airflow/dags/airflow_pipeline.py
[2025-07-26T18:53:34.730+0000] {logging_mixin.py:188} INFO - [2025-07-26T18:53:34.728+0000] {dag.py:3036} INFO - Sync 1 DAGs
[2025-07-26T18:53:34.880+0000] {logging_mixin.py:188} INFO - [2025-07-26T18:53:34.878+0000] {dag.py:3823} INFO - Setting next_dagrun for pl001_ingest_crypto_postgres to None, run_after=None
[2025-07-26T18:53:35.100+0000] {processor.py:183} INFO - Processing /opt/airflow/dags/airflow_pipeline.py took 1.311 seconds
[2025-07-26T18:54:05.286+0000] {processor.py:161} INFO - Started process (PID=1897) to work on /opt/airflow/dags/airflow_pipeline.py
[2025-07-26T18:54:05.288+0000] {processor.py:830} INFO - Processing file /opt/airflow/dags/airflow_pipeline.py for tasks to queue
[2025-07-26T18:54:05.289+0000] {logging_mixin.py:188} INFO - [2025-07-26T18:54:05.289+0000] {dagbag.py:538} INFO - Filling up the DagBag from /opt/airflow/dags/airflow_pipeline.py
[2025-07-26T18:54:05.320+0000] {processor.py:840} INFO - DAG(s) 'pl001_ingest_crypto_postgres' retrieved from /opt/airflow/dags/airflow_pipeline.py
[2025-07-26T18:54:05.363+0000] {logging_mixin.py:188} INFO - [2025-07-26T18:54:05.362+0000] {dag.py:3036} INFO - Sync 1 DAGs
[2025-07-26T18:54:05.378+0000] {logging_mixin.py:188} INFO - [2025-07-26T18:54:05.377+0000] {dag.py:3823} INFO - Setting next_dagrun for pl001_ingest_crypto_postgres to None, run_after=None
[2025-07-26T18:54:05.409+0000] {processor.py:183} INFO - Processing /opt/airflow/dags/airflow_pipeline.py took 0.130 seconds
[2025-07-26T18:54:35.786+0000] {processor.py:161} INFO - Started process (PID=1902) to work on /opt/airflow/dags/airflow_pipeline.py
[2025-07-26T18:54:35.788+0000] {processor.py:830} INFO - Processing file /opt/airflow/dags/airflow_pipeline.py for tasks to queue
[2025-07-26T18:54:35.791+0000] {logging_mixin.py:188} INFO - [2025-07-26T18:54:35.791+0000] {dagbag.py:538} INFO - Filling up the DagBag from /opt/airflow/dags/airflow_pipeline.py
[2025-07-26T18:54:35.832+0000] {processor.py:840} INFO - DAG(s) 'pl001_ingest_crypto_postgres' retrieved from /opt/airflow/dags/airflow_pipeline.py
[2025-07-26T18:54:35.887+0000] {logging_mixin.py:188} INFO - [2025-07-26T18:54:35.886+0000] {dag.py:3036} INFO - Sync 1 DAGs
[2025-07-26T18:54:35.908+0000] {logging_mixin.py:188} INFO - [2025-07-26T18:54:35.907+0000] {dag.py:3823} INFO - Setting next_dagrun for pl001_ingest_crypto_postgres to None, run_after=None
[2025-07-26T18:54:35.941+0000] {processor.py:183} INFO - Processing /opt/airflow/dags/airflow_pipeline.py took 0.173 seconds
[2025-07-26T18:55:07.283+0000] {processor.py:161} INFO - Started process (PID=1907) to work on /opt/airflow/dags/airflow_pipeline.py
[2025-07-26T18:55:07.298+0000] {processor.py:830} INFO - Processing file /opt/airflow/dags/airflow_pipeline.py for tasks to queue
[2025-07-26T18:55:07.315+0000] {logging_mixin.py:188} INFO - [2025-07-26T18:55:07.303+0000] {dagbag.py:538} INFO - Filling up the DagBag from /opt/airflow/dags/airflow_pipeline.py
[2025-07-26T18:55:07.611+0000] {processor.py:840} INFO - DAG(s) 'pl001_ingest_crypto_postgres' retrieved from /opt/airflow/dags/airflow_pipeline.py
[2025-07-26T18:55:08.606+0000] {logging_mixin.py:188} INFO - [2025-07-26T18:55:08.593+0000] {dag.py:3036} INFO - Sync 1 DAGs
[2025-07-26T18:55:09.024+0000] {logging_mixin.py:188} INFO - [2025-07-26T18:55:09.012+0000] {dag.py:3823} INFO - Setting next_dagrun for pl001_ingest_crypto_postgres to None, run_after=None
[2025-07-26T18:55:09.477+0000] {processor.py:183} INFO - Processing /opt/airflow/dags/airflow_pipeline.py took 2.261 seconds
[2025-07-26T18:55:40.569+0000] {processor.py:161} INFO - Started process (PID=1912) to work on /opt/airflow/dags/airflow_pipeline.py
[2025-07-26T18:55:40.583+0000] {processor.py:830} INFO - Processing file /opt/airflow/dags/airflow_pipeline.py for tasks to queue
[2025-07-26T18:55:40.587+0000] {logging_mixin.py:188} INFO - [2025-07-26T18:55:40.586+0000] {dagbag.py:538} INFO - Filling up the DagBag from /opt/airflow/dags/airflow_pipeline.py
[2025-07-26T18:55:40.775+0000] {processor.py:840} INFO - DAG(s) 'pl001_ingest_crypto_postgres' retrieved from /opt/airflow/dags/airflow_pipeline.py
[2025-07-26T18:55:40.851+0000] {logging_mixin.py:188} INFO - [2025-07-26T18:55:40.850+0000] {dag.py:3036} INFO - Sync 1 DAGs
[2025-07-26T18:55:40.873+0000] {logging_mixin.py:188} INFO - [2025-07-26T18:55:40.873+0000] {dag.py:3823} INFO - Setting next_dagrun for pl001_ingest_crypto_postgres to None, run_after=None
[2025-07-26T18:55:40.911+0000] {processor.py:183} INFO - Processing /opt/airflow/dags/airflow_pipeline.py took 0.361 seconds
[2025-07-26T18:56:11.402+0000] {processor.py:161} INFO - Started process (PID=1917) to work on /opt/airflow/dags/airflow_pipeline.py
[2025-07-26T18:56:11.404+0000] {processor.py:830} INFO - Processing file /opt/airflow/dags/airflow_pipeline.py for tasks to queue
[2025-07-26T18:56:11.405+0000] {logging_mixin.py:188} INFO - [2025-07-26T18:56:11.405+0000] {dagbag.py:538} INFO - Filling up the DagBag from /opt/airflow/dags/airflow_pipeline.py
[2025-07-26T18:56:11.436+0000] {processor.py:840} INFO - DAG(s) 'pl001_ingest_crypto_postgres' retrieved from /opt/airflow/dags/airflow_pipeline.py
[2025-07-26T18:56:11.483+0000] {logging_mixin.py:188} INFO - [2025-07-26T18:56:11.483+0000] {dag.py:3036} INFO - Sync 1 DAGs
[2025-07-26T18:56:11.505+0000] {logging_mixin.py:188} INFO - [2025-07-26T18:56:11.505+0000] {dag.py:3823} INFO - Setting next_dagrun for pl001_ingest_crypto_postgres to None, run_after=None
[2025-07-26T18:56:11.536+0000] {processor.py:183} INFO - Processing /opt/airflow/dags/airflow_pipeline.py took 0.140 seconds
[2025-07-26T18:56:42.006+0000] {processor.py:161} INFO - Started process (PID=1922) to work on /opt/airflow/dags/airflow_pipeline.py
[2025-07-26T18:56:42.009+0000] {processor.py:830} INFO - Processing file /opt/airflow/dags/airflow_pipeline.py for tasks to queue
[2025-07-26T18:56:42.019+0000] {logging_mixin.py:188} INFO - [2025-07-26T18:56:42.018+0000] {dagbag.py:538} INFO - Filling up the DagBag from /opt/airflow/dags/airflow_pipeline.py
[2025-07-26T18:56:42.083+0000] {processor.py:840} INFO - DAG(s) 'pl001_ingest_crypto_postgres' retrieved from /opt/airflow/dags/airflow_pipeline.py
[2025-07-26T18:56:42.137+0000] {logging_mixin.py:188} INFO - [2025-07-26T18:56:42.136+0000] {dag.py:3036} INFO - Sync 1 DAGs
[2025-07-26T18:56:42.156+0000] {logging_mixin.py:188} INFO - [2025-07-26T18:56:42.156+0000] {dag.py:3823} INFO - Setting next_dagrun for pl001_ingest_crypto_postgres to None, run_after=None
[2025-07-26T18:56:42.190+0000] {processor.py:183} INFO - Processing /opt/airflow/dags/airflow_pipeline.py took 0.198 seconds
[2025-07-26T18:57:12.536+0000] {processor.py:161} INFO - Started process (PID=1927) to work on /opt/airflow/dags/airflow_pipeline.py
[2025-07-26T18:57:12.538+0000] {processor.py:830} INFO - Processing file /opt/airflow/dags/airflow_pipeline.py for tasks to queue
[2025-07-26T18:57:12.539+0000] {logging_mixin.py:188} INFO - [2025-07-26T18:57:12.539+0000] {dagbag.py:538} INFO - Filling up the DagBag from /opt/airflow/dags/airflow_pipeline.py
[2025-07-26T18:57:12.563+0000] {processor.py:840} INFO - DAG(s) 'pl001_ingest_crypto_postgres' retrieved from /opt/airflow/dags/airflow_pipeline.py
[2025-07-26T18:57:12.619+0000] {logging_mixin.py:188} INFO - [2025-07-26T18:57:12.619+0000] {dag.py:3036} INFO - Sync 1 DAGs
[2025-07-26T18:57:12.636+0000] {logging_mixin.py:188} INFO - [2025-07-26T18:57:12.636+0000] {dag.py:3823} INFO - Setting next_dagrun for pl001_ingest_crypto_postgres to None, run_after=None
[2025-07-26T18:57:12.662+0000] {processor.py:183} INFO - Processing /opt/airflow/dags/airflow_pipeline.py took 0.131 seconds
[2025-07-26T18:57:42.903+0000] {processor.py:161} INFO - Started process (PID=1932) to work on /opt/airflow/dags/airflow_pipeline.py
[2025-07-26T18:57:42.906+0000] {processor.py:830} INFO - Processing file /opt/airflow/dags/airflow_pipeline.py for tasks to queue
[2025-07-26T18:57:42.908+0000] {logging_mixin.py:188} INFO - [2025-07-26T18:57:42.908+0000] {dagbag.py:538} INFO - Filling up the DagBag from /opt/airflow/dags/airflow_pipeline.py
[2025-07-26T18:57:42.942+0000] {processor.py:840} INFO - DAG(s) 'pl001_ingest_crypto_postgres' retrieved from /opt/airflow/dags/airflow_pipeline.py
[2025-07-26T18:57:42.995+0000] {logging_mixin.py:188} INFO - [2025-07-26T18:57:42.994+0000] {dag.py:3036} INFO - Sync 1 DAGs
[2025-07-26T18:57:43.015+0000] {logging_mixin.py:188} INFO - [2025-07-26T18:57:43.015+0000] {dag.py:3823} INFO - Setting next_dagrun for pl001_ingest_crypto_postgres to None, run_after=None
[2025-07-26T18:57:43.060+0000] {processor.py:183} INFO - Processing /opt/airflow/dags/airflow_pipeline.py took 0.167 seconds
[2025-07-26T18:58:13.645+0000] {processor.py:161} INFO - Started process (PID=1937) to work on /opt/airflow/dags/airflow_pipeline.py
[2025-07-26T18:58:13.647+0000] {processor.py:830} INFO - Processing file /opt/airflow/dags/airflow_pipeline.py for tasks to queue
[2025-07-26T18:58:13.650+0000] {logging_mixin.py:188} INFO - [2025-07-26T18:58:13.649+0000] {dagbag.py:538} INFO - Filling up the DagBag from /opt/airflow/dags/airflow_pipeline.py
[2025-07-26T18:58:13.685+0000] {processor.py:840} INFO - DAG(s) 'pl001_ingest_crypto_postgres' retrieved from /opt/airflow/dags/airflow_pipeline.py
[2025-07-26T18:58:13.741+0000] {logging_mixin.py:188} INFO - [2025-07-26T18:58:13.740+0000] {dag.py:3036} INFO - Sync 1 DAGs
[2025-07-26T18:58:13.770+0000] {logging_mixin.py:188} INFO - [2025-07-26T18:58:13.769+0000] {dag.py:3823} INFO - Setting next_dagrun for pl001_ingest_crypto_postgres to None, run_after=None
[2025-07-26T18:58:13.828+0000] {processor.py:183} INFO - Processing /opt/airflow/dags/airflow_pipeline.py took 0.189 seconds
[2025-07-26T18:58:44.979+0000] {processor.py:161} INFO - Started process (PID=1942) to work on /opt/airflow/dags/airflow_pipeline.py
[2025-07-26T18:58:44.986+0000] {processor.py:830} INFO - Processing file /opt/airflow/dags/airflow_pipeline.py for tasks to queue
[2025-07-26T18:58:44.994+0000] {logging_mixin.py:188} INFO - [2025-07-26T18:58:44.993+0000] {dagbag.py:538} INFO - Filling up the DagBag from /opt/airflow/dags/airflow_pipeline.py
[2025-07-26T18:58:45.093+0000] {processor.py:840} INFO - DAG(s) 'pl001_ingest_crypto_postgres' retrieved from /opt/airflow/dags/airflow_pipeline.py
[2025-07-26T18:58:45.267+0000] {logging_mixin.py:188} INFO - [2025-07-26T18:58:45.266+0000] {dag.py:3036} INFO - Sync 1 DAGs
[2025-07-26T18:58:45.354+0000] {logging_mixin.py:188} INFO - [2025-07-26T18:58:45.354+0000] {dag.py:3823} INFO - Setting next_dagrun for pl001_ingest_crypto_postgres to None, run_after=None
[2025-07-26T18:58:45.467+0000] {processor.py:183} INFO - Processing /opt/airflow/dags/airflow_pipeline.py took 0.501 seconds
[2025-07-26T18:59:16.536+0000] {processor.py:161} INFO - Started process (PID=1947) to work on /opt/airflow/dags/airflow_pipeline.py
[2025-07-26T18:59:16.544+0000] {processor.py:830} INFO - Processing file /opt/airflow/dags/airflow_pipeline.py for tasks to queue
[2025-07-26T18:59:16.553+0000] {logging_mixin.py:188} INFO - [2025-07-26T18:59:16.552+0000] {dagbag.py:538} INFO - Filling up the DagBag from /opt/airflow/dags/airflow_pipeline.py
[2025-07-26T18:59:16.646+0000] {processor.py:840} INFO - DAG(s) 'pl001_ingest_crypto_postgres' retrieved from /opt/airflow/dags/airflow_pipeline.py
[2025-07-26T18:59:16.730+0000] {logging_mixin.py:188} INFO - [2025-07-26T18:59:16.729+0000] {dag.py:3036} INFO - Sync 1 DAGs
[2025-07-26T18:59:16.761+0000] {logging_mixin.py:188} INFO - [2025-07-26T18:59:16.760+0000] {dag.py:3823} INFO - Setting next_dagrun for pl001_ingest_crypto_postgres to None, run_after=None
[2025-07-26T18:59:16.807+0000] {processor.py:183} INFO - Processing /opt/airflow/dags/airflow_pipeline.py took 0.290 seconds
[2025-07-26T18:59:47.355+0000] {processor.py:161} INFO - Started process (PID=1952) to work on /opt/airflow/dags/airflow_pipeline.py
[2025-07-26T18:59:47.358+0000] {processor.py:830} INFO - Processing file /opt/airflow/dags/airflow_pipeline.py for tasks to queue
[2025-07-26T18:59:47.359+0000] {logging_mixin.py:188} INFO - [2025-07-26T18:59:47.359+0000] {dagbag.py:538} INFO - Filling up the DagBag from /opt/airflow/dags/airflow_pipeline.py
[2025-07-26T18:59:47.424+0000] {processor.py:840} INFO - DAG(s) 'pl001_ingest_crypto_postgres' retrieved from /opt/airflow/dags/airflow_pipeline.py
[2025-07-26T18:59:47.512+0000] {logging_mixin.py:188} INFO - [2025-07-26T18:59:47.511+0000] {dag.py:3036} INFO - Sync 1 DAGs
[2025-07-26T18:59:47.543+0000] {logging_mixin.py:188} INFO - [2025-07-26T18:59:47.542+0000] {dag.py:3823} INFO - Setting next_dagrun for pl001_ingest_crypto_postgres to None, run_after=None
[2025-07-26T18:59:47.583+0000] {processor.py:183} INFO - Processing /opt/airflow/dags/airflow_pipeline.py took 0.235 seconds
[2025-07-26T19:00:18.219+0000] {processor.py:161} INFO - Started process (PID=1957) to work on /opt/airflow/dags/airflow_pipeline.py
[2025-07-26T19:00:18.220+0000] {processor.py:830} INFO - Processing file /opt/airflow/dags/airflow_pipeline.py for tasks to queue
[2025-07-26T19:00:18.222+0000] {logging_mixin.py:188} INFO - [2025-07-26T19:00:18.222+0000] {dagbag.py:538} INFO - Filling up the DagBag from /opt/airflow/dags/airflow_pipeline.py
[2025-07-26T19:00:18.248+0000] {processor.py:840} INFO - DAG(s) 'pl001_ingest_crypto_postgres' retrieved from /opt/airflow/dags/airflow_pipeline.py
[2025-07-26T19:00:18.290+0000] {logging_mixin.py:188} INFO - [2025-07-26T19:00:18.290+0000] {dag.py:3036} INFO - Sync 1 DAGs
[2025-07-26T19:00:18.312+0000] {logging_mixin.py:188} INFO - [2025-07-26T19:00:18.312+0000] {dag.py:3823} INFO - Setting next_dagrun for pl001_ingest_crypto_postgres to None, run_after=None
[2025-07-26T19:00:18.353+0000] {processor.py:183} INFO - Processing /opt/airflow/dags/airflow_pipeline.py took 0.139 seconds
[2025-07-26T19:00:48.610+0000] {processor.py:161} INFO - Started process (PID=1962) to work on /opt/airflow/dags/airflow_pipeline.py
[2025-07-26T19:00:48.612+0000] {processor.py:830} INFO - Processing file /opt/airflow/dags/airflow_pipeline.py for tasks to queue
[2025-07-26T19:00:48.614+0000] {logging_mixin.py:188} INFO - [2025-07-26T19:00:48.613+0000] {dagbag.py:538} INFO - Filling up the DagBag from /opt/airflow/dags/airflow_pipeline.py
[2025-07-26T19:00:48.649+0000] {processor.py:840} INFO - DAG(s) 'pl001_ingest_crypto_postgres' retrieved from /opt/airflow/dags/airflow_pipeline.py
[2025-07-26T19:00:48.700+0000] {logging_mixin.py:188} INFO - [2025-07-26T19:00:48.699+0000] {dag.py:3036} INFO - Sync 1 DAGs
[2025-07-26T19:00:48.720+0000] {logging_mixin.py:188} INFO - [2025-07-26T19:00:48.719+0000] {dag.py:3823} INFO - Setting next_dagrun for pl001_ingest_crypto_postgres to None, run_after=None
[2025-07-26T19:00:48.767+0000] {processor.py:183} INFO - Processing /opt/airflow/dags/airflow_pipeline.py took 0.168 seconds
[2025-07-26T19:01:19.344+0000] {processor.py:161} INFO - Started process (PID=1967) to work on /opt/airflow/dags/airflow_pipeline.py
[2025-07-26T19:01:19.345+0000] {processor.py:830} INFO - Processing file /opt/airflow/dags/airflow_pipeline.py for tasks to queue
[2025-07-26T19:01:19.347+0000] {logging_mixin.py:188} INFO - [2025-07-26T19:01:19.347+0000] {dagbag.py:538} INFO - Filling up the DagBag from /opt/airflow/dags/airflow_pipeline.py
[2025-07-26T19:01:19.370+0000] {processor.py:840} INFO - DAG(s) 'pl001_ingest_crypto_postgres' retrieved from /opt/airflow/dags/airflow_pipeline.py
[2025-07-26T19:01:19.418+0000] {logging_mixin.py:188} INFO - [2025-07-26T19:01:19.417+0000] {dag.py:3036} INFO - Sync 1 DAGs
[2025-07-26T19:01:19.437+0000] {logging_mixin.py:188} INFO - [2025-07-26T19:01:19.437+0000] {dag.py:3823} INFO - Setting next_dagrun for pl001_ingest_crypto_postgres to None, run_after=None
[2025-07-26T19:01:19.477+0000] {processor.py:183} INFO - Processing /opt/airflow/dags/airflow_pipeline.py took 0.139 seconds
[2025-07-26T19:01:51.917+0000] {processor.py:161} INFO - Started process (PID=1972) to work on /opt/airflow/dags/airflow_pipeline.py
[2025-07-26T19:01:51.919+0000] {processor.py:830} INFO - Processing file /opt/airflow/dags/airflow_pipeline.py for tasks to queue
[2025-07-26T19:01:51.926+0000] {logging_mixin.py:188} INFO - [2025-07-26T19:01:51.925+0000] {dagbag.py:538} INFO - Filling up the DagBag from /opt/airflow/dags/airflow_pipeline.py
[2025-07-26T19:01:51.996+0000] {processor.py:840} INFO - DAG(s) 'pl001_ingest_crypto_postgres' retrieved from /opt/airflow/dags/airflow_pipeline.py
[2025-07-26T19:01:52.149+0000] {logging_mixin.py:188} INFO - [2025-07-26T19:01:52.148+0000] {dag.py:3036} INFO - Sync 1 DAGs
[2025-07-26T19:01:52.202+0000] {logging_mixin.py:188} INFO - [2025-07-26T19:01:52.201+0000] {dag.py:3823} INFO - Setting next_dagrun for pl001_ingest_crypto_postgres to None, run_after=None
[2025-07-26T19:01:52.280+0000] {processor.py:183} INFO - Processing /opt/airflow/dags/airflow_pipeline.py took 0.383 seconds
[2025-07-26T19:02:23.011+0000] {processor.py:161} INFO - Started process (PID=1977) to work on /opt/airflow/dags/airflow_pipeline.py
[2025-07-26T19:02:23.013+0000] {processor.py:830} INFO - Processing file /opt/airflow/dags/airflow_pipeline.py for tasks to queue
[2025-07-26T19:02:23.014+0000] {logging_mixin.py:188} INFO - [2025-07-26T19:02:23.014+0000] {dagbag.py:538} INFO - Filling up the DagBag from /opt/airflow/dags/airflow_pipeline.py
[2025-07-26T19:02:23.065+0000] {processor.py:840} INFO - DAG(s) 'pl001_ingest_crypto_postgres' retrieved from /opt/airflow/dags/airflow_pipeline.py
[2025-07-26T19:02:23.124+0000] {logging_mixin.py:188} INFO - [2025-07-26T19:02:23.123+0000] {dag.py:3036} INFO - Sync 1 DAGs
[2025-07-26T19:02:23.140+0000] {logging_mixin.py:188} INFO - [2025-07-26T19:02:23.140+0000] {dag.py:3823} INFO - Setting next_dagrun for pl001_ingest_crypto_postgres to None, run_after=None
[2025-07-26T19:02:23.170+0000] {processor.py:183} INFO - Processing /opt/airflow/dags/airflow_pipeline.py took 0.165 seconds
[2025-07-26T19:02:53.272+0000] {processor.py:161} INFO - Started process (PID=1982) to work on /opt/airflow/dags/airflow_pipeline.py
[2025-07-26T19:02:53.274+0000] {processor.py:830} INFO - Processing file /opt/airflow/dags/airflow_pipeline.py for tasks to queue
[2025-07-26T19:02:53.277+0000] {logging_mixin.py:188} INFO - [2025-07-26T19:02:53.276+0000] {dagbag.py:538} INFO - Filling up the DagBag from /opt/airflow/dags/airflow_pipeline.py
[2025-07-26T19:02:53.307+0000] {processor.py:840} INFO - DAG(s) 'pl001_ingest_crypto_postgres' retrieved from /opt/airflow/dags/airflow_pipeline.py
[2025-07-26T19:02:53.366+0000] {logging_mixin.py:188} INFO - [2025-07-26T19:02:53.366+0000] {dag.py:3036} INFO - Sync 1 DAGs
[2025-07-26T19:02:53.384+0000] {logging_mixin.py:188} INFO - [2025-07-26T19:02:53.384+0000] {dag.py:3823} INFO - Setting next_dagrun for pl001_ingest_crypto_postgres to None, run_after=None
[2025-07-26T19:02:53.417+0000] {processor.py:183} INFO - Processing /opt/airflow/dags/airflow_pipeline.py took 0.150 seconds
[2025-07-26T19:03:23.956+0000] {processor.py:161} INFO - Started process (PID=1987) to work on /opt/airflow/dags/airflow_pipeline.py
[2025-07-26T19:03:23.959+0000] {processor.py:830} INFO - Processing file /opt/airflow/dags/airflow_pipeline.py for tasks to queue
[2025-07-26T19:03:23.962+0000] {logging_mixin.py:188} INFO - [2025-07-26T19:03:23.961+0000] {dagbag.py:538} INFO - Filling up the DagBag from /opt/airflow/dags/airflow_pipeline.py
[2025-07-26T19:03:24.064+0000] {processor.py:840} INFO - DAG(s) 'pl001_ingest_crypto_postgres' retrieved from /opt/airflow/dags/airflow_pipeline.py
[2025-07-26T19:03:24.140+0000] {logging_mixin.py:188} INFO - [2025-07-26T19:03:24.140+0000] {dag.py:3036} INFO - Sync 1 DAGs
[2025-07-26T19:03:24.160+0000] {logging_mixin.py:188} INFO - [2025-07-26T19:03:24.159+0000] {dag.py:3823} INFO - Setting next_dagrun for pl001_ingest_crypto_postgres to None, run_after=None
[2025-07-26T19:03:24.191+0000] {processor.py:183} INFO - Processing /opt/airflow/dags/airflow_pipeline.py took 0.267 seconds
[2025-07-26T19:03:54.595+0000] {processor.py:161} INFO - Started process (PID=1992) to work on /opt/airflow/dags/airflow_pipeline.py
[2025-07-26T19:03:54.608+0000] {processor.py:830} INFO - Processing file /opt/airflow/dags/airflow_pipeline.py for tasks to queue
[2025-07-26T19:03:54.611+0000] {logging_mixin.py:188} INFO - [2025-07-26T19:03:54.610+0000] {dagbag.py:538} INFO - Filling up the DagBag from /opt/airflow/dags/airflow_pipeline.py
[2025-07-26T19:03:54.682+0000] {processor.py:840} INFO - DAG(s) 'pl001_ingest_crypto_postgres' retrieved from /opt/airflow/dags/airflow_pipeline.py
[2025-07-26T19:03:54.757+0000] {logging_mixin.py:188} INFO - [2025-07-26T19:03:54.757+0000] {dag.py:3036} INFO - Sync 1 DAGs
[2025-07-26T19:03:54.787+0000] {logging_mixin.py:188} INFO - [2025-07-26T19:03:54.787+0000] {dag.py:3823} INFO - Setting next_dagrun for pl001_ingest_crypto_postgres to None, run_after=None
[2025-07-26T19:03:55.056+0000] {processor.py:183} INFO - Processing /opt/airflow/dags/airflow_pipeline.py took 0.480 seconds
[2025-07-26T19:04:25.877+0000] {processor.py:161} INFO - Started process (PID=1997) to work on /opt/airflow/dags/airflow_pipeline.py
[2025-07-26T19:04:25.879+0000] {processor.py:830} INFO - Processing file /opt/airflow/dags/airflow_pipeline.py for tasks to queue
[2025-07-26T19:04:25.882+0000] {logging_mixin.py:188} INFO - [2025-07-26T19:04:25.881+0000] {dagbag.py:538} INFO - Filling up the DagBag from /opt/airflow/dags/airflow_pipeline.py
[2025-07-26T19:04:25.972+0000] {processor.py:840} INFO - DAG(s) 'pl001_ingest_crypto_postgres' retrieved from /opt/airflow/dags/airflow_pipeline.py
[2025-07-26T19:04:26.135+0000] {logging_mixin.py:188} INFO - [2025-07-26T19:04:26.125+0000] {dag.py:3036} INFO - Sync 1 DAGs
[2025-07-26T19:04:26.229+0000] {logging_mixin.py:188} INFO - [2025-07-26T19:04:26.228+0000] {dag.py:3823} INFO - Setting next_dagrun for pl001_ingest_crypto_postgres to None, run_after=None
[2025-07-26T19:04:26.347+0000] {processor.py:183} INFO - Processing /opt/airflow/dags/airflow_pipeline.py took 0.488 seconds
[2025-07-26T19:05:04.673+0000] {processor.py:161} INFO - Started process (PID=2002) to work on /opt/airflow/dags/airflow_pipeline.py
[2025-07-26T19:05:04.679+0000] {processor.py:830} INFO - Processing file /opt/airflow/dags/airflow_pipeline.py for tasks to queue
[2025-07-26T19:05:04.687+0000] {logging_mixin.py:188} INFO - [2025-07-26T19:05:04.686+0000] {dagbag.py:538} INFO - Filling up the DagBag from /opt/airflow/dags/airflow_pipeline.py
[2025-07-26T19:05:04.835+0000] {processor.py:840} INFO - DAG(s) 'pl001_ingest_crypto_postgres' retrieved from /opt/airflow/dags/airflow_pipeline.py
[2025-07-26T19:05:04.989+0000] {logging_mixin.py:188} INFO - [2025-07-26T19:05:04.989+0000] {dag.py:3036} INFO - Sync 1 DAGs
[2025-07-26T19:05:05.255+0000] {logging_mixin.py:188} INFO - [2025-07-26T19:05:05.253+0000] {dag.py:3823} INFO - Setting next_dagrun for pl001_ingest_crypto_postgres to None, run_after=None
[2025-07-26T19:05:05.634+0000] {processor.py:183} INFO - Processing /opt/airflow/dags/airflow_pipeline.py took 0.969 seconds
[2025-07-26T19:05:42.976+0000] {processor.py:161} INFO - Started process (PID=2007) to work on /opt/airflow/dags/airflow_pipeline.py
[2025-07-26T19:05:43.011+0000] {processor.py:830} INFO - Processing file /opt/airflow/dags/airflow_pipeline.py for tasks to queue
[2025-07-26T19:05:43.081+0000] {logging_mixin.py:188} INFO - [2025-07-26T19:05:43.080+0000] {dagbag.py:538} INFO - Filling up the DagBag from /opt/airflow/dags/airflow_pipeline.py
[2025-07-26T19:05:43.577+0000] {processor.py:840} INFO - DAG(s) 'pl001_ingest_crypto_postgres' retrieved from /opt/airflow/dags/airflow_pipeline.py
[2025-07-26T19:05:43.771+0000] {logging_mixin.py:188} INFO - [2025-07-26T19:05:43.771+0000] {dag.py:3036} INFO - Sync 1 DAGs
[2025-07-26T19:05:43.868+0000] {logging_mixin.py:188} INFO - [2025-07-26T19:05:43.867+0000] {dag.py:3823} INFO - Setting next_dagrun for pl001_ingest_crypto_postgres to None, run_after=None
[2025-07-26T19:05:44.045+0000] {processor.py:183} INFO - Processing /opt/airflow/dags/airflow_pipeline.py took 1.092 seconds
[2025-07-26T19:06:14.526+0000] {processor.py:161} INFO - Started process (PID=2012) to work on /opt/airflow/dags/airflow_pipeline.py
[2025-07-26T19:06:14.539+0000] {processor.py:830} INFO - Processing file /opt/airflow/dags/airflow_pipeline.py for tasks to queue
[2025-07-26T19:06:14.541+0000] {logging_mixin.py:188} INFO - [2025-07-26T19:06:14.540+0000] {dagbag.py:538} INFO - Filling up the DagBag from /opt/airflow/dags/airflow_pipeline.py
[2025-07-26T19:06:14.892+0000] {processor.py:840} INFO - DAG(s) 'pl001_ingest_crypto_postgres' retrieved from /opt/airflow/dags/airflow_pipeline.py
[2025-07-26T19:06:15.087+0000] {logging_mixin.py:188} INFO - [2025-07-26T19:06:15.086+0000] {dag.py:3036} INFO - Sync 1 DAGs
[2025-07-26T19:06:15.182+0000] {logging_mixin.py:188} INFO - [2025-07-26T19:06:15.181+0000] {dag.py:3823} INFO - Setting next_dagrun for pl001_ingest_crypto_postgres to None, run_after=None
[2025-07-26T19:06:15.323+0000] {processor.py:183} INFO - Processing /opt/airflow/dags/airflow_pipeline.py took 0.816 seconds
[2025-07-26T19:06:45.663+0000] {processor.py:161} INFO - Started process (PID=2017) to work on /opt/airflow/dags/airflow_pipeline.py
[2025-07-26T19:06:45.665+0000] {processor.py:830} INFO - Processing file /opt/airflow/dags/airflow_pipeline.py for tasks to queue
[2025-07-26T19:06:45.667+0000] {logging_mixin.py:188} INFO - [2025-07-26T19:06:45.666+0000] {dagbag.py:538} INFO - Filling up the DagBag from /opt/airflow/dags/airflow_pipeline.py
[2025-07-26T19:06:45.696+0000] {processor.py:840} INFO - DAG(s) 'pl001_ingest_crypto_postgres' retrieved from /opt/airflow/dags/airflow_pipeline.py
[2025-07-26T19:06:45.767+0000] {logging_mixin.py:188} INFO - [2025-07-26T19:06:45.767+0000] {dag.py:3036} INFO - Sync 1 DAGs
[2025-07-26T19:06:45.812+0000] {logging_mixin.py:188} INFO - [2025-07-26T19:06:45.812+0000] {dag.py:3823} INFO - Setting next_dagrun for pl001_ingest_crypto_postgres to None, run_after=None
[2025-07-26T19:06:45.863+0000] {processor.py:183} INFO - Processing /opt/airflow/dags/airflow_pipeline.py took 0.287 seconds
[2025-07-26T19:07:16.370+0000] {processor.py:161} INFO - Started process (PID=2022) to work on /opt/airflow/dags/airflow_pipeline.py
[2025-07-26T19:07:16.371+0000] {processor.py:830} INFO - Processing file /opt/airflow/dags/airflow_pipeline.py for tasks to queue
[2025-07-26T19:07:16.374+0000] {logging_mixin.py:188} INFO - [2025-07-26T19:07:16.374+0000] {dagbag.py:538} INFO - Filling up the DagBag from /opt/airflow/dags/airflow_pipeline.py
[2025-07-26T19:07:16.400+0000] {processor.py:840} INFO - DAG(s) 'pl001_ingest_crypto_postgres' retrieved from /opt/airflow/dags/airflow_pipeline.py
[2025-07-26T19:07:16.446+0000] {logging_mixin.py:188} INFO - [2025-07-26T19:07:16.445+0000] {dag.py:3036} INFO - Sync 1 DAGs
[2025-07-26T19:07:16.463+0000] {logging_mixin.py:188} INFO - [2025-07-26T19:07:16.463+0000] {dag.py:3823} INFO - Setting next_dagrun for pl001_ingest_crypto_postgres to None, run_after=None
[2025-07-26T19:07:16.498+0000] {processor.py:183} INFO - Processing /opt/airflow/dags/airflow_pipeline.py took 0.134 seconds
[2025-07-26T19:07:46.686+0000] {processor.py:161} INFO - Started process (PID=2027) to work on /opt/airflow/dags/airflow_pipeline.py
[2025-07-26T19:07:46.689+0000] {processor.py:830} INFO - Processing file /opt/airflow/dags/airflow_pipeline.py for tasks to queue
[2025-07-26T19:07:46.691+0000] {logging_mixin.py:188} INFO - [2025-07-26T19:07:46.690+0000] {dagbag.py:538} INFO - Filling up the DagBag from /opt/airflow/dags/airflow_pipeline.py
[2025-07-26T19:07:46.736+0000] {processor.py:840} INFO - DAG(s) 'pl001_ingest_crypto_postgres' retrieved from /opt/airflow/dags/airflow_pipeline.py
[2025-07-26T19:07:46.807+0000] {logging_mixin.py:188} INFO - [2025-07-26T19:07:46.806+0000] {dag.py:3036} INFO - Sync 1 DAGs
[2025-07-26T19:07:46.833+0000] {logging_mixin.py:188} INFO - [2025-07-26T19:07:46.833+0000] {dag.py:3823} INFO - Setting next_dagrun for pl001_ingest_crypto_postgres to None, run_after=None
[2025-07-26T19:07:46.884+0000] {processor.py:183} INFO - Processing /opt/airflow/dags/airflow_pipeline.py took 0.222 seconds
[2025-07-26T19:08:17.334+0000] {processor.py:161} INFO - Started process (PID=2032) to work on /opt/airflow/dags/airflow_pipeline.py
[2025-07-26T19:08:17.336+0000] {processor.py:830} INFO - Processing file /opt/airflow/dags/airflow_pipeline.py for tasks to queue
[2025-07-26T19:08:17.338+0000] {logging_mixin.py:188} INFO - [2025-07-26T19:08:17.338+0000] {dagbag.py:538} INFO - Filling up the DagBag from /opt/airflow/dags/airflow_pipeline.py
[2025-07-26T19:08:17.377+0000] {processor.py:840} INFO - DAG(s) 'pl001_ingest_crypto_postgres' retrieved from /opt/airflow/dags/airflow_pipeline.py
[2025-07-26T19:08:17.439+0000] {logging_mixin.py:188} INFO - [2025-07-26T19:08:17.439+0000] {dag.py:3036} INFO - Sync 1 DAGs
[2025-07-26T19:08:17.465+0000] {logging_mixin.py:188} INFO - [2025-07-26T19:08:17.464+0000] {dag.py:3823} INFO - Setting next_dagrun for pl001_ingest_crypto_postgres to None, run_after=None
[2025-07-26T19:08:17.510+0000] {processor.py:183} INFO - Processing /opt/airflow/dags/airflow_pipeline.py took 0.181 seconds
[2025-07-26T19:08:47.714+0000] {processor.py:161} INFO - Started process (PID=2037) to work on /opt/airflow/dags/airflow_pipeline.py
[2025-07-26T19:08:47.717+0000] {processor.py:830} INFO - Processing file /opt/airflow/dags/airflow_pipeline.py for tasks to queue
[2025-07-26T19:08:47.721+0000] {logging_mixin.py:188} INFO - [2025-07-26T19:08:47.720+0000] {dagbag.py:538} INFO - Filling up the DagBag from /opt/airflow/dags/airflow_pipeline.py
[2025-07-26T19:08:47.910+0000] {processor.py:840} INFO - DAG(s) 'pl001_ingest_crypto_postgres' retrieved from /opt/airflow/dags/airflow_pipeline.py
[2025-07-26T19:08:48.041+0000] {logging_mixin.py:188} INFO - [2025-07-26T19:08:48.040+0000] {dag.py:3036} INFO - Sync 1 DAGs
[2025-07-26T19:08:48.126+0000] {logging_mixin.py:188} INFO - [2025-07-26T19:08:48.125+0000] {dag.py:3823} INFO - Setting next_dagrun for pl001_ingest_crypto_postgres to None, run_after=None
[2025-07-26T19:08:48.192+0000] {processor.py:183} INFO - Processing /opt/airflow/dags/airflow_pipeline.py took 0.495 seconds
[2025-07-26T19:09:18.333+0000] {processor.py:161} INFO - Started process (PID=2042) to work on /opt/airflow/dags/airflow_pipeline.py
[2025-07-26T19:09:18.334+0000] {processor.py:830} INFO - Processing file /opt/airflow/dags/airflow_pipeline.py for tasks to queue
[2025-07-26T19:09:18.336+0000] {logging_mixin.py:188} INFO - [2025-07-26T19:09:18.336+0000] {dagbag.py:538} INFO - Filling up the DagBag from /opt/airflow/dags/airflow_pipeline.py
[2025-07-26T19:09:18.366+0000] {processor.py:840} INFO - DAG(s) 'pl001_ingest_crypto_postgres' retrieved from /opt/airflow/dags/airflow_pipeline.py
[2025-07-26T19:09:18.409+0000] {logging_mixin.py:188} INFO - [2025-07-26T19:09:18.409+0000] {dag.py:3036} INFO - Sync 1 DAGs
[2025-07-26T19:09:18.425+0000] {logging_mixin.py:188} INFO - [2025-07-26T19:09:18.424+0000] {dag.py:3823} INFO - Setting next_dagrun for pl001_ingest_crypto_postgres to None, run_after=None
[2025-07-26T19:09:18.456+0000] {processor.py:183} INFO - Processing /opt/airflow/dags/airflow_pipeline.py took 0.129 seconds
[2025-07-26T19:09:48.775+0000] {processor.py:161} INFO - Started process (PID=2047) to work on /opt/airflow/dags/airflow_pipeline.py
[2025-07-26T19:09:48.777+0000] {processor.py:830} INFO - Processing file /opt/airflow/dags/airflow_pipeline.py for tasks to queue
[2025-07-26T19:09:48.779+0000] {logging_mixin.py:188} INFO - [2025-07-26T19:09:48.779+0000] {dagbag.py:538} INFO - Filling up the DagBag from /opt/airflow/dags/airflow_pipeline.py
[2025-07-26T19:09:48.812+0000] {processor.py:840} INFO - DAG(s) 'pl001_ingest_crypto_postgres' retrieved from /opt/airflow/dags/airflow_pipeline.py
[2025-07-26T19:09:48.868+0000] {logging_mixin.py:188} INFO - [2025-07-26T19:09:48.867+0000] {dag.py:3036} INFO - Sync 1 DAGs
[2025-07-26T19:09:48.895+0000] {logging_mixin.py:188} INFO - [2025-07-26T19:09:48.895+0000] {dag.py:3823} INFO - Setting next_dagrun for pl001_ingest_crypto_postgres to None, run_after=None
[2025-07-26T19:09:48.941+0000] {processor.py:183} INFO - Processing /opt/airflow/dags/airflow_pipeline.py took 0.172 seconds
[2025-07-26T19:10:19.194+0000] {processor.py:161} INFO - Started process (PID=2052) to work on /opt/airflow/dags/airflow_pipeline.py
[2025-07-26T19:10:19.196+0000] {processor.py:830} INFO - Processing file /opt/airflow/dags/airflow_pipeline.py for tasks to queue
[2025-07-26T19:10:19.197+0000] {logging_mixin.py:188} INFO - [2025-07-26T19:10:19.197+0000] {dagbag.py:538} INFO - Filling up the DagBag from /opt/airflow/dags/airflow_pipeline.py
[2025-07-26T19:10:19.222+0000] {processor.py:840} INFO - DAG(s) 'pl001_ingest_crypto_postgres' retrieved from /opt/airflow/dags/airflow_pipeline.py
[2025-07-26T19:10:19.261+0000] {logging_mixin.py:188} INFO - [2025-07-26T19:10:19.261+0000] {dag.py:3036} INFO - Sync 1 DAGs
[2025-07-26T19:10:19.278+0000] {logging_mixin.py:188} INFO - [2025-07-26T19:10:19.277+0000] {dag.py:3823} INFO - Setting next_dagrun for pl001_ingest_crypto_postgres to None, run_after=None
[2025-07-26T19:10:19.315+0000] {processor.py:183} INFO - Processing /opt/airflow/dags/airflow_pipeline.py took 0.126 seconds
[2025-07-26T19:10:49.734+0000] {processor.py:161} INFO - Started process (PID=2057) to work on /opt/airflow/dags/airflow_pipeline.py
[2025-07-26T19:10:49.736+0000] {processor.py:830} INFO - Processing file /opt/airflow/dags/airflow_pipeline.py for tasks to queue
[2025-07-26T19:10:49.738+0000] {logging_mixin.py:188} INFO - [2025-07-26T19:10:49.737+0000] {dagbag.py:538} INFO - Filling up the DagBag from /opt/airflow/dags/airflow_pipeline.py
[2025-07-26T19:10:49.762+0000] {processor.py:840} INFO - DAG(s) 'pl001_ingest_crypto_postgres' retrieved from /opt/airflow/dags/airflow_pipeline.py
[2025-07-26T19:10:49.805+0000] {logging_mixin.py:188} INFO - [2025-07-26T19:10:49.805+0000] {dag.py:3036} INFO - Sync 1 DAGs
[2025-07-26T19:10:49.822+0000] {logging_mixin.py:188} INFO - [2025-07-26T19:10:49.822+0000] {dag.py:3823} INFO - Setting next_dagrun for pl001_ingest_crypto_postgres to None, run_after=None
[2025-07-26T19:10:49.853+0000] {processor.py:183} INFO - Processing /opt/airflow/dags/airflow_pipeline.py took 0.126 seconds
[2025-07-26T19:11:20.026+0000] {processor.py:161} INFO - Started process (PID=2062) to work on /opt/airflow/dags/airflow_pipeline.py
[2025-07-26T19:11:20.028+0000] {processor.py:830} INFO - Processing file /opt/airflow/dags/airflow_pipeline.py for tasks to queue
[2025-07-26T19:11:20.029+0000] {logging_mixin.py:188} INFO - [2025-07-26T19:11:20.029+0000] {dagbag.py:538} INFO - Filling up the DagBag from /opt/airflow/dags/airflow_pipeline.py
[2025-07-26T19:11:20.058+0000] {processor.py:840} INFO - DAG(s) 'pl001_ingest_crypto_postgres' retrieved from /opt/airflow/dags/airflow_pipeline.py
[2025-07-26T19:11:20.114+0000] {logging_mixin.py:188} INFO - [2025-07-26T19:11:20.114+0000] {dag.py:3036} INFO - Sync 1 DAGs
[2025-07-26T19:11:20.132+0000] {logging_mixin.py:188} INFO - [2025-07-26T19:11:20.131+0000] {dag.py:3823} INFO - Setting next_dagrun for pl001_ingest_crypto_postgres to None, run_after=None
[2025-07-26T19:11:20.165+0000] {processor.py:183} INFO - Processing /opt/airflow/dags/airflow_pipeline.py took 0.146 seconds
[2025-07-26T19:11:50.640+0000] {processor.py:161} INFO - Started process (PID=2067) to work on /opt/airflow/dags/airflow_pipeline.py
[2025-07-26T19:11:50.665+0000] {processor.py:830} INFO - Processing file /opt/airflow/dags/airflow_pipeline.py for tasks to queue
[2025-07-26T19:11:50.703+0000] {logging_mixin.py:188} INFO - [2025-07-26T19:11:50.701+0000] {dagbag.py:538} INFO - Filling up the DagBag from /opt/airflow/dags/airflow_pipeline.py
[2025-07-26T19:11:51.181+0000] {processor.py:840} INFO - DAG(s) 'pl001_ingest_crypto_postgres' retrieved from /opt/airflow/dags/airflow_pipeline.py
[2025-07-26T19:11:51.664+0000] {logging_mixin.py:188} INFO - [2025-07-26T19:11:51.663+0000] {dag.py:3036} INFO - Sync 1 DAGs
[2025-07-26T19:11:51.875+0000] {logging_mixin.py:188} INFO - [2025-07-26T19:11:51.864+0000] {dag.py:3823} INFO - Setting next_dagrun for pl001_ingest_crypto_postgres to None, run_after=None
[2025-07-26T19:11:52.339+0000] {processor.py:183} INFO - Processing /opt/airflow/dags/airflow_pipeline.py took 1.742 seconds
[2025-07-26T19:12:22.747+0000] {processor.py:161} INFO - Started process (PID=2072) to work on /opt/airflow/dags/airflow_pipeline.py
[2025-07-26T19:12:22.749+0000] {processor.py:830} INFO - Processing file /opt/airflow/dags/airflow_pipeline.py for tasks to queue
[2025-07-26T19:12:22.750+0000] {logging_mixin.py:188} INFO - [2025-07-26T19:12:22.750+0000] {dagbag.py:538} INFO - Filling up the DagBag from /opt/airflow/dags/airflow_pipeline.py
[2025-07-26T19:12:22.780+0000] {processor.py:840} INFO - DAG(s) 'pl001_ingest_crypto_postgres' retrieved from /opt/airflow/dags/airflow_pipeline.py
[2025-07-26T19:12:22.871+0000] {logging_mixin.py:188} INFO - [2025-07-26T19:12:22.870+0000] {dag.py:3036} INFO - Sync 1 DAGs
[2025-07-26T19:12:22.909+0000] {logging_mixin.py:188} INFO - [2025-07-26T19:12:22.909+0000] {dag.py:3823} INFO - Setting next_dagrun for pl001_ingest_crypto_postgres to None, run_after=None
[2025-07-26T19:12:22.993+0000] {processor.py:183} INFO - Processing /opt/airflow/dags/airflow_pipeline.py took 0.255 seconds
[2025-07-26T19:12:53.460+0000] {processor.py:161} INFO - Started process (PID=2077) to work on /opt/airflow/dags/airflow_pipeline.py
[2025-07-26T19:12:53.462+0000] {processor.py:830} INFO - Processing file /opt/airflow/dags/airflow_pipeline.py for tasks to queue
[2025-07-26T19:12:53.475+0000] {logging_mixin.py:188} INFO - [2025-07-26T19:12:53.475+0000] {dagbag.py:538} INFO - Filling up the DagBag from /opt/airflow/dags/airflow_pipeline.py
[2025-07-26T19:12:53.779+0000] {processor.py:840} INFO - DAG(s) 'pl001_ingest_crypto_postgres' retrieved from /opt/airflow/dags/airflow_pipeline.py
[2025-07-26T19:12:53.932+0000] {logging_mixin.py:188} INFO - [2025-07-26T19:12:53.931+0000] {dag.py:3036} INFO - Sync 1 DAGs
[2025-07-26T19:12:53.983+0000] {logging_mixin.py:188} INFO - [2025-07-26T19:12:53.982+0000] {dag.py:3823} INFO - Setting next_dagrun for pl001_ingest_crypto_postgres to None, run_after=None
[2025-07-26T19:12:54.035+0000] {processor.py:183} INFO - Processing /opt/airflow/dags/airflow_pipeline.py took 0.603 seconds
[2025-07-26T19:13:24.172+0000] {processor.py:161} INFO - Started process (PID=2082) to work on /opt/airflow/dags/airflow_pipeline.py
[2025-07-26T19:13:24.178+0000] {processor.py:830} INFO - Processing file /opt/airflow/dags/airflow_pipeline.py for tasks to queue
[2025-07-26T19:13:24.181+0000] {logging_mixin.py:188} INFO - [2025-07-26T19:13:24.180+0000] {dagbag.py:538} INFO - Filling up the DagBag from /opt/airflow/dags/airflow_pipeline.py
[2025-07-26T19:13:24.231+0000] {processor.py:840} INFO - DAG(s) 'pl001_ingest_crypto_postgres' retrieved from /opt/airflow/dags/airflow_pipeline.py
[2025-07-26T19:13:24.291+0000] {logging_mixin.py:188} INFO - [2025-07-26T19:13:24.291+0000] {dag.py:3036} INFO - Sync 1 DAGs
[2025-07-26T19:13:24.333+0000] {logging_mixin.py:188} INFO - [2025-07-26T19:13:24.330+0000] {dag.py:3823} INFO - Setting next_dagrun for pl001_ingest_crypto_postgres to None, run_after=None
[2025-07-26T19:13:24.597+0000] {processor.py:183} INFO - Processing /opt/airflow/dags/airflow_pipeline.py took 0.435 seconds
[2025-07-26T19:13:55.035+0000] {processor.py:161} INFO - Started process (PID=2087) to work on /opt/airflow/dags/airflow_pipeline.py
[2025-07-26T19:13:55.057+0000] {processor.py:830} INFO - Processing file /opt/airflow/dags/airflow_pipeline.py for tasks to queue
[2025-07-26T19:13:55.073+0000] {logging_mixin.py:188} INFO - [2025-07-26T19:13:55.072+0000] {dagbag.py:538} INFO - Filling up the DagBag from /opt/airflow/dags/airflow_pipeline.py
[2025-07-26T19:13:55.398+0000] {processor.py:840} INFO - DAG(s) 'pl001_ingest_crypto_postgres' retrieved from /opt/airflow/dags/airflow_pipeline.py
[2025-07-26T19:13:55.805+0000] {logging_mixin.py:188} INFO - [2025-07-26T19:13:55.804+0000] {dag.py:3036} INFO - Sync 1 DAGs
[2025-07-26T19:13:55.988+0000] {logging_mixin.py:188} INFO - [2025-07-26T19:13:55.987+0000] {dag.py:3823} INFO - Setting next_dagrun for pl001_ingest_crypto_postgres to None, run_after=None
[2025-07-26T19:13:56.305+0000] {processor.py:183} INFO - Processing /opt/airflow/dags/airflow_pipeline.py took 1.290 seconds
[2025-07-26T19:14:27.208+0000] {processor.py:161} INFO - Started process (PID=2092) to work on /opt/airflow/dags/airflow_pipeline.py
[2025-07-26T19:14:27.241+0000] {processor.py:830} INFO - Processing file /opt/airflow/dags/airflow_pipeline.py for tasks to queue
[2025-07-26T19:14:27.309+0000] {logging_mixin.py:188} INFO - [2025-07-26T19:14:27.304+0000] {dagbag.py:538} INFO - Filling up the DagBag from /opt/airflow/dags/airflow_pipeline.py
[2025-07-26T19:14:28.184+0000] {processor.py:840} INFO - DAG(s) 'pl001_ingest_crypto_postgres' retrieved from /opt/airflow/dags/airflow_pipeline.py
[2025-07-26T19:14:29.357+0000] {logging_mixin.py:188} INFO - [2025-07-26T19:14:29.355+0000] {dag.py:3036} INFO - Sync 1 DAGs
[2025-07-26T19:14:29.531+0000] {logging_mixin.py:188} INFO - [2025-07-26T19:14:29.530+0000] {dag.py:3823} INFO - Setting next_dagrun for pl001_ingest_crypto_postgres to None, run_after=None
[2025-07-26T19:14:29.713+0000] {processor.py:183} INFO - Processing /opt/airflow/dags/airflow_pipeline.py took 2.591 seconds
[2025-07-26T19:14:59.914+0000] {processor.py:161} INFO - Started process (PID=2097) to work on /opt/airflow/dags/airflow_pipeline.py
[2025-07-26T19:14:59.916+0000] {processor.py:830} INFO - Processing file /opt/airflow/dags/airflow_pipeline.py for tasks to queue
[2025-07-26T19:14:59.918+0000] {logging_mixin.py:188} INFO - [2025-07-26T19:14:59.918+0000] {dagbag.py:538} INFO - Filling up the DagBag from /opt/airflow/dags/airflow_pipeline.py
[2025-07-26T19:14:59.951+0000] {processor.py:840} INFO - DAG(s) 'pl001_ingest_crypto_postgres' retrieved from /opt/airflow/dags/airflow_pipeline.py
[2025-07-26T19:15:00.017+0000] {logging_mixin.py:188} INFO - [2025-07-26T19:15:00.016+0000] {dag.py:3036} INFO - Sync 1 DAGs
[2025-07-26T19:15:00.034+0000] {logging_mixin.py:188} INFO - [2025-07-26T19:15:00.034+0000] {dag.py:3823} INFO - Setting next_dagrun for pl001_ingest_crypto_postgres to None, run_after=None
[2025-07-26T19:15:00.068+0000] {processor.py:183} INFO - Processing /opt/airflow/dags/airflow_pipeline.py took 0.162 seconds
[2025-07-26T19:15:30.322+0000] {processor.py:161} INFO - Started process (PID=2102) to work on /opt/airflow/dags/airflow_pipeline.py
[2025-07-26T19:15:30.324+0000] {processor.py:830} INFO - Processing file /opt/airflow/dags/airflow_pipeline.py for tasks to queue
[2025-07-26T19:15:30.326+0000] {logging_mixin.py:188} INFO - [2025-07-26T19:15:30.326+0000] {dagbag.py:538} INFO - Filling up the DagBag from /opt/airflow/dags/airflow_pipeline.py
[2025-07-26T19:15:30.359+0000] {processor.py:840} INFO - DAG(s) 'pl001_ingest_crypto_postgres' retrieved from /opt/airflow/dags/airflow_pipeline.py
[2025-07-26T19:15:30.402+0000] {logging_mixin.py:188} INFO - [2025-07-26T19:15:30.401+0000] {dag.py:3036} INFO - Sync 1 DAGs
[2025-07-26T19:15:30.417+0000] {logging_mixin.py:188} INFO - [2025-07-26T19:15:30.417+0000] {dag.py:3823} INFO - Setting next_dagrun for pl001_ingest_crypto_postgres to None, run_after=None
[2025-07-26T19:15:30.444+0000] {processor.py:183} INFO - Processing /opt/airflow/dags/airflow_pipeline.py took 0.129 seconds
[2025-07-26T19:16:00.628+0000] {processor.py:161} INFO - Started process (PID=2107) to work on /opt/airflow/dags/airflow_pipeline.py
[2025-07-26T19:16:00.629+0000] {processor.py:830} INFO - Processing file /opt/airflow/dags/airflow_pipeline.py for tasks to queue
[2025-07-26T19:16:00.631+0000] {logging_mixin.py:188} INFO - [2025-07-26T19:16:00.630+0000] {dagbag.py:538} INFO - Filling up the DagBag from /opt/airflow/dags/airflow_pipeline.py
[2025-07-26T19:16:00.655+0000] {processor.py:840} INFO - DAG(s) 'pl001_ingest_crypto_postgres' retrieved from /opt/airflow/dags/airflow_pipeline.py
[2025-07-26T19:16:00.703+0000] {logging_mixin.py:188} INFO - [2025-07-26T19:16:00.703+0000] {dag.py:3036} INFO - Sync 1 DAGs
[2025-07-26T19:16:00.721+0000] {logging_mixin.py:188} INFO - [2025-07-26T19:16:00.721+0000] {dag.py:3823} INFO - Setting next_dagrun for pl001_ingest_crypto_postgres to None, run_after=None
[2025-07-26T19:16:00.765+0000] {processor.py:183} INFO - Processing /opt/airflow/dags/airflow_pipeline.py took 0.141 seconds
[2025-07-26T19:16:31.231+0000] {processor.py:161} INFO - Started process (PID=2112) to work on /opt/airflow/dags/airflow_pipeline.py
[2025-07-26T19:16:31.233+0000] {processor.py:830} INFO - Processing file /opt/airflow/dags/airflow_pipeline.py for tasks to queue
[2025-07-26T19:16:31.234+0000] {logging_mixin.py:188} INFO - [2025-07-26T19:16:31.234+0000] {dagbag.py:538} INFO - Filling up the DagBag from /opt/airflow/dags/airflow_pipeline.py
[2025-07-26T19:16:31.267+0000] {processor.py:840} INFO - DAG(s) 'pl001_ingest_crypto_postgres' retrieved from /opt/airflow/dags/airflow_pipeline.py
[2025-07-26T19:16:31.316+0000] {logging_mixin.py:188} INFO - [2025-07-26T19:16:31.316+0000] {dag.py:3036} INFO - Sync 1 DAGs
[2025-07-26T19:16:31.336+0000] {logging_mixin.py:188} INFO - [2025-07-26T19:16:31.336+0000] {dag.py:3823} INFO - Setting next_dagrun for pl001_ingest_crypto_postgres to None, run_after=None
[2025-07-26T19:16:31.387+0000] {processor.py:183} INFO - Processing /opt/airflow/dags/airflow_pipeline.py took 0.164 seconds
[2025-07-26T19:17:02.292+0000] {processor.py:161} INFO - Started process (PID=2117) to work on /opt/airflow/dags/airflow_pipeline.py
[2025-07-26T19:17:02.293+0000] {processor.py:830} INFO - Processing file /opt/airflow/dags/airflow_pipeline.py for tasks to queue
[2025-07-26T19:17:02.296+0000] {logging_mixin.py:188} INFO - [2025-07-26T19:17:02.295+0000] {dagbag.py:538} INFO - Filling up the DagBag from /opt/airflow/dags/airflow_pipeline.py
[2025-07-26T19:17:02.332+0000] {processor.py:840} INFO - DAG(s) 'pl001_ingest_crypto_postgres' retrieved from /opt/airflow/dags/airflow_pipeline.py
[2025-07-26T19:17:02.391+0000] {logging_mixin.py:188} INFO - [2025-07-26T19:17:02.390+0000] {dag.py:3036} INFO - Sync 1 DAGs
[2025-07-26T19:17:02.411+0000] {logging_mixin.py:188} INFO - [2025-07-26T19:17:02.411+0000] {dag.py:3823} INFO - Setting next_dagrun for pl001_ingest_crypto_postgres to None, run_after=None
[2025-07-26T19:17:02.440+0000] {processor.py:183} INFO - Processing /opt/airflow/dags/airflow_pipeline.py took 0.155 seconds
[2025-07-26T19:17:33.246+0000] {processor.py:161} INFO - Started process (PID=2122) to work on /opt/airflow/dags/airflow_pipeline.py
[2025-07-26T19:17:33.248+0000] {processor.py:830} INFO - Processing file /opt/airflow/dags/airflow_pipeline.py for tasks to queue
[2025-07-26T19:17:33.250+0000] {logging_mixin.py:188} INFO - [2025-07-26T19:17:33.249+0000] {dagbag.py:538} INFO - Filling up the DagBag from /opt/airflow/dags/airflow_pipeline.py
[2025-07-26T19:17:33.277+0000] {processor.py:840} INFO - DAG(s) 'pl001_ingest_crypto_postgres' retrieved from /opt/airflow/dags/airflow_pipeline.py
[2025-07-26T19:17:33.322+0000] {logging_mixin.py:188} INFO - [2025-07-26T19:17:33.321+0000] {dag.py:3036} INFO - Sync 1 DAGs
[2025-07-26T19:17:33.337+0000] {logging_mixin.py:188} INFO - [2025-07-26T19:17:33.337+0000] {dag.py:3823} INFO - Setting next_dagrun for pl001_ingest_crypto_postgres to None, run_after=None
[2025-07-26T19:17:33.425+0000] {processor.py:183} INFO - Processing /opt/airflow/dags/airflow_pipeline.py took 0.184 seconds
[2025-07-26T19:18:04.001+0000] {processor.py:161} INFO - Started process (PID=2127) to work on /opt/airflow/dags/airflow_pipeline.py
[2025-07-26T19:18:04.011+0000] {processor.py:830} INFO - Processing file /opt/airflow/dags/airflow_pipeline.py for tasks to queue
[2025-07-26T19:18:04.015+0000] {logging_mixin.py:188} INFO - [2025-07-26T19:18:04.014+0000] {dagbag.py:538} INFO - Filling up the DagBag from /opt/airflow/dags/airflow_pipeline.py
[2025-07-26T19:18:04.089+0000] {processor.py:840} INFO - DAG(s) 'pl001_ingest_crypto_postgres' retrieved from /opt/airflow/dags/airflow_pipeline.py
[2025-07-26T19:18:04.241+0000] {logging_mixin.py:188} INFO - [2025-07-26T19:18:04.240+0000] {dag.py:3036} INFO - Sync 1 DAGs
[2025-07-26T19:18:04.297+0000] {logging_mixin.py:188} INFO - [2025-07-26T19:18:04.297+0000] {dag.py:3823} INFO - Setting next_dagrun for pl001_ingest_crypto_postgres to None, run_after=None
[2025-07-26T19:18:04.437+0000] {processor.py:183} INFO - Processing /opt/airflow/dags/airflow_pipeline.py took 0.446 seconds
[2025-07-26T19:18:35.378+0000] {processor.py:161} INFO - Started process (PID=2132) to work on /opt/airflow/dags/airflow_pipeline.py
[2025-07-26T19:18:35.380+0000] {processor.py:830} INFO - Processing file /opt/airflow/dags/airflow_pipeline.py for tasks to queue
[2025-07-26T19:18:35.383+0000] {logging_mixin.py:188} INFO - [2025-07-26T19:18:35.382+0000] {dagbag.py:538} INFO - Filling up the DagBag from /opt/airflow/dags/airflow_pipeline.py
[2025-07-26T19:18:35.423+0000] {processor.py:840} INFO - DAG(s) 'pl001_ingest_crypto_postgres' retrieved from /opt/airflow/dags/airflow_pipeline.py
[2025-07-26T19:18:35.478+0000] {logging_mixin.py:188} INFO - [2025-07-26T19:18:35.478+0000] {dag.py:3036} INFO - Sync 1 DAGs
[2025-07-26T19:18:35.500+0000] {logging_mixin.py:188} INFO - [2025-07-26T19:18:35.500+0000] {dag.py:3823} INFO - Setting next_dagrun for pl001_ingest_crypto_postgres to None, run_after=None
[2025-07-26T19:18:35.549+0000] {processor.py:183} INFO - Processing /opt/airflow/dags/airflow_pipeline.py took 0.181 seconds
[2025-07-26T19:19:05.733+0000] {processor.py:161} INFO - Started process (PID=2137) to work on /opt/airflow/dags/airflow_pipeline.py
[2025-07-26T19:19:05.735+0000] {processor.py:830} INFO - Processing file /opt/airflow/dags/airflow_pipeline.py for tasks to queue
[2025-07-26T19:19:05.736+0000] {logging_mixin.py:188} INFO - [2025-07-26T19:19:05.736+0000] {dagbag.py:538} INFO - Filling up the DagBag from /opt/airflow/dags/airflow_pipeline.py
[2025-07-26T19:19:05.762+0000] {processor.py:840} INFO - DAG(s) 'pl001_ingest_crypto_postgres' retrieved from /opt/airflow/dags/airflow_pipeline.py
[2025-07-26T19:19:05.816+0000] {logging_mixin.py:188} INFO - [2025-07-26T19:19:05.815+0000] {dag.py:3036} INFO - Sync 1 DAGs
[2025-07-26T19:19:05.833+0000] {logging_mixin.py:188} INFO - [2025-07-26T19:19:05.832+0000] {dag.py:3823} INFO - Setting next_dagrun for pl001_ingest_crypto_postgres to None, run_after=None
[2025-07-26T19:19:05.870+0000] {processor.py:183} INFO - Processing /opt/airflow/dags/airflow_pipeline.py took 0.143 seconds
[2025-07-26T19:19:36.004+0000] {processor.py:161} INFO - Started process (PID=2142) to work on /opt/airflow/dags/airflow_pipeline.py
[2025-07-26T19:19:36.006+0000] {processor.py:830} INFO - Processing file /opt/airflow/dags/airflow_pipeline.py for tasks to queue
[2025-07-26T19:19:36.008+0000] {logging_mixin.py:188} INFO - [2025-07-26T19:19:36.007+0000] {dagbag.py:538} INFO - Filling up the DagBag from /opt/airflow/dags/airflow_pipeline.py
[2025-07-26T19:19:36.033+0000] {processor.py:840} INFO - DAG(s) 'pl001_ingest_crypto_postgres' retrieved from /opt/airflow/dags/airflow_pipeline.py
[2025-07-26T19:19:36.076+0000] {logging_mixin.py:188} INFO - [2025-07-26T19:19:36.076+0000] {dag.py:3036} INFO - Sync 1 DAGs
[2025-07-26T19:19:36.092+0000] {logging_mixin.py:188} INFO - [2025-07-26T19:19:36.092+0000] {dag.py:3823} INFO - Setting next_dagrun for pl001_ingest_crypto_postgres to None, run_after=None
[2025-07-26T19:19:36.122+0000] {processor.py:183} INFO - Processing /opt/airflow/dags/airflow_pipeline.py took 0.125 seconds
[2025-07-26T19:20:06.413+0000] {processor.py:161} INFO - Started process (PID=2147) to work on /opt/airflow/dags/airflow_pipeline.py
[2025-07-26T19:20:06.415+0000] {processor.py:830} INFO - Processing file /opt/airflow/dags/airflow_pipeline.py for tasks to queue
[2025-07-26T19:20:06.416+0000] {logging_mixin.py:188} INFO - [2025-07-26T19:20:06.416+0000] {dagbag.py:538} INFO - Filling up the DagBag from /opt/airflow/dags/airflow_pipeline.py
[2025-07-26T19:20:06.447+0000] {processor.py:840} INFO - DAG(s) 'pl001_ingest_crypto_postgres' retrieved from /opt/airflow/dags/airflow_pipeline.py
[2025-07-26T19:20:06.504+0000] {logging_mixin.py:188} INFO - [2025-07-26T19:20:06.503+0000] {dag.py:3036} INFO - Sync 1 DAGs
[2025-07-26T19:20:06.525+0000] {logging_mixin.py:188} INFO - [2025-07-26T19:20:06.525+0000] {dag.py:3823} INFO - Setting next_dagrun for pl001_ingest_crypto_postgres to None, run_after=None
[2025-07-26T19:20:06.570+0000] {processor.py:183} INFO - Processing /opt/airflow/dags/airflow_pipeline.py took 0.163 seconds
[2025-07-26T19:20:36.770+0000] {processor.py:161} INFO - Started process (PID=2152) to work on /opt/airflow/dags/airflow_pipeline.py
[2025-07-26T19:20:36.772+0000] {processor.py:830} INFO - Processing file /opt/airflow/dags/airflow_pipeline.py for tasks to queue
[2025-07-26T19:20:36.774+0000] {logging_mixin.py:188} INFO - [2025-07-26T19:20:36.774+0000] {dagbag.py:538} INFO - Filling up the DagBag from /opt/airflow/dags/airflow_pipeline.py
[2025-07-26T19:20:36.817+0000] {processor.py:840} INFO - DAG(s) 'pl001_ingest_crypto_postgres' retrieved from /opt/airflow/dags/airflow_pipeline.py
[2025-07-26T19:20:36.866+0000] {logging_mixin.py:188} INFO - [2025-07-26T19:20:36.866+0000] {dag.py:3036} INFO - Sync 1 DAGs
[2025-07-26T19:20:36.889+0000] {logging_mixin.py:188} INFO - [2025-07-26T19:20:36.888+0000] {dag.py:3823} INFO - Setting next_dagrun for pl001_ingest_crypto_postgres to None, run_after=None
[2025-07-26T19:20:36.923+0000] {processor.py:183} INFO - Processing /opt/airflow/dags/airflow_pipeline.py took 0.158 seconds
[2025-07-26T19:21:07.347+0000] {processor.py:161} INFO - Started process (PID=2157) to work on /opt/airflow/dags/airflow_pipeline.py
[2025-07-26T19:21:07.348+0000] {processor.py:830} INFO - Processing file /opt/airflow/dags/airflow_pipeline.py for tasks to queue
[2025-07-26T19:21:07.350+0000] {logging_mixin.py:188} INFO - [2025-07-26T19:21:07.349+0000] {dagbag.py:538} INFO - Filling up the DagBag from /opt/airflow/dags/airflow_pipeline.py
[2025-07-26T19:21:07.395+0000] {processor.py:840} INFO - DAG(s) 'pl001_ingest_crypto_postgres' retrieved from /opt/airflow/dags/airflow_pipeline.py
[2025-07-26T19:21:07.459+0000] {logging_mixin.py:188} INFO - [2025-07-26T19:21:07.459+0000] {dag.py:3036} INFO - Sync 1 DAGs
[2025-07-26T19:21:07.485+0000] {logging_mixin.py:188} INFO - [2025-07-26T19:21:07.484+0000] {dag.py:3823} INFO - Setting next_dagrun for pl001_ingest_crypto_postgres to None, run_after=None
[2025-07-26T19:21:07.527+0000] {processor.py:183} INFO - Processing /opt/airflow/dags/airflow_pipeline.py took 0.185 seconds
[2025-07-26T19:21:37.816+0000] {processor.py:161} INFO - Started process (PID=2162) to work on /opt/airflow/dags/airflow_pipeline.py
[2025-07-26T19:21:37.818+0000] {processor.py:830} INFO - Processing file /opt/airflow/dags/airflow_pipeline.py for tasks to queue
[2025-07-26T19:21:37.821+0000] {logging_mixin.py:188} INFO - [2025-07-26T19:21:37.820+0000] {dagbag.py:538} INFO - Filling up the DagBag from /opt/airflow/dags/airflow_pipeline.py
[2025-07-26T19:21:37.911+0000] {processor.py:840} INFO - DAG(s) 'pl001_ingest_crypto_postgres' retrieved from /opt/airflow/dags/airflow_pipeline.py
[2025-07-26T19:21:37.986+0000] {logging_mixin.py:188} INFO - [2025-07-26T19:21:37.985+0000] {dag.py:3036} INFO - Sync 1 DAGs
[2025-07-26T19:21:38.024+0000] {logging_mixin.py:188} INFO - [2025-07-26T19:21:38.024+0000] {dag.py:3823} INFO - Setting next_dagrun for pl001_ingest_crypto_postgres to None, run_after=None
[2025-07-26T19:21:38.094+0000] {processor.py:183} INFO - Processing /opt/airflow/dags/airflow_pipeline.py took 0.286 seconds
[2025-07-26T19:22:08.827+0000] {processor.py:161} INFO - Started process (PID=2167) to work on /opt/airflow/dags/airflow_pipeline.py
[2025-07-26T19:22:08.830+0000] {processor.py:830} INFO - Processing file /opt/airflow/dags/airflow_pipeline.py for tasks to queue
[2025-07-26T19:22:08.833+0000] {logging_mixin.py:188} INFO - [2025-07-26T19:22:08.832+0000] {dagbag.py:538} INFO - Filling up the DagBag from /opt/airflow/dags/airflow_pipeline.py
[2025-07-26T19:22:08.891+0000] {processor.py:840} INFO - DAG(s) 'pl001_ingest_crypto_postgres' retrieved from /opt/airflow/dags/airflow_pipeline.py
[2025-07-26T19:22:08.966+0000] {logging_mixin.py:188} INFO - [2025-07-26T19:22:08.965+0000] {dag.py:3036} INFO - Sync 1 DAGs
[2025-07-26T19:22:08.985+0000] {logging_mixin.py:188} INFO - [2025-07-26T19:22:08.984+0000] {dag.py:3823} INFO - Setting next_dagrun for pl001_ingest_crypto_postgres to None, run_after=None
[2025-07-26T19:22:09.016+0000] {processor.py:183} INFO - Processing /opt/airflow/dags/airflow_pipeline.py took 0.201 seconds
[2025-07-26T19:22:39.702+0000] {processor.py:161} INFO - Started process (PID=2172) to work on /opt/airflow/dags/airflow_pipeline.py
[2025-07-26T19:22:39.708+0000] {processor.py:830} INFO - Processing file /opt/airflow/dags/airflow_pipeline.py for tasks to queue
[2025-07-26T19:22:39.713+0000] {logging_mixin.py:188} INFO - [2025-07-26T19:22:39.711+0000] {dagbag.py:538} INFO - Filling up the DagBag from /opt/airflow/dags/airflow_pipeline.py
[2025-07-26T19:22:39.813+0000] {processor.py:840} INFO - DAG(s) 'pl001_ingest_crypto_postgres' retrieved from /opt/airflow/dags/airflow_pipeline.py
[2025-07-26T19:22:40.005+0000] {logging_mixin.py:188} INFO - [2025-07-26T19:22:40.002+0000] {dag.py:3036} INFO - Sync 1 DAGs
[2025-07-26T19:22:40.052+0000] {logging_mixin.py:188} INFO - [2025-07-26T19:22:40.052+0000] {dag.py:3823} INFO - Setting next_dagrun for pl001_ingest_crypto_postgres to None, run_after=None
[2025-07-26T19:22:40.140+0000] {processor.py:183} INFO - Processing /opt/airflow/dags/airflow_pipeline.py took 0.466 seconds
[2025-07-26T19:23:10.730+0000] {processor.py:161} INFO - Started process (PID=2177) to work on /opt/airflow/dags/airflow_pipeline.py
[2025-07-26T19:23:10.732+0000] {processor.py:830} INFO - Processing file /opt/airflow/dags/airflow_pipeline.py for tasks to queue
[2025-07-26T19:23:10.734+0000] {logging_mixin.py:188} INFO - [2025-07-26T19:23:10.733+0000] {dagbag.py:538} INFO - Filling up the DagBag from /opt/airflow/dags/airflow_pipeline.py
[2025-07-26T19:23:10.761+0000] {processor.py:840} INFO - DAG(s) 'pl001_ingest_crypto_postgres' retrieved from /opt/airflow/dags/airflow_pipeline.py
[2025-07-26T19:23:10.815+0000] {logging_mixin.py:188} INFO - [2025-07-26T19:23:10.815+0000] {dag.py:3036} INFO - Sync 1 DAGs
[2025-07-26T19:23:10.834+0000] {logging_mixin.py:188} INFO - [2025-07-26T19:23:10.833+0000] {dag.py:3823} INFO - Setting next_dagrun for pl001_ingest_crypto_postgres to None, run_after=None
[2025-07-26T19:23:10.863+0000] {processor.py:183} INFO - Processing /opt/airflow/dags/airflow_pipeline.py took 0.138 seconds
[2025-07-26T19:23:41.301+0000] {processor.py:161} INFO - Started process (PID=2182) to work on /opt/airflow/dags/airflow_pipeline.py
[2025-07-26T19:23:41.303+0000] {processor.py:830} INFO - Processing file /opt/airflow/dags/airflow_pipeline.py for tasks to queue
[2025-07-26T19:23:41.304+0000] {logging_mixin.py:188} INFO - [2025-07-26T19:23:41.304+0000] {dagbag.py:538} INFO - Filling up the DagBag from /opt/airflow/dags/airflow_pipeline.py
[2025-07-26T19:23:41.330+0000] {processor.py:840} INFO - DAG(s) 'pl001_ingest_crypto_postgres' retrieved from /opt/airflow/dags/airflow_pipeline.py
[2025-07-26T19:23:41.372+0000] {logging_mixin.py:188} INFO - [2025-07-26T19:23:41.372+0000] {dag.py:3036} INFO - Sync 1 DAGs
[2025-07-26T19:23:41.389+0000] {logging_mixin.py:188} INFO - [2025-07-26T19:23:41.389+0000] {dag.py:3823} INFO - Setting next_dagrun for pl001_ingest_crypto_postgres to None, run_after=None
[2025-07-26T19:23:41.419+0000] {processor.py:183} INFO - Processing /opt/airflow/dags/airflow_pipeline.py took 0.122 seconds
[2025-07-26T19:24:11.633+0000] {processor.py:161} INFO - Started process (PID=2187) to work on /opt/airflow/dags/airflow_pipeline.py
[2025-07-26T19:24:11.635+0000] {processor.py:830} INFO - Processing file /opt/airflow/dags/airflow_pipeline.py for tasks to queue
[2025-07-26T19:24:11.637+0000] {logging_mixin.py:188} INFO - [2025-07-26T19:24:11.637+0000] {dagbag.py:538} INFO - Filling up the DagBag from /opt/airflow/dags/airflow_pipeline.py
[2025-07-26T19:24:11.663+0000] {processor.py:840} INFO - DAG(s) 'pl001_ingest_crypto_postgres' retrieved from /opt/airflow/dags/airflow_pipeline.py
[2025-07-26T19:24:11.727+0000] {logging_mixin.py:188} INFO - [2025-07-26T19:24:11.727+0000] {dag.py:3036} INFO - Sync 1 DAGs
[2025-07-26T19:24:11.753+0000] {logging_mixin.py:188} INFO - [2025-07-26T19:24:11.752+0000] {dag.py:3823} INFO - Setting next_dagrun for pl001_ingest_crypto_postgres to None, run_after=None
[2025-07-26T19:24:11.799+0000] {processor.py:183} INFO - Processing /opt/airflow/dags/airflow_pipeline.py took 0.172 seconds
[2025-07-26T19:24:42.147+0000] {processor.py:161} INFO - Started process (PID=2192) to work on /opt/airflow/dags/airflow_pipeline.py
[2025-07-26T19:24:42.150+0000] {processor.py:830} INFO - Processing file /opt/airflow/dags/airflow_pipeline.py for tasks to queue
[2025-07-26T19:24:42.152+0000] {logging_mixin.py:188} INFO - [2025-07-26T19:24:42.151+0000] {dagbag.py:538} INFO - Filling up the DagBag from /opt/airflow/dags/airflow_pipeline.py
[2025-07-26T19:24:42.185+0000] {processor.py:840} INFO - DAG(s) 'pl001_ingest_crypto_postgres' retrieved from /opt/airflow/dags/airflow_pipeline.py
[2025-07-26T19:24:42.270+0000] {logging_mixin.py:188} INFO - [2025-07-26T19:24:42.270+0000] {dag.py:3036} INFO - Sync 1 DAGs
[2025-07-26T19:24:42.294+0000] {logging_mixin.py:188} INFO - [2025-07-26T19:24:42.293+0000] {dag.py:3823} INFO - Setting next_dagrun for pl001_ingest_crypto_postgres to None, run_after=None
[2025-07-26T19:24:42.343+0000] {processor.py:183} INFO - Processing /opt/airflow/dags/airflow_pipeline.py took 0.210 seconds
[2025-07-26T19:25:13.093+0000] {processor.py:161} INFO - Started process (PID=2197) to work on /opt/airflow/dags/airflow_pipeline.py
[2025-07-26T19:25:13.095+0000] {processor.py:830} INFO - Processing file /opt/airflow/dags/airflow_pipeline.py for tasks to queue
[2025-07-26T19:25:13.096+0000] {logging_mixin.py:188} INFO - [2025-07-26T19:25:13.096+0000] {dagbag.py:538} INFO - Filling up the DagBag from /opt/airflow/dags/airflow_pipeline.py
[2025-07-26T19:25:13.121+0000] {processor.py:840} INFO - DAG(s) 'pl001_ingest_crypto_postgres' retrieved from /opt/airflow/dags/airflow_pipeline.py
[2025-07-26T19:25:13.180+0000] {logging_mixin.py:188} INFO - [2025-07-26T19:25:13.179+0000] {dag.py:3036} INFO - Sync 1 DAGs
[2025-07-26T19:25:13.204+0000] {logging_mixin.py:188} INFO - [2025-07-26T19:25:13.203+0000] {dag.py:3823} INFO - Setting next_dagrun for pl001_ingest_crypto_postgres to None, run_after=None
[2025-07-26T19:25:13.240+0000] {processor.py:183} INFO - Processing /opt/airflow/dags/airflow_pipeline.py took 0.154 seconds
[2025-07-26T19:25:43.623+0000] {processor.py:161} INFO - Started process (PID=2202) to work on /opt/airflow/dags/airflow_pipeline.py
[2025-07-26T19:25:43.625+0000] {processor.py:830} INFO - Processing file /opt/airflow/dags/airflow_pipeline.py for tasks to queue
[2025-07-26T19:25:43.627+0000] {logging_mixin.py:188} INFO - [2025-07-26T19:25:43.626+0000] {dagbag.py:538} INFO - Filling up the DagBag from /opt/airflow/dags/airflow_pipeline.py
[2025-07-26T19:25:43.656+0000] {processor.py:840} INFO - DAG(s) 'pl001_ingest_crypto_postgres' retrieved from /opt/airflow/dags/airflow_pipeline.py
[2025-07-26T19:25:43.698+0000] {logging_mixin.py:188} INFO - [2025-07-26T19:25:43.698+0000] {dag.py:3036} INFO - Sync 1 DAGs
[2025-07-26T19:25:43.716+0000] {logging_mixin.py:188} INFO - [2025-07-26T19:25:43.715+0000] {dag.py:3823} INFO - Setting next_dagrun for pl001_ingest_crypto_postgres to None, run_after=None
[2025-07-26T19:25:43.750+0000] {processor.py:183} INFO - Processing /opt/airflow/dags/airflow_pipeline.py took 0.132 seconds
[2025-07-26T19:26:14.033+0000] {processor.py:161} INFO - Started process (PID=2207) to work on /opt/airflow/dags/airflow_pipeline.py
[2025-07-26T19:26:14.035+0000] {processor.py:830} INFO - Processing file /opt/airflow/dags/airflow_pipeline.py for tasks to queue
[2025-07-26T19:26:14.036+0000] {logging_mixin.py:188} INFO - [2025-07-26T19:26:14.036+0000] {dagbag.py:538} INFO - Filling up the DagBag from /opt/airflow/dags/airflow_pipeline.py
[2025-07-26T19:26:14.065+0000] {processor.py:840} INFO - DAG(s) 'pl001_ingest_crypto_postgres' retrieved from /opt/airflow/dags/airflow_pipeline.py
[2025-07-26T19:26:14.109+0000] {logging_mixin.py:188} INFO - [2025-07-26T19:26:14.108+0000] {dag.py:3036} INFO - Sync 1 DAGs
[2025-07-26T19:26:14.145+0000] {logging_mixin.py:188} INFO - [2025-07-26T19:26:14.145+0000] {dag.py:3823} INFO - Setting next_dagrun for pl001_ingest_crypto_postgres to None, run_after=None
[2025-07-26T19:26:14.225+0000] {processor.py:183} INFO - Processing /opt/airflow/dags/airflow_pipeline.py took 0.197 seconds
[2025-07-26T19:26:44.410+0000] {processor.py:161} INFO - Started process (PID=2212) to work on /opt/airflow/dags/airflow_pipeline.py
[2025-07-26T19:26:44.412+0000] {processor.py:830} INFO - Processing file /opt/airflow/dags/airflow_pipeline.py for tasks to queue
[2025-07-26T19:26:44.414+0000] {logging_mixin.py:188} INFO - [2025-07-26T19:26:44.414+0000] {dagbag.py:538} INFO - Filling up the DagBag from /opt/airflow/dags/airflow_pipeline.py
[2025-07-26T19:26:44.452+0000] {processor.py:840} INFO - DAG(s) 'pl001_ingest_crypto_postgres' retrieved from /opt/airflow/dags/airflow_pipeline.py
[2025-07-26T19:26:44.510+0000] {logging_mixin.py:188} INFO - [2025-07-26T19:26:44.509+0000] {dag.py:3036} INFO - Sync 1 DAGs
[2025-07-26T19:26:44.540+0000] {logging_mixin.py:188} INFO - [2025-07-26T19:26:44.540+0000] {dag.py:3823} INFO - Setting next_dagrun for pl001_ingest_crypto_postgres to None, run_after=None
[2025-07-26T19:26:44.606+0000] {processor.py:183} INFO - Processing /opt/airflow/dags/airflow_pipeline.py took 0.203 seconds
[2025-07-26T19:27:14.978+0000] {processor.py:161} INFO - Started process (PID=2217) to work on /opt/airflow/dags/airflow_pipeline.py
[2025-07-26T19:27:14.984+0000] {processor.py:830} INFO - Processing file /opt/airflow/dags/airflow_pipeline.py for tasks to queue
[2025-07-26T19:27:14.987+0000] {logging_mixin.py:188} INFO - [2025-07-26T19:27:14.986+0000] {dagbag.py:538} INFO - Filling up the DagBag from /opt/airflow/dags/airflow_pipeline.py
[2025-07-26T19:27:15.048+0000] {processor.py:840} INFO - DAG(s) 'pl001_ingest_crypto_postgres' retrieved from /opt/airflow/dags/airflow_pipeline.py
[2025-07-26T19:27:15.107+0000] {logging_mixin.py:188} INFO - [2025-07-26T19:27:15.106+0000] {dag.py:3036} INFO - Sync 1 DAGs
[2025-07-26T19:27:15.129+0000] {logging_mixin.py:188} INFO - [2025-07-26T19:27:15.128+0000] {dag.py:3823} INFO - Setting next_dagrun for pl001_ingest_crypto_postgres to None, run_after=None
[2025-07-26T19:27:15.171+0000] {processor.py:183} INFO - Processing /opt/airflow/dags/airflow_pipeline.py took 0.200 seconds
[2025-07-26T19:27:45.312+0000] {processor.py:161} INFO - Started process (PID=2222) to work on /opt/airflow/dags/airflow_pipeline.py
[2025-07-26T19:27:45.314+0000] {processor.py:830} INFO - Processing file /opt/airflow/dags/airflow_pipeline.py for tasks to queue
[2025-07-26T19:27:45.316+0000] {logging_mixin.py:188} INFO - [2025-07-26T19:27:45.315+0000] {dagbag.py:538} INFO - Filling up the DagBag from /opt/airflow/dags/airflow_pipeline.py
[2025-07-26T19:27:45.349+0000] {processor.py:840} INFO - DAG(s) 'pl001_ingest_crypto_postgres' retrieved from /opt/airflow/dags/airflow_pipeline.py
[2025-07-26T19:27:45.409+0000] {logging_mixin.py:188} INFO - [2025-07-26T19:27:45.409+0000] {dag.py:3036} INFO - Sync 1 DAGs
[2025-07-26T19:27:45.434+0000] {logging_mixin.py:188} INFO - [2025-07-26T19:27:45.433+0000] {dag.py:3823} INFO - Setting next_dagrun for pl001_ingest_crypto_postgres to None, run_after=None
[2025-07-26T19:27:45.494+0000] {processor.py:183} INFO - Processing /opt/airflow/dags/airflow_pipeline.py took 0.189 seconds
[2025-07-26T19:28:16.490+0000] {processor.py:161} INFO - Started process (PID=2227) to work on /opt/airflow/dags/airflow_pipeline.py
[2025-07-26T19:28:16.493+0000] {processor.py:830} INFO - Processing file /opt/airflow/dags/airflow_pipeline.py for tasks to queue
[2025-07-26T19:28:16.495+0000] {logging_mixin.py:188} INFO - [2025-07-26T19:28:16.494+0000] {dagbag.py:538} INFO - Filling up the DagBag from /opt/airflow/dags/airflow_pipeline.py
[2025-07-26T19:28:16.571+0000] {processor.py:840} INFO - DAG(s) 'pl001_ingest_crypto_postgres' retrieved from /opt/airflow/dags/airflow_pipeline.py
[2025-07-26T19:28:16.704+0000] {logging_mixin.py:188} INFO - [2025-07-26T19:28:16.704+0000] {dag.py:3036} INFO - Sync 1 DAGs
[2025-07-26T19:28:16.761+0000] {logging_mixin.py:188} INFO - [2025-07-26T19:28:16.761+0000] {dag.py:3823} INFO - Setting next_dagrun for pl001_ingest_crypto_postgres to None, run_after=None
[2025-07-26T19:28:16.838+0000] {processor.py:183} INFO - Processing /opt/airflow/dags/airflow_pipeline.py took 0.358 seconds
[2025-07-26T19:28:46.970+0000] {processor.py:161} INFO - Started process (PID=2232) to work on /opt/airflow/dags/airflow_pipeline.py
[2025-07-26T19:28:46.972+0000] {processor.py:830} INFO - Processing file /opt/airflow/dags/airflow_pipeline.py for tasks to queue
[2025-07-26T19:28:46.975+0000] {logging_mixin.py:188} INFO - [2025-07-26T19:28:46.974+0000] {dagbag.py:538} INFO - Filling up the DagBag from /opt/airflow/dags/airflow_pipeline.py
[2025-07-26T19:28:47.029+0000] {processor.py:840} INFO - DAG(s) 'pl001_ingest_crypto_postgres' retrieved from /opt/airflow/dags/airflow_pipeline.py
[2025-07-26T19:28:47.125+0000] {logging_mixin.py:188} INFO - [2025-07-26T19:28:47.124+0000] {dag.py:3036} INFO - Sync 1 DAGs
[2025-07-26T19:28:47.154+0000] {logging_mixin.py:188} INFO - [2025-07-26T19:28:47.153+0000] {dag.py:3823} INFO - Setting next_dagrun for pl001_ingest_crypto_postgres to None, run_after=None
[2025-07-26T19:28:47.203+0000] {processor.py:183} INFO - Processing /opt/airflow/dags/airflow_pipeline.py took 0.241 seconds
[2025-07-26T19:29:17.389+0000] {processor.py:161} INFO - Started process (PID=2237) to work on /opt/airflow/dags/airflow_pipeline.py
[2025-07-26T19:29:17.392+0000] {processor.py:830} INFO - Processing file /opt/airflow/dags/airflow_pipeline.py for tasks to queue
[2025-07-26T19:29:17.397+0000] {logging_mixin.py:188} INFO - [2025-07-26T19:29:17.396+0000] {dagbag.py:538} INFO - Filling up the DagBag from /opt/airflow/dags/airflow_pipeline.py
[2025-07-26T19:29:17.451+0000] {processor.py:840} INFO - DAG(s) 'pl001_ingest_crypto_postgres' retrieved from /opt/airflow/dags/airflow_pipeline.py
[2025-07-26T19:29:17.629+0000] {logging_mixin.py:188} INFO - [2025-07-26T19:29:17.628+0000] {dag.py:3036} INFO - Sync 1 DAGs
[2025-07-26T19:29:17.697+0000] {logging_mixin.py:188} INFO - [2025-07-26T19:29:17.697+0000] {dag.py:3823} INFO - Setting next_dagrun for pl001_ingest_crypto_postgres to None, run_after=None
[2025-07-26T19:29:17.763+0000] {processor.py:183} INFO - Processing /opt/airflow/dags/airflow_pipeline.py took 0.383 seconds
[2025-07-26T19:29:48.100+0000] {processor.py:161} INFO - Started process (PID=2242) to work on /opt/airflow/dags/airflow_pipeline.py
[2025-07-26T19:29:48.102+0000] {processor.py:830} INFO - Processing file /opt/airflow/dags/airflow_pipeline.py for tasks to queue
[2025-07-26T19:29:48.107+0000] {logging_mixin.py:188} INFO - [2025-07-26T19:29:48.105+0000] {dagbag.py:538} INFO - Filling up the DagBag from /opt/airflow/dags/airflow_pipeline.py
[2025-07-26T19:29:48.161+0000] {processor.py:840} INFO - DAG(s) 'pl001_ingest_crypto_postgres' retrieved from /opt/airflow/dags/airflow_pipeline.py
[2025-07-26T19:29:48.217+0000] {logging_mixin.py:188} INFO - [2025-07-26T19:29:48.217+0000] {dag.py:3036} INFO - Sync 1 DAGs
[2025-07-26T19:29:48.241+0000] {logging_mixin.py:188} INFO - [2025-07-26T19:29:48.241+0000] {dag.py:3823} INFO - Setting next_dagrun for pl001_ingest_crypto_postgres to None, run_after=None
[2025-07-26T19:29:48.279+0000] {processor.py:183} INFO - Processing /opt/airflow/dags/airflow_pipeline.py took 0.187 seconds
[2025-07-26T19:30:18.519+0000] {processor.py:161} INFO - Started process (PID=2247) to work on /opt/airflow/dags/airflow_pipeline.py
[2025-07-26T19:30:18.521+0000] {processor.py:830} INFO - Processing file /opt/airflow/dags/airflow_pipeline.py for tasks to queue
[2025-07-26T19:30:18.523+0000] {logging_mixin.py:188} INFO - [2025-07-26T19:30:18.522+0000] {dagbag.py:538} INFO - Filling up the DagBag from /opt/airflow/dags/airflow_pipeline.py
[2025-07-26T19:30:18.552+0000] {processor.py:840} INFO - DAG(s) 'pl001_ingest_crypto_postgres' retrieved from /opt/airflow/dags/airflow_pipeline.py
[2025-07-26T19:30:18.618+0000] {logging_mixin.py:188} INFO - [2025-07-26T19:30:18.618+0000] {dag.py:3036} INFO - Sync 1 DAGs
[2025-07-26T19:30:18.637+0000] {logging_mixin.py:188} INFO - [2025-07-26T19:30:18.636+0000] {dag.py:3823} INFO - Setting next_dagrun for pl001_ingest_crypto_postgres to None, run_after=None
[2025-07-26T19:30:18.667+0000] {processor.py:183} INFO - Processing /opt/airflow/dags/airflow_pipeline.py took 0.157 seconds
[2025-07-26T19:30:49.028+0000] {processor.py:161} INFO - Started process (PID=2252) to work on /opt/airflow/dags/airflow_pipeline.py
[2025-07-26T19:30:49.030+0000] {processor.py:830} INFO - Processing file /opt/airflow/dags/airflow_pipeline.py for tasks to queue
[2025-07-26T19:30:49.032+0000] {logging_mixin.py:188} INFO - [2025-07-26T19:30:49.032+0000] {dagbag.py:538} INFO - Filling up the DagBag from /opt/airflow/dags/airflow_pipeline.py
[2025-07-26T19:30:49.071+0000] {processor.py:840} INFO - DAG(s) 'pl001_ingest_crypto_postgres' retrieved from /opt/airflow/dags/airflow_pipeline.py
[2025-07-26T19:30:49.131+0000] {logging_mixin.py:188} INFO - [2025-07-26T19:30:49.131+0000] {dag.py:3036} INFO - Sync 1 DAGs
[2025-07-26T19:30:49.155+0000] {logging_mixin.py:188} INFO - [2025-07-26T19:30:49.154+0000] {dag.py:3823} INFO - Setting next_dagrun for pl001_ingest_crypto_postgres to None, run_after=None
[2025-07-26T19:30:49.216+0000] {processor.py:183} INFO - Processing /opt/airflow/dags/airflow_pipeline.py took 0.195 seconds
[2025-07-26T19:31:19.444+0000] {processor.py:161} INFO - Started process (PID=2257) to work on /opt/airflow/dags/airflow_pipeline.py
[2025-07-26T19:31:19.446+0000] {processor.py:830} INFO - Processing file /opt/airflow/dags/airflow_pipeline.py for tasks to queue
[2025-07-26T19:31:19.448+0000] {logging_mixin.py:188} INFO - [2025-07-26T19:31:19.447+0000] {dagbag.py:538} INFO - Filling up the DagBag from /opt/airflow/dags/airflow_pipeline.py
[2025-07-26T19:31:19.491+0000] {processor.py:840} INFO - DAG(s) 'pl001_ingest_crypto_postgres' retrieved from /opt/airflow/dags/airflow_pipeline.py
[2025-07-26T19:31:19.546+0000] {logging_mixin.py:188} INFO - [2025-07-26T19:31:19.545+0000] {dag.py:3036} INFO - Sync 1 DAGs
[2025-07-26T19:31:19.569+0000] {logging_mixin.py:188} INFO - [2025-07-26T19:31:19.568+0000] {dag.py:3823} INFO - Setting next_dagrun for pl001_ingest_crypto_postgres to None, run_after=None
[2025-07-26T19:31:19.621+0000] {processor.py:183} INFO - Processing /opt/airflow/dags/airflow_pipeline.py took 0.181 seconds
[2025-07-26T19:31:50.110+0000] {processor.py:161} INFO - Started process (PID=2262) to work on /opt/airflow/dags/airflow_pipeline.py
[2025-07-26T19:31:50.120+0000] {processor.py:830} INFO - Processing file /opt/airflow/dags/airflow_pipeline.py for tasks to queue
[2025-07-26T19:31:50.128+0000] {logging_mixin.py:188} INFO - [2025-07-26T19:31:50.126+0000] {dagbag.py:538} INFO - Filling up the DagBag from /opt/airflow/dags/airflow_pipeline.py
[2025-07-26T19:31:50.458+0000] {processor.py:840} INFO - DAG(s) 'pl001_ingest_crypto_postgres' retrieved from /opt/airflow/dags/airflow_pipeline.py
[2025-07-26T19:31:50.701+0000] {logging_mixin.py:188} INFO - [2025-07-26T19:31:50.700+0000] {dag.py:3036} INFO - Sync 1 DAGs
[2025-07-26T19:31:50.807+0000] {logging_mixin.py:188} INFO - [2025-07-26T19:31:50.804+0000] {dag.py:3823} INFO - Setting next_dagrun for pl001_ingest_crypto_postgres to None, run_after=None
[2025-07-26T19:31:50.951+0000] {processor.py:183} INFO - Processing /opt/airflow/dags/airflow_pipeline.py took 0.874 seconds
[2025-07-26T19:32:21.413+0000] {processor.py:161} INFO - Started process (PID=2267) to work on /opt/airflow/dags/airflow_pipeline.py
[2025-07-26T19:32:21.415+0000] {processor.py:830} INFO - Processing file /opt/airflow/dags/airflow_pipeline.py for tasks to queue
[2025-07-26T19:32:21.417+0000] {logging_mixin.py:188} INFO - [2025-07-26T19:32:21.416+0000] {dagbag.py:538} INFO - Filling up the DagBag from /opt/airflow/dags/airflow_pipeline.py
[2025-07-26T19:32:21.443+0000] {processor.py:840} INFO - DAG(s) 'pl001_ingest_crypto_postgres' retrieved from /opt/airflow/dags/airflow_pipeline.py
[2025-07-26T19:32:21.486+0000] {logging_mixin.py:188} INFO - [2025-07-26T19:32:21.485+0000] {dag.py:3036} INFO - Sync 1 DAGs
[2025-07-26T19:32:21.502+0000] {logging_mixin.py:188} INFO - [2025-07-26T19:32:21.502+0000] {dag.py:3823} INFO - Setting next_dagrun for pl001_ingest_crypto_postgres to None, run_after=None
[2025-07-26T19:32:21.531+0000] {processor.py:183} INFO - Processing /opt/airflow/dags/airflow_pipeline.py took 0.122 seconds
[2025-07-26T19:32:52.162+0000] {processor.py:161} INFO - Started process (PID=2272) to work on /opt/airflow/dags/airflow_pipeline.py
[2025-07-26T19:32:52.240+0000] {processor.py:830} INFO - Processing file /opt/airflow/dags/airflow_pipeline.py for tasks to queue
[2025-07-26T19:32:52.260+0000] {logging_mixin.py:188} INFO - [2025-07-26T19:32:52.257+0000] {dagbag.py:538} INFO - Filling up the DagBag from /opt/airflow/dags/airflow_pipeline.py
[2025-07-26T19:32:52.550+0000] {processor.py:840} INFO - DAG(s) 'pl001_ingest_crypto_postgres' retrieved from /opt/airflow/dags/airflow_pipeline.py
[2025-07-26T19:32:52.898+0000] {logging_mixin.py:188} INFO - [2025-07-26T19:32:52.897+0000] {dag.py:3036} INFO - Sync 1 DAGs
[2025-07-26T19:32:52.949+0000] {logging_mixin.py:188} INFO - [2025-07-26T19:32:52.949+0000] {dag.py:3823} INFO - Setting next_dagrun for pl001_ingest_crypto_postgres to None, run_after=None
[2025-07-26T19:32:53.007+0000] {processor.py:183} INFO - Processing /opt/airflow/dags/airflow_pipeline.py took 0.892 seconds
[2025-07-26T19:33:23.496+0000] {processor.py:161} INFO - Started process (PID=2277) to work on /opt/airflow/dags/airflow_pipeline.py
[2025-07-26T19:33:23.498+0000] {processor.py:830} INFO - Processing file /opt/airflow/dags/airflow_pipeline.py for tasks to queue
[2025-07-26T19:33:23.500+0000] {logging_mixin.py:188} INFO - [2025-07-26T19:33:23.500+0000] {dagbag.py:538} INFO - Filling up the DagBag from /opt/airflow/dags/airflow_pipeline.py
[2025-07-26T19:33:23.528+0000] {processor.py:840} INFO - DAG(s) 'pl001_ingest_crypto_postgres' retrieved from /opt/airflow/dags/airflow_pipeline.py
[2025-07-26T19:33:23.592+0000] {logging_mixin.py:188} INFO - [2025-07-26T19:33:23.592+0000] {dag.py:3036} INFO - Sync 1 DAGs
[2025-07-26T19:33:23.613+0000] {logging_mixin.py:188} INFO - [2025-07-26T19:33:23.613+0000] {dag.py:3823} INFO - Setting next_dagrun for pl001_ingest_crypto_postgres to None, run_after=None
[2025-07-26T19:33:23.676+0000] {processor.py:183} INFO - Processing /opt/airflow/dags/airflow_pipeline.py took 0.184 seconds
[2025-07-26T19:33:53.860+0000] {processor.py:161} INFO - Started process (PID=2282) to work on /opt/airflow/dags/airflow_pipeline.py
[2025-07-26T19:33:53.863+0000] {processor.py:830} INFO - Processing file /opt/airflow/dags/airflow_pipeline.py for tasks to queue
[2025-07-26T19:33:53.866+0000] {logging_mixin.py:188} INFO - [2025-07-26T19:33:53.866+0000] {dagbag.py:538} INFO - Filling up the DagBag from /opt/airflow/dags/airflow_pipeline.py
[2025-07-26T19:33:53.901+0000] {processor.py:840} INFO - DAG(s) 'pl001_ingest_crypto_postgres' retrieved from /opt/airflow/dags/airflow_pipeline.py
[2025-07-26T19:33:53.968+0000] {logging_mixin.py:188} INFO - [2025-07-26T19:33:53.967+0000] {dag.py:3036} INFO - Sync 1 DAGs
[2025-07-26T19:33:53.993+0000] {logging_mixin.py:188} INFO - [2025-07-26T19:33:53.993+0000] {dag.py:3823} INFO - Setting next_dagrun for pl001_ingest_crypto_postgres to None, run_after=None
[2025-07-26T19:33:54.039+0000] {processor.py:183} INFO - Processing /opt/airflow/dags/airflow_pipeline.py took 0.188 seconds
[2025-07-26T19:34:24.302+0000] {processor.py:161} INFO - Started process (PID=2287) to work on /opt/airflow/dags/airflow_pipeline.py
[2025-07-26T19:34:24.304+0000] {processor.py:830} INFO - Processing file /opt/airflow/dags/airflow_pipeline.py for tasks to queue
[2025-07-26T19:34:24.306+0000] {logging_mixin.py:188} INFO - [2025-07-26T19:34:24.305+0000] {dagbag.py:538} INFO - Filling up the DagBag from /opt/airflow/dags/airflow_pipeline.py
[2025-07-26T19:34:24.336+0000] {processor.py:840} INFO - DAG(s) 'pl001_ingest_crypto_postgres' retrieved from /opt/airflow/dags/airflow_pipeline.py
[2025-07-26T19:34:24.382+0000] {logging_mixin.py:188} INFO - [2025-07-26T19:34:24.381+0000] {dag.py:3036} INFO - Sync 1 DAGs
[2025-07-26T19:34:24.400+0000] {logging_mixin.py:188} INFO - [2025-07-26T19:34:24.400+0000] {dag.py:3823} INFO - Setting next_dagrun for pl001_ingest_crypto_postgres to None, run_after=None
[2025-07-26T19:34:24.431+0000] {processor.py:183} INFO - Processing /opt/airflow/dags/airflow_pipeline.py took 0.134 seconds
[2025-07-26T19:34:54.731+0000] {processor.py:161} INFO - Started process (PID=2292) to work on /opt/airflow/dags/airflow_pipeline.py
[2025-07-26T19:34:54.735+0000] {processor.py:830} INFO - Processing file /opt/airflow/dags/airflow_pipeline.py for tasks to queue
[2025-07-26T19:34:54.738+0000] {logging_mixin.py:188} INFO - [2025-07-26T19:34:54.737+0000] {dagbag.py:538} INFO - Filling up the DagBag from /opt/airflow/dags/airflow_pipeline.py
[2025-07-26T19:34:54.781+0000] {processor.py:840} INFO - DAG(s) 'pl001_ingest_crypto_postgres' retrieved from /opt/airflow/dags/airflow_pipeline.py
[2025-07-26T19:34:54.835+0000] {logging_mixin.py:188} INFO - [2025-07-26T19:34:54.835+0000] {dag.py:3036} INFO - Sync 1 DAGs
[2025-07-26T19:34:54.863+0000] {logging_mixin.py:188} INFO - [2025-07-26T19:34:54.862+0000] {dag.py:3823} INFO - Setting next_dagrun for pl001_ingest_crypto_postgres to None, run_after=None
[2025-07-26T19:34:54.907+0000] {processor.py:183} INFO - Processing /opt/airflow/dags/airflow_pipeline.py took 0.182 seconds
[2025-07-26T19:35:25.073+0000] {processor.py:161} INFO - Started process (PID=2297) to work on /opt/airflow/dags/airflow_pipeline.py
[2025-07-26T19:35:25.076+0000] {processor.py:830} INFO - Processing file /opt/airflow/dags/airflow_pipeline.py for tasks to queue
[2025-07-26T19:35:25.080+0000] {logging_mixin.py:188} INFO - [2025-07-26T19:35:25.077+0000] {dagbag.py:538} INFO - Filling up the DagBag from /opt/airflow/dags/airflow_pipeline.py
[2025-07-26T19:35:25.125+0000] {processor.py:840} INFO - DAG(s) 'pl001_ingest_crypto_postgres' retrieved from /opt/airflow/dags/airflow_pipeline.py
[2025-07-26T19:35:25.185+0000] {logging_mixin.py:188} INFO - [2025-07-26T19:35:25.184+0000] {dag.py:3036} INFO - Sync 1 DAGs
[2025-07-26T19:35:25.201+0000] {logging_mixin.py:188} INFO - [2025-07-26T19:35:25.201+0000] {dag.py:3823} INFO - Setting next_dagrun for pl001_ingest_crypto_postgres to None, run_after=None
[2025-07-26T19:35:25.233+0000] {processor.py:183} INFO - Processing /opt/airflow/dags/airflow_pipeline.py took 0.175 seconds
[2025-07-26T19:35:55.352+0000] {processor.py:161} INFO - Started process (PID=2302) to work on /opt/airflow/dags/airflow_pipeline.py
[2025-07-26T19:35:55.357+0000] {processor.py:830} INFO - Processing file /opt/airflow/dags/airflow_pipeline.py for tasks to queue
[2025-07-26T19:35:55.361+0000] {logging_mixin.py:188} INFO - [2025-07-26T19:35:55.360+0000] {dagbag.py:538} INFO - Filling up the DagBag from /opt/airflow/dags/airflow_pipeline.py
[2025-07-26T19:35:55.422+0000] {processor.py:840} INFO - DAG(s) 'pl001_ingest_crypto_postgres' retrieved from /opt/airflow/dags/airflow_pipeline.py
[2025-07-26T19:35:55.540+0000] {logging_mixin.py:188} INFO - [2025-07-26T19:35:55.540+0000] {dag.py:3036} INFO - Sync 1 DAGs
[2025-07-26T19:35:55.566+0000] {logging_mixin.py:188} INFO - [2025-07-26T19:35:55.566+0000] {dag.py:3823} INFO - Setting next_dagrun for pl001_ingest_crypto_postgres to None, run_after=None
[2025-07-26T19:35:55.597+0000] {processor.py:183} INFO - Processing /opt/airflow/dags/airflow_pipeline.py took 0.254 seconds
[2025-07-26T19:36:25.877+0000] {processor.py:161} INFO - Started process (PID=2307) to work on /opt/airflow/dags/airflow_pipeline.py
[2025-07-26T19:36:25.879+0000] {processor.py:830} INFO - Processing file /opt/airflow/dags/airflow_pipeline.py for tasks to queue
[2025-07-26T19:36:25.881+0000] {logging_mixin.py:188} INFO - [2025-07-26T19:36:25.880+0000] {dagbag.py:538} INFO - Filling up the DagBag from /opt/airflow/dags/airflow_pipeline.py
[2025-07-26T19:36:25.918+0000] {processor.py:840} INFO - DAG(s) 'pl001_ingest_crypto_postgres' retrieved from /opt/airflow/dags/airflow_pipeline.py
[2025-07-26T19:36:25.968+0000] {logging_mixin.py:188} INFO - [2025-07-26T19:36:25.968+0000] {dag.py:3036} INFO - Sync 1 DAGs
[2025-07-26T19:36:25.984+0000] {logging_mixin.py:188} INFO - [2025-07-26T19:36:25.983+0000] {dag.py:3823} INFO - Setting next_dagrun for pl001_ingest_crypto_postgres to None, run_after=None
[2025-07-26T19:36:26.010+0000] {processor.py:183} INFO - Processing /opt/airflow/dags/airflow_pipeline.py took 0.139 seconds
[2025-07-26T19:36:56.565+0000] {processor.py:161} INFO - Started process (PID=2312) to work on /opt/airflow/dags/airflow_pipeline.py
[2025-07-26T19:36:56.574+0000] {processor.py:830} INFO - Processing file /opt/airflow/dags/airflow_pipeline.py for tasks to queue
[2025-07-26T19:36:56.589+0000] {logging_mixin.py:188} INFO - [2025-07-26T19:36:56.586+0000] {dagbag.py:538} INFO - Filling up the DagBag from /opt/airflow/dags/airflow_pipeline.py
[2025-07-26T19:36:56.781+0000] {processor.py:840} INFO - DAG(s) 'pl001_ingest_crypto_postgres' retrieved from /opt/airflow/dags/airflow_pipeline.py
[2025-07-26T19:36:57.089+0000] {logging_mixin.py:188} INFO - [2025-07-26T19:36:57.087+0000] {dag.py:3036} INFO - Sync 1 DAGs
[2025-07-26T19:36:57.277+0000] {logging_mixin.py:188} INFO - [2025-07-26T19:36:57.275+0000] {dag.py:3823} INFO - Setting next_dagrun for pl001_ingest_crypto_postgres to None, run_after=None
[2025-07-26T19:36:57.676+0000] {processor.py:183} INFO - Processing /opt/airflow/dags/airflow_pipeline.py took 1.145 seconds
[2025-07-26T19:37:27.924+0000] {processor.py:161} INFO - Started process (PID=2317) to work on /opt/airflow/dags/airflow_pipeline.py
[2025-07-26T19:37:27.930+0000] {processor.py:830} INFO - Processing file /opt/airflow/dags/airflow_pipeline.py for tasks to queue
[2025-07-26T19:37:27.946+0000] {logging_mixin.py:188} INFO - [2025-07-26T19:37:27.944+0000] {dagbag.py:538} INFO - Filling up the DagBag from /opt/airflow/dags/airflow_pipeline.py
[2025-07-26T19:37:28.072+0000] {processor.py:840} INFO - DAG(s) 'pl001_ingest_crypto_postgres' retrieved from /opt/airflow/dags/airflow_pipeline.py
[2025-07-26T19:37:28.212+0000] {logging_mixin.py:188} INFO - [2025-07-26T19:37:28.211+0000] {dag.py:3036} INFO - Sync 1 DAGs
[2025-07-26T19:37:28.261+0000] {logging_mixin.py:188} INFO - [2025-07-26T19:37:28.261+0000] {dag.py:3823} INFO - Setting next_dagrun for pl001_ingest_crypto_postgres to None, run_after=None
[2025-07-26T19:37:28.348+0000] {processor.py:183} INFO - Processing /opt/airflow/dags/airflow_pipeline.py took 0.437 seconds
[2025-07-26T19:37:59.270+0000] {processor.py:161} INFO - Started process (PID=2322) to work on /opt/airflow/dags/airflow_pipeline.py
[2025-07-26T19:37:59.287+0000] {processor.py:830} INFO - Processing file /opt/airflow/dags/airflow_pipeline.py for tasks to queue
[2025-07-26T19:37:59.308+0000] {logging_mixin.py:188} INFO - [2025-07-26T19:37:59.301+0000] {dagbag.py:538} INFO - Filling up the DagBag from /opt/airflow/dags/airflow_pipeline.py
[2025-07-26T19:37:59.581+0000] {processor.py:840} INFO - DAG(s) 'pl001_ingest_crypto_postgres' retrieved from /opt/airflow/dags/airflow_pipeline.py
[2025-07-26T19:37:59.882+0000] {logging_mixin.py:188} INFO - [2025-07-26T19:37:59.879+0000] {dag.py:3036} INFO - Sync 1 DAGs
[2025-07-26T19:37:59.971+0000] {logging_mixin.py:188} INFO - [2025-07-26T19:37:59.970+0000] {dag.py:3823} INFO - Setting next_dagrun for pl001_ingest_crypto_postgres to None, run_after=None
[2025-07-26T19:38:00.185+0000] {processor.py:183} INFO - Processing /opt/airflow/dags/airflow_pipeline.py took 0.966 seconds
[2025-07-26T19:38:30.611+0000] {processor.py:161} INFO - Started process (PID=2327) to work on /opt/airflow/dags/airflow_pipeline.py
[2025-07-26T19:38:30.613+0000] {processor.py:830} INFO - Processing file /opt/airflow/dags/airflow_pipeline.py for tasks to queue
[2025-07-26T19:38:30.615+0000] {logging_mixin.py:188} INFO - [2025-07-26T19:38:30.614+0000] {dagbag.py:538} INFO - Filling up the DagBag from /opt/airflow/dags/airflow_pipeline.py
[2025-07-26T19:38:30.645+0000] {processor.py:840} INFO - DAG(s) 'pl001_ingest_crypto_postgres' retrieved from /opt/airflow/dags/airflow_pipeline.py
[2025-07-26T19:38:30.688+0000] {logging_mixin.py:188} INFO - [2025-07-26T19:38:30.687+0000] {dag.py:3036} INFO - Sync 1 DAGs
[2025-07-26T19:38:30.705+0000] {logging_mixin.py:188} INFO - [2025-07-26T19:38:30.705+0000] {dag.py:3823} INFO - Setting next_dagrun for pl001_ingest_crypto_postgres to None, run_after=None
[2025-07-26T19:38:30.736+0000] {processor.py:183} INFO - Processing /opt/airflow/dags/airflow_pipeline.py took 0.131 seconds
[2025-07-26T19:39:01.974+0000] {processor.py:161} INFO - Started process (PID=2332) to work on /opt/airflow/dags/airflow_pipeline.py
[2025-07-26T19:39:02.065+0000] {processor.py:830} INFO - Processing file /opt/airflow/dags/airflow_pipeline.py for tasks to queue
[2025-07-26T19:39:02.131+0000] {logging_mixin.py:188} INFO - [2025-07-26T19:39:02.130+0000] {dagbag.py:538} INFO - Filling up the DagBag from /opt/airflow/dags/airflow_pipeline.py
[2025-07-26T19:39:02.247+0000] {processor.py:840} INFO - DAG(s) 'pl001_ingest_crypto_postgres' retrieved from /opt/airflow/dags/airflow_pipeline.py
[2025-07-26T19:39:02.375+0000] {logging_mixin.py:188} INFO - [2025-07-26T19:39:02.374+0000] {dag.py:3036} INFO - Sync 1 DAGs
[2025-07-26T19:39:02.451+0000] {logging_mixin.py:188} INFO - [2025-07-26T19:39:02.450+0000] {dag.py:3823} INFO - Setting next_dagrun for pl001_ingest_crypto_postgres to None, run_after=None
[2025-07-26T19:39:02.554+0000] {processor.py:183} INFO - Processing /opt/airflow/dags/airflow_pipeline.py took 0.650 seconds
[2025-07-26T19:39:33.497+0000] {processor.py:161} INFO - Started process (PID=2337) to work on /opt/airflow/dags/airflow_pipeline.py
[2025-07-26T19:39:33.498+0000] {processor.py:830} INFO - Processing file /opt/airflow/dags/airflow_pipeline.py for tasks to queue
[2025-07-26T19:39:33.500+0000] {logging_mixin.py:188} INFO - [2025-07-26T19:39:33.499+0000] {dagbag.py:538} INFO - Filling up the DagBag from /opt/airflow/dags/airflow_pipeline.py
[2025-07-26T19:39:33.527+0000] {processor.py:840} INFO - DAG(s) 'pl001_ingest_crypto_postgres' retrieved from /opt/airflow/dags/airflow_pipeline.py
[2025-07-26T19:39:33.569+0000] {logging_mixin.py:188} INFO - [2025-07-26T19:39:33.568+0000] {dag.py:3036} INFO - Sync 1 DAGs
[2025-07-26T19:39:33.585+0000] {logging_mixin.py:188} INFO - [2025-07-26T19:39:33.585+0000] {dag.py:3823} INFO - Setting next_dagrun for pl001_ingest_crypto_postgres to None, run_after=None
[2025-07-26T19:39:33.631+0000] {processor.py:183} INFO - Processing /opt/airflow/dags/airflow_pipeline.py took 0.139 seconds
[2025-07-26T19:40:04.134+0000] {processor.py:161} INFO - Started process (PID=2342) to work on /opt/airflow/dags/airflow_pipeline.py
[2025-07-26T19:40:04.142+0000] {processor.py:830} INFO - Processing file /opt/airflow/dags/airflow_pipeline.py for tasks to queue
[2025-07-26T19:40:04.150+0000] {logging_mixin.py:188} INFO - [2025-07-26T19:40:04.148+0000] {dagbag.py:538} INFO - Filling up the DagBag from /opt/airflow/dags/airflow_pipeline.py
[2025-07-26T19:40:04.372+0000] {processor.py:840} INFO - DAG(s) 'pl001_ingest_crypto_postgres' retrieved from /opt/airflow/dags/airflow_pipeline.py
[2025-07-26T19:40:05.004+0000] {logging_mixin.py:188} INFO - [2025-07-26T19:40:04.994+0000] {dag.py:3036} INFO - Sync 1 DAGs
[2025-07-26T19:40:05.409+0000] {logging_mixin.py:188} INFO - [2025-07-26T19:40:05.408+0000] {dag.py:3823} INFO - Setting next_dagrun for pl001_ingest_crypto_postgres to None, run_after=None
[2025-07-26T19:40:05.467+0000] {processor.py:183} INFO - Processing /opt/airflow/dags/airflow_pipeline.py took 1.361 seconds
[2025-07-26T19:40:36.038+0000] {processor.py:161} INFO - Started process (PID=2347) to work on /opt/airflow/dags/airflow_pipeline.py
[2025-07-26T19:40:36.039+0000] {processor.py:830} INFO - Processing file /opt/airflow/dags/airflow_pipeline.py for tasks to queue
[2025-07-26T19:40:36.041+0000] {logging_mixin.py:188} INFO - [2025-07-26T19:40:36.040+0000] {dagbag.py:538} INFO - Filling up the DagBag from /opt/airflow/dags/airflow_pipeline.py
[2025-07-26T19:40:36.069+0000] {processor.py:840} INFO - DAG(s) 'pl001_ingest_crypto_postgres' retrieved from /opt/airflow/dags/airflow_pipeline.py
[2025-07-26T19:40:36.109+0000] {logging_mixin.py:188} INFO - [2025-07-26T19:40:36.109+0000] {dag.py:3036} INFO - Sync 1 DAGs
[2025-07-26T19:40:36.125+0000] {logging_mixin.py:188} INFO - [2025-07-26T19:40:36.125+0000] {dag.py:3823} INFO - Setting next_dagrun for pl001_ingest_crypto_postgres to None, run_after=None
[2025-07-26T19:40:36.152+0000] {processor.py:183} INFO - Processing /opt/airflow/dags/airflow_pipeline.py took 0.121 seconds
[2025-07-26T19:41:06.564+0000] {processor.py:161} INFO - Started process (PID=2352) to work on /opt/airflow/dags/airflow_pipeline.py
[2025-07-26T19:41:06.569+0000] {processor.py:830} INFO - Processing file /opt/airflow/dags/airflow_pipeline.py for tasks to queue
[2025-07-26T19:41:06.574+0000] {logging_mixin.py:188} INFO - [2025-07-26T19:41:06.573+0000] {dagbag.py:538} INFO - Filling up the DagBag from /opt/airflow/dags/airflow_pipeline.py
[2025-07-26T19:41:06.626+0000] {processor.py:840} INFO - DAG(s) 'pl001_ingest_crypto_postgres' retrieved from /opt/airflow/dags/airflow_pipeline.py
[2025-07-26T19:41:06.719+0000] {logging_mixin.py:188} INFO - [2025-07-26T19:41:06.718+0000] {dag.py:3036} INFO - Sync 1 DAGs
[2025-07-26T19:41:06.759+0000] {logging_mixin.py:188} INFO - [2025-07-26T19:41:06.759+0000] {dag.py:3823} INFO - Setting next_dagrun for pl001_ingest_crypto_postgres to None, run_after=None
[2025-07-26T19:41:06.844+0000] {processor.py:183} INFO - Processing /opt/airflow/dags/airflow_pipeline.py took 0.290 seconds
[2025-07-26T19:41:37.758+0000] {processor.py:161} INFO - Started process (PID=2357) to work on /opt/airflow/dags/airflow_pipeline.py
[2025-07-26T19:41:37.767+0000] {processor.py:830} INFO - Processing file /opt/airflow/dags/airflow_pipeline.py for tasks to queue
[2025-07-26T19:41:37.776+0000] {logging_mixin.py:188} INFO - [2025-07-26T19:41:37.774+0000] {dagbag.py:538} INFO - Filling up the DagBag from /opt/airflow/dags/airflow_pipeline.py
[2025-07-26T19:41:37.863+0000] {processor.py:840} INFO - DAG(s) 'pl001_ingest_crypto_postgres' retrieved from /opt/airflow/dags/airflow_pipeline.py
[2025-07-26T19:41:37.976+0000] {logging_mixin.py:188} INFO - [2025-07-26T19:41:37.975+0000] {dag.py:3036} INFO - Sync 1 DAGs
[2025-07-26T19:41:38.016+0000] {logging_mixin.py:188} INFO - [2025-07-26T19:41:38.016+0000] {dag.py:3823} INFO - Setting next_dagrun for pl001_ingest_crypto_postgres to None, run_after=None
[2025-07-26T19:41:38.079+0000] {processor.py:183} INFO - Processing /opt/airflow/dags/airflow_pipeline.py took 0.393 seconds
[2025-07-26T19:42:08.505+0000] {processor.py:161} INFO - Started process (PID=2362) to work on /opt/airflow/dags/airflow_pipeline.py
[2025-07-26T19:42:08.506+0000] {processor.py:830} INFO - Processing file /opt/airflow/dags/airflow_pipeline.py for tasks to queue
[2025-07-26T19:42:08.508+0000] {logging_mixin.py:188} INFO - [2025-07-26T19:42:08.507+0000] {dagbag.py:538} INFO - Filling up the DagBag from /opt/airflow/dags/airflow_pipeline.py
[2025-07-26T19:42:08.533+0000] {processor.py:840} INFO - DAG(s) 'pl001_ingest_crypto_postgres' retrieved from /opt/airflow/dags/airflow_pipeline.py
[2025-07-26T19:42:08.571+0000] {logging_mixin.py:188} INFO - [2025-07-26T19:42:08.571+0000] {dag.py:3036} INFO - Sync 1 DAGs
[2025-07-26T19:42:08.586+0000] {logging_mixin.py:188} INFO - [2025-07-26T19:42:08.585+0000] {dag.py:3823} INFO - Setting next_dagrun for pl001_ingest_crypto_postgres to None, run_after=None
[2025-07-26T19:42:08.613+0000] {processor.py:183} INFO - Processing /opt/airflow/dags/airflow_pipeline.py took 0.113 seconds
[2025-07-26T19:42:38.876+0000] {processor.py:161} INFO - Started process (PID=2367) to work on /opt/airflow/dags/airflow_pipeline.py
[2025-07-26T19:42:38.879+0000] {processor.py:830} INFO - Processing file /opt/airflow/dags/airflow_pipeline.py for tasks to queue
[2025-07-26T19:42:38.881+0000] {logging_mixin.py:188} INFO - [2025-07-26T19:42:38.880+0000] {dagbag.py:538} INFO - Filling up the DagBag from /opt/airflow/dags/airflow_pipeline.py
[2025-07-26T19:42:38.918+0000] {processor.py:840} INFO - DAG(s) 'pl001_ingest_crypto_postgres' retrieved from /opt/airflow/dags/airflow_pipeline.py
[2025-07-26T19:42:38.983+0000] {logging_mixin.py:188} INFO - [2025-07-26T19:42:38.983+0000] {dag.py:3036} INFO - Sync 1 DAGs
[2025-07-26T19:42:39.007+0000] {logging_mixin.py:188} INFO - [2025-07-26T19:42:39.007+0000] {dag.py:3823} INFO - Setting next_dagrun for pl001_ingest_crypto_postgres to None, run_after=None
[2025-07-26T19:42:39.045+0000] {processor.py:183} INFO - Processing /opt/airflow/dags/airflow_pipeline.py took 0.175 seconds
[2025-07-26T19:43:09.325+0000] {processor.py:161} INFO - Started process (PID=2372) to work on /opt/airflow/dags/airflow_pipeline.py
[2025-07-26T19:43:09.328+0000] {processor.py:830} INFO - Processing file /opt/airflow/dags/airflow_pipeline.py for tasks to queue
[2025-07-26T19:43:09.330+0000] {logging_mixin.py:188} INFO - [2025-07-26T19:43:09.329+0000] {dagbag.py:538} INFO - Filling up the DagBag from /opt/airflow/dags/airflow_pipeline.py
[2025-07-26T19:43:09.356+0000] {processor.py:840} INFO - DAG(s) 'pl001_ingest_crypto_postgres' retrieved from /opt/airflow/dags/airflow_pipeline.py
[2025-07-26T19:43:09.395+0000] {logging_mixin.py:188} INFO - [2025-07-26T19:43:09.394+0000] {dag.py:3036} INFO - Sync 1 DAGs
[2025-07-26T19:43:09.409+0000] {logging_mixin.py:188} INFO - [2025-07-26T19:43:09.409+0000] {dag.py:3823} INFO - Setting next_dagrun for pl001_ingest_crypto_postgres to None, run_after=None
[2025-07-26T19:43:09.436+0000] {processor.py:183} INFO - Processing /opt/airflow/dags/airflow_pipeline.py took 0.117 seconds
[2025-07-26T19:43:40.103+0000] {processor.py:161} INFO - Started process (PID=2377) to work on /opt/airflow/dags/airflow_pipeline.py
[2025-07-26T19:43:40.110+0000] {processor.py:830} INFO - Processing file /opt/airflow/dags/airflow_pipeline.py for tasks to queue
[2025-07-26T19:43:40.116+0000] {logging_mixin.py:188} INFO - [2025-07-26T19:43:40.115+0000] {dagbag.py:538} INFO - Filling up the DagBag from /opt/airflow/dags/airflow_pipeline.py
[2025-07-26T19:43:40.276+0000] {processor.py:840} INFO - DAG(s) 'pl001_ingest_crypto_postgres' retrieved from /opt/airflow/dags/airflow_pipeline.py
[2025-07-26T19:43:41.035+0000] {logging_mixin.py:188} INFO - [2025-07-26T19:43:41.033+0000] {dag.py:3036} INFO - Sync 1 DAGs
[2025-07-26T19:43:41.222+0000] {logging_mixin.py:188} INFO - [2025-07-26T19:43:41.220+0000] {dag.py:3823} INFO - Setting next_dagrun for pl001_ingest_crypto_postgres to None, run_after=None
[2025-07-26T19:43:41.526+0000] {processor.py:183} INFO - Processing /opt/airflow/dags/airflow_pipeline.py took 1.447 seconds
[2025-07-26T19:44:15.541+0000] {processor.py:161} INFO - Started process (PID=2382) to work on /opt/airflow/dags/airflow_pipeline.py
[2025-07-26T19:44:15.591+0000] {processor.py:830} INFO - Processing file /opt/airflow/dags/airflow_pipeline.py for tasks to queue
[2025-07-26T19:44:15.608+0000] {logging_mixin.py:188} INFO - [2025-07-26T19:44:15.608+0000] {dagbag.py:538} INFO - Filling up the DagBag from /opt/airflow/dags/airflow_pipeline.py
[2025-07-26T19:44:16.225+0000] {processor.py:840} INFO - DAG(s) 'pl001_ingest_crypto_postgres' retrieved from /opt/airflow/dags/airflow_pipeline.py
[2025-07-26T19:44:16.442+0000] {logging_mixin.py:188} INFO - [2025-07-26T19:44:16.441+0000] {dag.py:3036} INFO - Sync 1 DAGs
[2025-07-26T19:44:16.550+0000] {logging_mixin.py:188} INFO - [2025-07-26T19:44:16.550+0000] {dag.py:3823} INFO - Setting next_dagrun for pl001_ingest_crypto_postgres to None, run_after=None
[2025-07-26T19:44:16.676+0000] {processor.py:183} INFO - Processing /opt/airflow/dags/airflow_pipeline.py took 1.141 seconds
[2025-07-26T19:44:41.770+0000] {processor.py:161} INFO - Started process (PID=2387) to work on /opt/airflow/dags/airflow_pipeline.py
[2025-07-26T19:44:41.787+0000] {processor.py:830} INFO - Processing file /opt/airflow/dags/airflow_pipeline.py for tasks to queue
[2025-07-26T19:44:41.792+0000] {logging_mixin.py:188} INFO - [2025-07-26T19:44:41.791+0000] {dagbag.py:538} INFO - Filling up the DagBag from /opt/airflow/dags/airflow_pipeline.py
[2025-07-26T19:44:41.982+0000] {processor.py:840} INFO - DAG(s) 'pl001_ingest_crypto_postgres' retrieved from /opt/airflow/dags/airflow_pipeline.py
[2025-07-26T19:44:46.315+0000] {logging_mixin.py:188} INFO - [2025-07-26T19:44:46.300+0000] {dag.py:3036} INFO - Sync 1 DAGs
[2025-07-26T19:44:46.435+0000] {logging_mixin.py:188} INFO - [2025-07-26T19:44:46.435+0000] {dag.py:3823} INFO - Setting next_dagrun for pl001_ingest_crypto_postgres to None, run_after=None
[2025-07-26T19:44:46.903+0000] {processor.py:183} INFO - Processing /opt/airflow/dags/airflow_pipeline.py took 5.151 seconds
[2025-07-26T19:45:17.239+0000] {processor.py:161} INFO - Started process (PID=2400) to work on /opt/airflow/dags/airflow_pipeline.py
[2025-07-26T19:45:17.241+0000] {processor.py:830} INFO - Processing file /opt/airflow/dags/airflow_pipeline.py for tasks to queue
[2025-07-26T19:45:17.243+0000] {logging_mixin.py:188} INFO - [2025-07-26T19:45:17.242+0000] {dagbag.py:538} INFO - Filling up the DagBag from /opt/airflow/dags/airflow_pipeline.py
[2025-07-26T19:45:17.268+0000] {processor.py:840} INFO - DAG(s) 'pl001_ingest_crypto_postgres' retrieved from /opt/airflow/dags/airflow_pipeline.py
[2025-07-26T19:45:17.450+0000] {logging_mixin.py:188} INFO - [2025-07-26T19:45:17.450+0000] {dag.py:3036} INFO - Sync 1 DAGs
[2025-07-26T19:45:17.467+0000] {logging_mixin.py:188} INFO - [2025-07-26T19:45:17.466+0000] {dag.py:3823} INFO - Setting next_dagrun for pl001_ingest_crypto_postgres to None, run_after=None
[2025-07-26T19:45:17.495+0000] {processor.py:183} INFO - Processing /opt/airflow/dags/airflow_pipeline.py took 0.269 seconds
[2025-07-26T19:45:47.717+0000] {processor.py:161} INFO - Started process (PID=2405) to work on /opt/airflow/dags/airflow_pipeline.py
[2025-07-26T19:45:47.719+0000] {processor.py:830} INFO - Processing file /opt/airflow/dags/airflow_pipeline.py for tasks to queue
[2025-07-26T19:45:47.722+0000] {logging_mixin.py:188} INFO - [2025-07-26T19:45:47.721+0000] {dagbag.py:538} INFO - Filling up the DagBag from /opt/airflow/dags/airflow_pipeline.py
[2025-07-26T19:45:47.748+0000] {processor.py:840} INFO - DAG(s) 'pl001_ingest_crypto_postgres' retrieved from /opt/airflow/dags/airflow_pipeline.py
[2025-07-26T19:45:47.793+0000] {logging_mixin.py:188} INFO - [2025-07-26T19:45:47.793+0000] {dag.py:3036} INFO - Sync 1 DAGs
[2025-07-26T19:45:47.812+0000] {logging_mixin.py:188} INFO - [2025-07-26T19:45:47.812+0000] {dag.py:3823} INFO - Setting next_dagrun for pl001_ingest_crypto_postgres to None, run_after=None
[2025-07-26T19:45:47.844+0000] {processor.py:183} INFO - Processing /opt/airflow/dags/airflow_pipeline.py took 0.133 seconds
[2025-07-26T19:46:18.116+0000] {processor.py:161} INFO - Started process (PID=2410) to work on /opt/airflow/dags/airflow_pipeline.py
[2025-07-26T19:46:18.120+0000] {processor.py:830} INFO - Processing file /opt/airflow/dags/airflow_pipeline.py for tasks to queue
[2025-07-26T19:46:18.122+0000] {logging_mixin.py:188} INFO - [2025-07-26T19:46:18.121+0000] {dagbag.py:538} INFO - Filling up the DagBag from /opt/airflow/dags/airflow_pipeline.py
[2025-07-26T19:46:18.169+0000] {processor.py:840} INFO - DAG(s) 'pl001_ingest_crypto_postgres' retrieved from /opt/airflow/dags/airflow_pipeline.py
[2025-07-26T19:46:18.216+0000] {logging_mixin.py:188} INFO - [2025-07-26T19:46:18.216+0000] {dag.py:3036} INFO - Sync 1 DAGs
[2025-07-26T19:46:18.233+0000] {logging_mixin.py:188} INFO - [2025-07-26T19:46:18.232+0000] {dag.py:3823} INFO - Setting next_dagrun for pl001_ingest_crypto_postgres to None, run_after=None
[2025-07-26T19:46:18.261+0000] {processor.py:183} INFO - Processing /opt/airflow/dags/airflow_pipeline.py took 0.153 seconds
[2025-07-26T19:46:48.481+0000] {processor.py:161} INFO - Started process (PID=2415) to work on /opt/airflow/dags/airflow_pipeline.py
[2025-07-26T19:46:48.485+0000] {processor.py:830} INFO - Processing file /opt/airflow/dags/airflow_pipeline.py for tasks to queue
[2025-07-26T19:46:48.488+0000] {logging_mixin.py:188} INFO - [2025-07-26T19:46:48.487+0000] {dagbag.py:538} INFO - Filling up the DagBag from /opt/airflow/dags/airflow_pipeline.py
[2025-07-26T19:46:48.576+0000] {processor.py:840} INFO - DAG(s) 'pl001_ingest_crypto_postgres' retrieved from /opt/airflow/dags/airflow_pipeline.py
[2025-07-26T19:46:48.824+0000] {logging_mixin.py:188} INFO - [2025-07-26T19:46:48.823+0000] {dag.py:3036} INFO - Sync 1 DAGs
[2025-07-26T19:46:49.095+0000] {logging_mixin.py:188} INFO - [2025-07-26T19:46:49.094+0000] {dag.py:3823} INFO - Setting next_dagrun for pl001_ingest_crypto_postgres to None, run_after=None
[2025-07-26T19:46:49.249+0000] {processor.py:183} INFO - Processing /opt/airflow/dags/airflow_pipeline.py took 0.787 seconds
[2025-07-26T19:47:19.872+0000] {processor.py:161} INFO - Started process (PID=2420) to work on /opt/airflow/dags/airflow_pipeline.py
[2025-07-26T19:47:19.883+0000] {processor.py:830} INFO - Processing file /opt/airflow/dags/airflow_pipeline.py for tasks to queue
[2025-07-26T19:47:19.889+0000] {logging_mixin.py:188} INFO - [2025-07-26T19:47:19.887+0000] {dagbag.py:538} INFO - Filling up the DagBag from /opt/airflow/dags/airflow_pipeline.py
[2025-07-26T19:47:19.971+0000] {processor.py:840} INFO - DAG(s) 'pl001_ingest_crypto_postgres' retrieved from /opt/airflow/dags/airflow_pipeline.py
[2025-07-26T19:47:20.062+0000] {logging_mixin.py:188} INFO - [2025-07-26T19:47:20.062+0000] {dag.py:3036} INFO - Sync 1 DAGs
[2025-07-26T19:47:20.107+0000] {logging_mixin.py:188} INFO - [2025-07-26T19:47:20.106+0000] {dag.py:3823} INFO - Setting next_dagrun for pl001_ingest_crypto_postgres to None, run_after=None
[2025-07-26T19:47:20.159+0000] {processor.py:183} INFO - Processing /opt/airflow/dags/airflow_pipeline.py took 0.324 seconds
[2025-07-26T19:47:50.468+0000] {processor.py:161} INFO - Started process (PID=2425) to work on /opt/airflow/dags/airflow_pipeline.py
[2025-07-26T19:47:50.471+0000] {processor.py:830} INFO - Processing file /opt/airflow/dags/airflow_pipeline.py for tasks to queue
[2025-07-26T19:47:50.484+0000] {logging_mixin.py:188} INFO - [2025-07-26T19:47:50.483+0000] {dagbag.py:538} INFO - Filling up the DagBag from /opt/airflow/dags/airflow_pipeline.py
[2025-07-26T19:47:50.563+0000] {processor.py:840} INFO - DAG(s) 'pl001_ingest_crypto_postgres' retrieved from /opt/airflow/dags/airflow_pipeline.py
[2025-07-26T19:47:50.781+0000] {logging_mixin.py:188} INFO - [2025-07-26T19:47:50.780+0000] {dag.py:3036} INFO - Sync 1 DAGs
[2025-07-26T19:47:50.841+0000] {logging_mixin.py:188} INFO - [2025-07-26T19:47:50.841+0000] {dag.py:3823} INFO - Setting next_dagrun for pl001_ingest_crypto_postgres to None, run_after=None
[2025-07-26T19:47:50.943+0000] {processor.py:183} INFO - Processing /opt/airflow/dags/airflow_pipeline.py took 0.492 seconds
[2025-07-26T19:48:21.490+0000] {processor.py:161} INFO - Started process (PID=2430) to work on /opt/airflow/dags/airflow_pipeline.py
[2025-07-26T19:48:21.492+0000] {processor.py:830} INFO - Processing file /opt/airflow/dags/airflow_pipeline.py for tasks to queue
[2025-07-26T19:48:21.494+0000] {logging_mixin.py:188} INFO - [2025-07-26T19:48:21.493+0000] {dagbag.py:538} INFO - Filling up the DagBag from /opt/airflow/dags/airflow_pipeline.py
[2025-07-26T19:48:21.537+0000] {processor.py:840} INFO - DAG(s) 'pl001_ingest_crypto_postgres' retrieved from /opt/airflow/dags/airflow_pipeline.py
[2025-07-26T19:48:21.598+0000] {logging_mixin.py:188} INFO - [2025-07-26T19:48:21.597+0000] {dag.py:3036} INFO - Sync 1 DAGs
[2025-07-26T19:48:21.632+0000] {logging_mixin.py:188} INFO - [2025-07-26T19:48:21.631+0000] {dag.py:3823} INFO - Setting next_dagrun for pl001_ingest_crypto_postgres to None, run_after=None
[2025-07-26T19:48:21.675+0000] {processor.py:183} INFO - Processing /opt/airflow/dags/airflow_pipeline.py took 0.193 seconds
[2025-07-26T19:48:52.563+0000] {processor.py:161} INFO - Started process (PID=2435) to work on /opt/airflow/dags/airflow_pipeline.py
[2025-07-26T19:48:52.565+0000] {processor.py:830} INFO - Processing file /opt/airflow/dags/airflow_pipeline.py for tasks to queue
[2025-07-26T19:48:52.567+0000] {logging_mixin.py:188} INFO - [2025-07-26T19:48:52.567+0000] {dagbag.py:538} INFO - Filling up the DagBag from /opt/airflow/dags/airflow_pipeline.py
[2025-07-26T19:48:52.609+0000] {processor.py:840} INFO - DAG(s) 'pl001_ingest_crypto_postgres' retrieved from /opt/airflow/dags/airflow_pipeline.py
[2025-07-26T19:48:52.649+0000] {logging_mixin.py:188} INFO - [2025-07-26T19:48:52.649+0000] {dag.py:3036} INFO - Sync 1 DAGs
[2025-07-26T19:48:52.665+0000] {logging_mixin.py:188} INFO - [2025-07-26T19:48:52.665+0000] {dag.py:3823} INFO - Setting next_dagrun for pl001_ingest_crypto_postgres to None, run_after=None
[2025-07-26T19:48:52.693+0000] {processor.py:183} INFO - Processing /opt/airflow/dags/airflow_pipeline.py took 0.138 seconds
[2025-07-26T19:49:23.384+0000] {processor.py:161} INFO - Started process (PID=2440) to work on /opt/airflow/dags/airflow_pipeline.py
[2025-07-26T19:49:23.388+0000] {processor.py:830} INFO - Processing file /opt/airflow/dags/airflow_pipeline.py for tasks to queue
[2025-07-26T19:49:23.394+0000] {logging_mixin.py:188} INFO - [2025-07-26T19:49:23.392+0000] {dagbag.py:538} INFO - Filling up the DagBag from /opt/airflow/dags/airflow_pipeline.py
[2025-07-26T19:49:23.445+0000] {processor.py:840} INFO - DAG(s) 'pl001_ingest_crypto_postgres' retrieved from /opt/airflow/dags/airflow_pipeline.py
[2025-07-26T19:49:23.501+0000] {logging_mixin.py:188} INFO - [2025-07-26T19:49:23.500+0000] {dag.py:3036} INFO - Sync 1 DAGs
[2025-07-26T19:49:23.558+0000] {logging_mixin.py:188} INFO - [2025-07-26T19:49:23.557+0000] {dag.py:3823} INFO - Setting next_dagrun for pl001_ingest_crypto_postgres to None, run_after=None
[2025-07-26T19:49:23.631+0000] {processor.py:183} INFO - Processing /opt/airflow/dags/airflow_pipeline.py took 0.251 seconds
[2025-07-26T19:49:54.146+0000] {processor.py:161} INFO - Started process (PID=2445) to work on /opt/airflow/dags/airflow_pipeline.py
[2025-07-26T19:49:54.149+0000] {processor.py:830} INFO - Processing file /opt/airflow/dags/airflow_pipeline.py for tasks to queue
[2025-07-26T19:49:54.150+0000] {logging_mixin.py:188} INFO - [2025-07-26T19:49:54.150+0000] {dagbag.py:538} INFO - Filling up the DagBag from /opt/airflow/dags/airflow_pipeline.py
[2025-07-26T19:49:54.237+0000] {processor.py:840} INFO - DAG(s) 'pl001_ingest_crypto_postgres' retrieved from /opt/airflow/dags/airflow_pipeline.py
[2025-07-26T19:49:54.413+0000] {logging_mixin.py:188} INFO - [2025-07-26T19:49:54.412+0000] {dag.py:3036} INFO - Sync 1 DAGs
[2025-07-26T19:49:54.457+0000] {logging_mixin.py:188} INFO - [2025-07-26T19:49:54.456+0000] {dag.py:3823} INFO - Setting next_dagrun for pl001_ingest_crypto_postgres to None, run_after=None
[2025-07-26T19:49:54.505+0000] {processor.py:183} INFO - Processing /opt/airflow/dags/airflow_pipeline.py took 0.363 seconds
[2025-07-26T19:50:24.844+0000] {processor.py:161} INFO - Started process (PID=2450) to work on /opt/airflow/dags/airflow_pipeline.py
[2025-07-26T19:50:24.847+0000] {processor.py:830} INFO - Processing file /opt/airflow/dags/airflow_pipeline.py for tasks to queue
[2025-07-26T19:50:24.850+0000] {logging_mixin.py:188} INFO - [2025-07-26T19:50:24.849+0000] {dagbag.py:538} INFO - Filling up the DagBag from /opt/airflow/dags/airflow_pipeline.py
[2025-07-26T19:50:24.889+0000] {processor.py:840} INFO - DAG(s) 'pl001_ingest_crypto_postgres' retrieved from /opt/airflow/dags/airflow_pipeline.py
[2025-07-26T19:50:24.943+0000] {logging_mixin.py:188} INFO - [2025-07-26T19:50:24.943+0000] {dag.py:3036} INFO - Sync 1 DAGs
[2025-07-26T19:50:24.960+0000] {logging_mixin.py:188} INFO - [2025-07-26T19:50:24.960+0000] {dag.py:3823} INFO - Setting next_dagrun for pl001_ingest_crypto_postgres to None, run_after=None
[2025-07-26T19:50:24.989+0000] {processor.py:183} INFO - Processing /opt/airflow/dags/airflow_pipeline.py took 0.159 seconds
[2025-07-26T19:50:39.285+0000] {processor.py:161} INFO - Started process (PID=2455) to work on /opt/airflow/dags/airflow_pipeline.py
[2025-07-26T19:50:39.287+0000] {processor.py:830} INFO - Processing file /opt/airflow/dags/airflow_pipeline.py for tasks to queue
[2025-07-26T19:50:39.288+0000] {logging_mixin.py:188} INFO - [2025-07-26T19:50:39.288+0000] {dagbag.py:538} INFO - Filling up the DagBag from /opt/airflow/dags/airflow_pipeline.py
[2025-07-26T19:50:39.336+0000] {processor.py:840} INFO - DAG(s) 'pl001_ingest_crypto_postgres' retrieved from /opt/airflow/dags/airflow_pipeline.py
[2025-07-26T19:50:39.388+0000] {logging_mixin.py:188} INFO - [2025-07-26T19:50:39.388+0000] {dag.py:3036} INFO - Sync 1 DAGs
[2025-07-26T19:50:39.404+0000] {logging_mixin.py:188} INFO - [2025-07-26T19:50:39.404+0000] {dag.py:3823} INFO - Setting next_dagrun for pl001_ingest_crypto_postgres to None, run_after=None
[2025-07-26T19:50:39.441+0000] {processor.py:183} INFO - Processing /opt/airflow/dags/airflow_pipeline.py took 0.161 seconds
[2025-07-26T19:51:10.433+0000] {processor.py:161} INFO - Started process (PID=2460) to work on /opt/airflow/dags/airflow_pipeline.py
[2025-07-26T19:51:10.435+0000] {processor.py:830} INFO - Processing file /opt/airflow/dags/airflow_pipeline.py for tasks to queue
[2025-07-26T19:51:10.436+0000] {logging_mixin.py:188} INFO - [2025-07-26T19:51:10.436+0000] {dagbag.py:538} INFO - Filling up the DagBag from /opt/airflow/dags/airflow_pipeline.py
[2025-07-26T19:51:10.470+0000] {processor.py:840} INFO - DAG(s) 'pl001_ingest_crypto_postgres' retrieved from /opt/airflow/dags/airflow_pipeline.py
[2025-07-26T19:51:10.531+0000] {logging_mixin.py:188} INFO - [2025-07-26T19:51:10.530+0000] {dag.py:3036} INFO - Sync 1 DAGs
[2025-07-26T19:51:10.551+0000] {logging_mixin.py:188} INFO - [2025-07-26T19:51:10.550+0000] {dag.py:3823} INFO - Setting next_dagrun for pl001_ingest_crypto_postgres to None, run_after=None
[2025-07-26T19:51:10.586+0000] {processor.py:183} INFO - Processing /opt/airflow/dags/airflow_pipeline.py took 0.158 seconds
[2025-07-26T19:51:40.679+0000] {processor.py:161} INFO - Started process (PID=2472) to work on /opt/airflow/dags/airflow_pipeline.py
[2025-07-26T19:51:40.680+0000] {processor.py:830} INFO - Processing file /opt/airflow/dags/airflow_pipeline.py for tasks to queue
[2025-07-26T19:51:40.682+0000] {logging_mixin.py:188} INFO - [2025-07-26T19:51:40.681+0000] {dagbag.py:538} INFO - Filling up the DagBag from /opt/airflow/dags/airflow_pipeline.py
[2025-07-26T19:51:40.716+0000] {processor.py:840} INFO - DAG(s) 'pl001_ingest_crypto_postgres' retrieved from /opt/airflow/dags/airflow_pipeline.py
[2025-07-26T19:51:40.769+0000] {logging_mixin.py:188} INFO - [2025-07-26T19:51:40.769+0000] {dag.py:3036} INFO - Sync 1 DAGs
[2025-07-26T19:51:40.795+0000] {logging_mixin.py:188} INFO - [2025-07-26T19:51:40.794+0000] {dag.py:3823} INFO - Setting next_dagrun for pl001_ingest_crypto_postgres to None, run_after=None
[2025-07-26T19:51:40.838+0000] {processor.py:183} INFO - Processing /opt/airflow/dags/airflow_pipeline.py took 0.164 seconds
[2025-07-26T19:52:11.072+0000] {processor.py:161} INFO - Started process (PID=2477) to work on /opt/airflow/dags/airflow_pipeline.py
[2025-07-26T19:52:11.075+0000] {processor.py:830} INFO - Processing file /opt/airflow/dags/airflow_pipeline.py for tasks to queue
[2025-07-26T19:52:11.078+0000] {logging_mixin.py:188} INFO - [2025-07-26T19:52:11.077+0000] {dagbag.py:538} INFO - Filling up the DagBag from /opt/airflow/dags/airflow_pipeline.py
[2025-07-26T19:52:11.103+0000] {processor.py:840} INFO - DAG(s) 'pl001_ingest_crypto_postgres' retrieved from /opt/airflow/dags/airflow_pipeline.py
[2025-07-26T19:52:11.144+0000] {logging_mixin.py:188} INFO - [2025-07-26T19:52:11.143+0000] {dag.py:3036} INFO - Sync 1 DAGs
[2025-07-26T19:52:11.159+0000] {logging_mixin.py:188} INFO - [2025-07-26T19:52:11.159+0000] {dag.py:3823} INFO - Setting next_dagrun for pl001_ingest_crypto_postgres to None, run_after=None
[2025-07-26T19:52:11.188+0000] {processor.py:183} INFO - Processing /opt/airflow/dags/airflow_pipeline.py took 0.122 seconds
[2025-07-26T19:52:41.608+0000] {processor.py:161} INFO - Started process (PID=2482) to work on /opt/airflow/dags/airflow_pipeline.py
[2025-07-26T19:52:41.628+0000] {processor.py:830} INFO - Processing file /opt/airflow/dags/airflow_pipeline.py for tasks to queue
[2025-07-26T19:52:41.639+0000] {logging_mixin.py:188} INFO - [2025-07-26T19:52:41.638+0000] {dagbag.py:538} INFO - Filling up the DagBag from /opt/airflow/dags/airflow_pipeline.py
[2025-07-26T19:52:41.746+0000] {processor.py:840} INFO - DAG(s) 'pl001_ingest_crypto_postgres' retrieved from /opt/airflow/dags/airflow_pipeline.py
[2025-07-26T19:52:41.980+0000] {logging_mixin.py:188} INFO - [2025-07-26T19:52:41.979+0000] {dag.py:3036} INFO - Sync 1 DAGs
[2025-07-26T19:52:42.006+0000] {logging_mixin.py:188} INFO - [2025-07-26T19:52:42.006+0000] {dag.py:3823} INFO - Setting next_dagrun for pl001_ingest_crypto_postgres to None, run_after=None
[2025-07-26T19:52:42.048+0000] {processor.py:183} INFO - Processing /opt/airflow/dags/airflow_pipeline.py took 0.509 seconds
[2025-07-26T19:53:12.686+0000] {processor.py:161} INFO - Started process (PID=2487) to work on /opt/airflow/dags/airflow_pipeline.py
[2025-07-26T19:53:12.705+0000] {processor.py:830} INFO - Processing file /opt/airflow/dags/airflow_pipeline.py for tasks to queue
[2025-07-26T19:53:12.719+0000] {logging_mixin.py:188} INFO - [2025-07-26T19:53:12.711+0000] {dagbag.py:538} INFO - Filling up the DagBag from /opt/airflow/dags/airflow_pipeline.py
[2025-07-26T19:53:12.929+0000] {processor.py:840} INFO - DAG(s) 'pl001_ingest_crypto_postgres' retrieved from /opt/airflow/dags/airflow_pipeline.py
[2025-07-26T19:53:13.194+0000] {logging_mixin.py:188} INFO - [2025-07-26T19:53:13.193+0000] {dag.py:3036} INFO - Sync 1 DAGs
[2025-07-26T19:53:13.333+0000] {logging_mixin.py:188} INFO - [2025-07-26T19:53:13.332+0000] {dag.py:3823} INFO - Setting next_dagrun for pl001_ingest_crypto_postgres to None, run_after=None
[2025-07-26T19:53:13.405+0000] {processor.py:183} INFO - Processing /opt/airflow/dags/airflow_pipeline.py took 0.830 seconds
[2025-07-26T19:53:43.848+0000] {processor.py:161} INFO - Started process (PID=2492) to work on /opt/airflow/dags/airflow_pipeline.py
[2025-07-26T19:53:43.849+0000] {processor.py:830} INFO - Processing file /opt/airflow/dags/airflow_pipeline.py for tasks to queue
[2025-07-26T19:53:43.850+0000] {logging_mixin.py:188} INFO - [2025-07-26T19:53:43.850+0000] {dagbag.py:538} INFO - Filling up the DagBag from /opt/airflow/dags/airflow_pipeline.py
[2025-07-26T19:53:43.875+0000] {processor.py:840} INFO - DAG(s) 'pl001_ingest_crypto_postgres' retrieved from /opt/airflow/dags/airflow_pipeline.py
[2025-07-26T19:53:43.937+0000] {logging_mixin.py:188} INFO - [2025-07-26T19:53:43.936+0000] {dag.py:3036} INFO - Sync 1 DAGs
[2025-07-26T19:53:44.058+0000] {logging_mixin.py:188} INFO - [2025-07-26T19:53:44.057+0000] {dag.py:3823} INFO - Setting next_dagrun for pl001_ingest_crypto_postgres to None, run_after=None
[2025-07-26T19:53:44.110+0000] {processor.py:183} INFO - Processing /opt/airflow/dags/airflow_pipeline.py took 0.267 seconds
[2025-07-26T19:54:14.254+0000] {processor.py:161} INFO - Started process (PID=2516) to work on /opt/airflow/dags/airflow_pipeline.py
[2025-07-26T19:54:14.256+0000] {processor.py:830} INFO - Processing file /opt/airflow/dags/airflow_pipeline.py for tasks to queue
[2025-07-26T19:54:14.258+0000] {logging_mixin.py:188} INFO - [2025-07-26T19:54:14.257+0000] {dagbag.py:538} INFO - Filling up the DagBag from /opt/airflow/dags/airflow_pipeline.py
[2025-07-26T19:54:14.287+0000] {processor.py:840} INFO - DAG(s) 'pl001_ingest_crypto_postgres' retrieved from /opt/airflow/dags/airflow_pipeline.py
[2025-07-26T19:54:14.332+0000] {logging_mixin.py:188} INFO - [2025-07-26T19:54:14.332+0000] {dag.py:3036} INFO - Sync 1 DAGs
[2025-07-26T19:54:14.351+0000] {logging_mixin.py:188} INFO - [2025-07-26T19:54:14.351+0000] {dag.py:3823} INFO - Setting next_dagrun for pl001_ingest_crypto_postgres to None, run_after=None
[2025-07-26T19:54:14.380+0000] {processor.py:183} INFO - Processing /opt/airflow/dags/airflow_pipeline.py took 0.131 seconds
[2025-07-26T19:54:44.762+0000] {processor.py:161} INFO - Started process (PID=2521) to work on /opt/airflow/dags/airflow_pipeline.py
[2025-07-26T19:54:44.763+0000] {processor.py:830} INFO - Processing file /opt/airflow/dags/airflow_pipeline.py for tasks to queue
[2025-07-26T19:54:44.765+0000] {logging_mixin.py:188} INFO - [2025-07-26T19:54:44.765+0000] {dagbag.py:538} INFO - Filling up the DagBag from /opt/airflow/dags/airflow_pipeline.py
[2025-07-26T19:54:44.797+0000] {processor.py:840} INFO - DAG(s) 'pl001_ingest_crypto_postgres' retrieved from /opt/airflow/dags/airflow_pipeline.py
[2025-07-26T19:54:44.870+0000] {logging_mixin.py:188} INFO - [2025-07-26T19:54:44.870+0000] {dag.py:3036} INFO - Sync 1 DAGs
[2025-07-26T19:54:44.890+0000] {logging_mixin.py:188} INFO - [2025-07-26T19:54:44.890+0000] {dag.py:3823} INFO - Setting next_dagrun for pl001_ingest_crypto_postgres to None, run_after=None
[2025-07-26T19:54:44.922+0000] {processor.py:183} INFO - Processing /opt/airflow/dags/airflow_pipeline.py took 0.166 seconds
[2025-07-26T19:55:15.197+0000] {processor.py:161} INFO - Started process (PID=2526) to work on /opt/airflow/dags/airflow_pipeline.py
[2025-07-26T19:55:15.199+0000] {processor.py:830} INFO - Processing file /opt/airflow/dags/airflow_pipeline.py for tasks to queue
[2025-07-26T19:55:15.203+0000] {logging_mixin.py:188} INFO - [2025-07-26T19:55:15.202+0000] {dagbag.py:538} INFO - Filling up the DagBag from /opt/airflow/dags/airflow_pipeline.py
[2025-07-26T19:55:15.274+0000] {processor.py:840} INFO - DAG(s) 'pl001_ingest_crypto_postgres' retrieved from /opt/airflow/dags/airflow_pipeline.py
[2025-07-26T19:55:15.322+0000] {logging_mixin.py:188} INFO - [2025-07-26T19:55:15.322+0000] {dag.py:3036} INFO - Sync 1 DAGs
[2025-07-26T19:55:15.348+0000] {logging_mixin.py:188} INFO - [2025-07-26T19:55:15.348+0000] {dag.py:3823} INFO - Setting next_dagrun for pl001_ingest_crypto_postgres to None, run_after=None
[2025-07-26T19:55:15.381+0000] {processor.py:183} INFO - Processing /opt/airflow/dags/airflow_pipeline.py took 0.195 seconds
[2025-07-26T19:55:45.628+0000] {processor.py:161} INFO - Started process (PID=2531) to work on /opt/airflow/dags/airflow_pipeline.py
[2025-07-26T19:55:45.631+0000] {processor.py:830} INFO - Processing file /opt/airflow/dags/airflow_pipeline.py for tasks to queue
[2025-07-26T19:55:45.633+0000] {logging_mixin.py:188} INFO - [2025-07-26T19:55:45.632+0000] {dagbag.py:538} INFO - Filling up the DagBag from /opt/airflow/dags/airflow_pipeline.py
[2025-07-26T19:55:45.663+0000] {processor.py:840} INFO - DAG(s) 'pl001_ingest_crypto_postgres' retrieved from /opt/airflow/dags/airflow_pipeline.py
[2025-07-26T19:55:45.702+0000] {logging_mixin.py:188} INFO - [2025-07-26T19:55:45.702+0000] {dag.py:3036} INFO - Sync 1 DAGs
[2025-07-26T19:55:45.718+0000] {logging_mixin.py:188} INFO - [2025-07-26T19:55:45.718+0000] {dag.py:3823} INFO - Setting next_dagrun for pl001_ingest_crypto_postgres to None, run_after=None
[2025-07-26T19:55:45.745+0000] {processor.py:183} INFO - Processing /opt/airflow/dags/airflow_pipeline.py took 0.124 seconds
[2025-07-26T19:56:16.018+0000] {processor.py:161} INFO - Started process (PID=2536) to work on /opt/airflow/dags/airflow_pipeline.py
[2025-07-26T19:56:16.020+0000] {processor.py:830} INFO - Processing file /opt/airflow/dags/airflow_pipeline.py for tasks to queue
[2025-07-26T19:56:16.022+0000] {logging_mixin.py:188} INFO - [2025-07-26T19:56:16.021+0000] {dagbag.py:538} INFO - Filling up the DagBag from /opt/airflow/dags/airflow_pipeline.py
[2025-07-26T19:56:16.048+0000] {processor.py:840} INFO - DAG(s) 'pl001_ingest_crypto_postgres' retrieved from /opt/airflow/dags/airflow_pipeline.py
[2025-07-26T19:56:16.095+0000] {logging_mixin.py:188} INFO - [2025-07-26T19:56:16.095+0000] {dag.py:3036} INFO - Sync 1 DAGs
[2025-07-26T19:56:16.112+0000] {logging_mixin.py:188} INFO - [2025-07-26T19:56:16.111+0000] {dag.py:3823} INFO - Setting next_dagrun for pl001_ingest_crypto_postgres to None, run_after=None
[2025-07-26T19:56:16.140+0000] {processor.py:183} INFO - Processing /opt/airflow/dags/airflow_pipeline.py took 0.128 seconds
[2025-07-26T19:56:46.454+0000] {processor.py:161} INFO - Started process (PID=2541) to work on /opt/airflow/dags/airflow_pipeline.py
[2025-07-26T19:56:46.456+0000] {processor.py:830} INFO - Processing file /opt/airflow/dags/airflow_pipeline.py for tasks to queue
[2025-07-26T19:56:46.458+0000] {logging_mixin.py:188} INFO - [2025-07-26T19:56:46.457+0000] {dagbag.py:538} INFO - Filling up the DagBag from /opt/airflow/dags/airflow_pipeline.py
[2025-07-26T19:56:46.491+0000] {processor.py:840} INFO - DAG(s) 'pl001_ingest_crypto_postgres' retrieved from /opt/airflow/dags/airflow_pipeline.py
[2025-07-26T19:56:46.547+0000] {logging_mixin.py:188} INFO - [2025-07-26T19:56:46.547+0000] {dag.py:3036} INFO - Sync 1 DAGs
[2025-07-26T19:56:46.574+0000] {logging_mixin.py:188} INFO - [2025-07-26T19:56:46.573+0000] {dag.py:3823} INFO - Setting next_dagrun for pl001_ingest_crypto_postgres to None, run_after=None
[2025-07-26T19:56:46.623+0000] {processor.py:183} INFO - Processing /opt/airflow/dags/airflow_pipeline.py took 0.177 seconds
[2025-07-26T19:57:16.926+0000] {processor.py:161} INFO - Started process (PID=2546) to work on /opt/airflow/dags/airflow_pipeline.py
[2025-07-26T19:57:16.932+0000] {processor.py:830} INFO - Processing file /opt/airflow/dags/airflow_pipeline.py for tasks to queue
[2025-07-26T19:57:16.935+0000] {logging_mixin.py:188} INFO - [2025-07-26T19:57:16.935+0000] {dagbag.py:538} INFO - Filling up the DagBag from /opt/airflow/dags/airflow_pipeline.py
[2025-07-26T19:57:16.991+0000] {processor.py:840} INFO - DAG(s) 'pl001_ingest_crypto_postgres' retrieved from /opt/airflow/dags/airflow_pipeline.py
[2025-07-26T19:57:17.090+0000] {logging_mixin.py:188} INFO - [2025-07-26T19:57:17.089+0000] {dag.py:3036} INFO - Sync 1 DAGs
[2025-07-26T19:57:17.117+0000] {logging_mixin.py:188} INFO - [2025-07-26T19:57:17.116+0000] {dag.py:3823} INFO - Setting next_dagrun for pl001_ingest_crypto_postgres to None, run_after=None
[2025-07-26T19:57:17.154+0000] {processor.py:183} INFO - Processing /opt/airflow/dags/airflow_pipeline.py took 0.240 seconds
[2025-07-26T19:57:49.097+0000] {processor.py:161} INFO - Started process (PID=2551) to work on /opt/airflow/dags/airflow_pipeline.py
[2025-07-26T19:57:49.120+0000] {processor.py:830} INFO - Processing file /opt/airflow/dags/airflow_pipeline.py for tasks to queue
[2025-07-26T19:57:49.139+0000] {logging_mixin.py:188} INFO - [2025-07-26T19:57:49.137+0000] {dagbag.py:538} INFO - Filling up the DagBag from /opt/airflow/dags/airflow_pipeline.py
[2025-07-26T19:57:50.310+0000] {processor.py:840} INFO - DAG(s) 'pl001_ingest_crypto_postgres' retrieved from /opt/airflow/dags/airflow_pipeline.py
[2025-07-26T19:57:51.227+0000] {logging_mixin.py:188} INFO - [2025-07-26T19:57:51.226+0000] {dag.py:3036} INFO - Sync 1 DAGs
[2025-07-26T19:57:51.526+0000] {logging_mixin.py:188} INFO - [2025-07-26T19:57:51.514+0000] {dag.py:3823} INFO - Setting next_dagrun for pl001_ingest_crypto_postgres to None, run_after=None
[2025-07-26T19:57:52.378+0000] {processor.py:183} INFO - Processing /opt/airflow/dags/airflow_pipeline.py took 3.296 seconds
[2025-07-26T22:58:04.474+0000] {processor.py:161} INFO - Started process (PID=2556) to work on /opt/airflow/dags/airflow_pipeline.py
[2025-07-26T22:58:04.601+0000] {processor.py:830} INFO - Processing file /opt/airflow/dags/airflow_pipeline.py for tasks to queue
[2025-07-26T22:58:04.634+0000] {logging_mixin.py:188} INFO - [2025-07-26T22:58:04.630+0000] {dagbag.py:538} INFO - Filling up the DagBag from /opt/airflow/dags/airflow_pipeline.py
[2025-07-26T22:58:06.138+0000] {processor.py:840} INFO - DAG(s) 'pl001_ingest_crypto_postgres' retrieved from /opt/airflow/dags/airflow_pipeline.py
[2025-07-26T22:58:06.547+0000] {logging_mixin.py:188} INFO - [2025-07-26T22:58:06.546+0000] {dag.py:3036} INFO - Sync 1 DAGs
[2025-07-26T22:58:06.637+0000] {logging_mixin.py:188} INFO - [2025-07-26T22:58:06.636+0000] {dag.py:3823} INFO - Setting next_dagrun for pl001_ingest_crypto_postgres to None, run_after=None
[2025-07-26T22:58:06.710+0000] {processor.py:183} INFO - Processing /opt/airflow/dags/airflow_pipeline.py took 2.555 seconds
