[2025-07-25T12:25:05.709+0000] {processor.py:161} INFO - Started process (PID=2340) to work on /opt/airflow/dags/airflow_pipeline.py
[2025-07-25T12:25:05.712+0000] {processor.py:830} INFO - Processing file /opt/airflow/dags/airflow_pipeline.py for tasks to queue
[2025-07-25T12:25:05.715+0000] {logging_mixin.py:188} INFO - [2025-07-25T12:25:05.714+0000] {dagbag.py:538} INFO - Filling up the DagBag from /opt/airflow/dags/airflow_pipeline.py
[2025-07-25T12:25:05.782+0000] {processor.py:840} INFO - DAG(s) 'test_etl_001' retrieved from /opt/airflow/dags/airflow_pipeline.py
[2025-07-25T12:25:06.108+0000] {logging_mixin.py:188} INFO - [2025-07-25T12:25:06.107+0000] {dag.py:3036} INFO - Sync 1 DAGs
[2025-07-25T12:25:06.157+0000] {logging_mixin.py:188} INFO - [2025-07-25T12:25:06.156+0000] {dag.py:3058} INFO - Creating ORM DAG for test_etl_001
[2025-07-25T12:25:06.167+0000] {logging_mixin.py:188} INFO - [2025-07-25T12:25:06.167+0000] {dag.py:3823} INFO - Setting next_dagrun for test_etl_001 to None, run_after=None
[2025-07-25T12:25:06.236+0000] {processor.py:183} INFO - Processing /opt/airflow/dags/airflow_pipeline.py took 0.535 seconds
[2025-07-25T12:25:08.942+0000] {processor.py:161} INFO - Started process (PID=2345) to work on /opt/airflow/dags/airflow_pipeline.py
[2025-07-25T12:25:08.958+0000] {processor.py:830} INFO - Processing file /opt/airflow/dags/airflow_pipeline.py for tasks to queue
[2025-07-25T12:25:08.981+0000] {logging_mixin.py:188} INFO - [2025-07-25T12:25:08.970+0000] {dagbag.py:538} INFO - Filling up the DagBag from /opt/airflow/dags/airflow_pipeline.py
[2025-07-25T12:25:09.291+0000] {processor.py:840} INFO - DAG(s) 'test_etl_001' retrieved from /opt/airflow/dags/airflow_pipeline.py
[2025-07-25T12:25:09.690+0000] {logging_mixin.py:188} INFO - [2025-07-25T12:25:09.689+0000] {dag.py:3036} INFO - Sync 1 DAGs
[2025-07-25T12:25:10.271+0000] {logging_mixin.py:188} INFO - [2025-07-25T12:25:10.269+0000] {dag.py:3823} INFO - Setting next_dagrun for test_etl_001 to None, run_after=None
[2025-07-25T12:25:11.017+0000] {processor.py:183} INFO - Processing /opt/airflow/dags/airflow_pipeline.py took 2.111 seconds
[2025-07-25T12:25:41.132+0000] {processor.py:161} INFO - Started process (PID=2350) to work on /opt/airflow/dags/airflow_pipeline.py
[2025-07-25T12:25:41.134+0000] {processor.py:830} INFO - Processing file /opt/airflow/dags/airflow_pipeline.py for tasks to queue
[2025-07-25T12:25:41.138+0000] {logging_mixin.py:188} INFO - [2025-07-25T12:25:41.137+0000] {dagbag.py:538} INFO - Filling up the DagBag from /opt/airflow/dags/airflow_pipeline.py
[2025-07-25T12:25:41.189+0000] {processor.py:840} INFO - DAG(s) 'test_etl_001' retrieved from /opt/airflow/dags/airflow_pipeline.py
[2025-07-25T12:25:41.251+0000] {logging_mixin.py:188} INFO - [2025-07-25T12:25:41.251+0000] {dag.py:3036} INFO - Sync 1 DAGs
[2025-07-25T12:25:41.281+0000] {logging_mixin.py:188} INFO - [2025-07-25T12:25:41.281+0000] {dag.py:3823} INFO - Setting next_dagrun for test_etl_001 to None, run_after=None
[2025-07-25T12:25:41.312+0000] {processor.py:183} INFO - Processing /opt/airflow/dags/airflow_pipeline.py took 0.186 seconds
[2025-07-25T12:26:12.131+0000] {processor.py:161} INFO - Started process (PID=2355) to work on /opt/airflow/dags/airflow_pipeline.py
[2025-07-25T12:26:12.147+0000] {processor.py:830} INFO - Processing file /opt/airflow/dags/airflow_pipeline.py for tasks to queue
[2025-07-25T12:26:12.166+0000] {logging_mixin.py:188} INFO - [2025-07-25T12:26:12.163+0000] {dagbag.py:538} INFO - Filling up the DagBag from /opt/airflow/dags/airflow_pipeline.py
[2025-07-25T12:26:12.867+0000] {processor.py:840} INFO - DAG(s) 'test_etl_001' retrieved from /opt/airflow/dags/airflow_pipeline.py
[2025-07-25T12:26:12.973+0000] {logging_mixin.py:188} INFO - [2025-07-25T12:26:12.973+0000] {dag.py:3036} INFO - Sync 1 DAGs
[2025-07-25T12:26:13.035+0000] {logging_mixin.py:188} INFO - [2025-07-25T12:26:13.034+0000] {dag.py:3823} INFO - Setting next_dagrun for test_etl_001 to None, run_after=None
[2025-07-25T12:26:13.125+0000] {processor.py:183} INFO - Processing /opt/airflow/dags/airflow_pipeline.py took 1.032 seconds
[2025-07-25T12:26:15.119+0000] {processor.py:161} INFO - Started process (PID=2360) to work on /opt/airflow/dags/airflow_pipeline.py
[2025-07-25T12:26:15.121+0000] {processor.py:830} INFO - Processing file /opt/airflow/dags/airflow_pipeline.py for tasks to queue
[2025-07-25T12:26:15.128+0000] {logging_mixin.py:188} INFO - [2025-07-25T12:26:15.125+0000] {dagbag.py:538} INFO - Filling up the DagBag from /opt/airflow/dags/airflow_pipeline.py
[2025-07-25T12:26:15.181+0000] {processor.py:840} INFO - DAG(s) 'pl001_ingest_crypto_postgres' retrieved from /opt/airflow/dags/airflow_pipeline.py
[2025-07-25T12:26:15.553+0000] {logging_mixin.py:188} INFO - [2025-07-25T12:26:15.551+0000] {override.py:1769} INFO - Created Permission View: can edit on DAG:pl001_ingest_crypto_postgres
[2025-07-25T12:26:15.585+0000] {logging_mixin.py:188} INFO - [2025-07-25T12:26:15.584+0000] {override.py:1769} INFO - Created Permission View: can read on DAG:pl001_ingest_crypto_postgres
[2025-07-25T12:26:15.610+0000] {logging_mixin.py:188} INFO - [2025-07-25T12:26:15.609+0000] {override.py:1769} INFO - Created Permission View: can delete on DAG:pl001_ingest_crypto_postgres
[2025-07-25T12:26:15.612+0000] {logging_mixin.py:188} INFO - [2025-07-25T12:26:15.611+0000] {dag.py:3036} INFO - Sync 1 DAGs
[2025-07-25T12:26:15.645+0000] {logging_mixin.py:188} INFO - [2025-07-25T12:26:15.645+0000] {dag.py:3058} INFO - Creating ORM DAG for pl001_ingest_crypto_postgres
[2025-07-25T12:26:15.647+0000] {logging_mixin.py:188} INFO - [2025-07-25T12:26:15.647+0000] {dag.py:3823} INFO - Setting next_dagrun for pl001_ingest_crypto_postgres to None, run_after=None
[2025-07-25T12:26:15.694+0000] {processor.py:183} INFO - Processing /opt/airflow/dags/airflow_pipeline.py took 0.583 seconds
[2025-07-25T12:26:23.604+0000] {processor.py:161} INFO - Started process (PID=2365) to work on /opt/airflow/dags/airflow_pipeline.py
[2025-07-25T12:26:23.607+0000] {processor.py:830} INFO - Processing file /opt/airflow/dags/airflow_pipeline.py for tasks to queue
[2025-07-25T12:26:23.617+0000] {logging_mixin.py:188} INFO - [2025-07-25T12:26:23.610+0000] {dagbag.py:538} INFO - Filling up the DagBag from /opt/airflow/dags/airflow_pipeline.py
[2025-07-25T12:26:23.699+0000] {processor.py:840} INFO - DAG(s) 'pl001_ingest_crypto_postgres' retrieved from /opt/airflow/dags/airflow_pipeline.py
[2025-07-25T12:26:23.809+0000] {logging_mixin.py:188} INFO - [2025-07-25T12:26:23.808+0000] {dag.py:3036} INFO - Sync 1 DAGs
[2025-07-25T12:26:23.873+0000] {logging_mixin.py:188} INFO - [2025-07-25T12:26:23.872+0000] {dag.py:3823} INFO - Setting next_dagrun for pl001_ingest_crypto_postgres to None, run_after=None
[2025-07-25T12:26:23.926+0000] {processor.py:183} INFO - Processing /opt/airflow/dags/airflow_pipeline.py took 0.341 seconds
[2025-07-25T12:26:54.670+0000] {processor.py:161} INFO - Started process (PID=2370) to work on /opt/airflow/dags/airflow_pipeline.py
[2025-07-25T12:26:54.671+0000] {processor.py:830} INFO - Processing file /opt/airflow/dags/airflow_pipeline.py for tasks to queue
[2025-07-25T12:26:54.674+0000] {logging_mixin.py:188} INFO - [2025-07-25T12:26:54.673+0000] {dagbag.py:538} INFO - Filling up the DagBag from /opt/airflow/dags/airflow_pipeline.py
[2025-07-25T12:26:54.704+0000] {processor.py:840} INFO - DAG(s) 'pl001_ingest_crypto_postgres' retrieved from /opt/airflow/dags/airflow_pipeline.py
[2025-07-25T12:26:54.743+0000] {logging_mixin.py:188} INFO - [2025-07-25T12:26:54.743+0000] {dag.py:3036} INFO - Sync 1 DAGs
[2025-07-25T12:26:54.760+0000] {logging_mixin.py:188} INFO - [2025-07-25T12:26:54.760+0000] {dag.py:3823} INFO - Setting next_dagrun for pl001_ingest_crypto_postgres to None, run_after=None
[2025-07-25T12:26:54.790+0000] {processor.py:183} INFO - Processing /opt/airflow/dags/airflow_pipeline.py took 0.126 seconds
[2025-07-25T12:27:25.443+0000] {processor.py:161} INFO - Started process (PID=2382) to work on /opt/airflow/dags/airflow_pipeline.py
[2025-07-25T12:27:25.445+0000] {processor.py:830} INFO - Processing file /opt/airflow/dags/airflow_pipeline.py for tasks to queue
[2025-07-25T12:27:25.447+0000] {logging_mixin.py:188} INFO - [2025-07-25T12:27:25.446+0000] {dagbag.py:538} INFO - Filling up the DagBag from /opt/airflow/dags/airflow_pipeline.py
[2025-07-25T12:27:25.471+0000] {processor.py:840} INFO - DAG(s) 'pl001_ingest_crypto_postgres' retrieved from /opt/airflow/dags/airflow_pipeline.py
[2025-07-25T12:27:25.521+0000] {logging_mixin.py:188} INFO - [2025-07-25T12:27:25.520+0000] {dag.py:3036} INFO - Sync 1 DAGs
[2025-07-25T12:27:25.563+0000] {logging_mixin.py:188} INFO - [2025-07-25T12:27:25.563+0000] {dag.py:3823} INFO - Setting next_dagrun for pl001_ingest_crypto_postgres to None, run_after=None
[2025-07-25T12:27:25.672+0000] {processor.py:183} INFO - Processing /opt/airflow/dags/airflow_pipeline.py took 0.235 seconds
[2025-07-25T12:27:56.187+0000] {processor.py:161} INFO - Started process (PID=2387) to work on /opt/airflow/dags/airflow_pipeline.py
[2025-07-25T12:27:56.203+0000] {processor.py:830} INFO - Processing file /opt/airflow/dags/airflow_pipeline.py for tasks to queue
[2025-07-25T12:27:56.228+0000] {logging_mixin.py:188} INFO - [2025-07-25T12:27:56.227+0000] {dagbag.py:538} INFO - Filling up the DagBag from /opt/airflow/dags/airflow_pipeline.py
[2025-07-25T12:27:56.311+0000] {processor.py:840} INFO - DAG(s) 'pl001_ingest_crypto_postgres' retrieved from /opt/airflow/dags/airflow_pipeline.py
[2025-07-25T12:27:56.355+0000] {logging_mixin.py:188} INFO - [2025-07-25T12:27:56.355+0000] {dag.py:3036} INFO - Sync 1 DAGs
[2025-07-25T12:27:56.435+0000] {logging_mixin.py:188} INFO - [2025-07-25T12:27:56.434+0000] {dag.py:3823} INFO - Setting next_dagrun for pl001_ingest_crypto_postgres to None, run_after=None
[2025-07-25T12:27:56.483+0000] {processor.py:183} INFO - Processing /opt/airflow/dags/airflow_pipeline.py took 0.304 seconds
[2025-07-25T12:28:26.606+0000] {processor.py:161} INFO - Started process (PID=2392) to work on /opt/airflow/dags/airflow_pipeline.py
[2025-07-25T12:28:26.609+0000] {processor.py:830} INFO - Processing file /opt/airflow/dags/airflow_pipeline.py for tasks to queue
[2025-07-25T12:28:26.611+0000] {logging_mixin.py:188} INFO - [2025-07-25T12:28:26.610+0000] {dagbag.py:538} INFO - Filling up the DagBag from /opt/airflow/dags/airflow_pipeline.py
[2025-07-25T12:28:26.665+0000] {processor.py:840} INFO - DAG(s) 'pl001_ingest_crypto_postgres' retrieved from /opt/airflow/dags/airflow_pipeline.py
[2025-07-25T12:28:26.765+0000] {logging_mixin.py:188} INFO - [2025-07-25T12:28:26.764+0000] {dag.py:3036} INFO - Sync 1 DAGs
[2025-07-25T12:28:26.795+0000] {logging_mixin.py:188} INFO - [2025-07-25T12:28:26.794+0000] {dag.py:3823} INFO - Setting next_dagrun for pl001_ingest_crypto_postgres to None, run_after=None
[2025-07-25T12:28:26.870+0000] {processor.py:183} INFO - Processing /opt/airflow/dags/airflow_pipeline.py took 0.276 seconds
[2025-07-25T12:28:57.317+0000] {processor.py:161} INFO - Started process (PID=2397) to work on /opt/airflow/dags/airflow_pipeline.py
[2025-07-25T12:28:57.320+0000] {processor.py:830} INFO - Processing file /opt/airflow/dags/airflow_pipeline.py for tasks to queue
[2025-07-25T12:28:57.329+0000] {logging_mixin.py:188} INFO - [2025-07-25T12:28:57.329+0000] {dagbag.py:538} INFO - Filling up the DagBag from /opt/airflow/dags/airflow_pipeline.py
[2025-07-25T12:28:57.383+0000] {processor.py:840} INFO - DAG(s) 'pl001_ingest_crypto_postgres' retrieved from /opt/airflow/dags/airflow_pipeline.py
[2025-07-25T12:28:57.453+0000] {logging_mixin.py:188} INFO - [2025-07-25T12:28:57.452+0000] {dag.py:3036} INFO - Sync 1 DAGs
[2025-07-25T12:28:57.486+0000] {logging_mixin.py:188} INFO - [2025-07-25T12:28:57.486+0000] {dag.py:3823} INFO - Setting next_dagrun for pl001_ingest_crypto_postgres to None, run_after=None
[2025-07-25T12:28:57.535+0000] {processor.py:183} INFO - Processing /opt/airflow/dags/airflow_pipeline.py took 0.224 seconds
[2025-07-25T12:29:27.773+0000] {processor.py:161} INFO - Started process (PID=2402) to work on /opt/airflow/dags/airflow_pipeline.py
[2025-07-25T12:29:27.776+0000] {processor.py:830} INFO - Processing file /opt/airflow/dags/airflow_pipeline.py for tasks to queue
[2025-07-25T12:29:27.781+0000] {logging_mixin.py:188} INFO - [2025-07-25T12:29:27.779+0000] {dagbag.py:538} INFO - Filling up the DagBag from /opt/airflow/dags/airflow_pipeline.py
[2025-07-25T12:29:27.841+0000] {processor.py:840} INFO - DAG(s) 'pl001_ingest_crypto_postgres' retrieved from /opt/airflow/dags/airflow_pipeline.py
[2025-07-25T12:29:27.922+0000] {logging_mixin.py:188} INFO - [2025-07-25T12:29:27.922+0000] {dag.py:3036} INFO - Sync 1 DAGs
[2025-07-25T12:29:27.960+0000] {logging_mixin.py:188} INFO - [2025-07-25T12:29:27.960+0000] {dag.py:3823} INFO - Setting next_dagrun for pl001_ingest_crypto_postgres to None, run_after=None
[2025-07-25T12:29:28.009+0000] {processor.py:183} INFO - Processing /opt/airflow/dags/airflow_pipeline.py took 0.248 seconds
[2025-07-25T12:29:58.118+0000] {processor.py:161} INFO - Started process (PID=2407) to work on /opt/airflow/dags/airflow_pipeline.py
[2025-07-25T12:29:58.121+0000] {processor.py:830} INFO - Processing file /opt/airflow/dags/airflow_pipeline.py for tasks to queue
[2025-07-25T12:29:58.125+0000] {logging_mixin.py:188} INFO - [2025-07-25T12:29:58.124+0000] {dagbag.py:538} INFO - Filling up the DagBag from /opt/airflow/dags/airflow_pipeline.py
[2025-07-25T12:29:58.170+0000] {processor.py:840} INFO - DAG(s) 'pl001_ingest_crypto_postgres' retrieved from /opt/airflow/dags/airflow_pipeline.py
[2025-07-25T12:29:58.274+0000] {logging_mixin.py:188} INFO - [2025-07-25T12:29:58.273+0000] {dag.py:3036} INFO - Sync 1 DAGs
[2025-07-25T12:29:58.295+0000] {logging_mixin.py:188} INFO - [2025-07-25T12:29:58.295+0000] {dag.py:3823} INFO - Setting next_dagrun for pl001_ingest_crypto_postgres to None, run_after=None
[2025-07-25T12:29:58.331+0000] {processor.py:183} INFO - Processing /opt/airflow/dags/airflow_pipeline.py took 0.223 seconds
[2025-07-25T12:30:28.634+0000] {processor.py:161} INFO - Started process (PID=2412) to work on /opt/airflow/dags/airflow_pipeline.py
[2025-07-25T12:30:28.636+0000] {processor.py:830} INFO - Processing file /opt/airflow/dags/airflow_pipeline.py for tasks to queue
[2025-07-25T12:30:28.638+0000] {logging_mixin.py:188} INFO - [2025-07-25T12:30:28.638+0000] {dagbag.py:538} INFO - Filling up the DagBag from /opt/airflow/dags/airflow_pipeline.py
[2025-07-25T12:30:28.675+0000] {processor.py:840} INFO - DAG(s) 'pl001_ingest_crypto_postgres' retrieved from /opt/airflow/dags/airflow_pipeline.py
[2025-07-25T12:30:28.718+0000] {logging_mixin.py:188} INFO - [2025-07-25T12:30:28.718+0000] {dag.py:3036} INFO - Sync 1 DAGs
[2025-07-25T12:30:28.735+0000] {logging_mixin.py:188} INFO - [2025-07-25T12:30:28.734+0000] {dag.py:3823} INFO - Setting next_dagrun for pl001_ingest_crypto_postgres to None, run_after=None
[2025-07-25T12:30:28.762+0000] {processor.py:183} INFO - Processing /opt/airflow/dags/airflow_pipeline.py took 0.135 seconds
[2025-07-25T12:30:59.185+0000] {processor.py:161} INFO - Started process (PID=2417) to work on /opt/airflow/dags/airflow_pipeline.py
[2025-07-25T12:30:59.187+0000] {processor.py:830} INFO - Processing file /opt/airflow/dags/airflow_pipeline.py for tasks to queue
[2025-07-25T12:30:59.189+0000] {logging_mixin.py:188} INFO - [2025-07-25T12:30:59.188+0000] {dagbag.py:538} INFO - Filling up the DagBag from /opt/airflow/dags/airflow_pipeline.py
[2025-07-25T12:30:59.221+0000] {processor.py:840} INFO - DAG(s) 'pl001_ingest_crypto_postgres' retrieved from /opt/airflow/dags/airflow_pipeline.py
[2025-07-25T12:30:59.278+0000] {logging_mixin.py:188} INFO - [2025-07-25T12:30:59.278+0000] {dag.py:3036} INFO - Sync 1 DAGs
[2025-07-25T12:30:59.300+0000] {logging_mixin.py:188} INFO - [2025-07-25T12:30:59.299+0000] {dag.py:3823} INFO - Setting next_dagrun for pl001_ingest_crypto_postgres to None, run_after=None
[2025-07-25T12:30:59.326+0000] {processor.py:183} INFO - Processing /opt/airflow/dags/airflow_pipeline.py took 0.146 seconds
[2025-07-25T12:31:29.557+0000] {processor.py:161} INFO - Started process (PID=2422) to work on /opt/airflow/dags/airflow_pipeline.py
[2025-07-25T12:31:29.558+0000] {processor.py:830} INFO - Processing file /opt/airflow/dags/airflow_pipeline.py for tasks to queue
[2025-07-25T12:31:29.560+0000] {logging_mixin.py:188} INFO - [2025-07-25T12:31:29.560+0000] {dagbag.py:538} INFO - Filling up the DagBag from /opt/airflow/dags/airflow_pipeline.py
[2025-07-25T12:31:29.584+0000] {processor.py:840} INFO - DAG(s) 'pl001_ingest_crypto_postgres' retrieved from /opt/airflow/dags/airflow_pipeline.py
[2025-07-25T12:31:29.624+0000] {logging_mixin.py:188} INFO - [2025-07-25T12:31:29.624+0000] {dag.py:3036} INFO - Sync 1 DAGs
[2025-07-25T12:31:29.642+0000] {logging_mixin.py:188} INFO - [2025-07-25T12:31:29.642+0000] {dag.py:3823} INFO - Setting next_dagrun for pl001_ingest_crypto_postgres to None, run_after=None
[2025-07-25T12:31:29.670+0000] {processor.py:183} INFO - Processing /opt/airflow/dags/airflow_pipeline.py took 0.118 seconds
[2025-07-25T12:31:59.941+0000] {processor.py:161} INFO - Started process (PID=2427) to work on /opt/airflow/dags/airflow_pipeline.py
[2025-07-25T12:31:59.943+0000] {processor.py:830} INFO - Processing file /opt/airflow/dags/airflow_pipeline.py for tasks to queue
[2025-07-25T12:31:59.945+0000] {logging_mixin.py:188} INFO - [2025-07-25T12:31:59.944+0000] {dagbag.py:538} INFO - Filling up the DagBag from /opt/airflow/dags/airflow_pipeline.py
[2025-07-25T12:31:59.974+0000] {processor.py:840} INFO - DAG(s) 'pl001_ingest_crypto_postgres' retrieved from /opt/airflow/dags/airflow_pipeline.py
[2025-07-25T12:32:00.059+0000] {logging_mixin.py:188} INFO - [2025-07-25T12:32:00.058+0000] {dag.py:3036} INFO - Sync 1 DAGs
[2025-07-25T12:32:00.083+0000] {logging_mixin.py:188} INFO - [2025-07-25T12:32:00.082+0000] {dag.py:3823} INFO - Setting next_dagrun for pl001_ingest_crypto_postgres to None, run_after=None
[2025-07-25T12:32:00.120+0000] {processor.py:183} INFO - Processing /opt/airflow/dags/airflow_pipeline.py took 0.184 seconds
[2025-07-25T12:32:30.261+0000] {processor.py:161} INFO - Started process (PID=2432) to work on /opt/airflow/dags/airflow_pipeline.py
[2025-07-25T12:32:30.264+0000] {processor.py:830} INFO - Processing file /opt/airflow/dags/airflow_pipeline.py for tasks to queue
[2025-07-25T12:32:30.267+0000] {logging_mixin.py:188} INFO - [2025-07-25T12:32:30.266+0000] {dagbag.py:538} INFO - Filling up the DagBag from /opt/airflow/dags/airflow_pipeline.py
[2025-07-25T12:32:30.306+0000] {processor.py:840} INFO - DAG(s) 'pl001_ingest_crypto_postgres' retrieved from /opt/airflow/dags/airflow_pipeline.py
[2025-07-25T12:32:30.428+0000] {logging_mixin.py:188} INFO - [2025-07-25T12:32:30.427+0000] {dag.py:3036} INFO - Sync 1 DAGs
[2025-07-25T12:32:30.491+0000] {logging_mixin.py:188} INFO - [2025-07-25T12:32:30.490+0000] {dag.py:3823} INFO - Setting next_dagrun for pl001_ingest_crypto_postgres to None, run_after=None
[2025-07-25T12:32:30.618+0000] {processor.py:183} INFO - Processing /opt/airflow/dags/airflow_pipeline.py took 0.365 seconds
[2025-07-25T12:33:00.762+0000] {processor.py:161} INFO - Started process (PID=2437) to work on /opt/airflow/dags/airflow_pipeline.py
[2025-07-25T12:33:00.765+0000] {processor.py:830} INFO - Processing file /opt/airflow/dags/airflow_pipeline.py for tasks to queue
[2025-07-25T12:33:00.783+0000] {logging_mixin.py:188} INFO - [2025-07-25T12:33:00.769+0000] {dagbag.py:538} INFO - Filling up the DagBag from /opt/airflow/dags/airflow_pipeline.py
[2025-07-25T12:33:00.917+0000] {processor.py:840} INFO - DAG(s) 'pl001_ingest_crypto_postgres' retrieved from /opt/airflow/dags/airflow_pipeline.py
[2025-07-25T12:33:01.052+0000] {logging_mixin.py:188} INFO - [2025-07-25T12:33:01.051+0000] {dag.py:3036} INFO - Sync 1 DAGs
[2025-07-25T12:33:01.081+0000] {logging_mixin.py:188} INFO - [2025-07-25T12:33:01.081+0000] {dag.py:3823} INFO - Setting next_dagrun for pl001_ingest_crypto_postgres to None, run_after=None
[2025-07-25T12:33:01.119+0000] {processor.py:183} INFO - Processing /opt/airflow/dags/airflow_pipeline.py took 0.370 seconds
[2025-07-25T12:33:31.322+0000] {processor.py:161} INFO - Started process (PID=2442) to work on /opt/airflow/dags/airflow_pipeline.py
[2025-07-25T12:33:31.324+0000] {processor.py:830} INFO - Processing file /opt/airflow/dags/airflow_pipeline.py for tasks to queue
[2025-07-25T12:33:31.326+0000] {logging_mixin.py:188} INFO - [2025-07-25T12:33:31.326+0000] {dagbag.py:538} INFO - Filling up the DagBag from /opt/airflow/dags/airflow_pipeline.py
[2025-07-25T12:33:31.357+0000] {processor.py:840} INFO - DAG(s) 'pl001_ingest_crypto_postgres' retrieved from /opt/airflow/dags/airflow_pipeline.py
[2025-07-25T12:33:31.405+0000] {logging_mixin.py:188} INFO - [2025-07-25T12:33:31.405+0000] {dag.py:3036} INFO - Sync 1 DAGs
[2025-07-25T12:33:31.428+0000] {logging_mixin.py:188} INFO - [2025-07-25T12:33:31.427+0000] {dag.py:3823} INFO - Setting next_dagrun for pl001_ingest_crypto_postgres to None, run_after=None
[2025-07-25T12:33:31.478+0000] {processor.py:183} INFO - Processing /opt/airflow/dags/airflow_pipeline.py took 0.163 seconds
[2025-07-25T12:34:02.365+0000] {processor.py:161} INFO - Started process (PID=2447) to work on /opt/airflow/dags/airflow_pipeline.py
[2025-07-25T12:34:02.367+0000] {processor.py:830} INFO - Processing file /opt/airflow/dags/airflow_pipeline.py for tasks to queue
[2025-07-25T12:34:02.368+0000] {logging_mixin.py:188} INFO - [2025-07-25T12:34:02.368+0000] {dagbag.py:538} INFO - Filling up the DagBag from /opt/airflow/dags/airflow_pipeline.py
[2025-07-25T12:34:02.402+0000] {processor.py:840} INFO - DAG(s) 'pl001_ingest_crypto_postgres' retrieved from /opt/airflow/dags/airflow_pipeline.py
[2025-07-25T12:34:02.449+0000] {logging_mixin.py:188} INFO - [2025-07-25T12:34:02.448+0000] {dag.py:3036} INFO - Sync 1 DAGs
[2025-07-25T12:34:02.468+0000] {logging_mixin.py:188} INFO - [2025-07-25T12:34:02.468+0000] {dag.py:3823} INFO - Setting next_dagrun for pl001_ingest_crypto_postgres to None, run_after=None
[2025-07-25T12:34:02.503+0000] {processor.py:183} INFO - Processing /opt/airflow/dags/airflow_pipeline.py took 0.144 seconds
[2025-07-25T12:34:32.898+0000] {processor.py:161} INFO - Started process (PID=2452) to work on /opt/airflow/dags/airflow_pipeline.py
[2025-07-25T12:34:32.906+0000] {processor.py:830} INFO - Processing file /opt/airflow/dags/airflow_pipeline.py for tasks to queue
[2025-07-25T12:34:32.920+0000] {logging_mixin.py:188} INFO - [2025-07-25T12:34:32.917+0000] {dagbag.py:538} INFO - Filling up the DagBag from /opt/airflow/dags/airflow_pipeline.py
[2025-07-25T12:34:33.072+0000] {processor.py:840} INFO - DAG(s) 'pl001_ingest_crypto_postgres' retrieved from /opt/airflow/dags/airflow_pipeline.py
[2025-07-25T12:34:33.325+0000] {logging_mixin.py:188} INFO - [2025-07-25T12:34:33.322+0000] {dag.py:3036} INFO - Sync 1 DAGs
[2025-07-25T12:34:33.421+0000] {logging_mixin.py:188} INFO - [2025-07-25T12:34:33.420+0000] {dag.py:3823} INFO - Setting next_dagrun for pl001_ingest_crypto_postgres to None, run_after=None
[2025-07-25T12:34:33.569+0000] {processor.py:183} INFO - Processing /opt/airflow/dags/airflow_pipeline.py took 0.702 seconds
[2025-07-25T12:35:04.015+0000] {processor.py:161} INFO - Started process (PID=2457) to work on /opt/airflow/dags/airflow_pipeline.py
[2025-07-25T12:35:04.017+0000] {processor.py:830} INFO - Processing file /opt/airflow/dags/airflow_pipeline.py for tasks to queue
[2025-07-25T12:35:04.019+0000] {logging_mixin.py:188} INFO - [2025-07-25T12:35:04.019+0000] {dagbag.py:538} INFO - Filling up the DagBag from /opt/airflow/dags/airflow_pipeline.py
[2025-07-25T12:35:04.045+0000] {processor.py:840} INFO - DAG(s) 'pl001_ingest_crypto_postgres' retrieved from /opt/airflow/dags/airflow_pipeline.py
[2025-07-25T12:35:04.086+0000] {logging_mixin.py:188} INFO - [2025-07-25T12:35:04.086+0000] {dag.py:3036} INFO - Sync 1 DAGs
[2025-07-25T12:35:04.102+0000] {logging_mixin.py:188} INFO - [2025-07-25T12:35:04.102+0000] {dag.py:3823} INFO - Setting next_dagrun for pl001_ingest_crypto_postgres to None, run_after=None
[2025-07-25T12:35:04.131+0000] {processor.py:183} INFO - Processing /opt/airflow/dags/airflow_pipeline.py took 0.122 seconds
[2025-07-25T12:35:34.739+0000] {processor.py:161} INFO - Started process (PID=2462) to work on /opt/airflow/dags/airflow_pipeline.py
[2025-07-25T12:35:34.741+0000] {processor.py:830} INFO - Processing file /opt/airflow/dags/airflow_pipeline.py for tasks to queue
[2025-07-25T12:35:34.743+0000] {logging_mixin.py:188} INFO - [2025-07-25T12:35:34.742+0000] {dagbag.py:538} INFO - Filling up the DagBag from /opt/airflow/dags/airflow_pipeline.py
[2025-07-25T12:35:34.782+0000] {processor.py:840} INFO - DAG(s) 'pl001_ingest_crypto_postgres' retrieved from /opt/airflow/dags/airflow_pipeline.py
[2025-07-25T12:35:34.827+0000] {logging_mixin.py:188} INFO - [2025-07-25T12:35:34.826+0000] {dag.py:3036} INFO - Sync 1 DAGs
[2025-07-25T12:35:34.842+0000] {logging_mixin.py:188} INFO - [2025-07-25T12:35:34.842+0000] {dag.py:3823} INFO - Setting next_dagrun for pl001_ingest_crypto_postgres to None, run_after=None
[2025-07-25T12:35:34.869+0000] {processor.py:183} INFO - Processing /opt/airflow/dags/airflow_pipeline.py took 0.135 seconds
[2025-07-25T12:36:05.158+0000] {processor.py:161} INFO - Started process (PID=2467) to work on /opt/airflow/dags/airflow_pipeline.py
[2025-07-25T12:36:05.161+0000] {processor.py:830} INFO - Processing file /opt/airflow/dags/airflow_pipeline.py for tasks to queue
[2025-07-25T12:36:05.163+0000] {logging_mixin.py:188} INFO - [2025-07-25T12:36:05.162+0000] {dagbag.py:538} INFO - Filling up the DagBag from /opt/airflow/dags/airflow_pipeline.py
[2025-07-25T12:36:05.199+0000] {processor.py:840} INFO - DAG(s) 'pl001_ingest_crypto_postgres' retrieved from /opt/airflow/dags/airflow_pipeline.py
[2025-07-25T12:36:05.242+0000] {logging_mixin.py:188} INFO - [2025-07-25T12:36:05.242+0000] {dag.py:3036} INFO - Sync 1 DAGs
[2025-07-25T12:36:05.261+0000] {logging_mixin.py:188} INFO - [2025-07-25T12:36:05.260+0000] {dag.py:3823} INFO - Setting next_dagrun for pl001_ingest_crypto_postgres to None, run_after=None
[2025-07-25T12:36:05.288+0000] {processor.py:183} INFO - Processing /opt/airflow/dags/airflow_pipeline.py took 0.136 seconds
[2025-07-25T12:36:35.518+0000] {processor.py:161} INFO - Started process (PID=2472) to work on /opt/airflow/dags/airflow_pipeline.py
[2025-07-25T12:36:35.520+0000] {processor.py:830} INFO - Processing file /opt/airflow/dags/airflow_pipeline.py for tasks to queue
[2025-07-25T12:36:35.522+0000] {logging_mixin.py:188} INFO - [2025-07-25T12:36:35.521+0000] {dagbag.py:538} INFO - Filling up the DagBag from /opt/airflow/dags/airflow_pipeline.py
[2025-07-25T12:36:35.551+0000] {processor.py:840} INFO - DAG(s) 'pl001_ingest_crypto_postgres' retrieved from /opt/airflow/dags/airflow_pipeline.py
[2025-07-25T12:36:35.601+0000] {logging_mixin.py:188} INFO - [2025-07-25T12:36:35.601+0000] {dag.py:3036} INFO - Sync 1 DAGs
[2025-07-25T12:36:35.624+0000] {logging_mixin.py:188} INFO - [2025-07-25T12:36:35.623+0000] {dag.py:3823} INFO - Setting next_dagrun for pl001_ingest_crypto_postgres to None, run_after=None
[2025-07-25T12:36:35.710+0000] {processor.py:183} INFO - Processing /opt/airflow/dags/airflow_pipeline.py took 0.197 seconds
[2025-07-25T12:37:05.939+0000] {processor.py:161} INFO - Started process (PID=2477) to work on /opt/airflow/dags/airflow_pipeline.py
[2025-07-25T12:37:05.940+0000] {processor.py:830} INFO - Processing file /opt/airflow/dags/airflow_pipeline.py for tasks to queue
[2025-07-25T12:37:05.942+0000] {logging_mixin.py:188} INFO - [2025-07-25T12:37:05.942+0000] {dagbag.py:538} INFO - Filling up the DagBag from /opt/airflow/dags/airflow_pipeline.py
[2025-07-25T12:37:05.980+0000] {processor.py:840} INFO - DAG(s) 'pl001_ingest_crypto_postgres' retrieved from /opt/airflow/dags/airflow_pipeline.py
[2025-07-25T12:37:06.080+0000] {logging_mixin.py:188} INFO - [2025-07-25T12:37:06.080+0000] {dag.py:3036} INFO - Sync 1 DAGs
[2025-07-25T12:37:06.108+0000] {logging_mixin.py:188} INFO - [2025-07-25T12:37:06.107+0000] {dag.py:3823} INFO - Setting next_dagrun for pl001_ingest_crypto_postgres to None, run_after=None
[2025-07-25T12:37:06.140+0000] {processor.py:183} INFO - Processing /opt/airflow/dags/airflow_pipeline.py took 0.207 seconds
[2025-07-25T12:37:36.590+0000] {processor.py:161} INFO - Started process (PID=2482) to work on /opt/airflow/dags/airflow_pipeline.py
[2025-07-25T12:37:36.592+0000] {processor.py:830} INFO - Processing file /opt/airflow/dags/airflow_pipeline.py for tasks to queue
[2025-07-25T12:37:36.593+0000] {logging_mixin.py:188} INFO - [2025-07-25T12:37:36.593+0000] {dagbag.py:538} INFO - Filling up the DagBag from /opt/airflow/dags/airflow_pipeline.py
[2025-07-25T12:37:36.619+0000] {processor.py:840} INFO - DAG(s) 'pl001_ingest_crypto_postgres' retrieved from /opt/airflow/dags/airflow_pipeline.py
[2025-07-25T12:37:36.657+0000] {logging_mixin.py:188} INFO - [2025-07-25T12:37:36.657+0000] {dag.py:3036} INFO - Sync 1 DAGs
[2025-07-25T12:37:36.675+0000] {logging_mixin.py:188} INFO - [2025-07-25T12:37:36.675+0000] {dag.py:3823} INFO - Setting next_dagrun for pl001_ingest_crypto_postgres to None, run_after=None
[2025-07-25T12:37:36.702+0000] {processor.py:183} INFO - Processing /opt/airflow/dags/airflow_pipeline.py took 0.116 seconds
[2025-07-25T12:38:07.305+0000] {processor.py:161} INFO - Started process (PID=2487) to work on /opt/airflow/dags/airflow_pipeline.py
[2025-07-25T12:38:07.306+0000] {processor.py:830} INFO - Processing file /opt/airflow/dags/airflow_pipeline.py for tasks to queue
[2025-07-25T12:38:07.308+0000] {logging_mixin.py:188} INFO - [2025-07-25T12:38:07.308+0000] {dagbag.py:538} INFO - Filling up the DagBag from /opt/airflow/dags/airflow_pipeline.py
[2025-07-25T12:38:07.331+0000] {processor.py:840} INFO - DAG(s) 'pl001_ingest_crypto_postgres' retrieved from /opt/airflow/dags/airflow_pipeline.py
[2025-07-25T12:38:07.368+0000] {logging_mixin.py:188} INFO - [2025-07-25T12:38:07.367+0000] {dag.py:3036} INFO - Sync 1 DAGs
[2025-07-25T12:38:07.384+0000] {logging_mixin.py:188} INFO - [2025-07-25T12:38:07.384+0000] {dag.py:3823} INFO - Setting next_dagrun for pl001_ingest_crypto_postgres to None, run_after=None
[2025-07-25T12:38:07.411+0000] {processor.py:183} INFO - Processing /opt/airflow/dags/airflow_pipeline.py took 0.110 seconds
[2025-07-25T12:38:37.718+0000] {processor.py:161} INFO - Started process (PID=2492) to work on /opt/airflow/dags/airflow_pipeline.py
[2025-07-25T12:38:37.720+0000] {processor.py:830} INFO - Processing file /opt/airflow/dags/airflow_pipeline.py for tasks to queue
[2025-07-25T12:38:37.723+0000] {logging_mixin.py:188} INFO - [2025-07-25T12:38:37.722+0000] {dagbag.py:538} INFO - Filling up the DagBag from /opt/airflow/dags/airflow_pipeline.py
[2025-07-25T12:38:37.768+0000] {processor.py:840} INFO - DAG(s) 'pl001_ingest_crypto_postgres' retrieved from /opt/airflow/dags/airflow_pipeline.py
[2025-07-25T12:38:37.809+0000] {logging_mixin.py:188} INFO - [2025-07-25T12:38:37.809+0000] {dag.py:3036} INFO - Sync 1 DAGs
[2025-07-25T12:38:37.826+0000] {logging_mixin.py:188} INFO - [2025-07-25T12:38:37.826+0000] {dag.py:3823} INFO - Setting next_dagrun for pl001_ingest_crypto_postgres to None, run_after=None
[2025-07-25T12:38:37.854+0000] {processor.py:183} INFO - Processing /opt/airflow/dags/airflow_pipeline.py took 0.146 seconds
[2025-07-25T12:39:08.174+0000] {processor.py:161} INFO - Started process (PID=2497) to work on /opt/airflow/dags/airflow_pipeline.py
[2025-07-25T12:39:08.184+0000] {processor.py:830} INFO - Processing file /opt/airflow/dags/airflow_pipeline.py for tasks to queue
[2025-07-25T12:39:08.188+0000] {logging_mixin.py:188} INFO - [2025-07-25T12:39:08.187+0000] {dagbag.py:538} INFO - Filling up the DagBag from /opt/airflow/dags/airflow_pipeline.py
[2025-07-25T12:39:08.261+0000] {processor.py:840} INFO - DAG(s) 'pl001_ingest_crypto_postgres' retrieved from /opt/airflow/dags/airflow_pipeline.py
[2025-07-25T12:39:08.354+0000] {logging_mixin.py:188} INFO - [2025-07-25T12:39:08.354+0000] {dag.py:3036} INFO - Sync 1 DAGs
[2025-07-25T12:39:08.398+0000] {logging_mixin.py:188} INFO - [2025-07-25T12:39:08.398+0000] {dag.py:3823} INFO - Setting next_dagrun for pl001_ingest_crypto_postgres to None, run_after=None
[2025-07-25T12:39:08.549+0000] {processor.py:183} INFO - Processing /opt/airflow/dags/airflow_pipeline.py took 0.388 seconds
[2025-07-25T12:39:38.751+0000] {processor.py:161} INFO - Started process (PID=2502) to work on /opt/airflow/dags/airflow_pipeline.py
[2025-07-25T12:39:38.754+0000] {processor.py:830} INFO - Processing file /opt/airflow/dags/airflow_pipeline.py for tasks to queue
[2025-07-25T12:39:38.755+0000] {logging_mixin.py:188} INFO - [2025-07-25T12:39:38.755+0000] {dagbag.py:538} INFO - Filling up the DagBag from /opt/airflow/dags/airflow_pipeline.py
[2025-07-25T12:39:38.796+0000] {processor.py:840} INFO - DAG(s) 'pl001_ingest_crypto_postgres' retrieved from /opt/airflow/dags/airflow_pipeline.py
[2025-07-25T12:39:38.838+0000] {logging_mixin.py:188} INFO - [2025-07-25T12:39:38.838+0000] {dag.py:3036} INFO - Sync 1 DAGs
[2025-07-25T12:39:38.855+0000] {logging_mixin.py:188} INFO - [2025-07-25T12:39:38.855+0000] {dag.py:3823} INFO - Setting next_dagrun for pl001_ingest_crypto_postgres to None, run_after=None
[2025-07-25T12:39:38.885+0000] {processor.py:183} INFO - Processing /opt/airflow/dags/airflow_pipeline.py took 0.140 seconds
[2025-07-25T12:40:09.218+0000] {processor.py:161} INFO - Started process (PID=2507) to work on /opt/airflow/dags/airflow_pipeline.py
[2025-07-25T12:40:09.220+0000] {processor.py:830} INFO - Processing file /opt/airflow/dags/airflow_pipeline.py for tasks to queue
[2025-07-25T12:40:09.221+0000] {logging_mixin.py:188} INFO - [2025-07-25T12:40:09.221+0000] {dagbag.py:538} INFO - Filling up the DagBag from /opt/airflow/dags/airflow_pipeline.py
[2025-07-25T12:40:09.244+0000] {processor.py:840} INFO - DAG(s) 'pl001_ingest_crypto_postgres' retrieved from /opt/airflow/dags/airflow_pipeline.py
[2025-07-25T12:40:09.282+0000] {logging_mixin.py:188} INFO - [2025-07-25T12:40:09.281+0000] {dag.py:3036} INFO - Sync 1 DAGs
[2025-07-25T12:40:09.300+0000] {logging_mixin.py:188} INFO - [2025-07-25T12:40:09.300+0000] {dag.py:3823} INFO - Setting next_dagrun for pl001_ingest_crypto_postgres to None, run_after=None
[2025-07-25T12:40:09.335+0000] {processor.py:183} INFO - Processing /opt/airflow/dags/airflow_pipeline.py took 0.121 seconds
[2025-07-25T12:40:39.590+0000] {processor.py:161} INFO - Started process (PID=2512) to work on /opt/airflow/dags/airflow_pipeline.py
[2025-07-25T12:40:39.592+0000] {processor.py:830} INFO - Processing file /opt/airflow/dags/airflow_pipeline.py for tasks to queue
[2025-07-25T12:40:39.593+0000] {logging_mixin.py:188} INFO - [2025-07-25T12:40:39.593+0000] {dagbag.py:538} INFO - Filling up the DagBag from /opt/airflow/dags/airflow_pipeline.py
[2025-07-25T12:40:39.621+0000] {processor.py:840} INFO - DAG(s) 'pl001_ingest_crypto_postgres' retrieved from /opt/airflow/dags/airflow_pipeline.py
[2025-07-25T12:40:39.664+0000] {logging_mixin.py:188} INFO - [2025-07-25T12:40:39.664+0000] {dag.py:3036} INFO - Sync 1 DAGs
[2025-07-25T12:40:39.681+0000] {logging_mixin.py:188} INFO - [2025-07-25T12:40:39.680+0000] {dag.py:3823} INFO - Setting next_dagrun for pl001_ingest_crypto_postgres to None, run_after=None
[2025-07-25T12:40:39.708+0000] {processor.py:183} INFO - Processing /opt/airflow/dags/airflow_pipeline.py took 0.123 seconds
[2025-07-25T12:41:10.049+0000] {processor.py:161} INFO - Started process (PID=2517) to work on /opt/airflow/dags/airflow_pipeline.py
[2025-07-25T12:41:10.051+0000] {processor.py:830} INFO - Processing file /opt/airflow/dags/airflow_pipeline.py for tasks to queue
[2025-07-25T12:41:10.053+0000] {logging_mixin.py:188} INFO - [2025-07-25T12:41:10.052+0000] {dagbag.py:538} INFO - Filling up the DagBag from /opt/airflow/dags/airflow_pipeline.py
[2025-07-25T12:41:10.114+0000] {processor.py:840} INFO - DAG(s) 'pl001_ingest_crypto_postgres' retrieved from /opt/airflow/dags/airflow_pipeline.py
[2025-07-25T12:41:10.163+0000] {logging_mixin.py:188} INFO - [2025-07-25T12:41:10.163+0000] {dag.py:3036} INFO - Sync 1 DAGs
[2025-07-25T12:41:10.182+0000] {logging_mixin.py:188} INFO - [2025-07-25T12:41:10.182+0000] {dag.py:3823} INFO - Setting next_dagrun for pl001_ingest_crypto_postgres to None, run_after=None
[2025-07-25T12:41:10.213+0000] {processor.py:183} INFO - Processing /opt/airflow/dags/airflow_pipeline.py took 0.173 seconds
[2025-07-25T12:41:40.409+0000] {processor.py:161} INFO - Started process (PID=2522) to work on /opt/airflow/dags/airflow_pipeline.py
[2025-07-25T12:41:40.411+0000] {processor.py:830} INFO - Processing file /opt/airflow/dags/airflow_pipeline.py for tasks to queue
[2025-07-25T12:41:40.413+0000] {logging_mixin.py:188} INFO - [2025-07-25T12:41:40.412+0000] {dagbag.py:538} INFO - Filling up the DagBag from /opt/airflow/dags/airflow_pipeline.py
[2025-07-25T12:41:40.442+0000] {processor.py:840} INFO - DAG(s) 'pl001_ingest_crypto_postgres' retrieved from /opt/airflow/dags/airflow_pipeline.py
[2025-07-25T12:41:40.504+0000] {logging_mixin.py:188} INFO - [2025-07-25T12:41:40.504+0000] {dag.py:3036} INFO - Sync 1 DAGs
[2025-07-25T12:41:40.552+0000] {logging_mixin.py:188} INFO - [2025-07-25T12:41:40.552+0000] {dag.py:3823} INFO - Setting next_dagrun for pl001_ingest_crypto_postgres to None, run_after=None
[2025-07-25T12:41:40.613+0000] {processor.py:183} INFO - Processing /opt/airflow/dags/airflow_pipeline.py took 0.211 seconds
[2025-07-25T12:42:10.984+0000] {processor.py:161} INFO - Started process (PID=2527) to work on /opt/airflow/dags/airflow_pipeline.py
[2025-07-25T12:42:10.986+0000] {processor.py:830} INFO - Processing file /opt/airflow/dags/airflow_pipeline.py for tasks to queue
[2025-07-25T12:42:10.988+0000] {logging_mixin.py:188} INFO - [2025-07-25T12:42:10.988+0000] {dagbag.py:538} INFO - Filling up the DagBag from /opt/airflow/dags/airflow_pipeline.py
[2025-07-25T12:42:11.023+0000] {processor.py:840} INFO - DAG(s) 'pl001_ingest_crypto_postgres' retrieved from /opt/airflow/dags/airflow_pipeline.py
[2025-07-25T12:42:11.064+0000] {logging_mixin.py:188} INFO - [2025-07-25T12:42:11.064+0000] {dag.py:3036} INFO - Sync 1 DAGs
[2025-07-25T12:42:11.080+0000] {logging_mixin.py:188} INFO - [2025-07-25T12:42:11.079+0000] {dag.py:3823} INFO - Setting next_dagrun for pl001_ingest_crypto_postgres to None, run_after=None
[2025-07-25T12:42:11.108+0000] {processor.py:183} INFO - Processing /opt/airflow/dags/airflow_pipeline.py took 0.129 seconds
[2025-07-25T12:42:41.331+0000] {processor.py:161} INFO - Started process (PID=2532) to work on /opt/airflow/dags/airflow_pipeline.py
[2025-07-25T12:42:41.335+0000] {processor.py:830} INFO - Processing file /opt/airflow/dags/airflow_pipeline.py for tasks to queue
[2025-07-25T12:42:41.338+0000] {logging_mixin.py:188} INFO - [2025-07-25T12:42:41.337+0000] {dagbag.py:538} INFO - Filling up the DagBag from /opt/airflow/dags/airflow_pipeline.py
[2025-07-25T12:42:41.375+0000] {processor.py:840} INFO - DAG(s) 'pl001_ingest_crypto_postgres' retrieved from /opt/airflow/dags/airflow_pipeline.py
[2025-07-25T12:42:41.416+0000] {logging_mixin.py:188} INFO - [2025-07-25T12:42:41.415+0000] {dag.py:3036} INFO - Sync 1 DAGs
[2025-07-25T12:42:41.431+0000] {logging_mixin.py:188} INFO - [2025-07-25T12:42:41.431+0000] {dag.py:3823} INFO - Setting next_dagrun for pl001_ingest_crypto_postgres to None, run_after=None
[2025-07-25T12:42:41.464+0000] {processor.py:183} INFO - Processing /opt/airflow/dags/airflow_pipeline.py took 0.144 seconds
[2025-07-25T12:43:11.761+0000] {processor.py:161} INFO - Started process (PID=2537) to work on /opt/airflow/dags/airflow_pipeline.py
[2025-07-25T12:43:11.763+0000] {processor.py:830} INFO - Processing file /opt/airflow/dags/airflow_pipeline.py for tasks to queue
[2025-07-25T12:43:11.764+0000] {logging_mixin.py:188} INFO - [2025-07-25T12:43:11.764+0000] {dagbag.py:538} INFO - Filling up the DagBag from /opt/airflow/dags/airflow_pipeline.py
[2025-07-25T12:43:11.789+0000] {processor.py:840} INFO - DAG(s) 'pl001_ingest_crypto_postgres' retrieved from /opt/airflow/dags/airflow_pipeline.py
[2025-07-25T12:43:11.827+0000] {logging_mixin.py:188} INFO - [2025-07-25T12:43:11.827+0000] {dag.py:3036} INFO - Sync 1 DAGs
[2025-07-25T12:43:11.843+0000] {logging_mixin.py:188} INFO - [2025-07-25T12:43:11.843+0000] {dag.py:3823} INFO - Setting next_dagrun for pl001_ingest_crypto_postgres to None, run_after=None
[2025-07-25T12:43:11.872+0000] {processor.py:183} INFO - Processing /opt/airflow/dags/airflow_pipeline.py took 0.116 seconds
[2025-07-25T12:43:42.146+0000] {processor.py:161} INFO - Started process (PID=2542) to work on /opt/airflow/dags/airflow_pipeline.py
[2025-07-25T12:43:42.148+0000] {processor.py:830} INFO - Processing file /opt/airflow/dags/airflow_pipeline.py for tasks to queue
[2025-07-25T12:43:42.150+0000] {logging_mixin.py:188} INFO - [2025-07-25T12:43:42.150+0000] {dagbag.py:538} INFO - Filling up the DagBag from /opt/airflow/dags/airflow_pipeline.py
[2025-07-25T12:43:42.177+0000] {processor.py:840} INFO - DAG(s) 'pl001_ingest_crypto_postgres' retrieved from /opt/airflow/dags/airflow_pipeline.py
[2025-07-25T12:43:42.216+0000] {logging_mixin.py:188} INFO - [2025-07-25T12:43:42.216+0000] {dag.py:3036} INFO - Sync 1 DAGs
[2025-07-25T12:43:42.233+0000] {logging_mixin.py:188} INFO - [2025-07-25T12:43:42.233+0000] {dag.py:3823} INFO - Setting next_dagrun for pl001_ingest_crypto_postgres to None, run_after=None
[2025-07-25T12:43:42.260+0000] {processor.py:183} INFO - Processing /opt/airflow/dags/airflow_pipeline.py took 0.122 seconds
[2025-07-25T12:44:12.488+0000] {processor.py:161} INFO - Started process (PID=2547) to work on /opt/airflow/dags/airflow_pipeline.py
[2025-07-25T12:44:12.490+0000] {processor.py:830} INFO - Processing file /opt/airflow/dags/airflow_pipeline.py for tasks to queue
[2025-07-25T12:44:12.491+0000] {logging_mixin.py:188} INFO - [2025-07-25T12:44:12.491+0000] {dagbag.py:538} INFO - Filling up the DagBag from /opt/airflow/dags/airflow_pipeline.py
[2025-07-25T12:44:12.517+0000] {processor.py:840} INFO - DAG(s) 'pl001_ingest_crypto_postgres' retrieved from /opt/airflow/dags/airflow_pipeline.py
[2025-07-25T12:44:12.564+0000] {logging_mixin.py:188} INFO - [2025-07-25T12:44:12.563+0000] {dag.py:3036} INFO - Sync 1 DAGs
[2025-07-25T12:44:12.581+0000] {logging_mixin.py:188} INFO - [2025-07-25T12:44:12.581+0000] {dag.py:3823} INFO - Setting next_dagrun for pl001_ingest_crypto_postgres to None, run_after=None
[2025-07-25T12:44:12.611+0000] {processor.py:183} INFO - Processing /opt/airflow/dags/airflow_pipeline.py took 0.129 seconds
[2025-07-25T12:44:43.006+0000] {processor.py:161} INFO - Started process (PID=2552) to work on /opt/airflow/dags/airflow_pipeline.py
[2025-07-25T12:44:43.008+0000] {processor.py:830} INFO - Processing file /opt/airflow/dags/airflow_pipeline.py for tasks to queue
[2025-07-25T12:44:43.010+0000] {logging_mixin.py:188} INFO - [2025-07-25T12:44:43.009+0000] {dagbag.py:538} INFO - Filling up the DagBag from /opt/airflow/dags/airflow_pipeline.py
[2025-07-25T12:44:43.037+0000] {processor.py:840} INFO - DAG(s) 'pl001_ingest_crypto_postgres' retrieved from /opt/airflow/dags/airflow_pipeline.py
[2025-07-25T12:44:43.080+0000] {logging_mixin.py:188} INFO - [2025-07-25T12:44:43.079+0000] {dag.py:3036} INFO - Sync 1 DAGs
[2025-07-25T12:44:43.099+0000] {logging_mixin.py:188} INFO - [2025-07-25T12:44:43.098+0000] {dag.py:3823} INFO - Setting next_dagrun for pl001_ingest_crypto_postgres to None, run_after=None
[2025-07-25T12:44:43.125+0000] {processor.py:183} INFO - Processing /opt/airflow/dags/airflow_pipeline.py took 0.123 seconds
[2025-07-25T12:45:13.417+0000] {processor.py:161} INFO - Started process (PID=2557) to work on /opt/airflow/dags/airflow_pipeline.py
[2025-07-25T12:45:13.419+0000] {processor.py:830} INFO - Processing file /opt/airflow/dags/airflow_pipeline.py for tasks to queue
[2025-07-25T12:45:13.420+0000] {logging_mixin.py:188} INFO - [2025-07-25T12:45:13.420+0000] {dagbag.py:538} INFO - Filling up the DagBag from /opt/airflow/dags/airflow_pipeline.py
[2025-07-25T12:45:13.444+0000] {processor.py:840} INFO - DAG(s) 'pl001_ingest_crypto_postgres' retrieved from /opt/airflow/dags/airflow_pipeline.py
[2025-07-25T12:45:13.492+0000] {logging_mixin.py:188} INFO - [2025-07-25T12:45:13.492+0000] {dag.py:3036} INFO - Sync 1 DAGs
[2025-07-25T12:45:13.511+0000] {logging_mixin.py:188} INFO - [2025-07-25T12:45:13.510+0000] {dag.py:3823} INFO - Setting next_dagrun for pl001_ingest_crypto_postgres to None, run_after=None
[2025-07-25T12:45:13.539+0000] {processor.py:183} INFO - Processing /opt/airflow/dags/airflow_pipeline.py took 0.125 seconds
[2025-07-25T12:45:43.839+0000] {processor.py:161} INFO - Started process (PID=2562) to work on /opt/airflow/dags/airflow_pipeline.py
[2025-07-25T12:45:43.840+0000] {processor.py:830} INFO - Processing file /opt/airflow/dags/airflow_pipeline.py for tasks to queue
[2025-07-25T12:45:43.842+0000] {logging_mixin.py:188} INFO - [2025-07-25T12:45:43.842+0000] {dagbag.py:538} INFO - Filling up the DagBag from /opt/airflow/dags/airflow_pipeline.py
[2025-07-25T12:45:43.869+0000] {processor.py:840} INFO - DAG(s) 'pl001_ingest_crypto_postgres' retrieved from /opt/airflow/dags/airflow_pipeline.py
[2025-07-25T12:45:43.914+0000] {logging_mixin.py:188} INFO - [2025-07-25T12:45:43.914+0000] {dag.py:3036} INFO - Sync 1 DAGs
[2025-07-25T12:45:43.931+0000] {logging_mixin.py:188} INFO - [2025-07-25T12:45:43.930+0000] {dag.py:3823} INFO - Setting next_dagrun for pl001_ingest_crypto_postgres to None, run_after=None
[2025-07-25T12:45:43.959+0000] {processor.py:183} INFO - Processing /opt/airflow/dags/airflow_pipeline.py took 0.126 seconds
[2025-07-25T12:46:14.231+0000] {processor.py:161} INFO - Started process (PID=2567) to work on /opt/airflow/dags/airflow_pipeline.py
[2025-07-25T12:46:14.234+0000] {processor.py:830} INFO - Processing file /opt/airflow/dags/airflow_pipeline.py for tasks to queue
[2025-07-25T12:46:14.237+0000] {logging_mixin.py:188} INFO - [2025-07-25T12:46:14.236+0000] {dagbag.py:538} INFO - Filling up the DagBag from /opt/airflow/dags/airflow_pipeline.py
[2025-07-25T12:46:14.280+0000] {processor.py:840} INFO - DAG(s) 'pl001_ingest_crypto_postgres' retrieved from /opt/airflow/dags/airflow_pipeline.py
[2025-07-25T12:46:14.322+0000] {logging_mixin.py:188} INFO - [2025-07-25T12:46:14.322+0000] {dag.py:3036} INFO - Sync 1 DAGs
[2025-07-25T12:46:14.340+0000] {logging_mixin.py:188} INFO - [2025-07-25T12:46:14.339+0000] {dag.py:3823} INFO - Setting next_dagrun for pl001_ingest_crypto_postgres to None, run_after=None
[2025-07-25T12:46:14.370+0000] {processor.py:183} INFO - Processing /opt/airflow/dags/airflow_pipeline.py took 0.146 seconds
[2025-07-25T12:46:44.879+0000] {processor.py:161} INFO - Started process (PID=2572) to work on /opt/airflow/dags/airflow_pipeline.py
[2025-07-25T12:46:44.881+0000] {processor.py:830} INFO - Processing file /opt/airflow/dags/airflow_pipeline.py for tasks to queue
[2025-07-25T12:46:44.884+0000] {logging_mixin.py:188} INFO - [2025-07-25T12:46:44.883+0000] {dagbag.py:538} INFO - Filling up the DagBag from /opt/airflow/dags/airflow_pipeline.py
[2025-07-25T12:46:44.910+0000] {processor.py:840} INFO - DAG(s) 'pl001_ingest_crypto_postgres' retrieved from /opt/airflow/dags/airflow_pipeline.py
[2025-07-25T12:46:44.948+0000] {logging_mixin.py:188} INFO - [2025-07-25T12:46:44.948+0000] {dag.py:3036} INFO - Sync 1 DAGs
[2025-07-25T12:46:44.963+0000] {logging_mixin.py:188} INFO - [2025-07-25T12:46:44.962+0000] {dag.py:3823} INFO - Setting next_dagrun for pl001_ingest_crypto_postgres to None, run_after=None
[2025-07-25T12:46:44.990+0000] {processor.py:183} INFO - Processing /opt/airflow/dags/airflow_pipeline.py took 0.117 seconds
[2025-07-25T12:47:15.203+0000] {processor.py:161} INFO - Started process (PID=2577) to work on /opt/airflow/dags/airflow_pipeline.py
[2025-07-25T12:47:15.205+0000] {processor.py:830} INFO - Processing file /opt/airflow/dags/airflow_pipeline.py for tasks to queue
[2025-07-25T12:47:15.206+0000] {logging_mixin.py:188} INFO - [2025-07-25T12:47:15.206+0000] {dagbag.py:538} INFO - Filling up the DagBag from /opt/airflow/dags/airflow_pipeline.py
[2025-07-25T12:47:15.232+0000] {processor.py:840} INFO - DAG(s) 'pl001_ingest_crypto_postgres' retrieved from /opt/airflow/dags/airflow_pipeline.py
[2025-07-25T12:47:15.279+0000] {logging_mixin.py:188} INFO - [2025-07-25T12:47:15.278+0000] {dag.py:3036} INFO - Sync 1 DAGs
[2025-07-25T12:47:15.300+0000] {logging_mixin.py:188} INFO - [2025-07-25T12:47:15.300+0000] {dag.py:3823} INFO - Setting next_dagrun for pl001_ingest_crypto_postgres to None, run_after=None
[2025-07-25T12:47:15.343+0000] {processor.py:183} INFO - Processing /opt/airflow/dags/airflow_pipeline.py took 0.145 seconds
[2025-07-25T12:47:45.811+0000] {processor.py:161} INFO - Started process (PID=2582) to work on /opt/airflow/dags/airflow_pipeline.py
[2025-07-25T12:47:45.813+0000] {processor.py:830} INFO - Processing file /opt/airflow/dags/airflow_pipeline.py for tasks to queue
[2025-07-25T12:47:45.815+0000] {logging_mixin.py:188} INFO - [2025-07-25T12:47:45.814+0000] {dagbag.py:538} INFO - Filling up the DagBag from /opt/airflow/dags/airflow_pipeline.py
[2025-07-25T12:47:45.840+0000] {processor.py:840} INFO - DAG(s) 'pl001_ingest_crypto_postgres' retrieved from /opt/airflow/dags/airflow_pipeline.py
[2025-07-25T12:47:45.879+0000] {logging_mixin.py:188} INFO - [2025-07-25T12:47:45.879+0000] {dag.py:3036} INFO - Sync 1 DAGs
[2025-07-25T12:47:45.894+0000] {logging_mixin.py:188} INFO - [2025-07-25T12:47:45.894+0000] {dag.py:3823} INFO - Setting next_dagrun for pl001_ingest_crypto_postgres to None, run_after=None
[2025-07-25T12:47:45.922+0000] {processor.py:183} INFO - Processing /opt/airflow/dags/airflow_pipeline.py took 0.117 seconds
[2025-07-25T12:48:16.137+0000] {processor.py:161} INFO - Started process (PID=2587) to work on /opt/airflow/dags/airflow_pipeline.py
[2025-07-25T12:48:16.139+0000] {processor.py:830} INFO - Processing file /opt/airflow/dags/airflow_pipeline.py for tasks to queue
[2025-07-25T12:48:16.141+0000] {logging_mixin.py:188} INFO - [2025-07-25T12:48:16.140+0000] {dagbag.py:538} INFO - Filling up the DagBag from /opt/airflow/dags/airflow_pipeline.py
[2025-07-25T12:48:16.172+0000] {processor.py:840} INFO - DAG(s) 'pl001_ingest_crypto_postgres' retrieved from /opt/airflow/dags/airflow_pipeline.py
[2025-07-25T12:48:16.215+0000] {logging_mixin.py:188} INFO - [2025-07-25T12:48:16.214+0000] {dag.py:3036} INFO - Sync 1 DAGs
[2025-07-25T12:48:16.230+0000] {logging_mixin.py:188} INFO - [2025-07-25T12:48:16.230+0000] {dag.py:3823} INFO - Setting next_dagrun for pl001_ingest_crypto_postgres to None, run_after=None
[2025-07-25T12:48:16.257+0000] {processor.py:183} INFO - Processing /opt/airflow/dags/airflow_pipeline.py took 0.125 seconds
[2025-07-25T12:48:46.506+0000] {processor.py:161} INFO - Started process (PID=2592) to work on /opt/airflow/dags/airflow_pipeline.py
[2025-07-25T12:48:46.509+0000] {processor.py:830} INFO - Processing file /opt/airflow/dags/airflow_pipeline.py for tasks to queue
[2025-07-25T12:48:46.511+0000] {logging_mixin.py:188} INFO - [2025-07-25T12:48:46.511+0000] {dagbag.py:538} INFO - Filling up the DagBag from /opt/airflow/dags/airflow_pipeline.py
[2025-07-25T12:48:46.547+0000] {processor.py:840} INFO - DAG(s) 'pl001_ingest_crypto_postgres' retrieved from /opt/airflow/dags/airflow_pipeline.py
[2025-07-25T12:48:46.592+0000] {logging_mixin.py:188} INFO - [2025-07-25T12:48:46.592+0000] {dag.py:3036} INFO - Sync 1 DAGs
[2025-07-25T12:48:46.608+0000] {logging_mixin.py:188} INFO - [2025-07-25T12:48:46.607+0000] {dag.py:3823} INFO - Setting next_dagrun for pl001_ingest_crypto_postgres to None, run_after=None
[2025-07-25T12:48:46.634+0000] {processor.py:183} INFO - Processing /opt/airflow/dags/airflow_pipeline.py took 0.135 seconds
[2025-07-25T12:49:17.056+0000] {processor.py:161} INFO - Started process (PID=2597) to work on /opt/airflow/dags/airflow_pipeline.py
[2025-07-25T12:49:17.058+0000] {processor.py:830} INFO - Processing file /opt/airflow/dags/airflow_pipeline.py for tasks to queue
[2025-07-25T12:49:17.059+0000] {logging_mixin.py:188} INFO - [2025-07-25T12:49:17.059+0000] {dagbag.py:538} INFO - Filling up the DagBag from /opt/airflow/dags/airflow_pipeline.py
[2025-07-25T12:49:17.085+0000] {processor.py:840} INFO - DAG(s) 'pl001_ingest_crypto_postgres' retrieved from /opt/airflow/dags/airflow_pipeline.py
[2025-07-25T12:49:17.123+0000] {logging_mixin.py:188} INFO - [2025-07-25T12:49:17.123+0000] {dag.py:3036} INFO - Sync 1 DAGs
[2025-07-25T12:49:17.140+0000] {logging_mixin.py:188} INFO - [2025-07-25T12:49:17.140+0000] {dag.py:3823} INFO - Setting next_dagrun for pl001_ingest_crypto_postgres to None, run_after=None
[2025-07-25T12:49:17.207+0000] {processor.py:183} INFO - Processing /opt/airflow/dags/airflow_pipeline.py took 0.156 seconds
[2025-07-25T12:49:47.491+0000] {processor.py:161} INFO - Started process (PID=2602) to work on /opt/airflow/dags/airflow_pipeline.py
[2025-07-25T12:49:47.493+0000] {processor.py:830} INFO - Processing file /opt/airflow/dags/airflow_pipeline.py for tasks to queue
[2025-07-25T12:49:47.495+0000] {logging_mixin.py:188} INFO - [2025-07-25T12:49:47.494+0000] {dagbag.py:538} INFO - Filling up the DagBag from /opt/airflow/dags/airflow_pipeline.py
[2025-07-25T12:49:47.521+0000] {processor.py:840} INFO - DAG(s) 'pl001_ingest_crypto_postgres' retrieved from /opt/airflow/dags/airflow_pipeline.py
[2025-07-25T12:49:47.559+0000] {logging_mixin.py:188} INFO - [2025-07-25T12:49:47.559+0000] {dag.py:3036} INFO - Sync 1 DAGs
[2025-07-25T12:49:47.576+0000] {logging_mixin.py:188} INFO - [2025-07-25T12:49:47.575+0000] {dag.py:3823} INFO - Setting next_dagrun for pl001_ingest_crypto_postgres to None, run_after=None
[2025-07-25T12:49:47.603+0000] {processor.py:183} INFO - Processing /opt/airflow/dags/airflow_pipeline.py took 0.117 seconds
[2025-07-25T12:50:18.053+0000] {processor.py:161} INFO - Started process (PID=2607) to work on /opt/airflow/dags/airflow_pipeline.py
[2025-07-25T12:50:18.054+0000] {processor.py:830} INFO - Processing file /opt/airflow/dags/airflow_pipeline.py for tasks to queue
[2025-07-25T12:50:18.056+0000] {logging_mixin.py:188} INFO - [2025-07-25T12:50:18.055+0000] {dagbag.py:538} INFO - Filling up the DagBag from /opt/airflow/dags/airflow_pipeline.py
[2025-07-25T12:50:18.078+0000] {processor.py:840} INFO - DAG(s) 'pl001_ingest_crypto_postgres' retrieved from /opt/airflow/dags/airflow_pipeline.py
[2025-07-25T12:50:18.122+0000] {logging_mixin.py:188} INFO - [2025-07-25T12:50:18.122+0000] {dag.py:3036} INFO - Sync 1 DAGs
[2025-07-25T12:50:18.150+0000] {logging_mixin.py:188} INFO - [2025-07-25T12:50:18.150+0000] {dag.py:3823} INFO - Setting next_dagrun for pl001_ingest_crypto_postgres to None, run_after=None
[2025-07-25T12:50:18.184+0000] {processor.py:183} INFO - Processing /opt/airflow/dags/airflow_pipeline.py took 0.135 seconds
[2025-07-25T12:50:48.286+0000] {processor.py:161} INFO - Started process (PID=2612) to work on /opt/airflow/dags/airflow_pipeline.py
[2025-07-25T12:50:48.291+0000] {processor.py:830} INFO - Processing file /opt/airflow/dags/airflow_pipeline.py for tasks to queue
[2025-07-25T12:50:48.293+0000] {logging_mixin.py:188} INFO - [2025-07-25T12:50:48.292+0000] {dagbag.py:538} INFO - Filling up the DagBag from /opt/airflow/dags/airflow_pipeline.py
[2025-07-25T12:50:48.344+0000] {processor.py:840} INFO - DAG(s) 'pl001_ingest_crypto_postgres' retrieved from /opt/airflow/dags/airflow_pipeline.py
[2025-07-25T12:50:48.437+0000] {logging_mixin.py:188} INFO - [2025-07-25T12:50:48.436+0000] {dag.py:3036} INFO - Sync 1 DAGs
[2025-07-25T12:50:48.494+0000] {logging_mixin.py:188} INFO - [2025-07-25T12:50:48.493+0000] {dag.py:3823} INFO - Setting next_dagrun for pl001_ingest_crypto_postgres to None, run_after=None
[2025-07-25T12:50:48.607+0000] {processor.py:183} INFO - Processing /opt/airflow/dags/airflow_pipeline.py took 0.329 seconds
[2025-07-25T12:51:18.998+0000] {processor.py:161} INFO - Started process (PID=2617) to work on /opt/airflow/dags/airflow_pipeline.py
[2025-07-25T12:51:19.003+0000] {processor.py:830} INFO - Processing file /opt/airflow/dags/airflow_pipeline.py for tasks to queue
[2025-07-25T12:51:19.007+0000] {logging_mixin.py:188} INFO - [2025-07-25T12:51:19.006+0000] {dagbag.py:538} INFO - Filling up the DagBag from /opt/airflow/dags/airflow_pipeline.py
[2025-07-25T12:51:19.098+0000] {processor.py:840} INFO - DAG(s) 'pl001_ingest_crypto_postgres' retrieved from /opt/airflow/dags/airflow_pipeline.py
[2025-07-25T12:51:19.192+0000] {logging_mixin.py:188} INFO - [2025-07-25T12:51:19.191+0000] {dag.py:3036} INFO - Sync 1 DAGs
[2025-07-25T12:51:19.234+0000] {logging_mixin.py:188} INFO - [2025-07-25T12:51:19.233+0000] {dag.py:3823} INFO - Setting next_dagrun for pl001_ingest_crypto_postgres to None, run_after=None
[2025-07-25T12:51:19.267+0000] {processor.py:183} INFO - Processing /opt/airflow/dags/airflow_pipeline.py took 0.279 seconds
[2025-07-25T12:51:49.760+0000] {processor.py:161} INFO - Started process (PID=2622) to work on /opt/airflow/dags/airflow_pipeline.py
[2025-07-25T12:51:49.761+0000] {processor.py:830} INFO - Processing file /opt/airflow/dags/airflow_pipeline.py for tasks to queue
[2025-07-25T12:51:49.763+0000] {logging_mixin.py:188} INFO - [2025-07-25T12:51:49.762+0000] {dagbag.py:538} INFO - Filling up the DagBag from /opt/airflow/dags/airflow_pipeline.py
[2025-07-25T12:51:49.787+0000] {processor.py:840} INFO - DAG(s) 'pl001_ingest_crypto_postgres' retrieved from /opt/airflow/dags/airflow_pipeline.py
[2025-07-25T12:51:49.827+0000] {logging_mixin.py:188} INFO - [2025-07-25T12:51:49.826+0000] {dag.py:3036} INFO - Sync 1 DAGs
[2025-07-25T12:51:49.843+0000] {logging_mixin.py:188} INFO - [2025-07-25T12:51:49.842+0000] {dag.py:3823} INFO - Setting next_dagrun for pl001_ingest_crypto_postgres to None, run_after=None
[2025-07-25T12:51:49.870+0000] {processor.py:183} INFO - Processing /opt/airflow/dags/airflow_pipeline.py took 0.116 seconds
[2025-07-25T12:52:20.209+0000] {processor.py:161} INFO - Started process (PID=2627) to work on /opt/airflow/dags/airflow_pipeline.py
[2025-07-25T12:52:20.212+0000] {processor.py:830} INFO - Processing file /opt/airflow/dags/airflow_pipeline.py for tasks to queue
[2025-07-25T12:52:20.214+0000] {logging_mixin.py:188} INFO - [2025-07-25T12:52:20.213+0000] {dagbag.py:538} INFO - Filling up the DagBag from /opt/airflow/dags/airflow_pipeline.py
[2025-07-25T12:52:20.245+0000] {processor.py:840} INFO - DAG(s) 'pl001_ingest_crypto_postgres' retrieved from /opt/airflow/dags/airflow_pipeline.py
[2025-07-25T12:52:20.286+0000] {logging_mixin.py:188} INFO - [2025-07-25T12:52:20.285+0000] {dag.py:3036} INFO - Sync 1 DAGs
[2025-07-25T12:52:20.302+0000] {logging_mixin.py:188} INFO - [2025-07-25T12:52:20.302+0000] {dag.py:3823} INFO - Setting next_dagrun for pl001_ingest_crypto_postgres to None, run_after=None
[2025-07-25T12:52:20.332+0000] {processor.py:183} INFO - Processing /opt/airflow/dags/airflow_pipeline.py took 0.131 seconds
[2025-07-25T12:52:50.644+0000] {processor.py:161} INFO - Started process (PID=2632) to work on /opt/airflow/dags/airflow_pipeline.py
[2025-07-25T12:52:50.646+0000] {processor.py:830} INFO - Processing file /opt/airflow/dags/airflow_pipeline.py for tasks to queue
[2025-07-25T12:52:50.648+0000] {logging_mixin.py:188} INFO - [2025-07-25T12:52:50.647+0000] {dagbag.py:538} INFO - Filling up the DagBag from /opt/airflow/dags/airflow_pipeline.py
[2025-07-25T12:52:50.671+0000] {processor.py:840} INFO - DAG(s) 'pl001_ingest_crypto_postgres' retrieved from /opt/airflow/dags/airflow_pipeline.py
[2025-07-25T12:52:50.709+0000] {logging_mixin.py:188} INFO - [2025-07-25T12:52:50.709+0000] {dag.py:3036} INFO - Sync 1 DAGs
[2025-07-25T12:52:50.724+0000] {logging_mixin.py:188} INFO - [2025-07-25T12:52:50.724+0000] {dag.py:3823} INFO - Setting next_dagrun for pl001_ingest_crypto_postgres to None, run_after=None
[2025-07-25T12:52:50.754+0000] {processor.py:183} INFO - Processing /opt/airflow/dags/airflow_pipeline.py took 0.114 seconds
[2025-07-25T12:53:21.048+0000] {processor.py:161} INFO - Started process (PID=2637) to work on /opt/airflow/dags/airflow_pipeline.py
[2025-07-25T12:53:21.049+0000] {processor.py:830} INFO - Processing file /opt/airflow/dags/airflow_pipeline.py for tasks to queue
[2025-07-25T12:53:21.051+0000] {logging_mixin.py:188} INFO - [2025-07-25T12:53:21.050+0000] {dagbag.py:538} INFO - Filling up the DagBag from /opt/airflow/dags/airflow_pipeline.py
[2025-07-25T12:53:21.073+0000] {processor.py:840} INFO - DAG(s) 'pl001_ingest_crypto_postgres' retrieved from /opt/airflow/dags/airflow_pipeline.py
[2025-07-25T12:53:21.110+0000] {logging_mixin.py:188} INFO - [2025-07-25T12:53:21.110+0000] {dag.py:3036} INFO - Sync 1 DAGs
[2025-07-25T12:53:21.127+0000] {logging_mixin.py:188} INFO - [2025-07-25T12:53:21.127+0000] {dag.py:3823} INFO - Setting next_dagrun for pl001_ingest_crypto_postgres to None, run_after=None
[2025-07-25T12:53:21.156+0000] {processor.py:183} INFO - Processing /opt/airflow/dags/airflow_pipeline.py took 0.113 seconds
[2025-07-25T12:53:51.415+0000] {processor.py:161} INFO - Started process (PID=2642) to work on /opt/airflow/dags/airflow_pipeline.py
[2025-07-25T12:53:51.417+0000] {processor.py:830} INFO - Processing file /opt/airflow/dags/airflow_pipeline.py for tasks to queue
[2025-07-25T12:53:51.420+0000] {logging_mixin.py:188} INFO - [2025-07-25T12:53:51.419+0000] {dagbag.py:538} INFO - Filling up the DagBag from /opt/airflow/dags/airflow_pipeline.py
[2025-07-25T12:53:51.456+0000] {processor.py:840} INFO - DAG(s) 'pl001_ingest_crypto_postgres' retrieved from /opt/airflow/dags/airflow_pipeline.py
[2025-07-25T12:53:51.533+0000] {logging_mixin.py:188} INFO - [2025-07-25T12:53:51.532+0000] {dag.py:3036} INFO - Sync 1 DAGs
[2025-07-25T12:53:51.571+0000] {logging_mixin.py:188} INFO - [2025-07-25T12:53:51.570+0000] {dag.py:3823} INFO - Setting next_dagrun for pl001_ingest_crypto_postgres to None, run_after=None
[2025-07-25T12:53:51.614+0000] {processor.py:183} INFO - Processing /opt/airflow/dags/airflow_pipeline.py took 0.206 seconds
[2025-07-25T12:54:21.890+0000] {processor.py:161} INFO - Started process (PID=2647) to work on /opt/airflow/dags/airflow_pipeline.py
[2025-07-25T12:54:21.891+0000] {processor.py:830} INFO - Processing file /opt/airflow/dags/airflow_pipeline.py for tasks to queue
[2025-07-25T12:54:21.893+0000] {logging_mixin.py:188} INFO - [2025-07-25T12:54:21.892+0000] {dagbag.py:538} INFO - Filling up the DagBag from /opt/airflow/dags/airflow_pipeline.py
[2025-07-25T12:54:21.914+0000] {processor.py:840} INFO - DAG(s) 'pl001_ingest_crypto_postgres' retrieved from /opt/airflow/dags/airflow_pipeline.py
[2025-07-25T12:54:21.950+0000] {logging_mixin.py:188} INFO - [2025-07-25T12:54:21.950+0000] {dag.py:3036} INFO - Sync 1 DAGs
[2025-07-25T12:54:21.965+0000] {logging_mixin.py:188} INFO - [2025-07-25T12:54:21.964+0000] {dag.py:3823} INFO - Setting next_dagrun for pl001_ingest_crypto_postgres to None, run_after=None
[2025-07-25T12:54:21.990+0000] {processor.py:183} INFO - Processing /opt/airflow/dags/airflow_pipeline.py took 0.105 seconds
[2025-07-25T12:54:52.261+0000] {processor.py:161} INFO - Started process (PID=2652) to work on /opt/airflow/dags/airflow_pipeline.py
[2025-07-25T12:54:52.262+0000] {processor.py:830} INFO - Processing file /opt/airflow/dags/airflow_pipeline.py for tasks to queue
[2025-07-25T12:54:52.265+0000] {logging_mixin.py:188} INFO - [2025-07-25T12:54:52.264+0000] {dagbag.py:538} INFO - Filling up the DagBag from /opt/airflow/dags/airflow_pipeline.py
[2025-07-25T12:54:52.295+0000] {processor.py:840} INFO - DAG(s) 'pl001_ingest_crypto_postgres' retrieved from /opt/airflow/dags/airflow_pipeline.py
[2025-07-25T12:54:52.347+0000] {logging_mixin.py:188} INFO - [2025-07-25T12:54:52.346+0000] {dag.py:3036} INFO - Sync 1 DAGs
[2025-07-25T12:54:52.374+0000] {logging_mixin.py:188} INFO - [2025-07-25T12:54:52.373+0000] {dag.py:3823} INFO - Setting next_dagrun for pl001_ingest_crypto_postgres to None, run_after=None
[2025-07-25T12:54:52.410+0000] {processor.py:183} INFO - Processing /opt/airflow/dags/airflow_pipeline.py took 0.160 seconds
[2025-07-25T12:55:22.820+0000] {processor.py:161} INFO - Started process (PID=2657) to work on /opt/airflow/dags/airflow_pipeline.py
[2025-07-25T12:55:22.823+0000] {processor.py:830} INFO - Processing file /opt/airflow/dags/airflow_pipeline.py for tasks to queue
[2025-07-25T12:55:22.834+0000] {logging_mixin.py:188} INFO - [2025-07-25T12:55:22.832+0000] {dagbag.py:538} INFO - Filling up the DagBag from /opt/airflow/dags/airflow_pipeline.py
[2025-07-25T12:55:22.934+0000] {processor.py:840} INFO - DAG(s) 'pl001_ingest_crypto_postgres' retrieved from /opt/airflow/dags/airflow_pipeline.py
[2025-07-25T12:55:23.071+0000] {logging_mixin.py:188} INFO - [2025-07-25T12:55:23.071+0000] {dag.py:3036} INFO - Sync 1 DAGs
[2025-07-25T12:55:23.110+0000] {logging_mixin.py:188} INFO - [2025-07-25T12:55:23.109+0000] {dag.py:3823} INFO - Setting next_dagrun for pl001_ingest_crypto_postgres to None, run_after=None
[2025-07-25T12:55:23.179+0000] {processor.py:183} INFO - Processing /opt/airflow/dags/airflow_pipeline.py took 0.369 seconds
[2025-07-25T12:55:53.493+0000] {processor.py:161} INFO - Started process (PID=2662) to work on /opt/airflow/dags/airflow_pipeline.py
[2025-07-25T12:55:53.495+0000] {processor.py:830} INFO - Processing file /opt/airflow/dags/airflow_pipeline.py for tasks to queue
[2025-07-25T12:55:53.497+0000] {logging_mixin.py:188} INFO - [2025-07-25T12:55:53.497+0000] {dagbag.py:538} INFO - Filling up the DagBag from /opt/airflow/dags/airflow_pipeline.py
[2025-07-25T12:55:53.526+0000] {processor.py:840} INFO - DAG(s) 'pl001_ingest_crypto_postgres' retrieved from /opt/airflow/dags/airflow_pipeline.py
[2025-07-25T12:55:53.580+0000] {logging_mixin.py:188} INFO - [2025-07-25T12:55:53.580+0000] {dag.py:3036} INFO - Sync 1 DAGs
[2025-07-25T12:55:53.600+0000] {logging_mixin.py:188} INFO - [2025-07-25T12:55:53.600+0000] {dag.py:3823} INFO - Setting next_dagrun for pl001_ingest_crypto_postgres to None, run_after=None
[2025-07-25T12:55:53.634+0000] {processor.py:183} INFO - Processing /opt/airflow/dags/airflow_pipeline.py took 0.147 seconds
[2025-07-25T12:56:24.011+0000] {processor.py:161} INFO - Started process (PID=2667) to work on /opt/airflow/dags/airflow_pipeline.py
[2025-07-25T12:56:24.013+0000] {processor.py:830} INFO - Processing file /opt/airflow/dags/airflow_pipeline.py for tasks to queue
[2025-07-25T12:56:24.015+0000] {logging_mixin.py:188} INFO - [2025-07-25T12:56:24.014+0000] {dagbag.py:538} INFO - Filling up the DagBag from /opt/airflow/dags/airflow_pipeline.py
[2025-07-25T12:56:24.049+0000] {processor.py:840} INFO - DAG(s) 'pl001_ingest_crypto_postgres' retrieved from /opt/airflow/dags/airflow_pipeline.py
[2025-07-25T12:56:24.088+0000] {logging_mixin.py:188} INFO - [2025-07-25T12:56:24.088+0000] {dag.py:3036} INFO - Sync 1 DAGs
[2025-07-25T12:56:24.103+0000] {logging_mixin.py:188} INFO - [2025-07-25T12:56:24.103+0000] {dag.py:3823} INFO - Setting next_dagrun for pl001_ingest_crypto_postgres to None, run_after=None
[2025-07-25T12:56:24.137+0000] {processor.py:183} INFO - Processing /opt/airflow/dags/airflow_pipeline.py took 0.132 seconds
[2025-07-25T12:56:54.499+0000] {processor.py:161} INFO - Started process (PID=2672) to work on /opt/airflow/dags/airflow_pipeline.py
[2025-07-25T12:56:54.501+0000] {processor.py:830} INFO - Processing file /opt/airflow/dags/airflow_pipeline.py for tasks to queue
[2025-07-25T12:56:54.503+0000] {logging_mixin.py:188} INFO - [2025-07-25T12:56:54.502+0000] {dagbag.py:538} INFO - Filling up the DagBag from /opt/airflow/dags/airflow_pipeline.py
[2025-07-25T12:56:54.531+0000] {processor.py:840} INFO - DAG(s) 'pl001_ingest_crypto_postgres' retrieved from /opt/airflow/dags/airflow_pipeline.py
[2025-07-25T12:56:54.581+0000] {logging_mixin.py:188} INFO - [2025-07-25T12:56:54.581+0000] {dag.py:3036} INFO - Sync 1 DAGs
[2025-07-25T12:56:54.601+0000] {logging_mixin.py:188} INFO - [2025-07-25T12:56:54.601+0000] {dag.py:3823} INFO - Setting next_dagrun for pl001_ingest_crypto_postgres to None, run_after=None
[2025-07-25T12:56:54.636+0000] {processor.py:183} INFO - Processing /opt/airflow/dags/airflow_pipeline.py took 0.142 seconds
[2025-07-25T12:57:25.162+0000] {processor.py:161} INFO - Started process (PID=2677) to work on /opt/airflow/dags/airflow_pipeline.py
[2025-07-25T12:57:25.164+0000] {processor.py:830} INFO - Processing file /opt/airflow/dags/airflow_pipeline.py for tasks to queue
[2025-07-25T12:57:25.166+0000] {logging_mixin.py:188} INFO - [2025-07-25T12:57:25.165+0000] {dagbag.py:538} INFO - Filling up the DagBag from /opt/airflow/dags/airflow_pipeline.py
[2025-07-25T12:57:25.191+0000] {processor.py:840} INFO - DAG(s) 'pl001_ingest_crypto_postgres' retrieved from /opt/airflow/dags/airflow_pipeline.py
[2025-07-25T12:57:25.232+0000] {logging_mixin.py:188} INFO - [2025-07-25T12:57:25.231+0000] {dag.py:3036} INFO - Sync 1 DAGs
[2025-07-25T12:57:25.248+0000] {logging_mixin.py:188} INFO - [2025-07-25T12:57:25.248+0000] {dag.py:3823} INFO - Setting next_dagrun for pl001_ingest_crypto_postgres to None, run_after=None
[2025-07-25T12:57:25.277+0000] {processor.py:183} INFO - Processing /opt/airflow/dags/airflow_pipeline.py took 0.120 seconds
[2025-07-25T12:57:55.598+0000] {processor.py:161} INFO - Started process (PID=2682) to work on /opt/airflow/dags/airflow_pipeline.py
[2025-07-25T12:57:55.599+0000] {processor.py:830} INFO - Processing file /opt/airflow/dags/airflow_pipeline.py for tasks to queue
[2025-07-25T12:57:55.601+0000] {logging_mixin.py:188} INFO - [2025-07-25T12:57:55.600+0000] {dagbag.py:538} INFO - Filling up the DagBag from /opt/airflow/dags/airflow_pipeline.py
[2025-07-25T12:57:55.629+0000] {processor.py:840} INFO - DAG(s) 'pl001_ingest_crypto_postgres' retrieved from /opt/airflow/dags/airflow_pipeline.py
[2025-07-25T12:57:55.682+0000] {logging_mixin.py:188} INFO - [2025-07-25T12:57:55.681+0000] {dag.py:3036} INFO - Sync 1 DAGs
[2025-07-25T12:57:55.711+0000] {logging_mixin.py:188} INFO - [2025-07-25T12:57:55.711+0000] {dag.py:3823} INFO - Setting next_dagrun for pl001_ingest_crypto_postgres to None, run_after=None
[2025-07-25T12:57:55.754+0000] {processor.py:183} INFO - Processing /opt/airflow/dags/airflow_pipeline.py took 0.160 seconds
[2025-07-25T12:58:25.864+0000] {processor.py:161} INFO - Started process (PID=2687) to work on /opt/airflow/dags/airflow_pipeline.py
[2025-07-25T12:58:25.867+0000] {processor.py:830} INFO - Processing file /opt/airflow/dags/airflow_pipeline.py for tasks to queue
[2025-07-25T12:58:25.869+0000] {logging_mixin.py:188} INFO - [2025-07-25T12:58:25.868+0000] {dagbag.py:538} INFO - Filling up the DagBag from /opt/airflow/dags/airflow_pipeline.py
[2025-07-25T12:58:25.913+0000] {processor.py:840} INFO - DAG(s) 'pl001_ingest_crypto_postgres' retrieved from /opt/airflow/dags/airflow_pipeline.py
[2025-07-25T12:58:25.965+0000] {logging_mixin.py:188} INFO - [2025-07-25T12:58:25.965+0000] {dag.py:3036} INFO - Sync 1 DAGs
[2025-07-25T12:58:25.983+0000] {logging_mixin.py:188} INFO - [2025-07-25T12:58:25.983+0000] {dag.py:3823} INFO - Setting next_dagrun for pl001_ingest_crypto_postgres to None, run_after=None
[2025-07-25T12:58:26.025+0000] {processor.py:183} INFO - Processing /opt/airflow/dags/airflow_pipeline.py took 0.170 seconds
[2025-07-25T12:58:56.404+0000] {processor.py:161} INFO - Started process (PID=2692) to work on /opt/airflow/dags/airflow_pipeline.py
[2025-07-25T12:58:56.405+0000] {processor.py:830} INFO - Processing file /opt/airflow/dags/airflow_pipeline.py for tasks to queue
[2025-07-25T12:58:56.407+0000] {logging_mixin.py:188} INFO - [2025-07-25T12:58:56.406+0000] {dagbag.py:538} INFO - Filling up the DagBag from /opt/airflow/dags/airflow_pipeline.py
[2025-07-25T12:58:56.433+0000] {processor.py:840} INFO - DAG(s) 'pl001_ingest_crypto_postgres' retrieved from /opt/airflow/dags/airflow_pipeline.py
[2025-07-25T12:58:56.471+0000] {logging_mixin.py:188} INFO - [2025-07-25T12:58:56.471+0000] {dag.py:3036} INFO - Sync 1 DAGs
[2025-07-25T12:58:56.487+0000] {logging_mixin.py:188} INFO - [2025-07-25T12:58:56.487+0000] {dag.py:3823} INFO - Setting next_dagrun for pl001_ingest_crypto_postgres to None, run_after=None
[2025-07-25T12:58:56.512+0000] {processor.py:183} INFO - Processing /opt/airflow/dags/airflow_pipeline.py took 0.119 seconds
[2025-07-25T12:59:26.844+0000] {processor.py:161} INFO - Started process (PID=2697) to work on /opt/airflow/dags/airflow_pipeline.py
[2025-07-25T12:59:26.845+0000] {processor.py:830} INFO - Processing file /opt/airflow/dags/airflow_pipeline.py for tasks to queue
[2025-07-25T12:59:26.847+0000] {logging_mixin.py:188} INFO - [2025-07-25T12:59:26.847+0000] {dagbag.py:538} INFO - Filling up the DagBag from /opt/airflow/dags/airflow_pipeline.py
[2025-07-25T12:59:26.872+0000] {processor.py:840} INFO - DAG(s) 'pl001_ingest_crypto_postgres' retrieved from /opt/airflow/dags/airflow_pipeline.py
[2025-07-25T12:59:26.913+0000] {logging_mixin.py:188} INFO - [2025-07-25T12:59:26.913+0000] {dag.py:3036} INFO - Sync 1 DAGs
[2025-07-25T12:59:26.929+0000] {logging_mixin.py:188} INFO - [2025-07-25T12:59:26.929+0000] {dag.py:3823} INFO - Setting next_dagrun for pl001_ingest_crypto_postgres to None, run_after=None
[2025-07-25T12:59:26.957+0000] {processor.py:183} INFO - Processing /opt/airflow/dags/airflow_pipeline.py took 0.119 seconds
[2025-07-25T12:59:57.241+0000] {processor.py:161} INFO - Started process (PID=2702) to work on /opt/airflow/dags/airflow_pipeline.py
[2025-07-25T12:59:57.243+0000] {processor.py:830} INFO - Processing file /opt/airflow/dags/airflow_pipeline.py for tasks to queue
[2025-07-25T12:59:57.246+0000] {logging_mixin.py:188} INFO - [2025-07-25T12:59:57.245+0000] {dagbag.py:538} INFO - Filling up the DagBag from /opt/airflow/dags/airflow_pipeline.py
[2025-07-25T12:59:57.280+0000] {processor.py:840} INFO - DAG(s) 'pl001_ingest_crypto_postgres' retrieved from /opt/airflow/dags/airflow_pipeline.py
[2025-07-25T12:59:57.329+0000] {logging_mixin.py:188} INFO - [2025-07-25T12:59:57.328+0000] {dag.py:3036} INFO - Sync 1 DAGs
[2025-07-25T12:59:57.351+0000] {logging_mixin.py:188} INFO - [2025-07-25T12:59:57.351+0000] {dag.py:3823} INFO - Setting next_dagrun for pl001_ingest_crypto_postgres to None, run_after=None
[2025-07-25T12:59:57.380+0000] {processor.py:183} INFO - Processing /opt/airflow/dags/airflow_pipeline.py took 0.146 seconds
[2025-07-25T13:00:28.297+0000] {processor.py:161} INFO - Started process (PID=2707) to work on /opt/airflow/dags/airflow_pipeline.py
[2025-07-25T13:00:28.300+0000] {processor.py:830} INFO - Processing file /opt/airflow/dags/airflow_pipeline.py for tasks to queue
[2025-07-25T13:00:28.303+0000] {logging_mixin.py:188} INFO - [2025-07-25T13:00:28.302+0000] {dagbag.py:538} INFO - Filling up the DagBag from /opt/airflow/dags/airflow_pipeline.py
[2025-07-25T13:00:28.358+0000] {processor.py:840} INFO - DAG(s) 'pl001_ingest_crypto_postgres' retrieved from /opt/airflow/dags/airflow_pipeline.py
[2025-07-25T13:00:28.399+0000] {logging_mixin.py:188} INFO - [2025-07-25T13:00:28.399+0000] {dag.py:3036} INFO - Sync 1 DAGs
[2025-07-25T13:00:28.418+0000] {logging_mixin.py:188} INFO - [2025-07-25T13:00:28.418+0000] {dag.py:3823} INFO - Setting next_dagrun for pl001_ingest_crypto_postgres to None, run_after=None
[2025-07-25T13:00:28.454+0000] {processor.py:183} INFO - Processing /opt/airflow/dags/airflow_pipeline.py took 0.167 seconds
[2025-07-25T13:00:59.060+0000] {processor.py:161} INFO - Started process (PID=2712) to work on /opt/airflow/dags/airflow_pipeline.py
[2025-07-25T13:00:59.065+0000] {processor.py:830} INFO - Processing file /opt/airflow/dags/airflow_pipeline.py for tasks to queue
[2025-07-25T13:00:59.069+0000] {logging_mixin.py:188} INFO - [2025-07-25T13:00:59.069+0000] {dagbag.py:538} INFO - Filling up the DagBag from /opt/airflow/dags/airflow_pipeline.py
[2025-07-25T13:00:59.144+0000] {processor.py:840} INFO - DAG(s) 'pl001_ingest_crypto_postgres' retrieved from /opt/airflow/dags/airflow_pipeline.py
[2025-07-25T13:00:59.216+0000] {logging_mixin.py:188} INFO - [2025-07-25T13:00:59.215+0000] {dag.py:3036} INFO - Sync 1 DAGs
[2025-07-25T13:00:59.253+0000] {logging_mixin.py:188} INFO - [2025-07-25T13:00:59.253+0000] {dag.py:3823} INFO - Setting next_dagrun for pl001_ingest_crypto_postgres to None, run_after=None
[2025-07-25T13:00:59.311+0000] {processor.py:183} INFO - Processing /opt/airflow/dags/airflow_pipeline.py took 0.260 seconds
[2025-07-25T13:01:29.756+0000] {processor.py:161} INFO - Started process (PID=2717) to work on /opt/airflow/dags/airflow_pipeline.py
[2025-07-25T13:01:29.760+0000] {processor.py:830} INFO - Processing file /opt/airflow/dags/airflow_pipeline.py for tasks to queue
[2025-07-25T13:01:29.764+0000] {logging_mixin.py:188} INFO - [2025-07-25T13:01:29.763+0000] {dagbag.py:538} INFO - Filling up the DagBag from /opt/airflow/dags/airflow_pipeline.py
[2025-07-25T13:01:29.797+0000] {processor.py:840} INFO - DAG(s) 'pl001_ingest_crypto_postgres' retrieved from /opt/airflow/dags/airflow_pipeline.py
[2025-07-25T13:01:29.839+0000] {logging_mixin.py:188} INFO - [2025-07-25T13:01:29.839+0000] {dag.py:3036} INFO - Sync 1 DAGs
[2025-07-25T13:01:29.855+0000] {logging_mixin.py:188} INFO - [2025-07-25T13:01:29.854+0000] {dag.py:3823} INFO - Setting next_dagrun for pl001_ingest_crypto_postgres to None, run_after=None
[2025-07-25T13:01:29.887+0000] {processor.py:183} INFO - Processing /opt/airflow/dags/airflow_pipeline.py took 0.142 seconds
[2025-07-25T13:02:00.066+0000] {processor.py:161} INFO - Started process (PID=2722) to work on /opt/airflow/dags/airflow_pipeline.py
[2025-07-25T13:02:00.070+0000] {processor.py:830} INFO - Processing file /opt/airflow/dags/airflow_pipeline.py for tasks to queue
[2025-07-25T13:02:00.074+0000] {logging_mixin.py:188} INFO - [2025-07-25T13:02:00.073+0000] {dagbag.py:538} INFO - Filling up the DagBag from /opt/airflow/dags/airflow_pipeline.py
[2025-07-25T13:02:00.112+0000] {processor.py:840} INFO - DAG(s) 'pl001_ingest_crypto_postgres' retrieved from /opt/airflow/dags/airflow_pipeline.py
[2025-07-25T13:02:00.178+0000] {logging_mixin.py:188} INFO - [2025-07-25T13:02:00.177+0000] {dag.py:3036} INFO - Sync 1 DAGs
[2025-07-25T13:02:00.200+0000] {logging_mixin.py:188} INFO - [2025-07-25T13:02:00.200+0000] {dag.py:3823} INFO - Setting next_dagrun for pl001_ingest_crypto_postgres to None, run_after=None
[2025-07-25T13:02:00.233+0000] {processor.py:183} INFO - Processing /opt/airflow/dags/airflow_pipeline.py took 0.183 seconds
[2025-07-25T13:02:30.593+0000] {processor.py:161} INFO - Started process (PID=2727) to work on /opt/airflow/dags/airflow_pipeline.py
[2025-07-25T13:02:30.595+0000] {processor.py:830} INFO - Processing file /opt/airflow/dags/airflow_pipeline.py for tasks to queue
[2025-07-25T13:02:30.597+0000] {logging_mixin.py:188} INFO - [2025-07-25T13:02:30.596+0000] {dagbag.py:538} INFO - Filling up the DagBag from /opt/airflow/dags/airflow_pipeline.py
[2025-07-25T13:02:30.625+0000] {processor.py:840} INFO - DAG(s) 'pl001_ingest_crypto_postgres' retrieved from /opt/airflow/dags/airflow_pipeline.py
[2025-07-25T13:02:30.672+0000] {logging_mixin.py:188} INFO - [2025-07-25T13:02:30.671+0000] {dag.py:3036} INFO - Sync 1 DAGs
[2025-07-25T13:02:30.689+0000] {logging_mixin.py:188} INFO - [2025-07-25T13:02:30.689+0000] {dag.py:3823} INFO - Setting next_dagrun for pl001_ingest_crypto_postgres to None, run_after=None
[2025-07-25T13:02:30.720+0000] {processor.py:183} INFO - Processing /opt/airflow/dags/airflow_pipeline.py took 0.131 seconds
[2025-07-25T13:03:01.022+0000] {processor.py:161} INFO - Started process (PID=2732) to work on /opt/airflow/dags/airflow_pipeline.py
[2025-07-25T13:03:01.025+0000] {processor.py:830} INFO - Processing file /opt/airflow/dags/airflow_pipeline.py for tasks to queue
[2025-07-25T13:03:01.027+0000] {logging_mixin.py:188} INFO - [2025-07-25T13:03:01.026+0000] {dagbag.py:538} INFO - Filling up the DagBag from /opt/airflow/dags/airflow_pipeline.py
[2025-07-25T13:03:01.052+0000] {processor.py:840} INFO - DAG(s) 'pl001_ingest_crypto_postgres' retrieved from /opt/airflow/dags/airflow_pipeline.py
[2025-07-25T13:03:01.112+0000] {logging_mixin.py:188} INFO - [2025-07-25T13:03:01.111+0000] {dag.py:3036} INFO - Sync 1 DAGs
[2025-07-25T13:03:01.129+0000] {logging_mixin.py:188} INFO - [2025-07-25T13:03:01.129+0000] {dag.py:3823} INFO - Setting next_dagrun for pl001_ingest_crypto_postgres to None, run_after=None
[2025-07-25T13:03:01.156+0000] {processor.py:183} INFO - Processing /opt/airflow/dags/airflow_pipeline.py took 0.142 seconds
[2025-07-25T13:03:31.576+0000] {processor.py:161} INFO - Started process (PID=2737) to work on /opt/airflow/dags/airflow_pipeline.py
[2025-07-25T13:03:31.578+0000] {processor.py:830} INFO - Processing file /opt/airflow/dags/airflow_pipeline.py for tasks to queue
[2025-07-25T13:03:31.579+0000] {logging_mixin.py:188} INFO - [2025-07-25T13:03:31.579+0000] {dagbag.py:538} INFO - Filling up the DagBag from /opt/airflow/dags/airflow_pipeline.py
[2025-07-25T13:03:31.606+0000] {processor.py:840} INFO - DAG(s) 'pl001_ingest_crypto_postgres' retrieved from /opt/airflow/dags/airflow_pipeline.py
[2025-07-25T13:03:31.646+0000] {logging_mixin.py:188} INFO - [2025-07-25T13:03:31.646+0000] {dag.py:3036} INFO - Sync 1 DAGs
[2025-07-25T13:03:31.666+0000] {logging_mixin.py:188} INFO - [2025-07-25T13:03:31.666+0000] {dag.py:3823} INFO - Setting next_dagrun for pl001_ingest_crypto_postgres to None, run_after=None
[2025-07-25T13:03:31.693+0000] {processor.py:183} INFO - Processing /opt/airflow/dags/airflow_pipeline.py took 0.123 seconds
[2025-07-25T13:04:02.151+0000] {processor.py:161} INFO - Started process (PID=2742) to work on /opt/airflow/dags/airflow_pipeline.py
[2025-07-25T13:04:02.153+0000] {processor.py:830} INFO - Processing file /opt/airflow/dags/airflow_pipeline.py for tasks to queue
[2025-07-25T13:04:02.154+0000] {logging_mixin.py:188} INFO - [2025-07-25T13:04:02.154+0000] {dagbag.py:538} INFO - Filling up the DagBag from /opt/airflow/dags/airflow_pipeline.py
[2025-07-25T13:04:02.179+0000] {processor.py:840} INFO - DAG(s) 'pl001_ingest_crypto_postgres' retrieved from /opt/airflow/dags/airflow_pipeline.py
[2025-07-25T13:04:02.219+0000] {logging_mixin.py:188} INFO - [2025-07-25T13:04:02.219+0000] {dag.py:3036} INFO - Sync 1 DAGs
[2025-07-25T13:04:02.235+0000] {logging_mixin.py:188} INFO - [2025-07-25T13:04:02.235+0000] {dag.py:3823} INFO - Setting next_dagrun for pl001_ingest_crypto_postgres to None, run_after=None
[2025-07-25T13:04:02.289+0000] {processor.py:183} INFO - Processing /opt/airflow/dags/airflow_pipeline.py took 0.142 seconds
[2025-07-25T13:04:32.542+0000] {processor.py:161} INFO - Started process (PID=2747) to work on /opt/airflow/dags/airflow_pipeline.py
[2025-07-25T13:04:32.544+0000] {processor.py:830} INFO - Processing file /opt/airflow/dags/airflow_pipeline.py for tasks to queue
[2025-07-25T13:04:32.545+0000] {logging_mixin.py:188} INFO - [2025-07-25T13:04:32.544+0000] {dagbag.py:538} INFO - Filling up the DagBag from /opt/airflow/dags/airflow_pipeline.py
[2025-07-25T13:04:32.568+0000] {processor.py:840} INFO - DAG(s) 'pl001_ingest_crypto_postgres' retrieved from /opt/airflow/dags/airflow_pipeline.py
[2025-07-25T13:04:32.608+0000] {logging_mixin.py:188} INFO - [2025-07-25T13:04:32.608+0000] {dag.py:3036} INFO - Sync 1 DAGs
[2025-07-25T13:04:32.625+0000] {logging_mixin.py:188} INFO - [2025-07-25T13:04:32.625+0000] {dag.py:3823} INFO - Setting next_dagrun for pl001_ingest_crypto_postgres to None, run_after=None
[2025-07-25T13:04:32.654+0000] {processor.py:183} INFO - Processing /opt/airflow/dags/airflow_pipeline.py took 0.119 seconds
[2025-07-25T13:05:03.097+0000] {processor.py:161} INFO - Started process (PID=2752) to work on /opt/airflow/dags/airflow_pipeline.py
[2025-07-25T13:05:03.098+0000] {processor.py:830} INFO - Processing file /opt/airflow/dags/airflow_pipeline.py for tasks to queue
[2025-07-25T13:05:03.099+0000] {logging_mixin.py:188} INFO - [2025-07-25T13:05:03.099+0000] {dagbag.py:538} INFO - Filling up the DagBag from /opt/airflow/dags/airflow_pipeline.py
[2025-07-25T13:05:03.121+0000] {processor.py:840} INFO - DAG(s) 'pl001_ingest_crypto_postgres' retrieved from /opt/airflow/dags/airflow_pipeline.py
[2025-07-25T13:05:03.160+0000] {logging_mixin.py:188} INFO - [2025-07-25T13:05:03.160+0000] {dag.py:3036} INFO - Sync 1 DAGs
[2025-07-25T13:05:03.178+0000] {logging_mixin.py:188} INFO - [2025-07-25T13:05:03.177+0000] {dag.py:3823} INFO - Setting next_dagrun for pl001_ingest_crypto_postgres to None, run_after=None
[2025-07-25T13:05:03.210+0000] {processor.py:183} INFO - Processing /opt/airflow/dags/airflow_pipeline.py took 0.119 seconds
[2025-07-25T13:05:33.634+0000] {processor.py:161} INFO - Started process (PID=2757) to work on /opt/airflow/dags/airflow_pipeline.py
[2025-07-25T13:05:33.636+0000] {processor.py:830} INFO - Processing file /opt/airflow/dags/airflow_pipeline.py for tasks to queue
[2025-07-25T13:05:33.638+0000] {logging_mixin.py:188} INFO - [2025-07-25T13:05:33.637+0000] {dagbag.py:538} INFO - Filling up the DagBag from /opt/airflow/dags/airflow_pipeline.py
[2025-07-25T13:05:33.662+0000] {processor.py:840} INFO - DAG(s) 'pl001_ingest_crypto_postgres' retrieved from /opt/airflow/dags/airflow_pipeline.py
[2025-07-25T13:05:33.702+0000] {logging_mixin.py:188} INFO - [2025-07-25T13:05:33.702+0000] {dag.py:3036} INFO - Sync 1 DAGs
[2025-07-25T13:05:33.718+0000] {logging_mixin.py:188} INFO - [2025-07-25T13:05:33.717+0000] {dag.py:3823} INFO - Setting next_dagrun for pl001_ingest_crypto_postgres to None, run_after=None
[2025-07-25T13:05:33.750+0000] {processor.py:183} INFO - Processing /opt/airflow/dags/airflow_pipeline.py took 0.119 seconds
[2025-07-25T13:06:03.957+0000] {processor.py:161} INFO - Started process (PID=2762) to work on /opt/airflow/dags/airflow_pipeline.py
[2025-07-25T13:06:03.959+0000] {processor.py:830} INFO - Processing file /opt/airflow/dags/airflow_pipeline.py for tasks to queue
[2025-07-25T13:06:03.961+0000] {logging_mixin.py:188} INFO - [2025-07-25T13:06:03.960+0000] {dagbag.py:538} INFO - Filling up the DagBag from /opt/airflow/dags/airflow_pipeline.py
[2025-07-25T13:06:03.989+0000] {processor.py:840} INFO - DAG(s) 'pl001_ingest_crypto_postgres' retrieved from /opt/airflow/dags/airflow_pipeline.py
[2025-07-25T13:06:04.031+0000] {logging_mixin.py:188} INFO - [2025-07-25T13:06:04.030+0000] {dag.py:3036} INFO - Sync 1 DAGs
[2025-07-25T13:06:04.049+0000] {logging_mixin.py:188} INFO - [2025-07-25T13:06:04.049+0000] {dag.py:3823} INFO - Setting next_dagrun for pl001_ingest_crypto_postgres to None, run_after=None
[2025-07-25T13:06:04.080+0000] {processor.py:183} INFO - Processing /opt/airflow/dags/airflow_pipeline.py took 0.129 seconds
[2025-07-25T13:06:34.540+0000] {processor.py:161} INFO - Started process (PID=2767) to work on /opt/airflow/dags/airflow_pipeline.py
[2025-07-25T13:06:34.541+0000] {processor.py:830} INFO - Processing file /opt/airflow/dags/airflow_pipeline.py for tasks to queue
[2025-07-25T13:06:34.544+0000] {logging_mixin.py:188} INFO - [2025-07-25T13:06:34.543+0000] {dagbag.py:538} INFO - Filling up the DagBag from /opt/airflow/dags/airflow_pipeline.py
[2025-07-25T13:06:34.569+0000] {processor.py:840} INFO - DAG(s) 'pl001_ingest_crypto_postgres' retrieved from /opt/airflow/dags/airflow_pipeline.py
[2025-07-25T13:06:34.610+0000] {logging_mixin.py:188} INFO - [2025-07-25T13:06:34.610+0000] {dag.py:3036} INFO - Sync 1 DAGs
[2025-07-25T13:06:34.627+0000] {logging_mixin.py:188} INFO - [2025-07-25T13:06:34.626+0000] {dag.py:3823} INFO - Setting next_dagrun for pl001_ingest_crypto_postgres to None, run_after=None
[2025-07-25T13:06:34.657+0000] {processor.py:183} INFO - Processing /opt/airflow/dags/airflow_pipeline.py took 0.122 seconds
[2025-07-25T13:07:05.123+0000] {processor.py:161} INFO - Started process (PID=2772) to work on /opt/airflow/dags/airflow_pipeline.py
[2025-07-25T13:07:05.124+0000] {processor.py:830} INFO - Processing file /opt/airflow/dags/airflow_pipeline.py for tasks to queue
[2025-07-25T13:07:05.126+0000] {logging_mixin.py:188} INFO - [2025-07-25T13:07:05.125+0000] {dagbag.py:538} INFO - Filling up the DagBag from /opt/airflow/dags/airflow_pipeline.py
[2025-07-25T13:07:05.150+0000] {processor.py:840} INFO - DAG(s) 'pl001_ingest_crypto_postgres' retrieved from /opt/airflow/dags/airflow_pipeline.py
[2025-07-25T13:07:05.188+0000] {logging_mixin.py:188} INFO - [2025-07-25T13:07:05.187+0000] {dag.py:3036} INFO - Sync 1 DAGs
[2025-07-25T13:07:05.203+0000] {logging_mixin.py:188} INFO - [2025-07-25T13:07:05.203+0000] {dag.py:3823} INFO - Setting next_dagrun for pl001_ingest_crypto_postgres to None, run_after=None
[2025-07-25T13:07:05.232+0000] {processor.py:183} INFO - Processing /opt/airflow/dags/airflow_pipeline.py took 0.116 seconds
[2025-07-25T13:07:35.509+0000] {processor.py:161} INFO - Started process (PID=2802) to work on /opt/airflow/dags/airflow_pipeline.py
[2025-07-25T13:07:35.511+0000] {processor.py:830} INFO - Processing file /opt/airflow/dags/airflow_pipeline.py for tasks to queue
[2025-07-25T13:07:35.513+0000] {logging_mixin.py:188} INFO - [2025-07-25T13:07:35.512+0000] {dagbag.py:538} INFO - Filling up the DagBag from /opt/airflow/dags/airflow_pipeline.py
[2025-07-25T13:07:35.544+0000] {processor.py:840} INFO - DAG(s) 'pl001_ingest_crypto_postgres' retrieved from /opt/airflow/dags/airflow_pipeline.py
[2025-07-25T13:11:00.140+0000] {processor.py:161} INFO - Started process (PID=160) to work on /opt/airflow/dags/airflow_pipeline.py
[2025-07-25T13:11:00.142+0000] {processor.py:830} INFO - Processing file /opt/airflow/dags/airflow_pipeline.py for tasks to queue
[2025-07-25T13:11:00.145+0000] {logging_mixin.py:188} INFO - [2025-07-25T13:11:00.144+0000] {dagbag.py:538} INFO - Filling up the DagBag from /opt/airflow/dags/airflow_pipeline.py
[2025-07-25T13:11:00.195+0000] {processor.py:840} INFO - DAG(s) 'pl001_ingest_crypto_postgres' retrieved from /opt/airflow/dags/airflow_pipeline.py
[2025-07-25T13:11:00.289+0000] {logging_mixin.py:188} INFO - [2025-07-25T13:11:00.289+0000] {dag.py:3036} INFO - Sync 1 DAGs
[2025-07-25T13:11:00.321+0000] {logging_mixin.py:188} INFO - [2025-07-25T13:11:00.321+0000] {dag.py:3823} INFO - Setting next_dagrun for pl001_ingest_crypto_postgres to None, run_after=None
[2025-07-25T13:11:00.384+0000] {processor.py:183} INFO - Processing /opt/airflow/dags/airflow_pipeline.py took 0.251 seconds
[2025-07-25T13:11:31.991+0000] {processor.py:161} INFO - Started process (PID=165) to work on /opt/airflow/dags/airflow_pipeline.py
[2025-07-25T13:11:31.996+0000] {processor.py:830} INFO - Processing file /opt/airflow/dags/airflow_pipeline.py for tasks to queue
[2025-07-25T13:11:32.006+0000] {logging_mixin.py:188} INFO - [2025-07-25T13:11:32.005+0000] {dagbag.py:538} INFO - Filling up the DagBag from /opt/airflow/dags/airflow_pipeline.py
[2025-07-25T13:11:32.100+0000] {processor.py:840} INFO - DAG(s) 'pl001_ingest_crypto_postgres' retrieved from /opt/airflow/dags/airflow_pipeline.py
[2025-07-25T13:11:32.231+0000] {logging_mixin.py:188} INFO - [2025-07-25T13:11:32.231+0000] {dag.py:3036} INFO - Sync 1 DAGs
[2025-07-25T13:11:32.278+0000] {logging_mixin.py:188} INFO - [2025-07-25T13:11:32.277+0000] {dag.py:3823} INFO - Setting next_dagrun for pl001_ingest_crypto_postgres to None, run_after=None
[2025-07-25T13:11:32.346+0000] {processor.py:183} INFO - Processing /opt/airflow/dags/airflow_pipeline.py took 0.361 seconds
[2025-07-25T13:12:02.686+0000] {processor.py:161} INFO - Started process (PID=170) to work on /opt/airflow/dags/airflow_pipeline.py
[2025-07-25T13:12:02.695+0000] {processor.py:830} INFO - Processing file /opt/airflow/dags/airflow_pipeline.py for tasks to queue
[2025-07-25T13:12:02.699+0000] {logging_mixin.py:188} INFO - [2025-07-25T13:12:02.698+0000] {dagbag.py:538} INFO - Filling up the DagBag from /opt/airflow/dags/airflow_pipeline.py
[2025-07-25T13:12:02.797+0000] {processor.py:840} INFO - DAG(s) 'pl001_ingest_crypto_postgres' retrieved from /opt/airflow/dags/airflow_pipeline.py
[2025-07-25T13:12:02.837+0000] {logging_mixin.py:188} INFO - [2025-07-25T13:12:02.837+0000] {dag.py:3036} INFO - Sync 1 DAGs
[2025-07-25T13:12:02.855+0000] {logging_mixin.py:188} INFO - [2025-07-25T13:12:02.854+0000] {dag.py:3823} INFO - Setting next_dagrun for pl001_ingest_crypto_postgres to None, run_after=None
[2025-07-25T13:12:02.975+0000] {processor.py:183} INFO - Processing /opt/airflow/dags/airflow_pipeline.py took 0.299 seconds
[2025-07-25T13:12:33.292+0000] {processor.py:161} INFO - Started process (PID=175) to work on /opt/airflow/dags/airflow_pipeline.py
[2025-07-25T13:12:33.293+0000] {processor.py:830} INFO - Processing file /opt/airflow/dags/airflow_pipeline.py for tasks to queue
[2025-07-25T13:12:33.295+0000] {logging_mixin.py:188} INFO - [2025-07-25T13:12:33.294+0000] {dagbag.py:538} INFO - Filling up the DagBag from /opt/airflow/dags/airflow_pipeline.py
[2025-07-25T13:12:33.332+0000] {processor.py:840} INFO - DAG(s) 'pl001_ingest_crypto_postgres' retrieved from /opt/airflow/dags/airflow_pipeline.py
[2025-07-25T13:12:33.400+0000] {logging_mixin.py:188} INFO - [2025-07-25T13:12:33.399+0000] {dag.py:3036} INFO - Sync 1 DAGs
[2025-07-25T13:12:33.424+0000] {logging_mixin.py:188} INFO - [2025-07-25T13:12:33.423+0000] {dag.py:3823} INFO - Setting next_dagrun for pl001_ingest_crypto_postgres to None, run_after=None
[2025-07-25T13:12:33.459+0000] {processor.py:183} INFO - Processing /opt/airflow/dags/airflow_pipeline.py took 0.174 seconds
[2025-07-25T13:13:03.713+0000] {processor.py:161} INFO - Started process (PID=180) to work on /opt/airflow/dags/airflow_pipeline.py
[2025-07-25T13:13:03.722+0000] {processor.py:830} INFO - Processing file /opt/airflow/dags/airflow_pipeline.py for tasks to queue
[2025-07-25T13:13:03.725+0000] {logging_mixin.py:188} INFO - [2025-07-25T13:13:03.724+0000] {dagbag.py:538} INFO - Filling up the DagBag from /opt/airflow/dags/airflow_pipeline.py
[2025-07-25T13:13:03.770+0000] {processor.py:840} INFO - DAG(s) 'pl001_ingest_crypto_postgres' retrieved from /opt/airflow/dags/airflow_pipeline.py
[2025-07-25T13:13:03.857+0000] {logging_mixin.py:188} INFO - [2025-07-25T13:13:03.857+0000] {dag.py:3036} INFO - Sync 1 DAGs
[2025-07-25T13:13:03.885+0000] {logging_mixin.py:188} INFO - [2025-07-25T13:13:03.883+0000] {dag.py:3823} INFO - Setting next_dagrun for pl001_ingest_crypto_postgres to None, run_after=None
[2025-07-25T13:13:03.940+0000] {processor.py:183} INFO - Processing /opt/airflow/dags/airflow_pipeline.py took 0.233 seconds
[2025-07-25T13:13:34.353+0000] {processor.py:161} INFO - Started process (PID=185) to work on /opt/airflow/dags/airflow_pipeline.py
[2025-07-25T13:13:34.354+0000] {processor.py:830} INFO - Processing file /opt/airflow/dags/airflow_pipeline.py for tasks to queue
[2025-07-25T13:13:34.356+0000] {logging_mixin.py:188} INFO - [2025-07-25T13:13:34.355+0000] {dagbag.py:538} INFO - Filling up the DagBag from /opt/airflow/dags/airflow_pipeline.py
[2025-07-25T13:13:34.386+0000] {processor.py:840} INFO - DAG(s) 'pl001_ingest_crypto_postgres' retrieved from /opt/airflow/dags/airflow_pipeline.py
[2025-07-25T13:13:34.426+0000] {logging_mixin.py:188} INFO - [2025-07-25T13:13:34.426+0000] {dag.py:3036} INFO - Sync 1 DAGs
[2025-07-25T13:13:34.443+0000] {logging_mixin.py:188} INFO - [2025-07-25T13:13:34.443+0000] {dag.py:3823} INFO - Setting next_dagrun for pl001_ingest_crypto_postgres to None, run_after=None
[2025-07-25T13:13:34.471+0000] {processor.py:183} INFO - Processing /opt/airflow/dags/airflow_pipeline.py took 0.123 seconds
[2025-07-25T13:14:04.748+0000] {processor.py:161} INFO - Started process (PID=190) to work on /opt/airflow/dags/airflow_pipeline.py
[2025-07-25T13:14:04.756+0000] {processor.py:830} INFO - Processing file /opt/airflow/dags/airflow_pipeline.py for tasks to queue
[2025-07-25T13:14:04.760+0000] {logging_mixin.py:188} INFO - [2025-07-25T13:14:04.759+0000] {dagbag.py:538} INFO - Filling up the DagBag from /opt/airflow/dags/airflow_pipeline.py
[2025-07-25T13:14:04.796+0000] {processor.py:840} INFO - DAG(s) 'pl001_ingest_crypto_postgres' retrieved from /opt/airflow/dags/airflow_pipeline.py
[2025-07-25T13:14:04.838+0000] {logging_mixin.py:188} INFO - [2025-07-25T13:14:04.837+0000] {dag.py:3036} INFO - Sync 1 DAGs
[2025-07-25T13:14:04.856+0000] {logging_mixin.py:188} INFO - [2025-07-25T13:14:04.856+0000] {dag.py:3823} INFO - Setting next_dagrun for pl001_ingest_crypto_postgres to None, run_after=None
[2025-07-25T13:14:04.883+0000] {processor.py:183} INFO - Processing /opt/airflow/dags/airflow_pipeline.py took 0.143 seconds
[2025-07-25T13:14:35.187+0000] {processor.py:161} INFO - Started process (PID=195) to work on /opt/airflow/dags/airflow_pipeline.py
[2025-07-25T13:14:35.189+0000] {processor.py:830} INFO - Processing file /opt/airflow/dags/airflow_pipeline.py for tasks to queue
[2025-07-25T13:14:35.191+0000] {logging_mixin.py:188} INFO - [2025-07-25T13:14:35.190+0000] {dagbag.py:538} INFO - Filling up the DagBag from /opt/airflow/dags/airflow_pipeline.py
[2025-07-25T13:14:35.213+0000] {processor.py:840} INFO - DAG(s) 'pl001_ingest_crypto_postgres' retrieved from /opt/airflow/dags/airflow_pipeline.py
[2025-07-25T13:14:35.250+0000] {logging_mixin.py:188} INFO - [2025-07-25T13:14:35.249+0000] {dag.py:3036} INFO - Sync 1 DAGs
[2025-07-25T13:14:35.272+0000] {logging_mixin.py:188} INFO - [2025-07-25T13:14:35.272+0000] {dag.py:3823} INFO - Setting next_dagrun for pl001_ingest_crypto_postgres to None, run_after=None
[2025-07-25T13:14:35.316+0000] {processor.py:183} INFO - Processing /opt/airflow/dags/airflow_pipeline.py took 0.132 seconds
[2025-07-25T13:15:05.668+0000] {processor.py:161} INFO - Started process (PID=200) to work on /opt/airflow/dags/airflow_pipeline.py
[2025-07-25T13:15:05.670+0000] {processor.py:830} INFO - Processing file /opt/airflow/dags/airflow_pipeline.py for tasks to queue
[2025-07-25T13:15:05.672+0000] {logging_mixin.py:188} INFO - [2025-07-25T13:15:05.672+0000] {dagbag.py:538} INFO - Filling up the DagBag from /opt/airflow/dags/airflow_pipeline.py
[2025-07-25T13:15:05.701+0000] {processor.py:840} INFO - DAG(s) 'pl001_ingest_crypto_postgres' retrieved from /opt/airflow/dags/airflow_pipeline.py
[2025-07-25T13:15:05.754+0000] {logging_mixin.py:188} INFO - [2025-07-25T13:15:05.753+0000] {dag.py:3036} INFO - Sync 1 DAGs
[2025-07-25T13:15:05.823+0000] {logging_mixin.py:188} INFO - [2025-07-25T13:15:05.823+0000] {dag.py:3823} INFO - Setting next_dagrun for pl001_ingest_crypto_postgres to None, run_after=None
[2025-07-25T13:15:05.871+0000] {processor.py:183} INFO - Processing /opt/airflow/dags/airflow_pipeline.py took 0.209 seconds
[2025-07-25T13:15:36.282+0000] {processor.py:161} INFO - Started process (PID=205) to work on /opt/airflow/dags/airflow_pipeline.py
[2025-07-25T13:15:36.285+0000] {processor.py:830} INFO - Processing file /opt/airflow/dags/airflow_pipeline.py for tasks to queue
[2025-07-25T13:15:36.287+0000] {logging_mixin.py:188} INFO - [2025-07-25T13:15:36.286+0000] {dagbag.py:538} INFO - Filling up the DagBag from /opt/airflow/dags/airflow_pipeline.py
[2025-07-25T13:15:36.321+0000] {processor.py:840} INFO - DAG(s) 'pl001_ingest_crypto_postgres' retrieved from /opt/airflow/dags/airflow_pipeline.py
[2025-07-25T13:15:36.375+0000] {logging_mixin.py:188} INFO - [2025-07-25T13:15:36.375+0000] {dag.py:3036} INFO - Sync 1 DAGs
[2025-07-25T13:15:36.395+0000] {logging_mixin.py:188} INFO - [2025-07-25T13:15:36.395+0000] {dag.py:3823} INFO - Setting next_dagrun for pl001_ingest_crypto_postgres to None, run_after=None
[2025-07-25T13:15:36.425+0000] {processor.py:183} INFO - Processing /opt/airflow/dags/airflow_pipeline.py took 0.149 seconds
[2025-07-25T13:16:06.547+0000] {processor.py:161} INFO - Started process (PID=210) to work on /opt/airflow/dags/airflow_pipeline.py
[2025-07-25T13:16:06.549+0000] {processor.py:830} INFO - Processing file /opt/airflow/dags/airflow_pipeline.py for tasks to queue
[2025-07-25T13:16:06.551+0000] {logging_mixin.py:188} INFO - [2025-07-25T13:16:06.550+0000] {dagbag.py:538} INFO - Filling up the DagBag from /opt/airflow/dags/airflow_pipeline.py
[2025-07-25T13:16:06.580+0000] {processor.py:840} INFO - DAG(s) 'pl001_ingest_crypto_postgres' retrieved from /opt/airflow/dags/airflow_pipeline.py
[2025-07-25T13:16:06.622+0000] {logging_mixin.py:188} INFO - [2025-07-25T13:16:06.621+0000] {dag.py:3036} INFO - Sync 1 DAGs
[2025-07-25T13:16:06.638+0000] {logging_mixin.py:188} INFO - [2025-07-25T13:16:06.638+0000] {dag.py:3823} INFO - Setting next_dagrun for pl001_ingest_crypto_postgres to None, run_after=None
[2025-07-25T13:16:06.669+0000] {processor.py:183} INFO - Processing /opt/airflow/dags/airflow_pipeline.py took 0.128 seconds
[2025-07-25T13:17:43.300+0000] {processor.py:161} INFO - Started process (PID=160) to work on /opt/airflow/dags/airflow_pipeline.py
[2025-07-25T13:17:43.315+0000] {processor.py:830} INFO - Processing file /opt/airflow/dags/airflow_pipeline.py for tasks to queue
[2025-07-25T13:17:43.323+0000] {logging_mixin.py:188} INFO - [2025-07-25T13:17:43.320+0000] {dagbag.py:538} INFO - Filling up the DagBag from /opt/airflow/dags/airflow_pipeline.py
[2025-07-25T13:17:43.539+0000] {processor.py:840} INFO - DAG(s) 'pl001_ingest_crypto_postgres' retrieved from /opt/airflow/dags/airflow_pipeline.py
[2025-07-25T13:17:43.952+0000] {logging_mixin.py:188} INFO - [2025-07-25T13:17:43.951+0000] {dag.py:3036} INFO - Sync 1 DAGs
[2025-07-25T13:17:44.125+0000] {logging_mixin.py:188} INFO - [2025-07-25T13:17:44.124+0000] {dag.py:3823} INFO - Setting next_dagrun for pl001_ingest_crypto_postgres to None, run_after=None
[2025-07-25T13:17:44.254+0000] {processor.py:183} INFO - Processing /opt/airflow/dags/airflow_pipeline.py took 0.989 seconds
[2025-07-25T13:18:14.374+0000] {processor.py:161} INFO - Started process (PID=165) to work on /opt/airflow/dags/airflow_pipeline.py
[2025-07-25T13:18:14.376+0000] {processor.py:830} INFO - Processing file /opt/airflow/dags/airflow_pipeline.py for tasks to queue
[2025-07-25T13:18:14.378+0000] {logging_mixin.py:188} INFO - [2025-07-25T13:18:14.378+0000] {dagbag.py:538} INFO - Filling up the DagBag from /opt/airflow/dags/airflow_pipeline.py
[2025-07-25T13:18:14.434+0000] {processor.py:840} INFO - DAG(s) 'pl001_ingest_crypto_postgres' retrieved from /opt/airflow/dags/airflow_pipeline.py
[2025-07-25T13:18:14.503+0000] {logging_mixin.py:188} INFO - [2025-07-25T13:18:14.503+0000] {dag.py:3036} INFO - Sync 1 DAGs
[2025-07-25T13:18:14.530+0000] {logging_mixin.py:188} INFO - [2025-07-25T13:18:14.529+0000] {dag.py:3823} INFO - Setting next_dagrun for pl001_ingest_crypto_postgres to None, run_after=None
[2025-07-25T13:18:14.566+0000] {processor.py:183} INFO - Processing /opt/airflow/dags/airflow_pipeline.py took 0.201 seconds
[2025-07-25T13:18:44.710+0000] {processor.py:161} INFO - Started process (PID=170) to work on /opt/airflow/dags/airflow_pipeline.py
[2025-07-25T13:18:44.712+0000] {processor.py:830} INFO - Processing file /opt/airflow/dags/airflow_pipeline.py for tasks to queue
[2025-07-25T13:18:44.714+0000] {logging_mixin.py:188} INFO - [2025-07-25T13:18:44.713+0000] {dagbag.py:538} INFO - Filling up the DagBag from /opt/airflow/dags/airflow_pipeline.py
[2025-07-25T13:18:44.742+0000] {processor.py:840} INFO - DAG(s) 'pl001_ingest_crypto_postgres' retrieved from /opt/airflow/dags/airflow_pipeline.py
[2025-07-25T13:18:44.822+0000] {logging_mixin.py:188} INFO - [2025-07-25T13:18:44.822+0000] {dag.py:3036} INFO - Sync 1 DAGs
[2025-07-25T13:18:44.865+0000] {logging_mixin.py:188} INFO - [2025-07-25T13:18:44.865+0000] {dag.py:3823} INFO - Setting next_dagrun for pl001_ingest_crypto_postgres to None, run_after=None
[2025-07-25T13:18:44.920+0000] {processor.py:183} INFO - Processing /opt/airflow/dags/airflow_pipeline.py took 0.215 seconds
[2025-07-25T13:19:15.284+0000] {processor.py:161} INFO - Started process (PID=175) to work on /opt/airflow/dags/airflow_pipeline.py
[2025-07-25T13:19:15.285+0000] {processor.py:830} INFO - Processing file /opt/airflow/dags/airflow_pipeline.py for tasks to queue
[2025-07-25T13:19:15.287+0000] {logging_mixin.py:188} INFO - [2025-07-25T13:19:15.286+0000] {dagbag.py:538} INFO - Filling up the DagBag from /opt/airflow/dags/airflow_pipeline.py
[2025-07-25T13:19:15.312+0000] {processor.py:840} INFO - DAG(s) 'pl001_ingest_crypto_postgres' retrieved from /opt/airflow/dags/airflow_pipeline.py
[2025-07-25T13:19:15.371+0000] {logging_mixin.py:188} INFO - [2025-07-25T13:19:15.371+0000] {dag.py:3036} INFO - Sync 1 DAGs
[2025-07-25T13:19:15.395+0000] {logging_mixin.py:188} INFO - [2025-07-25T13:19:15.394+0000] {dag.py:3823} INFO - Setting next_dagrun for pl001_ingest_crypto_postgres to None, run_after=None
[2025-07-25T13:19:15.446+0000] {processor.py:183} INFO - Processing /opt/airflow/dags/airflow_pipeline.py took 0.169 seconds
[2025-07-25T13:19:45.791+0000] {processor.py:161} INFO - Started process (PID=180) to work on /opt/airflow/dags/airflow_pipeline.py
[2025-07-25T13:19:45.793+0000] {processor.py:830} INFO - Processing file /opt/airflow/dags/airflow_pipeline.py for tasks to queue
[2025-07-25T13:19:45.796+0000] {logging_mixin.py:188} INFO - [2025-07-25T13:19:45.795+0000] {dagbag.py:538} INFO - Filling up the DagBag from /opt/airflow/dags/airflow_pipeline.py
[2025-07-25T13:19:45.831+0000] {processor.py:840} INFO - DAG(s) 'pl001_ingest_crypto_postgres' retrieved from /opt/airflow/dags/airflow_pipeline.py
[2025-07-25T13:19:45.911+0000] {logging_mixin.py:188} INFO - [2025-07-25T13:19:45.911+0000] {dag.py:3036} INFO - Sync 1 DAGs
[2025-07-25T13:19:45.939+0000] {logging_mixin.py:188} INFO - [2025-07-25T13:19:45.939+0000] {dag.py:3823} INFO - Setting next_dagrun for pl001_ingest_crypto_postgres to None, run_after=None
[2025-07-25T13:19:45.990+0000] {processor.py:183} INFO - Processing /opt/airflow/dags/airflow_pipeline.py took 0.206 seconds
[2025-07-25T13:20:16.289+0000] {processor.py:161} INFO - Started process (PID=185) to work on /opt/airflow/dags/airflow_pipeline.py
[2025-07-25T13:20:16.291+0000] {processor.py:830} INFO - Processing file /opt/airflow/dags/airflow_pipeline.py for tasks to queue
[2025-07-25T13:20:16.293+0000] {logging_mixin.py:188} INFO - [2025-07-25T13:20:16.292+0000] {dagbag.py:538} INFO - Filling up the DagBag from /opt/airflow/dags/airflow_pipeline.py
[2025-07-25T13:20:16.318+0000] {processor.py:840} INFO - DAG(s) 'pl001_ingest_crypto_postgres' retrieved from /opt/airflow/dags/airflow_pipeline.py
[2025-07-25T13:20:16.363+0000] {logging_mixin.py:188} INFO - [2025-07-25T13:20:16.362+0000] {dag.py:3036} INFO - Sync 1 DAGs
[2025-07-25T13:20:16.381+0000] {logging_mixin.py:188} INFO - [2025-07-25T13:20:16.381+0000] {dag.py:3823} INFO - Setting next_dagrun for pl001_ingest_crypto_postgres to None, run_after=None
[2025-07-25T13:20:16.408+0000] {processor.py:183} INFO - Processing /opt/airflow/dags/airflow_pipeline.py took 0.124 seconds
[2025-07-25T13:20:46.680+0000] {processor.py:161} INFO - Started process (PID=190) to work on /opt/airflow/dags/airflow_pipeline.py
[2025-07-25T13:20:46.682+0000] {processor.py:830} INFO - Processing file /opt/airflow/dags/airflow_pipeline.py for tasks to queue
[2025-07-25T13:20:46.683+0000] {logging_mixin.py:188} INFO - [2025-07-25T13:20:46.683+0000] {dagbag.py:538} INFO - Filling up the DagBag from /opt/airflow/dags/airflow_pipeline.py
[2025-07-25T13:20:46.715+0000] {processor.py:840} INFO - DAG(s) 'pl001_ingest_crypto_postgres' retrieved from /opt/airflow/dags/airflow_pipeline.py
[2025-07-25T13:20:46.763+0000] {logging_mixin.py:188} INFO - [2025-07-25T13:20:46.762+0000] {dag.py:3036} INFO - Sync 1 DAGs
[2025-07-25T13:20:46.782+0000] {logging_mixin.py:188} INFO - [2025-07-25T13:20:46.782+0000] {dag.py:3823} INFO - Setting next_dagrun for pl001_ingest_crypto_postgres to None, run_after=None
[2025-07-25T13:20:46.813+0000] {processor.py:183} INFO - Processing /opt/airflow/dags/airflow_pipeline.py took 0.137 seconds
[2025-07-25T13:21:17.035+0000] {processor.py:161} INFO - Started process (PID=195) to work on /opt/airflow/dags/airflow_pipeline.py
[2025-07-25T13:21:17.038+0000] {processor.py:830} INFO - Processing file /opt/airflow/dags/airflow_pipeline.py for tasks to queue
[2025-07-25T13:21:17.047+0000] {logging_mixin.py:188} INFO - [2025-07-25T13:21:17.046+0000] {dagbag.py:538} INFO - Filling up the DagBag from /opt/airflow/dags/airflow_pipeline.py
[2025-07-25T13:21:17.088+0000] {processor.py:840} INFO - DAG(s) 'pl001_ingest_crypto_postgres' retrieved from /opt/airflow/dags/airflow_pipeline.py
[2025-07-25T13:21:17.148+0000] {logging_mixin.py:188} INFO - [2025-07-25T13:21:17.147+0000] {dag.py:3036} INFO - Sync 1 DAGs
[2025-07-25T13:21:17.165+0000] {logging_mixin.py:188} INFO - [2025-07-25T13:21:17.165+0000] {dag.py:3823} INFO - Setting next_dagrun for pl001_ingest_crypto_postgres to None, run_after=None
[2025-07-25T13:21:17.193+0000] {processor.py:183} INFO - Processing /opt/airflow/dags/airflow_pipeline.py took 0.164 seconds
[2025-07-25T13:21:47.481+0000] {processor.py:161} INFO - Started process (PID=200) to work on /opt/airflow/dags/airflow_pipeline.py
[2025-07-25T13:21:47.482+0000] {processor.py:830} INFO - Processing file /opt/airflow/dags/airflow_pipeline.py for tasks to queue
[2025-07-25T13:21:47.483+0000] {logging_mixin.py:188} INFO - [2025-07-25T13:21:47.483+0000] {dagbag.py:538} INFO - Filling up the DagBag from /opt/airflow/dags/airflow_pipeline.py
[2025-07-25T13:21:47.512+0000] {processor.py:840} INFO - DAG(s) 'pl001_ingest_crypto_postgres' retrieved from /opt/airflow/dags/airflow_pipeline.py
[2025-07-25T13:21:47.555+0000] {logging_mixin.py:188} INFO - [2025-07-25T13:21:47.555+0000] {dag.py:3036} INFO - Sync 1 DAGs
[2025-07-25T13:21:47.575+0000] {logging_mixin.py:188} INFO - [2025-07-25T13:21:47.575+0000] {dag.py:3823} INFO - Setting next_dagrun for pl001_ingest_crypto_postgres to None, run_after=None
[2025-07-25T13:21:47.619+0000] {processor.py:183} INFO - Processing /opt/airflow/dags/airflow_pipeline.py took 0.143 seconds
[2025-07-25T13:22:17.995+0000] {processor.py:161} INFO - Started process (PID=205) to work on /opt/airflow/dags/airflow_pipeline.py
[2025-07-25T13:22:18.000+0000] {processor.py:830} INFO - Processing file /opt/airflow/dags/airflow_pipeline.py for tasks to queue
[2025-07-25T13:22:18.004+0000] {logging_mixin.py:188} INFO - [2025-07-25T13:22:18.003+0000] {dagbag.py:538} INFO - Filling up the DagBag from /opt/airflow/dags/airflow_pipeline.py
[2025-07-25T13:22:18.073+0000] {processor.py:840} INFO - DAG(s) 'pl001_ingest_crypto_postgres' retrieved from /opt/airflow/dags/airflow_pipeline.py
[2025-07-25T13:22:18.140+0000] {logging_mixin.py:188} INFO - [2025-07-25T13:22:18.140+0000] {dag.py:3036} INFO - Sync 1 DAGs
[2025-07-25T13:22:18.181+0000] {logging_mixin.py:188} INFO - [2025-07-25T13:22:18.180+0000] {dag.py:3823} INFO - Setting next_dagrun for pl001_ingest_crypto_postgres to None, run_after=None
[2025-07-25T13:22:18.258+0000] {processor.py:183} INFO - Processing /opt/airflow/dags/airflow_pipeline.py took 0.272 seconds
[2025-07-25T13:22:48.352+0000] {processor.py:161} INFO - Started process (PID=210) to work on /opt/airflow/dags/airflow_pipeline.py
[2025-07-25T13:22:48.353+0000] {processor.py:830} INFO - Processing file /opt/airflow/dags/airflow_pipeline.py for tasks to queue
[2025-07-25T13:22:48.355+0000] {logging_mixin.py:188} INFO - [2025-07-25T13:22:48.354+0000] {dagbag.py:538} INFO - Filling up the DagBag from /opt/airflow/dags/airflow_pipeline.py
[2025-07-25T13:22:48.381+0000] {processor.py:840} INFO - DAG(s) 'pl001_ingest_crypto_postgres' retrieved from /opt/airflow/dags/airflow_pipeline.py
[2025-07-25T13:22:48.421+0000] {logging_mixin.py:188} INFO - [2025-07-25T13:22:48.421+0000] {dag.py:3036} INFO - Sync 1 DAGs
[2025-07-25T13:22:48.436+0000] {logging_mixin.py:188} INFO - [2025-07-25T13:22:48.436+0000] {dag.py:3823} INFO - Setting next_dagrun for pl001_ingest_crypto_postgres to None, run_after=None
[2025-07-25T13:22:48.466+0000] {processor.py:183} INFO - Processing /opt/airflow/dags/airflow_pipeline.py took 0.118 seconds
[2025-07-25T13:23:18.785+0000] {processor.py:161} INFO - Started process (PID=215) to work on /opt/airflow/dags/airflow_pipeline.py
[2025-07-25T13:23:18.787+0000] {processor.py:830} INFO - Processing file /opt/airflow/dags/airflow_pipeline.py for tasks to queue
[2025-07-25T13:23:18.790+0000] {logging_mixin.py:188} INFO - [2025-07-25T13:23:18.789+0000] {dagbag.py:538} INFO - Filling up the DagBag from /opt/airflow/dags/airflow_pipeline.py
[2025-07-25T13:23:18.859+0000] {processor.py:840} INFO - DAG(s) 'pl001_ingest_crypto_postgres' retrieved from /opt/airflow/dags/airflow_pipeline.py
[2025-07-25T13:23:19.004+0000] {logging_mixin.py:188} INFO - [2025-07-25T13:23:19.003+0000] {dag.py:3036} INFO - Sync 1 DAGs
[2025-07-25T13:23:19.042+0000] {logging_mixin.py:188} INFO - [2025-07-25T13:23:19.042+0000] {dag.py:3823} INFO - Setting next_dagrun for pl001_ingest_crypto_postgres to None, run_after=None
[2025-07-25T13:23:19.096+0000] {processor.py:183} INFO - Processing /opt/airflow/dags/airflow_pipeline.py took 0.320 seconds
[2025-07-25T13:23:49.591+0000] {processor.py:161} INFO - Started process (PID=220) to work on /opt/airflow/dags/airflow_pipeline.py
[2025-07-25T13:23:49.593+0000] {processor.py:830} INFO - Processing file /opt/airflow/dags/airflow_pipeline.py for tasks to queue
[2025-07-25T13:23:49.595+0000] {logging_mixin.py:188} INFO - [2025-07-25T13:23:49.594+0000] {dagbag.py:538} INFO - Filling up the DagBag from /opt/airflow/dags/airflow_pipeline.py
[2025-07-25T13:23:49.621+0000] {processor.py:840} INFO - DAG(s) 'pl001_ingest_crypto_postgres' retrieved from /opt/airflow/dags/airflow_pipeline.py
[2025-07-25T13:23:49.662+0000] {logging_mixin.py:188} INFO - [2025-07-25T13:23:49.662+0000] {dag.py:3036} INFO - Sync 1 DAGs
[2025-07-25T13:23:49.677+0000] {logging_mixin.py:188} INFO - [2025-07-25T13:23:49.676+0000] {dag.py:3823} INFO - Setting next_dagrun for pl001_ingest_crypto_postgres to None, run_after=None
[2025-07-25T13:23:49.711+0000] {processor.py:183} INFO - Processing /opt/airflow/dags/airflow_pipeline.py took 0.126 seconds
[2025-07-25T13:24:19.875+0000] {processor.py:161} INFO - Started process (PID=225) to work on /opt/airflow/dags/airflow_pipeline.py
[2025-07-25T13:24:19.877+0000] {processor.py:830} INFO - Processing file /opt/airflow/dags/airflow_pipeline.py for tasks to queue
[2025-07-25T13:24:19.878+0000] {logging_mixin.py:188} INFO - [2025-07-25T13:24:19.878+0000] {dagbag.py:538} INFO - Filling up the DagBag from /opt/airflow/dags/airflow_pipeline.py
[2025-07-25T13:24:19.903+0000] {processor.py:840} INFO - DAG(s) 'pl001_ingest_crypto_postgres' retrieved from /opt/airflow/dags/airflow_pipeline.py
[2025-07-25T13:24:19.963+0000] {logging_mixin.py:188} INFO - [2025-07-25T13:24:19.963+0000] {dag.py:3036} INFO - Sync 1 DAGs
[2025-07-25T13:24:19.981+0000] {logging_mixin.py:188} INFO - [2025-07-25T13:24:19.981+0000] {dag.py:3823} INFO - Setting next_dagrun for pl001_ingest_crypto_postgres to None, run_after=None
[2025-07-25T13:24:20.008+0000] {processor.py:183} INFO - Processing /opt/airflow/dags/airflow_pipeline.py took 0.138 seconds
[2025-07-25T13:24:50.356+0000] {processor.py:161} INFO - Started process (PID=230) to work on /opt/airflow/dags/airflow_pipeline.py
[2025-07-25T13:24:50.358+0000] {processor.py:830} INFO - Processing file /opt/airflow/dags/airflow_pipeline.py for tasks to queue
[2025-07-25T13:24:50.359+0000] {logging_mixin.py:188} INFO - [2025-07-25T13:24:50.359+0000] {dagbag.py:538} INFO - Filling up the DagBag from /opt/airflow/dags/airflow_pipeline.py
[2025-07-25T13:24:50.382+0000] {processor.py:840} INFO - DAG(s) 'pl001_ingest_crypto_postgres' retrieved from /opt/airflow/dags/airflow_pipeline.py
[2025-07-25T13:24:50.419+0000] {logging_mixin.py:188} INFO - [2025-07-25T13:24:50.419+0000] {dag.py:3036} INFO - Sync 1 DAGs
[2025-07-25T13:24:50.433+0000] {logging_mixin.py:188} INFO - [2025-07-25T13:24:50.433+0000] {dag.py:3823} INFO - Setting next_dagrun for pl001_ingest_crypto_postgres to None, run_after=None
[2025-07-25T13:24:50.458+0000] {processor.py:183} INFO - Processing /opt/airflow/dags/airflow_pipeline.py took 0.105 seconds
[2025-07-25T13:25:20.752+0000] {processor.py:161} INFO - Started process (PID=235) to work on /opt/airflow/dags/airflow_pipeline.py
[2025-07-25T13:25:20.754+0000] {processor.py:830} INFO - Processing file /opt/airflow/dags/airflow_pipeline.py for tasks to queue
[2025-07-25T13:25:20.757+0000] {logging_mixin.py:188} INFO - [2025-07-25T13:25:20.756+0000] {dagbag.py:538} INFO - Filling up the DagBag from /opt/airflow/dags/airflow_pipeline.py
[2025-07-25T13:25:20.789+0000] {processor.py:840} INFO - DAG(s) 'pl001_ingest_crypto_postgres' retrieved from /opt/airflow/dags/airflow_pipeline.py
[2025-07-25T13:25:20.835+0000] {logging_mixin.py:188} INFO - [2025-07-25T13:25:20.835+0000] {dag.py:3036} INFO - Sync 1 DAGs
[2025-07-25T13:25:20.852+0000] {logging_mixin.py:188} INFO - [2025-07-25T13:25:20.852+0000] {dag.py:3823} INFO - Setting next_dagrun for pl001_ingest_crypto_postgres to None, run_after=None
[2025-07-25T13:25:20.883+0000] {processor.py:183} INFO - Processing /opt/airflow/dags/airflow_pipeline.py took 0.137 seconds
[2025-07-25T13:25:51.158+0000] {processor.py:161} INFO - Started process (PID=240) to work on /opt/airflow/dags/airflow_pipeline.py
[2025-07-25T13:25:51.160+0000] {processor.py:830} INFO - Processing file /opt/airflow/dags/airflow_pipeline.py for tasks to queue
[2025-07-25T13:25:51.162+0000] {logging_mixin.py:188} INFO - [2025-07-25T13:25:51.161+0000] {dagbag.py:538} INFO - Filling up the DagBag from /opt/airflow/dags/airflow_pipeline.py
[2025-07-25T13:25:51.187+0000] {processor.py:840} INFO - DAG(s) 'pl001_ingest_crypto_postgres' retrieved from /opt/airflow/dags/airflow_pipeline.py
[2025-07-25T13:25:51.226+0000] {logging_mixin.py:188} INFO - [2025-07-25T13:25:51.226+0000] {dag.py:3036} INFO - Sync 1 DAGs
[2025-07-25T13:25:51.242+0000] {logging_mixin.py:188} INFO - [2025-07-25T13:25:51.242+0000] {dag.py:3823} INFO - Setting next_dagrun for pl001_ingest_crypto_postgres to None, run_after=None
[2025-07-25T13:25:51.270+0000] {processor.py:183} INFO - Processing /opt/airflow/dags/airflow_pipeline.py took 0.117 seconds
[2025-07-25T13:26:22.162+0000] {processor.py:161} INFO - Started process (PID=245) to work on /opt/airflow/dags/airflow_pipeline.py
[2025-07-25T13:26:22.165+0000] {processor.py:830} INFO - Processing file /opt/airflow/dags/airflow_pipeline.py for tasks to queue
[2025-07-25T13:26:22.167+0000] {logging_mixin.py:188} INFO - [2025-07-25T13:26:22.166+0000] {dagbag.py:538} INFO - Filling up the DagBag from /opt/airflow/dags/airflow_pipeline.py
[2025-07-25T13:26:22.202+0000] {processor.py:840} INFO - DAG(s) 'pl001_ingest_crypto_postgres' retrieved from /opt/airflow/dags/airflow_pipeline.py
[2025-07-25T13:26:22.272+0000] {logging_mixin.py:188} INFO - [2025-07-25T13:26:22.271+0000] {dag.py:3036} INFO - Sync 1 DAGs
[2025-07-25T13:26:22.305+0000] {logging_mixin.py:188} INFO - [2025-07-25T13:26:22.304+0000] {dag.py:3823} INFO - Setting next_dagrun for pl001_ingest_crypto_postgres to None, run_after=None
[2025-07-25T13:26:22.348+0000] {processor.py:183} INFO - Processing /opt/airflow/dags/airflow_pipeline.py took 0.192 seconds
[2025-07-25T13:26:52.753+0000] {processor.py:161} INFO - Started process (PID=250) to work on /opt/airflow/dags/airflow_pipeline.py
[2025-07-25T13:26:52.758+0000] {processor.py:830} INFO - Processing file /opt/airflow/dags/airflow_pipeline.py for tasks to queue
[2025-07-25T13:26:52.763+0000] {logging_mixin.py:188} INFO - [2025-07-25T13:26:52.761+0000] {dagbag.py:538} INFO - Filling up the DagBag from /opt/airflow/dags/airflow_pipeline.py
[2025-07-25T13:26:52.806+0000] {processor.py:840} INFO - DAG(s) 'pl001_ingest_crypto_postgres' retrieved from /opt/airflow/dags/airflow_pipeline.py
[2025-07-25T13:26:52.846+0000] {logging_mixin.py:188} INFO - [2025-07-25T13:26:52.845+0000] {dag.py:3036} INFO - Sync 1 DAGs
[2025-07-25T13:26:52.861+0000] {logging_mixin.py:188} INFO - [2025-07-25T13:26:52.861+0000] {dag.py:3823} INFO - Setting next_dagrun for pl001_ingest_crypto_postgres to None, run_after=None
[2025-07-25T13:26:52.887+0000] {processor.py:183} INFO - Processing /opt/airflow/dags/airflow_pipeline.py took 0.144 seconds
[2025-07-25T13:27:23.652+0000] {processor.py:161} INFO - Started process (PID=255) to work on /opt/airflow/dags/airflow_pipeline.py
[2025-07-25T13:27:23.653+0000] {processor.py:830} INFO - Processing file /opt/airflow/dags/airflow_pipeline.py for tasks to queue
[2025-07-25T13:27:23.656+0000] {logging_mixin.py:188} INFO - [2025-07-25T13:27:23.655+0000] {dagbag.py:538} INFO - Filling up the DagBag from /opt/airflow/dags/airflow_pipeline.py
[2025-07-25T13:27:23.699+0000] {processor.py:840} INFO - DAG(s) 'pl001_ingest_crypto_postgres' retrieved from /opt/airflow/dags/airflow_pipeline.py
[2025-07-25T13:27:23.749+0000] {logging_mixin.py:188} INFO - [2025-07-25T13:27:23.749+0000] {dag.py:3036} INFO - Sync 1 DAGs
[2025-07-25T13:27:23.766+0000] {logging_mixin.py:188} INFO - [2025-07-25T13:27:23.766+0000] {dag.py:3823} INFO - Setting next_dagrun for pl001_ingest_crypto_postgres to None, run_after=None
[2025-07-25T13:27:23.795+0000] {processor.py:183} INFO - Processing /opt/airflow/dags/airflow_pipeline.py took 0.148 seconds
[2025-07-25T13:27:54.394+0000] {processor.py:161} INFO - Started process (PID=260) to work on /opt/airflow/dags/airflow_pipeline.py
[2025-07-25T13:27:54.396+0000] {processor.py:830} INFO - Processing file /opt/airflow/dags/airflow_pipeline.py for tasks to queue
[2025-07-25T13:27:54.398+0000] {logging_mixin.py:188} INFO - [2025-07-25T13:27:54.397+0000] {dagbag.py:538} INFO - Filling up the DagBag from /opt/airflow/dags/airflow_pipeline.py
[2025-07-25T13:27:54.422+0000] {processor.py:840} INFO - DAG(s) 'pl001_ingest_crypto_postgres' retrieved from /opt/airflow/dags/airflow_pipeline.py
[2025-07-25T13:27:54.462+0000] {logging_mixin.py:188} INFO - [2025-07-25T13:27:54.461+0000] {dag.py:3036} INFO - Sync 1 DAGs
[2025-07-25T13:27:54.478+0000] {logging_mixin.py:188} INFO - [2025-07-25T13:27:54.477+0000] {dag.py:3823} INFO - Setting next_dagrun for pl001_ingest_crypto_postgres to None, run_after=None
[2025-07-25T13:27:54.505+0000] {processor.py:183} INFO - Processing /opt/airflow/dags/airflow_pipeline.py took 0.115 seconds
[2025-07-25T13:28:24.789+0000] {processor.py:161} INFO - Started process (PID=265) to work on /opt/airflow/dags/airflow_pipeline.py
[2025-07-25T13:28:24.791+0000] {processor.py:830} INFO - Processing file /opt/airflow/dags/airflow_pipeline.py for tasks to queue
[2025-07-25T13:28:24.792+0000] {logging_mixin.py:188} INFO - [2025-07-25T13:28:24.792+0000] {dagbag.py:538} INFO - Filling up the DagBag from /opt/airflow/dags/airflow_pipeline.py
[2025-07-25T13:28:24.824+0000] {processor.py:840} INFO - DAG(s) 'pl001_ingest_crypto_postgres' retrieved from /opt/airflow/dags/airflow_pipeline.py
[2025-07-25T13:28:24.894+0000] {logging_mixin.py:188} INFO - [2025-07-25T13:28:24.894+0000] {dag.py:3036} INFO - Sync 1 DAGs
[2025-07-25T13:28:24.931+0000] {logging_mixin.py:188} INFO - [2025-07-25T13:28:24.930+0000] {dag.py:3823} INFO - Setting next_dagrun for pl001_ingest_crypto_postgres to None, run_after=None
[2025-07-25T13:28:24.982+0000] {processor.py:183} INFO - Processing /opt/airflow/dags/airflow_pipeline.py took 0.197 seconds
[2025-07-25T13:28:55.551+0000] {processor.py:161} INFO - Started process (PID=270) to work on /opt/airflow/dags/airflow_pipeline.py
[2025-07-25T13:28:55.553+0000] {processor.py:830} INFO - Processing file /opt/airflow/dags/airflow_pipeline.py for tasks to queue
[2025-07-25T13:28:55.556+0000] {logging_mixin.py:188} INFO - [2025-07-25T13:28:55.555+0000] {dagbag.py:538} INFO - Filling up the DagBag from /opt/airflow/dags/airflow_pipeline.py
[2025-07-25T13:28:55.600+0000] {processor.py:840} INFO - DAG(s) 'pl001_ingest_crypto_postgres' retrieved from /opt/airflow/dags/airflow_pipeline.py
[2025-07-25T13:28:55.679+0000] {logging_mixin.py:188} INFO - [2025-07-25T13:28:55.678+0000] {dag.py:3036} INFO - Sync 1 DAGs
[2025-07-25T13:28:55.722+0000] {logging_mixin.py:188} INFO - [2025-07-25T13:28:55.721+0000] {dag.py:3823} INFO - Setting next_dagrun for pl001_ingest_crypto_postgres to None, run_after=None
[2025-07-25T13:28:55.783+0000] {processor.py:183} INFO - Processing /opt/airflow/dags/airflow_pipeline.py took 0.241 seconds
[2025-07-25T13:29:26.119+0000] {processor.py:161} INFO - Started process (PID=275) to work on /opt/airflow/dags/airflow_pipeline.py
[2025-07-25T13:29:26.121+0000] {processor.py:830} INFO - Processing file /opt/airflow/dags/airflow_pipeline.py for tasks to queue
[2025-07-25T13:29:26.123+0000] {logging_mixin.py:188} INFO - [2025-07-25T13:29:26.122+0000] {dagbag.py:538} INFO - Filling up the DagBag from /opt/airflow/dags/airflow_pipeline.py
[2025-07-25T13:29:26.150+0000] {processor.py:840} INFO - DAG(s) 'pl001_ingest_crypto_postgres' retrieved from /opt/airflow/dags/airflow_pipeline.py
[2025-07-25T13:29:26.204+0000] {logging_mixin.py:188} INFO - [2025-07-25T13:29:26.204+0000] {dag.py:3036} INFO - Sync 1 DAGs
[2025-07-25T13:29:26.231+0000] {logging_mixin.py:188} INFO - [2025-07-25T13:29:26.230+0000] {dag.py:3823} INFO - Setting next_dagrun for pl001_ingest_crypto_postgres to None, run_after=None
[2025-07-25T13:29:26.284+0000] {processor.py:183} INFO - Processing /opt/airflow/dags/airflow_pipeline.py took 0.171 seconds
[2025-07-25T13:29:57.162+0000] {processor.py:161} INFO - Started process (PID=280) to work on /opt/airflow/dags/airflow_pipeline.py
[2025-07-25T13:29:57.173+0000] {processor.py:830} INFO - Processing file /opt/airflow/dags/airflow_pipeline.py for tasks to queue
[2025-07-25T13:29:57.182+0000] {logging_mixin.py:188} INFO - [2025-07-25T13:29:57.179+0000] {dagbag.py:538} INFO - Filling up the DagBag from /opt/airflow/dags/airflow_pipeline.py
[2025-07-25T13:29:57.409+0000] {processor.py:840} INFO - DAG(s) 'pl001_ingest_crypto_postgres' retrieved from /opt/airflow/dags/airflow_pipeline.py
[2025-07-25T13:29:57.682+0000] {logging_mixin.py:188} INFO - [2025-07-25T13:29:57.681+0000] {dag.py:3036} INFO - Sync 1 DAGs
[2025-07-25T13:29:57.780+0000] {logging_mixin.py:188} INFO - [2025-07-25T13:29:57.779+0000] {dag.py:3823} INFO - Setting next_dagrun for pl001_ingest_crypto_postgres to None, run_after=None
[2025-07-25T13:29:57.952+0000] {processor.py:183} INFO - Processing /opt/airflow/dags/airflow_pipeline.py took 0.848 seconds
[2025-07-25T13:30:28.365+0000] {processor.py:161} INFO - Started process (PID=285) to work on /opt/airflow/dags/airflow_pipeline.py
[2025-07-25T13:30:28.368+0000] {processor.py:830} INFO - Processing file /opt/airflow/dags/airflow_pipeline.py for tasks to queue
[2025-07-25T13:30:28.372+0000] {logging_mixin.py:188} INFO - [2025-07-25T13:30:28.371+0000] {dagbag.py:538} INFO - Filling up the DagBag from /opt/airflow/dags/airflow_pipeline.py
[2025-07-25T13:30:28.415+0000] {processor.py:840} INFO - DAG(s) 'pl001_ingest_crypto_postgres' retrieved from /opt/airflow/dags/airflow_pipeline.py
[2025-07-25T13:30:28.521+0000] {logging_mixin.py:188} INFO - [2025-07-25T13:30:28.521+0000] {dag.py:3036} INFO - Sync 1 DAGs
[2025-07-25T13:30:28.555+0000] {logging_mixin.py:188} INFO - [2025-07-25T13:30:28.555+0000] {dag.py:3823} INFO - Setting next_dagrun for pl001_ingest_crypto_postgres to None, run_after=None
[2025-07-25T13:30:28.605+0000] {processor.py:183} INFO - Processing /opt/airflow/dags/airflow_pipeline.py took 0.247 seconds
[2025-07-25T13:30:58.780+0000] {processor.py:161} INFO - Started process (PID=290) to work on /opt/airflow/dags/airflow_pipeline.py
[2025-07-25T13:30:58.784+0000] {processor.py:830} INFO - Processing file /opt/airflow/dags/airflow_pipeline.py for tasks to queue
[2025-07-25T13:30:58.788+0000] {logging_mixin.py:188} INFO - [2025-07-25T13:30:58.787+0000] {dagbag.py:538} INFO - Filling up the DagBag from /opt/airflow/dags/airflow_pipeline.py
[2025-07-25T13:30:58.872+0000] {processor.py:840} INFO - DAG(s) 'pl001_ingest_crypto_postgres' retrieved from /opt/airflow/dags/airflow_pipeline.py
[2025-07-25T13:30:58.959+0000] {logging_mixin.py:188} INFO - [2025-07-25T13:30:58.959+0000] {dag.py:3036} INFO - Sync 1 DAGs
[2025-07-25T13:30:58.984+0000] {logging_mixin.py:188} INFO - [2025-07-25T13:30:58.984+0000] {dag.py:3823} INFO - Setting next_dagrun for pl001_ingest_crypto_postgres to None, run_after=None
[2025-07-25T13:30:59.020+0000] {processor.py:183} INFO - Processing /opt/airflow/dags/airflow_pipeline.py took 0.250 seconds
[2025-07-25T13:31:29.643+0000] {processor.py:161} INFO - Started process (PID=295) to work on /opt/airflow/dags/airflow_pipeline.py
[2025-07-25T13:31:29.645+0000] {processor.py:830} INFO - Processing file /opt/airflow/dags/airflow_pipeline.py for tasks to queue
[2025-07-25T13:31:29.647+0000] {logging_mixin.py:188} INFO - [2025-07-25T13:31:29.647+0000] {dagbag.py:538} INFO - Filling up the DagBag from /opt/airflow/dags/airflow_pipeline.py
[2025-07-25T13:31:29.676+0000] {processor.py:840} INFO - DAG(s) 'pl001_ingest_crypto_postgres' retrieved from /opt/airflow/dags/airflow_pipeline.py
[2025-07-25T13:31:29.724+0000] {logging_mixin.py:188} INFO - [2025-07-25T13:31:29.724+0000] {dag.py:3036} INFO - Sync 1 DAGs
[2025-07-25T13:31:29.747+0000] {logging_mixin.py:188} INFO - [2025-07-25T13:31:29.746+0000] {dag.py:3823} INFO - Setting next_dagrun for pl001_ingest_crypto_postgres to None, run_after=None
[2025-07-25T13:31:29.793+0000] {processor.py:183} INFO - Processing /opt/airflow/dags/airflow_pipeline.py took 0.154 seconds
[2025-07-25T13:32:01.483+0000] {processor.py:161} INFO - Started process (PID=300) to work on /opt/airflow/dags/airflow_pipeline.py
[2025-07-25T13:32:01.485+0000] {processor.py:830} INFO - Processing file /opt/airflow/dags/airflow_pipeline.py for tasks to queue
[2025-07-25T13:32:01.488+0000] {logging_mixin.py:188} INFO - [2025-07-25T13:32:01.487+0000] {dagbag.py:538} INFO - Filling up the DagBag from /opt/airflow/dags/airflow_pipeline.py
[2025-07-25T13:32:01.957+0000] {processor.py:840} INFO - DAG(s) 'pl001_ingest_crypto_postgres' retrieved from /opt/airflow/dags/airflow_pipeline.py
[2025-07-25T13:32:02.140+0000] {logging_mixin.py:188} INFO - [2025-07-25T13:32:02.139+0000] {dag.py:3036} INFO - Sync 1 DAGs
[2025-07-25T13:32:02.237+0000] {logging_mixin.py:188} INFO - [2025-07-25T13:32:02.236+0000] {dag.py:3823} INFO - Setting next_dagrun for pl001_ingest_crypto_postgres to None, run_after=None
[2025-07-25T13:32:02.378+0000] {processor.py:183} INFO - Processing /opt/airflow/dags/airflow_pipeline.py took 0.914 seconds
[2025-07-25T13:32:32.992+0000] {processor.py:161} INFO - Started process (PID=305) to work on /opt/airflow/dags/airflow_pipeline.py
[2025-07-25T13:32:32.995+0000] {processor.py:830} INFO - Processing file /opt/airflow/dags/airflow_pipeline.py for tasks to queue
[2025-07-25T13:32:32.997+0000] {logging_mixin.py:188} INFO - [2025-07-25T13:32:32.996+0000] {dagbag.py:538} INFO - Filling up the DagBag from /opt/airflow/dags/airflow_pipeline.py
[2025-07-25T13:32:33.033+0000] {processor.py:840} INFO - DAG(s) 'pl001_ingest_crypto_postgres' retrieved from /opt/airflow/dags/airflow_pipeline.py
[2025-07-25T13:32:33.092+0000] {logging_mixin.py:188} INFO - [2025-07-25T13:32:33.091+0000] {dag.py:3036} INFO - Sync 1 DAGs
[2025-07-25T13:32:33.133+0000] {logging_mixin.py:188} INFO - [2025-07-25T13:32:33.132+0000] {dag.py:3823} INFO - Setting next_dagrun for pl001_ingest_crypto_postgres to None, run_after=None
[2025-07-25T13:32:33.174+0000] {processor.py:183} INFO - Processing /opt/airflow/dags/airflow_pipeline.py took 0.190 seconds
[2025-07-25T13:33:03.983+0000] {processor.py:161} INFO - Started process (PID=310) to work on /opt/airflow/dags/airflow_pipeline.py
[2025-07-25T13:33:03.986+0000] {processor.py:830} INFO - Processing file /opt/airflow/dags/airflow_pipeline.py for tasks to queue
[2025-07-25T13:33:03.990+0000] {logging_mixin.py:188} INFO - [2025-07-25T13:33:03.989+0000] {dagbag.py:538} INFO - Filling up the DagBag from /opt/airflow/dags/airflow_pipeline.py
[2025-07-25T13:33:04.058+0000] {processor.py:840} INFO - DAG(s) 'pl001_ingest_crypto_postgres' retrieved from /opt/airflow/dags/airflow_pipeline.py
[2025-07-25T13:33:04.341+0000] {logging_mixin.py:188} INFO - [2025-07-25T13:33:04.339+0000] {dag.py:3036} INFO - Sync 1 DAGs
[2025-07-25T13:33:04.533+0000] {logging_mixin.py:188} INFO - [2025-07-25T13:33:04.532+0000] {dag.py:3823} INFO - Setting next_dagrun for pl001_ingest_crypto_postgres to None, run_after=None
[2025-07-25T13:33:04.843+0000] {processor.py:183} INFO - Processing /opt/airflow/dags/airflow_pipeline.py took 0.879 seconds
[2025-07-25T13:33:35.706+0000] {processor.py:161} INFO - Started process (PID=315) to work on /opt/airflow/dags/airflow_pipeline.py
[2025-07-25T13:33:35.707+0000] {processor.py:830} INFO - Processing file /opt/airflow/dags/airflow_pipeline.py for tasks to queue
[2025-07-25T13:33:35.709+0000] {logging_mixin.py:188} INFO - [2025-07-25T13:33:35.709+0000] {dagbag.py:538} INFO - Filling up the DagBag from /opt/airflow/dags/airflow_pipeline.py
[2025-07-25T13:33:35.743+0000] {processor.py:840} INFO - DAG(s) 'pl001_ingest_crypto_postgres' retrieved from /opt/airflow/dags/airflow_pipeline.py
[2025-07-25T13:33:35.788+0000] {logging_mixin.py:188} INFO - [2025-07-25T13:33:35.787+0000] {dag.py:3036} INFO - Sync 1 DAGs
[2025-07-25T13:33:35.806+0000] {logging_mixin.py:188} INFO - [2025-07-25T13:33:35.805+0000] {dag.py:3823} INFO - Setting next_dagrun for pl001_ingest_crypto_postgres to None, run_after=None
[2025-07-25T13:33:35.833+0000] {processor.py:183} INFO - Processing /opt/airflow/dags/airflow_pipeline.py took 0.133 seconds
[2025-07-25T13:34:06.164+0000] {processor.py:161} INFO - Started process (PID=320) to work on /opt/airflow/dags/airflow_pipeline.py
[2025-07-25T13:34:06.166+0000] {processor.py:830} INFO - Processing file /opt/airflow/dags/airflow_pipeline.py for tasks to queue
[2025-07-25T13:34:06.169+0000] {logging_mixin.py:188} INFO - [2025-07-25T13:34:06.168+0000] {dagbag.py:538} INFO - Filling up the DagBag from /opt/airflow/dags/airflow_pipeline.py
[2025-07-25T13:34:06.210+0000] {processor.py:840} INFO - DAG(s) 'pl001_ingest_crypto_postgres' retrieved from /opt/airflow/dags/airflow_pipeline.py
[2025-07-25T13:34:06.254+0000] {logging_mixin.py:188} INFO - [2025-07-25T13:34:06.253+0000] {dag.py:3036} INFO - Sync 1 DAGs
[2025-07-25T13:34:06.271+0000] {logging_mixin.py:188} INFO - [2025-07-25T13:34:06.271+0000] {dag.py:3823} INFO - Setting next_dagrun for pl001_ingest_crypto_postgres to None, run_after=None
[2025-07-25T13:34:06.303+0000] {processor.py:183} INFO - Processing /opt/airflow/dags/airflow_pipeline.py took 0.149 seconds
[2025-07-25T13:34:36.971+0000] {processor.py:161} INFO - Started process (PID=325) to work on /opt/airflow/dags/airflow_pipeline.py
[2025-07-25T13:34:36.973+0000] {processor.py:830} INFO - Processing file /opt/airflow/dags/airflow_pipeline.py for tasks to queue
[2025-07-25T13:34:36.974+0000] {logging_mixin.py:188} INFO - [2025-07-25T13:34:36.974+0000] {dagbag.py:538} INFO - Filling up the DagBag from /opt/airflow/dags/airflow_pipeline.py
[2025-07-25T13:34:36.999+0000] {processor.py:840} INFO - DAG(s) 'pl001_ingest_crypto_postgres' retrieved from /opt/airflow/dags/airflow_pipeline.py
[2025-07-25T13:34:37.037+0000] {logging_mixin.py:188} INFO - [2025-07-25T13:34:37.037+0000] {dag.py:3036} INFO - Sync 1 DAGs
[2025-07-25T13:34:37.052+0000] {logging_mixin.py:188} INFO - [2025-07-25T13:34:37.052+0000] {dag.py:3823} INFO - Setting next_dagrun for pl001_ingest_crypto_postgres to None, run_after=None
[2025-07-25T13:34:37.086+0000] {processor.py:183} INFO - Processing /opt/airflow/dags/airflow_pipeline.py took 0.119 seconds
[2025-07-25T13:35:07.904+0000] {processor.py:161} INFO - Started process (PID=330) to work on /opt/airflow/dags/airflow_pipeline.py
[2025-07-25T13:35:07.907+0000] {processor.py:830} INFO - Processing file /opt/airflow/dags/airflow_pipeline.py for tasks to queue
[2025-07-25T13:35:07.911+0000] {logging_mixin.py:188} INFO - [2025-07-25T13:35:07.909+0000] {dagbag.py:538} INFO - Filling up the DagBag from /opt/airflow/dags/airflow_pipeline.py
[2025-07-25T13:35:07.966+0000] {processor.py:840} INFO - DAG(s) 'pl001_ingest_crypto_postgres' retrieved from /opt/airflow/dags/airflow_pipeline.py
[2025-07-25T13:35:08.045+0000] {logging_mixin.py:188} INFO - [2025-07-25T13:35:08.044+0000] {dag.py:3036} INFO - Sync 1 DAGs
[2025-07-25T13:35:08.071+0000] {logging_mixin.py:188} INFO - [2025-07-25T13:35:08.070+0000] {dag.py:3823} INFO - Setting next_dagrun for pl001_ingest_crypto_postgres to None, run_after=None
[2025-07-25T13:35:08.100+0000] {processor.py:183} INFO - Processing /opt/airflow/dags/airflow_pipeline.py took 0.204 seconds
[2025-07-25T13:35:38.932+0000] {processor.py:161} INFO - Started process (PID=335) to work on /opt/airflow/dags/airflow_pipeline.py
[2025-07-25T13:35:38.937+0000] {processor.py:830} INFO - Processing file /opt/airflow/dags/airflow_pipeline.py for tasks to queue
[2025-07-25T13:35:38.944+0000] {logging_mixin.py:188} INFO - [2025-07-25T13:35:38.942+0000] {dagbag.py:538} INFO - Filling up the DagBag from /opt/airflow/dags/airflow_pipeline.py
[2025-07-25T13:35:39.042+0000] {processor.py:840} INFO - DAG(s) 'pl001_ingest_crypto_postgres' retrieved from /opt/airflow/dags/airflow_pipeline.py
[2025-07-25T13:35:39.284+0000] {logging_mixin.py:188} INFO - [2025-07-25T13:35:39.283+0000] {dag.py:3036} INFO - Sync 1 DAGs
[2025-07-25T13:35:39.386+0000] {logging_mixin.py:188} INFO - [2025-07-25T13:35:39.386+0000] {dag.py:3823} INFO - Setting next_dagrun for pl001_ingest_crypto_postgres to None, run_after=None
[2025-07-25T13:35:39.538+0000] {processor.py:183} INFO - Processing /opt/airflow/dags/airflow_pipeline.py took 0.620 seconds
[2025-07-25T13:36:12.226+0000] {processor.py:161} INFO - Started process (PID=340) to work on /opt/airflow/dags/airflow_pipeline.py
[2025-07-25T13:36:12.246+0000] {processor.py:830} INFO - Processing file /opt/airflow/dags/airflow_pipeline.py for tasks to queue
[2025-07-25T13:36:12.323+0000] {logging_mixin.py:188} INFO - [2025-07-25T13:36:12.277+0000] {dagbag.py:538} INFO - Filling up the DagBag from /opt/airflow/dags/airflow_pipeline.py
[2025-07-25T13:36:12.713+0000] {processor.py:840} INFO - DAG(s) 'pl001_ingest_crypto_postgres' retrieved from /opt/airflow/dags/airflow_pipeline.py
[2025-07-25T13:36:12.942+0000] {logging_mixin.py:188} INFO - [2025-07-25T13:36:12.941+0000] {dag.py:3036} INFO - Sync 1 DAGs
[2025-07-25T13:36:13.029+0000] {logging_mixin.py:188} INFO - [2025-07-25T13:36:13.029+0000] {dag.py:3823} INFO - Setting next_dagrun for pl001_ingest_crypto_postgres to None, run_after=None
[2025-07-25T13:36:13.165+0000] {processor.py:183} INFO - Processing /opt/airflow/dags/airflow_pipeline.py took 1.018 seconds
[2025-07-25T13:36:44.137+0000] {processor.py:161} INFO - Started process (PID=345) to work on /opt/airflow/dags/airflow_pipeline.py
[2025-07-25T13:36:44.145+0000] {processor.py:830} INFO - Processing file /opt/airflow/dags/airflow_pipeline.py for tasks to queue
[2025-07-25T13:36:44.170+0000] {logging_mixin.py:188} INFO - [2025-07-25T13:36:44.159+0000] {dagbag.py:538} INFO - Filling up the DagBag from /opt/airflow/dags/airflow_pipeline.py
[2025-07-25T13:36:44.233+0000] {processor.py:840} INFO - DAG(s) 'pl001_ingest_crypto_postgres' retrieved from /opt/airflow/dags/airflow_pipeline.py
[2025-07-25T13:36:44.382+0000] {logging_mixin.py:188} INFO - [2025-07-25T13:36:44.380+0000] {dag.py:3036} INFO - Sync 1 DAGs
[2025-07-25T13:36:44.424+0000] {logging_mixin.py:188} INFO - [2025-07-25T13:36:44.424+0000] {dag.py:3823} INFO - Setting next_dagrun for pl001_ingest_crypto_postgres to None, run_after=None
[2025-07-25T13:36:44.503+0000] {processor.py:183} INFO - Processing /opt/airflow/dags/airflow_pipeline.py took 0.436 seconds
[2025-07-25T13:37:14.895+0000] {processor.py:161} INFO - Started process (PID=350) to work on /opt/airflow/dags/airflow_pipeline.py
[2025-07-25T13:37:14.899+0000] {processor.py:830} INFO - Processing file /opt/airflow/dags/airflow_pipeline.py for tasks to queue
[2025-07-25T13:37:14.911+0000] {logging_mixin.py:188} INFO - [2025-07-25T13:37:14.910+0000] {dagbag.py:538} INFO - Filling up the DagBag from /opt/airflow/dags/airflow_pipeline.py
[2025-07-25T13:37:14.998+0000] {processor.py:840} INFO - DAG(s) 'pl001_ingest_crypto_postgres' retrieved from /opt/airflow/dags/airflow_pipeline.py
[2025-07-25T13:37:15.206+0000] {logging_mixin.py:188} INFO - [2025-07-25T13:37:15.205+0000] {dag.py:3036} INFO - Sync 1 DAGs
[2025-07-25T13:37:15.302+0000] {logging_mixin.py:188} INFO - [2025-07-25T13:37:15.301+0000] {dag.py:3823} INFO - Setting next_dagrun for pl001_ingest_crypto_postgres to None, run_after=None
[2025-07-25T13:37:15.416+0000] {processor.py:183} INFO - Processing /opt/airflow/dags/airflow_pipeline.py took 0.542 seconds
[2025-07-25T13:37:45.679+0000] {processor.py:161} INFO - Started process (PID=355) to work on /opt/airflow/dags/airflow_pipeline.py
[2025-07-25T13:37:45.682+0000] {processor.py:830} INFO - Processing file /opt/airflow/dags/airflow_pipeline.py for tasks to queue
[2025-07-25T13:37:45.685+0000] {logging_mixin.py:188} INFO - [2025-07-25T13:37:45.684+0000] {dagbag.py:538} INFO - Filling up the DagBag from /opt/airflow/dags/airflow_pipeline.py
[2025-07-25T13:37:45.729+0000] {processor.py:840} INFO - DAG(s) 'pl001_ingest_crypto_postgres' retrieved from /opt/airflow/dags/airflow_pipeline.py
[2025-07-25T13:37:45.836+0000] {logging_mixin.py:188} INFO - [2025-07-25T13:37:45.835+0000] {dag.py:3036} INFO - Sync 1 DAGs
[2025-07-25T13:37:45.876+0000] {logging_mixin.py:188} INFO - [2025-07-25T13:37:45.875+0000] {dag.py:3823} INFO - Setting next_dagrun for pl001_ingest_crypto_postgres to None, run_after=None
[2025-07-25T13:37:45.936+0000] {processor.py:183} INFO - Processing /opt/airflow/dags/airflow_pipeline.py took 0.261 seconds
[2025-07-25T13:38:16.252+0000] {processor.py:161} INFO - Started process (PID=360) to work on /opt/airflow/dags/airflow_pipeline.py
[2025-07-25T13:38:16.255+0000] {processor.py:830} INFO - Processing file /opt/airflow/dags/airflow_pipeline.py for tasks to queue
[2025-07-25T13:38:16.260+0000] {logging_mixin.py:188} INFO - [2025-07-25T13:38:16.258+0000] {dagbag.py:538} INFO - Filling up the DagBag from /opt/airflow/dags/airflow_pipeline.py
[2025-07-25T13:38:16.303+0000] {processor.py:840} INFO - DAG(s) 'pl001_ingest_crypto_postgres' retrieved from /opt/airflow/dags/airflow_pipeline.py
[2025-07-25T13:38:16.370+0000] {logging_mixin.py:188} INFO - [2025-07-25T13:38:16.369+0000] {dag.py:3036} INFO - Sync 1 DAGs
[2025-07-25T13:38:16.393+0000] {logging_mixin.py:188} INFO - [2025-07-25T13:38:16.393+0000] {dag.py:3823} INFO - Setting next_dagrun for pl001_ingest_crypto_postgres to None, run_after=None
[2025-07-25T13:38:16.450+0000] {processor.py:183} INFO - Processing /opt/airflow/dags/airflow_pipeline.py took 0.208 seconds
[2025-07-25T13:38:47.347+0000] {processor.py:161} INFO - Started process (PID=365) to work on /opt/airflow/dags/airflow_pipeline.py
[2025-07-25T13:38:47.357+0000] {processor.py:830} INFO - Processing file /opt/airflow/dags/airflow_pipeline.py for tasks to queue
[2025-07-25T13:38:47.376+0000] {logging_mixin.py:188} INFO - [2025-07-25T13:38:47.374+0000] {dagbag.py:538} INFO - Filling up the DagBag from /opt/airflow/dags/airflow_pipeline.py
[2025-07-25T13:38:47.471+0000] {processor.py:840} INFO - DAG(s) 'pl001_ingest_crypto_postgres' retrieved from /opt/airflow/dags/airflow_pipeline.py
[2025-07-25T13:38:47.630+0000] {logging_mixin.py:188} INFO - [2025-07-25T13:38:47.629+0000] {dag.py:3036} INFO - Sync 1 DAGs
[2025-07-25T13:38:47.725+0000] {logging_mixin.py:188} INFO - [2025-07-25T13:38:47.724+0000] {dag.py:3823} INFO - Setting next_dagrun for pl001_ingest_crypto_postgres to None, run_after=None
[2025-07-25T13:38:47.841+0000] {processor.py:183} INFO - Processing /opt/airflow/dags/airflow_pipeline.py took 0.508 seconds
[2025-07-25T13:39:18.452+0000] {processor.py:161} INFO - Started process (PID=370) to work on /opt/airflow/dags/airflow_pipeline.py
[2025-07-25T13:39:18.453+0000] {processor.py:830} INFO - Processing file /opt/airflow/dags/airflow_pipeline.py for tasks to queue
[2025-07-25T13:39:18.455+0000] {logging_mixin.py:188} INFO - [2025-07-25T13:39:18.454+0000] {dagbag.py:538} INFO - Filling up the DagBag from /opt/airflow/dags/airflow_pipeline.py
[2025-07-25T13:39:18.482+0000] {processor.py:840} INFO - DAG(s) 'pl001_ingest_crypto_postgres' retrieved from /opt/airflow/dags/airflow_pipeline.py
[2025-07-25T13:39:18.524+0000] {logging_mixin.py:188} INFO - [2025-07-25T13:39:18.524+0000] {dag.py:3036} INFO - Sync 1 DAGs
[2025-07-25T13:39:18.541+0000] {logging_mixin.py:188} INFO - [2025-07-25T13:39:18.540+0000] {dag.py:3823} INFO - Setting next_dagrun for pl001_ingest_crypto_postgres to None, run_after=None
[2025-07-25T13:39:18.568+0000] {processor.py:183} INFO - Processing /opt/airflow/dags/airflow_pipeline.py took 0.123 seconds
[2025-07-25T13:39:49.026+0000] {processor.py:161} INFO - Started process (PID=375) to work on /opt/airflow/dags/airflow_pipeline.py
[2025-07-25T13:39:49.030+0000] {processor.py:830} INFO - Processing file /opt/airflow/dags/airflow_pipeline.py for tasks to queue
[2025-07-25T13:39:49.032+0000] {logging_mixin.py:188} INFO - [2025-07-25T13:39:49.031+0000] {dagbag.py:538} INFO - Filling up the DagBag from /opt/airflow/dags/airflow_pipeline.py
[2025-07-25T13:39:49.080+0000] {processor.py:840} INFO - DAG(s) 'pl001_ingest_crypto_postgres' retrieved from /opt/airflow/dags/airflow_pipeline.py
[2025-07-25T13:39:49.208+0000] {logging_mixin.py:188} INFO - [2025-07-25T13:39:49.208+0000] {dag.py:3036} INFO - Sync 1 DAGs
[2025-07-25T13:39:49.309+0000] {logging_mixin.py:188} INFO - [2025-07-25T13:39:49.308+0000] {dag.py:3823} INFO - Setting next_dagrun for pl001_ingest_crypto_postgres to None, run_after=None
[2025-07-25T13:39:49.478+0000] {processor.py:183} INFO - Processing /opt/airflow/dags/airflow_pipeline.py took 0.459 seconds
[2025-07-25T13:40:19.938+0000] {processor.py:161} INFO - Started process (PID=380) to work on /opt/airflow/dags/airflow_pipeline.py
[2025-07-25T13:40:19.941+0000] {processor.py:830} INFO - Processing file /opt/airflow/dags/airflow_pipeline.py for tasks to queue
[2025-07-25T13:40:19.943+0000] {logging_mixin.py:188} INFO - [2025-07-25T13:40:19.942+0000] {dagbag.py:538} INFO - Filling up the DagBag from /opt/airflow/dags/airflow_pipeline.py
[2025-07-25T13:40:19.977+0000] {processor.py:840} INFO - DAG(s) 'pl001_ingest_crypto_postgres' retrieved from /opt/airflow/dags/airflow_pipeline.py
[2025-07-25T13:40:20.047+0000] {logging_mixin.py:188} INFO - [2025-07-25T13:40:20.046+0000] {dag.py:3036} INFO - Sync 1 DAGs
[2025-07-25T13:40:20.065+0000] {logging_mixin.py:188} INFO - [2025-07-25T13:40:20.065+0000] {dag.py:3823} INFO - Setting next_dagrun for pl001_ingest_crypto_postgres to None, run_after=None
[2025-07-25T13:40:20.101+0000] {processor.py:183} INFO - Processing /opt/airflow/dags/airflow_pipeline.py took 0.172 seconds
[2025-07-25T13:40:50.419+0000] {processor.py:161} INFO - Started process (PID=385) to work on /opt/airflow/dags/airflow_pipeline.py
[2025-07-25T13:40:50.421+0000] {processor.py:830} INFO - Processing file /opt/airflow/dags/airflow_pipeline.py for tasks to queue
[2025-07-25T13:40:50.423+0000] {logging_mixin.py:188} INFO - [2025-07-25T13:40:50.422+0000] {dagbag.py:538} INFO - Filling up the DagBag from /opt/airflow/dags/airflow_pipeline.py
[2025-07-25T13:40:50.450+0000] {processor.py:840} INFO - DAG(s) 'pl001_ingest_crypto_postgres' retrieved from /opt/airflow/dags/airflow_pipeline.py
[2025-07-25T13:40:50.500+0000] {logging_mixin.py:188} INFO - [2025-07-25T13:40:50.500+0000] {dag.py:3036} INFO - Sync 1 DAGs
[2025-07-25T13:40:50.526+0000] {logging_mixin.py:188} INFO - [2025-07-25T13:40:50.526+0000] {dag.py:3823} INFO - Setting next_dagrun for pl001_ingest_crypto_postgres to None, run_after=None
[2025-07-25T13:40:50.568+0000] {processor.py:183} INFO - Processing /opt/airflow/dags/airflow_pipeline.py took 0.158 seconds
[2025-07-25T13:41:20.742+0000] {processor.py:161} INFO - Started process (PID=390) to work on /opt/airflow/dags/airflow_pipeline.py
[2025-07-25T13:41:20.744+0000] {processor.py:830} INFO - Processing file /opt/airflow/dags/airflow_pipeline.py for tasks to queue
[2025-07-25T13:41:20.746+0000] {logging_mixin.py:188} INFO - [2025-07-25T13:41:20.745+0000] {dagbag.py:538} INFO - Filling up the DagBag from /opt/airflow/dags/airflow_pipeline.py
[2025-07-25T13:41:20.775+0000] {processor.py:840} INFO - DAG(s) 'pl001_ingest_crypto_postgres' retrieved from /opt/airflow/dags/airflow_pipeline.py
[2025-07-25T13:41:20.820+0000] {logging_mixin.py:188} INFO - [2025-07-25T13:41:20.820+0000] {dag.py:3036} INFO - Sync 1 DAGs
[2025-07-25T13:41:20.847+0000] {logging_mixin.py:188} INFO - [2025-07-25T13:41:20.847+0000] {dag.py:3823} INFO - Setting next_dagrun for pl001_ingest_crypto_postgres to None, run_after=None
[2025-07-25T13:41:20.891+0000] {processor.py:183} INFO - Processing /opt/airflow/dags/airflow_pipeline.py took 0.154 seconds
[2025-07-25T13:41:51.275+0000] {processor.py:161} INFO - Started process (PID=395) to work on /opt/airflow/dags/airflow_pipeline.py
[2025-07-25T13:41:51.279+0000] {processor.py:830} INFO - Processing file /opt/airflow/dags/airflow_pipeline.py for tasks to queue
[2025-07-25T13:41:51.284+0000] {logging_mixin.py:188} INFO - [2025-07-25T13:41:51.283+0000] {dagbag.py:538} INFO - Filling up the DagBag from /opt/airflow/dags/airflow_pipeline.py
[2025-07-25T13:41:51.338+0000] {processor.py:840} INFO - DAG(s) 'pl001_ingest_crypto_postgres' retrieved from /opt/airflow/dags/airflow_pipeline.py
[2025-07-25T13:41:51.420+0000] {logging_mixin.py:188} INFO - [2025-07-25T13:41:51.420+0000] {dag.py:3036} INFO - Sync 1 DAGs
[2025-07-25T13:41:51.442+0000] {logging_mixin.py:188} INFO - [2025-07-25T13:41:51.441+0000] {dag.py:3823} INFO - Setting next_dagrun for pl001_ingest_crypto_postgres to None, run_after=None
[2025-07-25T13:41:51.470+0000] {processor.py:183} INFO - Processing /opt/airflow/dags/airflow_pipeline.py took 0.203 seconds
[2025-07-25T13:42:22.640+0000] {processor.py:161} INFO - Started process (PID=400) to work on /opt/airflow/dags/airflow_pipeline.py
[2025-07-25T13:42:22.645+0000] {processor.py:830} INFO - Processing file /opt/airflow/dags/airflow_pipeline.py for tasks to queue
[2025-07-25T13:42:22.651+0000] {logging_mixin.py:188} INFO - [2025-07-25T13:42:22.649+0000] {dagbag.py:538} INFO - Filling up the DagBag from /opt/airflow/dags/airflow_pipeline.py
[2025-07-25T13:42:22.749+0000] {processor.py:840} INFO - DAG(s) 'pl001_ingest_crypto_postgres' retrieved from /opt/airflow/dags/airflow_pipeline.py
[2025-07-25T13:42:22.946+0000] {logging_mixin.py:188} INFO - [2025-07-25T13:42:22.945+0000] {dag.py:3036} INFO - Sync 1 DAGs
[2025-07-25T13:42:23.064+0000] {logging_mixin.py:188} INFO - [2025-07-25T13:42:23.063+0000] {dag.py:3823} INFO - Setting next_dagrun for pl001_ingest_crypto_postgres to None, run_after=None
[2025-07-25T13:42:23.182+0000] {processor.py:183} INFO - Processing /opt/airflow/dags/airflow_pipeline.py took 0.561 seconds
[2025-07-25T13:42:55.927+0000] {processor.py:161} INFO - Started process (PID=405) to work on /opt/airflow/dags/airflow_pipeline.py
[2025-07-25T13:42:55.960+0000] {processor.py:830} INFO - Processing file /opt/airflow/dags/airflow_pipeline.py for tasks to queue
[2025-07-25T13:42:56.001+0000] {logging_mixin.py:188} INFO - [2025-07-25T13:42:55.998+0000] {dagbag.py:538} INFO - Filling up the DagBag from /opt/airflow/dags/airflow_pipeline.py
[2025-07-25T13:42:58.097+0000] {processor.py:840} INFO - DAG(s) 'pl001_ingest_crypto_postgres' retrieved from /opt/airflow/dags/airflow_pipeline.py
[2025-07-25T13:42:58.351+0000] {logging_mixin.py:188} INFO - [2025-07-25T13:42:58.350+0000] {dag.py:3036} INFO - Sync 1 DAGs
[2025-07-25T13:42:59.057+0000] {logging_mixin.py:188} INFO - [2025-07-25T13:42:59.056+0000] {dag.py:3823} INFO - Setting next_dagrun for pl001_ingest_crypto_postgres to None, run_after=None
[2025-07-25T13:42:59.197+0000] {processor.py:183} INFO - Processing /opt/airflow/dags/airflow_pipeline.py took 3.389 seconds
[2025-07-25T13:43:29.600+0000] {processor.py:161} INFO - Started process (PID=410) to work on /opt/airflow/dags/airflow_pipeline.py
[2025-07-25T13:43:29.603+0000] {processor.py:830} INFO - Processing file /opt/airflow/dags/airflow_pipeline.py for tasks to queue
[2025-07-25T13:43:29.615+0000] {logging_mixin.py:188} INFO - [2025-07-25T13:43:29.605+0000] {dagbag.py:538} INFO - Filling up the DagBag from /opt/airflow/dags/airflow_pipeline.py
[2025-07-25T13:43:29.711+0000] {processor.py:840} INFO - DAG(s) 'pl001_ingest_crypto_postgres' retrieved from /opt/airflow/dags/airflow_pipeline.py
[2025-07-25T13:43:29.883+0000] {logging_mixin.py:188} INFO - [2025-07-25T13:43:29.873+0000] {dag.py:3036} INFO - Sync 1 DAGs
[2025-07-25T13:43:29.966+0000] {logging_mixin.py:188} INFO - [2025-07-25T13:43:29.965+0000] {dag.py:3823} INFO - Setting next_dagrun for pl001_ingest_crypto_postgres to None, run_after=None
[2025-07-25T13:43:30.155+0000] {processor.py:183} INFO - Processing /opt/airflow/dags/airflow_pipeline.py took 0.583 seconds
[2025-07-25T13:44:00.384+0000] {processor.py:161} INFO - Started process (PID=415) to work on /opt/airflow/dags/airflow_pipeline.py
[2025-07-25T13:44:00.388+0000] {processor.py:830} INFO - Processing file /opt/airflow/dags/airflow_pipeline.py for tasks to queue
[2025-07-25T13:44:00.391+0000] {logging_mixin.py:188} INFO - [2025-07-25T13:44:00.390+0000] {dagbag.py:538} INFO - Filling up the DagBag from /opt/airflow/dags/airflow_pipeline.py
[2025-07-25T13:44:00.455+0000] {processor.py:840} INFO - DAG(s) 'pl001_ingest_crypto_postgres' retrieved from /opt/airflow/dags/airflow_pipeline.py
[2025-07-25T13:44:00.569+0000] {logging_mixin.py:188} INFO - [2025-07-25T13:44:00.567+0000] {dag.py:3036} INFO - Sync 1 DAGs
[2025-07-25T13:44:00.644+0000] {logging_mixin.py:188} INFO - [2025-07-25T13:44:00.643+0000] {dag.py:3823} INFO - Setting next_dagrun for pl001_ingest_crypto_postgres to None, run_after=None
[2025-07-25T13:44:00.839+0000] {processor.py:183} INFO - Processing /opt/airflow/dags/airflow_pipeline.py took 0.467 seconds
[2025-07-25T13:44:31.471+0000] {processor.py:161} INFO - Started process (PID=420) to work on /opt/airflow/dags/airflow_pipeline.py
[2025-07-25T13:44:31.472+0000] {processor.py:830} INFO - Processing file /opt/airflow/dags/airflow_pipeline.py for tasks to queue
[2025-07-25T13:44:31.474+0000] {logging_mixin.py:188} INFO - [2025-07-25T13:44:31.473+0000] {dagbag.py:538} INFO - Filling up the DagBag from /opt/airflow/dags/airflow_pipeline.py
[2025-07-25T13:44:31.496+0000] {processor.py:840} INFO - DAG(s) 'pl001_ingest_crypto_postgres' retrieved from /opt/airflow/dags/airflow_pipeline.py
[2025-07-25T13:44:31.535+0000] {logging_mixin.py:188} INFO - [2025-07-25T13:44:31.535+0000] {dag.py:3036} INFO - Sync 1 DAGs
[2025-07-25T13:44:31.558+0000] {logging_mixin.py:188} INFO - [2025-07-25T13:44:31.558+0000] {dag.py:3823} INFO - Setting next_dagrun for pl001_ingest_crypto_postgres to None, run_after=None
[2025-07-25T13:44:31.591+0000] {processor.py:183} INFO - Processing /opt/airflow/dags/airflow_pipeline.py took 0.125 seconds
[2025-07-25T13:45:01.722+0000] {processor.py:161} INFO - Started process (PID=425) to work on /opt/airflow/dags/airflow_pipeline.py
[2025-07-25T13:45:01.725+0000] {processor.py:830} INFO - Processing file /opt/airflow/dags/airflow_pipeline.py for tasks to queue
[2025-07-25T13:45:01.728+0000] {logging_mixin.py:188} INFO - [2025-07-25T13:45:01.727+0000] {dagbag.py:538} INFO - Filling up the DagBag from /opt/airflow/dags/airflow_pipeline.py
[2025-07-25T13:45:01.763+0000] {processor.py:840} INFO - DAG(s) 'pl001_ingest_crypto_postgres' retrieved from /opt/airflow/dags/airflow_pipeline.py
[2025-07-25T13:45:01.822+0000] {logging_mixin.py:188} INFO - [2025-07-25T13:45:01.822+0000] {dag.py:3036} INFO - Sync 1 DAGs
[2025-07-25T13:45:01.842+0000] {logging_mixin.py:188} INFO - [2025-07-25T13:45:01.842+0000] {dag.py:3823} INFO - Setting next_dagrun for pl001_ingest_crypto_postgres to None, run_after=None
[2025-07-25T13:45:01.882+0000] {processor.py:183} INFO - Processing /opt/airflow/dags/airflow_pipeline.py took 0.175 seconds
[2025-07-25T13:45:32.387+0000] {processor.py:161} INFO - Started process (PID=430) to work on /opt/airflow/dags/airflow_pipeline.py
[2025-07-25T13:45:32.389+0000] {processor.py:830} INFO - Processing file /opt/airflow/dags/airflow_pipeline.py for tasks to queue
[2025-07-25T13:45:32.392+0000] {logging_mixin.py:188} INFO - [2025-07-25T13:45:32.391+0000] {dagbag.py:538} INFO - Filling up the DagBag from /opt/airflow/dags/airflow_pipeline.py
[2025-07-25T13:45:32.435+0000] {processor.py:840} INFO - DAG(s) 'pl001_ingest_crypto_postgres' retrieved from /opt/airflow/dags/airflow_pipeline.py
[2025-07-25T13:45:32.482+0000] {logging_mixin.py:188} INFO - [2025-07-25T13:45:32.482+0000] {dag.py:3036} INFO - Sync 1 DAGs
[2025-07-25T13:45:32.503+0000] {logging_mixin.py:188} INFO - [2025-07-25T13:45:32.503+0000] {dag.py:3823} INFO - Setting next_dagrun for pl001_ingest_crypto_postgres to None, run_after=None
[2025-07-25T13:45:32.533+0000] {processor.py:183} INFO - Processing /opt/airflow/dags/airflow_pipeline.py took 0.153 seconds
[2025-07-25T13:46:02.813+0000] {processor.py:161} INFO - Started process (PID=435) to work on /opt/airflow/dags/airflow_pipeline.py
[2025-07-25T13:46:02.815+0000] {processor.py:830} INFO - Processing file /opt/airflow/dags/airflow_pipeline.py for tasks to queue
[2025-07-25T13:46:02.817+0000] {logging_mixin.py:188} INFO - [2025-07-25T13:46:02.816+0000] {dagbag.py:538} INFO - Filling up the DagBag from /opt/airflow/dags/airflow_pipeline.py
[2025-07-25T13:46:02.843+0000] {processor.py:840} INFO - DAG(s) 'pl001_ingest_crypto_postgres' retrieved from /opt/airflow/dags/airflow_pipeline.py
[2025-07-25T13:46:02.883+0000] {logging_mixin.py:188} INFO - [2025-07-25T13:46:02.883+0000] {dag.py:3036} INFO - Sync 1 DAGs
[2025-07-25T13:46:02.903+0000] {logging_mixin.py:188} INFO - [2025-07-25T13:46:02.902+0000] {dag.py:3823} INFO - Setting next_dagrun for pl001_ingest_crypto_postgres to None, run_after=None
[2025-07-25T13:46:02.944+0000] {processor.py:183} INFO - Processing /opt/airflow/dags/airflow_pipeline.py took 0.136 seconds
[2025-07-25T13:46:33.907+0000] {processor.py:161} INFO - Started process (PID=440) to work on /opt/airflow/dags/airflow_pipeline.py
[2025-07-25T13:46:33.914+0000] {processor.py:830} INFO - Processing file /opt/airflow/dags/airflow_pipeline.py for tasks to queue
[2025-07-25T13:46:33.930+0000] {logging_mixin.py:188} INFO - [2025-07-25T13:46:33.930+0000] {dagbag.py:538} INFO - Filling up the DagBag from /opt/airflow/dags/airflow_pipeline.py
[2025-07-25T13:46:34.053+0000] {processor.py:840} INFO - DAG(s) 'pl001_ingest_crypto_postgres' retrieved from /opt/airflow/dags/airflow_pipeline.py
[2025-07-25T13:46:34.258+0000] {logging_mixin.py:188} INFO - [2025-07-25T13:46:34.257+0000] {dag.py:3036} INFO - Sync 1 DAGs
[2025-07-25T13:46:34.310+0000] {logging_mixin.py:188} INFO - [2025-07-25T13:46:34.309+0000] {dag.py:3823} INFO - Setting next_dagrun for pl001_ingest_crypto_postgres to None, run_after=None
[2025-07-25T13:46:34.380+0000] {processor.py:183} INFO - Processing /opt/airflow/dags/airflow_pipeline.py took 0.498 seconds
[2025-07-25T13:47:04.613+0000] {processor.py:161} INFO - Started process (PID=445) to work on /opt/airflow/dags/airflow_pipeline.py
[2025-07-25T13:47:04.617+0000] {processor.py:830} INFO - Processing file /opt/airflow/dags/airflow_pipeline.py for tasks to queue
[2025-07-25T13:47:04.620+0000] {logging_mixin.py:188} INFO - [2025-07-25T13:47:04.619+0000] {dagbag.py:538} INFO - Filling up the DagBag from /opt/airflow/dags/airflow_pipeline.py
[2025-07-25T13:47:04.650+0000] {processor.py:840} INFO - DAG(s) 'pl001_ingest_crypto_postgres' retrieved from /opt/airflow/dags/airflow_pipeline.py
[2025-07-25T13:47:04.691+0000] {logging_mixin.py:188} INFO - [2025-07-25T13:47:04.691+0000] {dag.py:3036} INFO - Sync 1 DAGs
[2025-07-25T13:47:04.709+0000] {logging_mixin.py:188} INFO - [2025-07-25T13:47:04.708+0000] {dag.py:3823} INFO - Setting next_dagrun for pl001_ingest_crypto_postgres to None, run_after=None
[2025-07-25T13:47:04.737+0000] {processor.py:183} INFO - Processing /opt/airflow/dags/airflow_pipeline.py took 0.133 seconds
[2025-07-25T13:47:35.384+0000] {processor.py:161} INFO - Started process (PID=450) to work on /opt/airflow/dags/airflow_pipeline.py
[2025-07-25T13:47:35.389+0000] {processor.py:830} INFO - Processing file /opt/airflow/dags/airflow_pipeline.py for tasks to queue
[2025-07-25T13:47:35.391+0000] {logging_mixin.py:188} INFO - [2025-07-25T13:47:35.390+0000] {dagbag.py:538} INFO - Filling up the DagBag from /opt/airflow/dags/airflow_pipeline.py
[2025-07-25T13:47:35.439+0000] {processor.py:840} INFO - DAG(s) 'pl001_ingest_crypto_postgres' retrieved from /opt/airflow/dags/airflow_pipeline.py
[2025-07-25T13:47:35.533+0000] {logging_mixin.py:188} INFO - [2025-07-25T13:47:35.533+0000] {dag.py:3036} INFO - Sync 1 DAGs
[2025-07-25T13:47:35.579+0000] {logging_mixin.py:188} INFO - [2025-07-25T13:47:35.579+0000] {dag.py:3823} INFO - Setting next_dagrun for pl001_ingest_crypto_postgres to None, run_after=None
[2025-07-25T13:47:35.661+0000] {processor.py:183} INFO - Processing /opt/airflow/dags/airflow_pipeline.py took 0.286 seconds
[2025-07-25T13:48:07.429+0000] {processor.py:161} INFO - Started process (PID=455) to work on /opt/airflow/dags/airflow_pipeline.py
[2025-07-25T13:48:07.568+0000] {processor.py:830} INFO - Processing file /opt/airflow/dags/airflow_pipeline.py for tasks to queue
[2025-07-25T13:48:07.604+0000] {logging_mixin.py:188} INFO - [2025-07-25T13:48:07.590+0000] {dagbag.py:538} INFO - Filling up the DagBag from /opt/airflow/dags/airflow_pipeline.py
[2025-07-25T13:48:08.648+0000] {processor.py:840} INFO - DAG(s) 'pl001_ingest_crypto_postgres' retrieved from /opt/airflow/dags/airflow_pipeline.py
[2025-07-25T13:48:08.890+0000] {logging_mixin.py:188} INFO - [2025-07-25T13:48:08.890+0000] {dag.py:3036} INFO - Sync 1 DAGs
[2025-07-25T13:48:08.964+0000] {logging_mixin.py:188} INFO - [2025-07-25T13:48:08.963+0000] {dag.py:3823} INFO - Setting next_dagrun for pl001_ingest_crypto_postgres to None, run_after=None
[2025-07-25T13:48:09.078+0000] {processor.py:183} INFO - Processing /opt/airflow/dags/airflow_pipeline.py took 1.713 seconds
[2025-07-25T13:48:39.182+0000] {processor.py:161} INFO - Started process (PID=460) to work on /opt/airflow/dags/airflow_pipeline.py
[2025-07-25T13:48:39.184+0000] {processor.py:830} INFO - Processing file /opt/airflow/dags/airflow_pipeline.py for tasks to queue
[2025-07-25T13:48:39.186+0000] {logging_mixin.py:188} INFO - [2025-07-25T13:48:39.186+0000] {dagbag.py:538} INFO - Filling up the DagBag from /opt/airflow/dags/airflow_pipeline.py
[2025-07-25T13:48:39.210+0000] {processor.py:840} INFO - DAG(s) 'pl001_ingest_crypto_postgres' retrieved from /opt/airflow/dags/airflow_pipeline.py
[2025-07-25T13:48:39.253+0000] {logging_mixin.py:188} INFO - [2025-07-25T13:48:39.253+0000] {dag.py:3036} INFO - Sync 1 DAGs
[2025-07-25T13:48:39.269+0000] {logging_mixin.py:188} INFO - [2025-07-25T13:48:39.268+0000] {dag.py:3823} INFO - Setting next_dagrun for pl001_ingest_crypto_postgres to None, run_after=None
[2025-07-25T13:48:39.294+0000] {processor.py:183} INFO - Processing /opt/airflow/dags/airflow_pipeline.py took 0.117 seconds
[2025-07-25T13:49:09.610+0000] {processor.py:161} INFO - Started process (PID=465) to work on /opt/airflow/dags/airflow_pipeline.py
[2025-07-25T13:49:09.612+0000] {processor.py:830} INFO - Processing file /opt/airflow/dags/airflow_pipeline.py for tasks to queue
[2025-07-25T13:49:09.616+0000] {logging_mixin.py:188} INFO - [2025-07-25T13:49:09.615+0000] {dagbag.py:538} INFO - Filling up the DagBag from /opt/airflow/dags/airflow_pipeline.py
[2025-07-25T13:49:09.670+0000] {processor.py:840} INFO - DAG(s) 'pl001_ingest_crypto_postgres' retrieved from /opt/airflow/dags/airflow_pipeline.py
[2025-07-25T13:49:09.731+0000] {logging_mixin.py:188} INFO - [2025-07-25T13:49:09.731+0000] {dag.py:3036} INFO - Sync 1 DAGs
[2025-07-25T13:49:09.756+0000] {logging_mixin.py:188} INFO - [2025-07-25T13:49:09.756+0000] {dag.py:3823} INFO - Setting next_dagrun for pl001_ingest_crypto_postgres to None, run_after=None
[2025-07-25T13:49:09.810+0000] {processor.py:183} INFO - Processing /opt/airflow/dags/airflow_pipeline.py took 0.211 seconds
[2025-07-25T13:49:40.312+0000] {processor.py:161} INFO - Started process (PID=470) to work on /opt/airflow/dags/airflow_pipeline.py
[2025-07-25T13:49:40.314+0000] {processor.py:830} INFO - Processing file /opt/airflow/dags/airflow_pipeline.py for tasks to queue
[2025-07-25T13:49:40.316+0000] {logging_mixin.py:188} INFO - [2025-07-25T13:49:40.316+0000] {dagbag.py:538} INFO - Filling up the DagBag from /opt/airflow/dags/airflow_pipeline.py
[2025-07-25T13:49:40.349+0000] {processor.py:840} INFO - DAG(s) 'pl001_ingest_crypto_postgres' retrieved from /opt/airflow/dags/airflow_pipeline.py
[2025-07-25T13:49:40.411+0000] {logging_mixin.py:188} INFO - [2025-07-25T13:49:40.411+0000] {dag.py:3036} INFO - Sync 1 DAGs
[2025-07-25T13:49:40.434+0000] {logging_mixin.py:188} INFO - [2025-07-25T13:49:40.433+0000] {dag.py:3823} INFO - Setting next_dagrun for pl001_ingest_crypto_postgres to None, run_after=None
[2025-07-25T13:49:40.462+0000] {processor.py:183} INFO - Processing /opt/airflow/dags/airflow_pipeline.py took 0.158 seconds
[2025-07-25T13:50:10.874+0000] {processor.py:161} INFO - Started process (PID=475) to work on /opt/airflow/dags/airflow_pipeline.py
[2025-07-25T13:50:10.876+0000] {processor.py:830} INFO - Processing file /opt/airflow/dags/airflow_pipeline.py for tasks to queue
[2025-07-25T13:50:10.889+0000] {logging_mixin.py:188} INFO - [2025-07-25T13:50:10.878+0000] {dagbag.py:538} INFO - Filling up the DagBag from /opt/airflow/dags/airflow_pipeline.py
[2025-07-25T13:50:11.277+0000] {processor.py:840} INFO - DAG(s) 'pl001_ingest_crypto_postgres' retrieved from /opt/airflow/dags/airflow_pipeline.py
[2025-07-25T13:50:12.475+0000] {logging_mixin.py:188} INFO - [2025-07-25T13:50:12.473+0000] {dag.py:3036} INFO - Sync 1 DAGs
[2025-07-25T13:50:13.537+0000] {logging_mixin.py:188} INFO - [2025-07-25T13:50:13.536+0000] {dag.py:3823} INFO - Setting next_dagrun for pl001_ingest_crypto_postgres to None, run_after=None
[2025-07-25T13:50:17.536+0000] {processor.py:183} INFO - Processing /opt/airflow/dags/airflow_pipeline.py took 6.684 seconds
[2025-07-25T13:50:48.262+0000] {processor.py:161} INFO - Started process (PID=480) to work on /opt/airflow/dags/airflow_pipeline.py
[2025-07-25T13:50:48.265+0000] {processor.py:830} INFO - Processing file /opt/airflow/dags/airflow_pipeline.py for tasks to queue
[2025-07-25T13:50:48.268+0000] {logging_mixin.py:188} INFO - [2025-07-25T13:50:48.267+0000] {dagbag.py:538} INFO - Filling up the DagBag from /opt/airflow/dags/airflow_pipeline.py
[2025-07-25T13:50:48.329+0000] {processor.py:840} INFO - DAG(s) 'pl001_ingest_crypto_postgres' retrieved from /opt/airflow/dags/airflow_pipeline.py
[2025-07-25T13:50:48.581+0000] {logging_mixin.py:188} INFO - [2025-07-25T13:50:48.579+0000] {dag.py:3036} INFO - Sync 1 DAGs
[2025-07-25T13:50:48.876+0000] {logging_mixin.py:188} INFO - [2025-07-25T13:50:48.874+0000] {dag.py:3823} INFO - Setting next_dagrun for pl001_ingest_crypto_postgres to None, run_after=None
[2025-07-25T13:50:49.339+0000] {processor.py:183} INFO - Processing /opt/airflow/dags/airflow_pipeline.py took 1.089 seconds
[2025-07-25T13:51:19.652+0000] {processor.py:161} INFO - Started process (PID=485) to work on /opt/airflow/dags/airflow_pipeline.py
[2025-07-25T13:51:19.654+0000] {processor.py:830} INFO - Processing file /opt/airflow/dags/airflow_pipeline.py for tasks to queue
[2025-07-25T13:51:19.656+0000] {logging_mixin.py:188} INFO - [2025-07-25T13:51:19.656+0000] {dagbag.py:538} INFO - Filling up the DagBag from /opt/airflow/dags/airflow_pipeline.py
[2025-07-25T13:51:19.702+0000] {processor.py:840} INFO - DAG(s) 'pl001_ingest_crypto_postgres' retrieved from /opt/airflow/dags/airflow_pipeline.py
[2025-07-25T13:51:19.773+0000] {logging_mixin.py:188} INFO - [2025-07-25T13:51:19.773+0000] {dag.py:3036} INFO - Sync 1 DAGs
[2025-07-25T13:51:19.805+0000] {logging_mixin.py:188} INFO - [2025-07-25T13:51:19.804+0000] {dag.py:3823} INFO - Setting next_dagrun for pl001_ingest_crypto_postgres to None, run_after=None
[2025-07-25T13:51:19.876+0000] {processor.py:183} INFO - Processing /opt/airflow/dags/airflow_pipeline.py took 0.231 seconds
[2025-07-25T13:51:50.356+0000] {processor.py:161} INFO - Started process (PID=490) to work on /opt/airflow/dags/airflow_pipeline.py
[2025-07-25T13:51:50.358+0000] {processor.py:830} INFO - Processing file /opt/airflow/dags/airflow_pipeline.py for tasks to queue
[2025-07-25T13:51:50.361+0000] {logging_mixin.py:188} INFO - [2025-07-25T13:51:50.360+0000] {dagbag.py:538} INFO - Filling up the DagBag from /opt/airflow/dags/airflow_pipeline.py
[2025-07-25T13:51:50.391+0000] {processor.py:840} INFO - DAG(s) 'pl001_ingest_crypto_postgres' retrieved from /opt/airflow/dags/airflow_pipeline.py
[2025-07-25T13:51:50.449+0000] {logging_mixin.py:188} INFO - [2025-07-25T13:51:50.449+0000] {dag.py:3036} INFO - Sync 1 DAGs
[2025-07-25T13:51:50.471+0000] {logging_mixin.py:188} INFO - [2025-07-25T13:51:50.470+0000] {dag.py:3823} INFO - Setting next_dagrun for pl001_ingest_crypto_postgres to None, run_after=None
[2025-07-25T13:51:50.503+0000] {processor.py:183} INFO - Processing /opt/airflow/dags/airflow_pipeline.py took 0.152 seconds
[2025-07-25T13:52:21.106+0000] {processor.py:161} INFO - Started process (PID=495) to work on /opt/airflow/dags/airflow_pipeline.py
[2025-07-25T13:52:21.107+0000] {processor.py:830} INFO - Processing file /opt/airflow/dags/airflow_pipeline.py for tasks to queue
[2025-07-25T13:52:21.109+0000] {logging_mixin.py:188} INFO - [2025-07-25T13:52:21.109+0000] {dagbag.py:538} INFO - Filling up the DagBag from /opt/airflow/dags/airflow_pipeline.py
[2025-07-25T13:52:21.134+0000] {processor.py:840} INFO - DAG(s) 'pl001_ingest_crypto_postgres' retrieved from /opt/airflow/dags/airflow_pipeline.py
[2025-07-25T13:52:21.179+0000] {logging_mixin.py:188} INFO - [2025-07-25T13:52:21.179+0000] {dag.py:3036} INFO - Sync 1 DAGs
[2025-07-25T13:52:21.197+0000] {logging_mixin.py:188} INFO - [2025-07-25T13:52:21.196+0000] {dag.py:3823} INFO - Setting next_dagrun for pl001_ingest_crypto_postgres to None, run_after=None
[2025-07-25T13:52:21.225+0000] {processor.py:183} INFO - Processing /opt/airflow/dags/airflow_pipeline.py took 0.124 seconds
[2025-07-25T13:52:51.608+0000] {processor.py:161} INFO - Started process (PID=500) to work on /opt/airflow/dags/airflow_pipeline.py
[2025-07-25T13:52:51.610+0000] {processor.py:830} INFO - Processing file /opt/airflow/dags/airflow_pipeline.py for tasks to queue
[2025-07-25T13:52:51.614+0000] {logging_mixin.py:188} INFO - [2025-07-25T13:52:51.613+0000] {dagbag.py:538} INFO - Filling up the DagBag from /opt/airflow/dags/airflow_pipeline.py
[2025-07-25T13:52:51.673+0000] {processor.py:840} INFO - DAG(s) 'pl001_ingest_crypto_postgres' retrieved from /opt/airflow/dags/airflow_pipeline.py
[2025-07-25T13:52:51.782+0000] {logging_mixin.py:188} INFO - [2025-07-25T13:52:51.782+0000] {dag.py:3036} INFO - Sync 1 DAGs
[2025-07-25T13:52:51.842+0000] {logging_mixin.py:188} INFO - [2025-07-25T13:52:51.841+0000] {dag.py:3823} INFO - Setting next_dagrun for pl001_ingest_crypto_postgres to None, run_after=None
[2025-07-25T13:52:51.922+0000] {processor.py:183} INFO - Processing /opt/airflow/dags/airflow_pipeline.py took 0.323 seconds
[2025-07-25T13:53:22.454+0000] {processor.py:161} INFO - Started process (PID=505) to work on /opt/airflow/dags/airflow_pipeline.py
[2025-07-25T13:53:22.455+0000] {processor.py:830} INFO - Processing file /opt/airflow/dags/airflow_pipeline.py for tasks to queue
[2025-07-25T13:53:22.457+0000] {logging_mixin.py:188} INFO - [2025-07-25T13:53:22.457+0000] {dagbag.py:538} INFO - Filling up the DagBag from /opt/airflow/dags/airflow_pipeline.py
[2025-07-25T13:53:22.483+0000] {processor.py:840} INFO - DAG(s) 'pl001_ingest_crypto_postgres' retrieved from /opt/airflow/dags/airflow_pipeline.py
[2025-07-25T13:53:22.537+0000] {logging_mixin.py:188} INFO - [2025-07-25T13:53:22.536+0000] {dag.py:3036} INFO - Sync 1 DAGs
[2025-07-25T13:53:22.553+0000] {logging_mixin.py:188} INFO - [2025-07-25T13:53:22.553+0000] {dag.py:3823} INFO - Setting next_dagrun for pl001_ingest_crypto_postgres to None, run_after=None
[2025-07-25T13:53:22.580+0000] {processor.py:183} INFO - Processing /opt/airflow/dags/airflow_pipeline.py took 0.130 seconds
[2025-07-25T13:53:52.949+0000] {processor.py:161} INFO - Started process (PID=510) to work on /opt/airflow/dags/airflow_pipeline.py
[2025-07-25T13:53:52.952+0000] {processor.py:830} INFO - Processing file /opt/airflow/dags/airflow_pipeline.py for tasks to queue
[2025-07-25T13:53:52.954+0000] {logging_mixin.py:188} INFO - [2025-07-25T13:53:52.953+0000] {dagbag.py:538} INFO - Filling up the DagBag from /opt/airflow/dags/airflow_pipeline.py
[2025-07-25T13:53:52.979+0000] {processor.py:840} INFO - DAG(s) 'pl001_ingest_crypto_postgres' retrieved from /opt/airflow/dags/airflow_pipeline.py
[2025-07-25T13:53:53.028+0000] {logging_mixin.py:188} INFO - [2025-07-25T13:53:53.028+0000] {dag.py:3036} INFO - Sync 1 DAGs
[2025-07-25T13:53:53.048+0000] {logging_mixin.py:188} INFO - [2025-07-25T13:53:53.047+0000] {dag.py:3823} INFO - Setting next_dagrun for pl001_ingest_crypto_postgres to None, run_after=None
[2025-07-25T13:53:53.083+0000] {processor.py:183} INFO - Processing /opt/airflow/dags/airflow_pipeline.py took 0.139 seconds
[2025-07-25T13:54:24.146+0000] {processor.py:161} INFO - Started process (PID=515) to work on /opt/airflow/dags/airflow_pipeline.py
[2025-07-25T13:54:24.177+0000] {processor.py:830} INFO - Processing file /opt/airflow/dags/airflow_pipeline.py for tasks to queue
[2025-07-25T13:54:24.209+0000] {logging_mixin.py:188} INFO - [2025-07-25T13:54:24.196+0000] {dagbag.py:538} INFO - Filling up the DagBag from /opt/airflow/dags/airflow_pipeline.py
[2025-07-25T13:54:24.580+0000] {processor.py:840} INFO - DAG(s) 'pl001_ingest_crypto_postgres' retrieved from /opt/airflow/dags/airflow_pipeline.py
[2025-07-25T13:54:24.729+0000] {logging_mixin.py:188} INFO - [2025-07-25T13:54:24.728+0000] {dag.py:3036} INFO - Sync 1 DAGs
[2025-07-25T13:54:24.809+0000] {logging_mixin.py:188} INFO - [2025-07-25T13:54:24.809+0000] {dag.py:3823} INFO - Setting next_dagrun for pl001_ingest_crypto_postgres to None, run_after=None
[2025-07-25T13:54:24.985+0000] {processor.py:183} INFO - Processing /opt/airflow/dags/airflow_pipeline.py took 0.901 seconds
[2025-07-25T13:54:55.748+0000] {processor.py:161} INFO - Started process (PID=520) to work on /opt/airflow/dags/airflow_pipeline.py
[2025-07-25T13:54:55.763+0000] {processor.py:830} INFO - Processing file /opt/airflow/dags/airflow_pipeline.py for tasks to queue
[2025-07-25T13:54:55.780+0000] {logging_mixin.py:188} INFO - [2025-07-25T13:54:55.773+0000] {dagbag.py:538} INFO - Filling up the DagBag from /opt/airflow/dags/airflow_pipeline.py
[2025-07-25T13:54:56.205+0000] {processor.py:840} INFO - DAG(s) 'pl001_ingest_crypto_postgres' retrieved from /opt/airflow/dags/airflow_pipeline.py
[2025-07-25T13:54:56.347+0000] {logging_mixin.py:188} INFO - [2025-07-25T13:54:56.346+0000] {dag.py:3036} INFO - Sync 1 DAGs
[2025-07-25T13:54:56.400+0000] {logging_mixin.py:188} INFO - [2025-07-25T13:54:56.399+0000] {dag.py:3823} INFO - Setting next_dagrun for pl001_ingest_crypto_postgres to None, run_after=None
[2025-07-25T13:54:56.458+0000] {processor.py:183} INFO - Processing /opt/airflow/dags/airflow_pipeline.py took 0.767 seconds
[2025-07-25T13:55:27.011+0000] {processor.py:161} INFO - Started process (PID=525) to work on /opt/airflow/dags/airflow_pipeline.py
[2025-07-25T13:55:27.013+0000] {processor.py:830} INFO - Processing file /opt/airflow/dags/airflow_pipeline.py for tasks to queue
[2025-07-25T13:55:27.015+0000] {logging_mixin.py:188} INFO - [2025-07-25T13:55:27.014+0000] {dagbag.py:538} INFO - Filling up the DagBag from /opt/airflow/dags/airflow_pipeline.py
[2025-07-25T13:55:27.045+0000] {processor.py:840} INFO - DAG(s) 'pl001_ingest_crypto_postgres' retrieved from /opt/airflow/dags/airflow_pipeline.py
[2025-07-25T13:55:27.096+0000] {logging_mixin.py:188} INFO - [2025-07-25T13:55:27.096+0000] {dag.py:3036} INFO - Sync 1 DAGs
[2025-07-25T13:55:27.116+0000] {logging_mixin.py:188} INFO - [2025-07-25T13:55:27.115+0000] {dag.py:3823} INFO - Setting next_dagrun for pl001_ingest_crypto_postgres to None, run_after=None
[2025-07-25T13:55:27.146+0000] {processor.py:183} INFO - Processing /opt/airflow/dags/airflow_pipeline.py took 0.139 seconds
[2025-07-25T13:55:58.282+0000] {processor.py:161} INFO - Started process (PID=530) to work on /opt/airflow/dags/airflow_pipeline.py
[2025-07-25T13:55:58.305+0000] {processor.py:830} INFO - Processing file /opt/airflow/dags/airflow_pipeline.py for tasks to queue
[2025-07-25T13:55:58.331+0000] {logging_mixin.py:188} INFO - [2025-07-25T13:55:58.319+0000] {dagbag.py:538} INFO - Filling up the DagBag from /opt/airflow/dags/airflow_pipeline.py
[2025-07-25T13:55:58.773+0000] {processor.py:840} INFO - DAG(s) 'pl001_ingest_crypto_postgres' retrieved from /opt/airflow/dags/airflow_pipeline.py
[2025-07-25T13:55:59.480+0000] {logging_mixin.py:188} INFO - [2025-07-25T13:55:59.478+0000] {dag.py:3036} INFO - Sync 1 DAGs
[2025-07-25T13:55:59.917+0000] {logging_mixin.py:188} INFO - [2025-07-25T13:55:59.917+0000] {dag.py:3823} INFO - Setting next_dagrun for pl001_ingest_crypto_postgres to None, run_after=None
[2025-07-25T13:55:59.989+0000] {processor.py:183} INFO - Processing /opt/airflow/dags/airflow_pipeline.py took 1.786 seconds
[2025-07-25T13:56:30.415+0000] {processor.py:161} INFO - Started process (PID=535) to work on /opt/airflow/dags/airflow_pipeline.py
[2025-07-25T13:56:30.418+0000] {processor.py:830} INFO - Processing file /opt/airflow/dags/airflow_pipeline.py for tasks to queue
[2025-07-25T13:56:30.422+0000] {logging_mixin.py:188} INFO - [2025-07-25T13:56:30.421+0000] {dagbag.py:538} INFO - Filling up the DagBag from /opt/airflow/dags/airflow_pipeline.py
[2025-07-25T13:56:30.471+0000] {processor.py:840} INFO - DAG(s) 'pl001_ingest_crypto_postgres' retrieved from /opt/airflow/dags/airflow_pipeline.py
[2025-07-25T13:56:30.531+0000] {logging_mixin.py:188} INFO - [2025-07-25T13:56:30.531+0000] {dag.py:3036} INFO - Sync 1 DAGs
[2025-07-25T13:56:30.550+0000] {logging_mixin.py:188} INFO - [2025-07-25T13:56:30.550+0000] {dag.py:3823} INFO - Setting next_dagrun for pl001_ingest_crypto_postgres to None, run_after=None
[2025-07-25T13:56:30.629+0000] {processor.py:183} INFO - Processing /opt/airflow/dags/airflow_pipeline.py took 0.229 seconds
[2025-07-25T13:57:01.062+0000] {processor.py:161} INFO - Started process (PID=540) to work on /opt/airflow/dags/airflow_pipeline.py
[2025-07-25T13:57:01.064+0000] {processor.py:830} INFO - Processing file /opt/airflow/dags/airflow_pipeline.py for tasks to queue
[2025-07-25T13:57:01.066+0000] {logging_mixin.py:188} INFO - [2025-07-25T13:57:01.065+0000] {dagbag.py:538} INFO - Filling up the DagBag from /opt/airflow/dags/airflow_pipeline.py
[2025-07-25T13:57:01.108+0000] {processor.py:840} INFO - DAG(s) 'pl001_ingest_crypto_postgres' retrieved from /opt/airflow/dags/airflow_pipeline.py
[2025-07-25T13:57:01.201+0000] {logging_mixin.py:188} INFO - [2025-07-25T13:57:01.200+0000] {dag.py:3036} INFO - Sync 1 DAGs
[2025-07-25T13:57:01.243+0000] {logging_mixin.py:188} INFO - [2025-07-25T13:57:01.242+0000] {dag.py:3823} INFO - Setting next_dagrun for pl001_ingest_crypto_postgres to None, run_after=None
[2025-07-25T13:57:01.306+0000] {processor.py:183} INFO - Processing /opt/airflow/dags/airflow_pipeline.py took 0.253 seconds
[2025-07-25T13:57:33.056+0000] {processor.py:161} INFO - Started process (PID=545) to work on /opt/airflow/dags/airflow_pipeline.py
[2025-07-25T13:57:33.078+0000] {processor.py:830} INFO - Processing file /opt/airflow/dags/airflow_pipeline.py for tasks to queue
[2025-07-25T13:57:33.093+0000] {logging_mixin.py:188} INFO - [2025-07-25T13:57:33.090+0000] {dagbag.py:538} INFO - Filling up the DagBag from /opt/airflow/dags/airflow_pipeline.py
[2025-07-25T13:57:33.402+0000] {processor.py:840} INFO - DAG(s) 'pl001_ingest_crypto_postgres' retrieved from /opt/airflow/dags/airflow_pipeline.py
[2025-07-25T13:57:34.046+0000] {logging_mixin.py:188} INFO - [2025-07-25T13:57:34.044+0000] {dag.py:3036} INFO - Sync 1 DAGs
[2025-07-25T13:57:34.359+0000] {logging_mixin.py:188} INFO - [2025-07-25T13:57:34.358+0000] {dag.py:3823} INFO - Setting next_dagrun for pl001_ingest_crypto_postgres to None, run_after=None
[2025-07-25T13:57:34.420+0000] {processor.py:183} INFO - Processing /opt/airflow/dags/airflow_pipeline.py took 1.448 seconds
[2025-07-25T13:58:05.220+0000] {processor.py:161} INFO - Started process (PID=550) to work on /opt/airflow/dags/airflow_pipeline.py
[2025-07-25T13:58:05.223+0000] {processor.py:830} INFO - Processing file /opt/airflow/dags/airflow_pipeline.py for tasks to queue
[2025-07-25T13:58:05.226+0000] {logging_mixin.py:188} INFO - [2025-07-25T13:58:05.225+0000] {dagbag.py:538} INFO - Filling up the DagBag from /opt/airflow/dags/airflow_pipeline.py
[2025-07-25T13:58:05.284+0000] {processor.py:840} INFO - DAG(s) 'pl001_ingest_crypto_postgres' retrieved from /opt/airflow/dags/airflow_pipeline.py
[2025-07-25T13:58:05.379+0000] {logging_mixin.py:188} INFO - [2025-07-25T13:58:05.378+0000] {dag.py:3036} INFO - Sync 1 DAGs
[2025-07-25T13:58:05.425+0000] {logging_mixin.py:188} INFO - [2025-07-25T13:58:05.425+0000] {dag.py:3823} INFO - Setting next_dagrun for pl001_ingest_crypto_postgres to None, run_after=None
[2025-07-25T13:58:05.564+0000] {processor.py:183} INFO - Processing /opt/airflow/dags/airflow_pipeline.py took 0.355 seconds
[2025-07-25T13:58:35.685+0000] {processor.py:161} INFO - Started process (PID=555) to work on /opt/airflow/dags/airflow_pipeline.py
[2025-07-25T13:58:35.687+0000] {processor.py:830} INFO - Processing file /opt/airflow/dags/airflow_pipeline.py for tasks to queue
[2025-07-25T13:58:35.689+0000] {logging_mixin.py:188} INFO - [2025-07-25T13:58:35.689+0000] {dagbag.py:538} INFO - Filling up the DagBag from /opt/airflow/dags/airflow_pipeline.py
[2025-07-25T13:58:35.721+0000] {processor.py:840} INFO - DAG(s) 'pl001_ingest_crypto_postgres' retrieved from /opt/airflow/dags/airflow_pipeline.py
[2025-07-25T13:58:35.780+0000] {logging_mixin.py:188} INFO - [2025-07-25T13:58:35.779+0000] {dag.py:3036} INFO - Sync 1 DAGs
[2025-07-25T13:58:35.796+0000] {logging_mixin.py:188} INFO - [2025-07-25T13:58:35.796+0000] {dag.py:3823} INFO - Setting next_dagrun for pl001_ingest_crypto_postgres to None, run_after=None
[2025-07-25T13:58:35.822+0000] {processor.py:183} INFO - Processing /opt/airflow/dags/airflow_pipeline.py took 0.142 seconds
[2025-07-25T13:59:06.836+0000] {processor.py:161} INFO - Started process (PID=560) to work on /opt/airflow/dags/airflow_pipeline.py
[2025-07-25T13:59:06.842+0000] {processor.py:830} INFO - Processing file /opt/airflow/dags/airflow_pipeline.py for tasks to queue
[2025-07-25T13:59:06.851+0000] {logging_mixin.py:188} INFO - [2025-07-25T13:59:06.848+0000] {dagbag.py:538} INFO - Filling up the DagBag from /opt/airflow/dags/airflow_pipeline.py
[2025-07-25T13:59:06.972+0000] {processor.py:840} INFO - DAG(s) 'pl001_ingest_crypto_postgres' retrieved from /opt/airflow/dags/airflow_pipeline.py
[2025-07-25T13:59:07.281+0000] {logging_mixin.py:188} INFO - [2025-07-25T13:59:07.280+0000] {dag.py:3036} INFO - Sync 1 DAGs
[2025-07-25T13:59:07.468+0000] {logging_mixin.py:188} INFO - [2025-07-25T13:59:07.466+0000] {dag.py:3823} INFO - Setting next_dagrun for pl001_ingest_crypto_postgres to None, run_after=None
[2025-07-25T13:59:07.618+0000] {processor.py:183} INFO - Processing /opt/airflow/dags/airflow_pipeline.py took 0.806 seconds
[2025-07-25T13:59:37.955+0000] {processor.py:161} INFO - Started process (PID=565) to work on /opt/airflow/dags/airflow_pipeline.py
[2025-07-25T13:59:37.957+0000] {processor.py:830} INFO - Processing file /opt/airflow/dags/airflow_pipeline.py for tasks to queue
[2025-07-25T13:59:37.959+0000] {logging_mixin.py:188} INFO - [2025-07-25T13:59:37.958+0000] {dagbag.py:538} INFO - Filling up the DagBag from /opt/airflow/dags/airflow_pipeline.py
[2025-07-25T13:59:37.982+0000] {processor.py:840} INFO - DAG(s) 'pl001_ingest_crypto_postgres' retrieved from /opt/airflow/dags/airflow_pipeline.py
[2025-07-25T13:59:38.032+0000] {logging_mixin.py:188} INFO - [2025-07-25T13:59:38.031+0000] {dag.py:3036} INFO - Sync 1 DAGs
[2025-07-25T13:59:38.059+0000] {logging_mixin.py:188} INFO - [2025-07-25T13:59:38.058+0000] {dag.py:3823} INFO - Setting next_dagrun for pl001_ingest_crypto_postgres to None, run_after=None
[2025-07-25T13:59:38.108+0000] {processor.py:183} INFO - Processing /opt/airflow/dags/airflow_pipeline.py took 0.158 seconds
[2025-07-25T14:00:08.690+0000] {processor.py:161} INFO - Started process (PID=570) to work on /opt/airflow/dags/airflow_pipeline.py
[2025-07-25T14:00:08.691+0000] {processor.py:830} INFO - Processing file /opt/airflow/dags/airflow_pipeline.py for tasks to queue
[2025-07-25T14:00:08.693+0000] {logging_mixin.py:188} INFO - [2025-07-25T14:00:08.692+0000] {dagbag.py:538} INFO - Filling up the DagBag from /opt/airflow/dags/airflow_pipeline.py
[2025-07-25T14:00:08.716+0000] {processor.py:840} INFO - DAG(s) 'pl001_ingest_crypto_postgres' retrieved from /opt/airflow/dags/airflow_pipeline.py
[2025-07-25T14:00:08.753+0000] {logging_mixin.py:188} INFO - [2025-07-25T14:00:08.752+0000] {dag.py:3036} INFO - Sync 1 DAGs
[2025-07-25T14:00:08.768+0000] {logging_mixin.py:188} INFO - [2025-07-25T14:00:08.767+0000] {dag.py:3823} INFO - Setting next_dagrun for pl001_ingest_crypto_postgres to None, run_after=None
[2025-07-25T14:00:08.793+0000] {processor.py:183} INFO - Processing /opt/airflow/dags/airflow_pipeline.py took 0.107 seconds
[2025-07-25T14:00:39.096+0000] {processor.py:161} INFO - Started process (PID=575) to work on /opt/airflow/dags/airflow_pipeline.py
[2025-07-25T14:00:39.099+0000] {processor.py:830} INFO - Processing file /opt/airflow/dags/airflow_pipeline.py for tasks to queue
[2025-07-25T14:00:39.101+0000] {logging_mixin.py:188} INFO - [2025-07-25T14:00:39.100+0000] {dagbag.py:538} INFO - Filling up the DagBag from /opt/airflow/dags/airflow_pipeline.py
[2025-07-25T14:00:39.135+0000] {processor.py:840} INFO - DAG(s) 'pl001_ingest_crypto_postgres' retrieved from /opt/airflow/dags/airflow_pipeline.py
[2025-07-25T14:00:39.175+0000] {logging_mixin.py:188} INFO - [2025-07-25T14:00:39.175+0000] {dag.py:3036} INFO - Sync 1 DAGs
[2025-07-25T14:00:39.191+0000] {logging_mixin.py:188} INFO - [2025-07-25T14:00:39.191+0000] {dag.py:3823} INFO - Setting next_dagrun for pl001_ingest_crypto_postgres to None, run_after=None
[2025-07-25T14:00:39.218+0000] {processor.py:183} INFO - Processing /opt/airflow/dags/airflow_pipeline.py took 0.130 seconds
[2025-07-25T14:01:09.561+0000] {processor.py:161} INFO - Started process (PID=580) to work on /opt/airflow/dags/airflow_pipeline.py
[2025-07-25T14:01:09.563+0000] {processor.py:830} INFO - Processing file /opt/airflow/dags/airflow_pipeline.py for tasks to queue
[2025-07-25T14:01:09.566+0000] {logging_mixin.py:188} INFO - [2025-07-25T14:01:09.565+0000] {dagbag.py:538} INFO - Filling up the DagBag from /opt/airflow/dags/airflow_pipeline.py
[2025-07-25T14:01:09.612+0000] {processor.py:840} INFO - DAG(s) 'pl001_ingest_crypto_postgres' retrieved from /opt/airflow/dags/airflow_pipeline.py
[2025-07-25T14:01:09.662+0000] {logging_mixin.py:188} INFO - [2025-07-25T14:01:09.661+0000] {dag.py:3036} INFO - Sync 1 DAGs
[2025-07-25T14:01:09.681+0000] {logging_mixin.py:188} INFO - [2025-07-25T14:01:09.681+0000] {dag.py:3823} INFO - Setting next_dagrun for pl001_ingest_crypto_postgres to None, run_after=None
[2025-07-25T14:01:09.714+0000] {processor.py:183} INFO - Processing /opt/airflow/dags/airflow_pipeline.py took 0.160 seconds
[2025-07-25T14:01:40.119+0000] {processor.py:161} INFO - Started process (PID=585) to work on /opt/airflow/dags/airflow_pipeline.py
[2025-07-25T14:01:40.121+0000] {processor.py:830} INFO - Processing file /opt/airflow/dags/airflow_pipeline.py for tasks to queue
[2025-07-25T14:01:40.123+0000] {logging_mixin.py:188} INFO - [2025-07-25T14:01:40.123+0000] {dagbag.py:538} INFO - Filling up the DagBag from /opt/airflow/dags/airflow_pipeline.py
[2025-07-25T14:01:40.156+0000] {processor.py:840} INFO - DAG(s) 'pl001_ingest_crypto_postgres' retrieved from /opt/airflow/dags/airflow_pipeline.py
[2025-07-25T14:01:40.243+0000] {logging_mixin.py:188} INFO - [2025-07-25T14:01:40.242+0000] {dag.py:3036} INFO - Sync 1 DAGs
[2025-07-25T14:01:40.270+0000] {logging_mixin.py:188} INFO - [2025-07-25T14:01:40.270+0000] {dag.py:3823} INFO - Setting next_dagrun for pl001_ingest_crypto_postgres to None, run_after=None
[2025-07-25T14:01:40.395+0000] {processor.py:183} INFO - Processing /opt/airflow/dags/airflow_pipeline.py took 0.282 seconds
[2025-07-25T14:02:13.694+0000] {processor.py:161} INFO - Started process (PID=590) to work on /opt/airflow/dags/airflow_pipeline.py
[2025-07-25T14:02:13.755+0000] {processor.py:830} INFO - Processing file /opt/airflow/dags/airflow_pipeline.py for tasks to queue
[2025-07-25T14:02:13.777+0000] {logging_mixin.py:188} INFO - [2025-07-25T14:02:13.774+0000] {dagbag.py:538} INFO - Filling up the DagBag from /opt/airflow/dags/airflow_pipeline.py
[2025-07-25T14:02:15.792+0000] {processor.py:840} INFO - DAG(s) 'pl001_ingest_crypto_postgres' retrieved from /opt/airflow/dags/airflow_pipeline.py
[2025-07-25T14:02:15.992+0000] {logging_mixin.py:188} INFO - [2025-07-25T14:02:15.992+0000] {dag.py:3036} INFO - Sync 1 DAGs
[2025-07-25T14:02:16.122+0000] {logging_mixin.py:188} INFO - [2025-07-25T14:02:16.121+0000] {dag.py:3823} INFO - Setting next_dagrun for pl001_ingest_crypto_postgres to None, run_after=None
[2025-07-25T14:02:16.430+0000] {processor.py:183} INFO - Processing /opt/airflow/dags/airflow_pipeline.py took 2.790 seconds
[2025-07-25T14:02:47.185+0000] {processor.py:161} INFO - Started process (PID=595) to work on /opt/airflow/dags/airflow_pipeline.py
[2025-07-25T14:02:47.190+0000] {processor.py:830} INFO - Processing file /opt/airflow/dags/airflow_pipeline.py for tasks to queue
[2025-07-25T14:02:47.196+0000] {logging_mixin.py:188} INFO - [2025-07-25T14:02:47.192+0000] {dagbag.py:538} INFO - Filling up the DagBag from /opt/airflow/dags/airflow_pipeline.py
[2025-07-25T14:02:47.243+0000] {processor.py:840} INFO - DAG(s) 'pl001_ingest_crypto_postgres' retrieved from /opt/airflow/dags/airflow_pipeline.py
[2025-07-25T14:02:47.381+0000] {logging_mixin.py:188} INFO - [2025-07-25T14:02:47.381+0000] {dag.py:3036} INFO - Sync 1 DAGs
[2025-07-25T14:02:47.433+0000] {logging_mixin.py:188} INFO - [2025-07-25T14:02:47.433+0000] {dag.py:3823} INFO - Setting next_dagrun for pl001_ingest_crypto_postgres to None, run_after=None
[2025-07-25T14:02:47.502+0000] {processor.py:183} INFO - Processing /opt/airflow/dags/airflow_pipeline.py took 0.324 seconds
[2025-07-25T14:03:17.843+0000] {processor.py:161} INFO - Started process (PID=600) to work on /opt/airflow/dags/airflow_pipeline.py
[2025-07-25T14:03:17.846+0000] {processor.py:830} INFO - Processing file /opt/airflow/dags/airflow_pipeline.py for tasks to queue
[2025-07-25T14:03:17.848+0000] {logging_mixin.py:188} INFO - [2025-07-25T14:03:17.848+0000] {dagbag.py:538} INFO - Filling up the DagBag from /opt/airflow/dags/airflow_pipeline.py
[2025-07-25T14:03:17.956+0000] {processor.py:840} INFO - DAG(s) 'pl001_ingest_crypto_postgres' retrieved from /opt/airflow/dags/airflow_pipeline.py
[2025-07-25T14:03:18.004+0000] {logging_mixin.py:188} INFO - [2025-07-25T14:03:18.004+0000] {dag.py:3036} INFO - Sync 1 DAGs
[2025-07-25T14:03:18.023+0000] {logging_mixin.py:188} INFO - [2025-07-25T14:03:18.023+0000] {dag.py:3823} INFO - Setting next_dagrun for pl001_ingest_crypto_postgres to None, run_after=None
[2025-07-25T14:03:18.052+0000] {processor.py:183} INFO - Processing /opt/airflow/dags/airflow_pipeline.py took 0.219 seconds
[2025-07-25T14:03:48.962+0000] {processor.py:161} INFO - Started process (PID=605) to work on /opt/airflow/dags/airflow_pipeline.py
[2025-07-25T14:03:48.984+0000] {processor.py:830} INFO - Processing file /opt/airflow/dags/airflow_pipeline.py for tasks to queue
[2025-07-25T14:03:49.007+0000] {logging_mixin.py:188} INFO - [2025-07-25T14:03:49.004+0000] {dagbag.py:538} INFO - Filling up the DagBag from /opt/airflow/dags/airflow_pipeline.py
[2025-07-25T14:03:50.008+0000] {processor.py:840} INFO - DAG(s) 'pl001_ingest_crypto_postgres' retrieved from /opt/airflow/dags/airflow_pipeline.py
[2025-07-25T14:03:50.159+0000] {logging_mixin.py:188} INFO - [2025-07-25T14:03:50.159+0000] {dag.py:3036} INFO - Sync 1 DAGs
[2025-07-25T14:03:50.199+0000] {logging_mixin.py:188} INFO - [2025-07-25T14:03:50.199+0000] {dag.py:3823} INFO - Setting next_dagrun for pl001_ingest_crypto_postgres to None, run_after=None
[2025-07-25T14:03:50.340+0000] {processor.py:183} INFO - Processing /opt/airflow/dags/airflow_pipeline.py took 1.428 seconds
[2025-07-25T14:04:20.620+0000] {processor.py:161} INFO - Started process (PID=610) to work on /opt/airflow/dags/airflow_pipeline.py
[2025-07-25T14:04:20.622+0000] {processor.py:830} INFO - Processing file /opt/airflow/dags/airflow_pipeline.py for tasks to queue
[2025-07-25T14:04:20.624+0000] {logging_mixin.py:188} INFO - [2025-07-25T14:04:20.623+0000] {dagbag.py:538} INFO - Filling up the DagBag from /opt/airflow/dags/airflow_pipeline.py
[2025-07-25T14:04:20.657+0000] {processor.py:840} INFO - DAG(s) 'pl001_ingest_crypto_postgres' retrieved from /opt/airflow/dags/airflow_pipeline.py
[2025-07-25T14:04:20.697+0000] {logging_mixin.py:188} INFO - [2025-07-25T14:04:20.697+0000] {dag.py:3036} INFO - Sync 1 DAGs
[2025-07-25T14:04:20.714+0000] {logging_mixin.py:188} INFO - [2025-07-25T14:04:20.714+0000] {dag.py:3823} INFO - Setting next_dagrun for pl001_ingest_crypto_postgres to None, run_after=None
[2025-07-25T14:04:20.742+0000] {processor.py:183} INFO - Processing /opt/airflow/dags/airflow_pipeline.py took 0.129 seconds
[2025-07-25T14:04:51.023+0000] {processor.py:161} INFO - Started process (PID=615) to work on /opt/airflow/dags/airflow_pipeline.py
[2025-07-25T14:04:51.025+0000] {processor.py:830} INFO - Processing file /opt/airflow/dags/airflow_pipeline.py for tasks to queue
[2025-07-25T14:04:51.028+0000] {logging_mixin.py:188} INFO - [2025-07-25T14:04:51.027+0000] {dagbag.py:538} INFO - Filling up the DagBag from /opt/airflow/dags/airflow_pipeline.py
[2025-07-25T14:04:51.060+0000] {processor.py:840} INFO - DAG(s) 'pl001_ingest_crypto_postgres' retrieved from /opt/airflow/dags/airflow_pipeline.py
[2025-07-25T14:04:51.100+0000] {logging_mixin.py:188} INFO - [2025-07-25T14:04:51.100+0000] {dag.py:3036} INFO - Sync 1 DAGs
[2025-07-25T14:04:51.116+0000] {logging_mixin.py:188} INFO - [2025-07-25T14:04:51.115+0000] {dag.py:3823} INFO - Setting next_dagrun for pl001_ingest_crypto_postgres to None, run_after=None
[2025-07-25T14:04:51.142+0000] {processor.py:183} INFO - Processing /opt/airflow/dags/airflow_pipeline.py took 0.127 seconds
[2025-07-25T14:05:21.626+0000] {processor.py:161} INFO - Started process (PID=620) to work on /opt/airflow/dags/airflow_pipeline.py
[2025-07-25T14:05:21.630+0000] {processor.py:830} INFO - Processing file /opt/airflow/dags/airflow_pipeline.py for tasks to queue
[2025-07-25T14:05:21.643+0000] {logging_mixin.py:188} INFO - [2025-07-25T14:05:21.632+0000] {dagbag.py:538} INFO - Filling up the DagBag from /opt/airflow/dags/airflow_pipeline.py
[2025-07-25T14:05:21.751+0000] {processor.py:840} INFO - DAG(s) 'pl001_ingest_crypto_postgres' retrieved from /opt/airflow/dags/airflow_pipeline.py
[2025-07-25T14:05:21.952+0000] {logging_mixin.py:188} INFO - [2025-07-25T14:05:21.951+0000] {dag.py:3036} INFO - Sync 1 DAGs
[2025-07-25T14:05:22.052+0000] {logging_mixin.py:188} INFO - [2025-07-25T14:05:22.051+0000] {dag.py:3823} INFO - Setting next_dagrun for pl001_ingest_crypto_postgres to None, run_after=None
[2025-07-25T14:05:23.208+0000] {processor.py:183} INFO - Processing /opt/airflow/dags/airflow_pipeline.py took 1.612 seconds
[2025-07-25T14:05:54.501+0000] {processor.py:161} INFO - Started process (PID=625) to work on /opt/airflow/dags/airflow_pipeline.py
[2025-07-25T14:05:54.520+0000] {processor.py:830} INFO - Processing file /opt/airflow/dags/airflow_pipeline.py for tasks to queue
[2025-07-25T14:05:54.548+0000] {logging_mixin.py:188} INFO - [2025-07-25T14:05:54.539+0000] {dagbag.py:538} INFO - Filling up the DagBag from /opt/airflow/dags/airflow_pipeline.py
[2025-07-25T14:05:54.655+0000] {processor.py:840} INFO - DAG(s) 'pl001_ingest_crypto_postgres' retrieved from /opt/airflow/dags/airflow_pipeline.py
[2025-07-25T14:05:55.025+0000] {logging_mixin.py:188} INFO - [2025-07-25T14:05:55.023+0000] {dag.py:3036} INFO - Sync 1 DAGs
[2025-07-25T14:05:55.231+0000] {logging_mixin.py:188} INFO - [2025-07-25T14:05:55.230+0000] {dag.py:3823} INFO - Setting next_dagrun for pl001_ingest_crypto_postgres to None, run_after=None
[2025-07-25T14:05:55.590+0000] {processor.py:183} INFO - Processing /opt/airflow/dags/airflow_pipeline.py took 1.174 seconds
[2025-07-25T14:06:25.872+0000] {processor.py:161} INFO - Started process (PID=630) to work on /opt/airflow/dags/airflow_pipeline.py
[2025-07-25T14:06:25.875+0000] {processor.py:830} INFO - Processing file /opt/airflow/dags/airflow_pipeline.py for tasks to queue
[2025-07-25T14:06:25.887+0000] {logging_mixin.py:188} INFO - [2025-07-25T14:06:25.886+0000] {dagbag.py:538} INFO - Filling up the DagBag from /opt/airflow/dags/airflow_pipeline.py
[2025-07-25T14:06:25.967+0000] {processor.py:840} INFO - DAG(s) 'pl001_ingest_crypto_postgres' retrieved from /opt/airflow/dags/airflow_pipeline.py
[2025-07-25T14:06:26.135+0000] {logging_mixin.py:188} INFO - [2025-07-25T14:06:26.135+0000] {dag.py:3036} INFO - Sync 1 DAGs
[2025-07-25T14:06:26.205+0000] {logging_mixin.py:188} INFO - [2025-07-25T14:06:26.204+0000] {dag.py:3823} INFO - Setting next_dagrun for pl001_ingest_crypto_postgres to None, run_after=None
[2025-07-25T14:06:26.304+0000] {processor.py:183} INFO - Processing /opt/airflow/dags/airflow_pipeline.py took 0.449 seconds
[2025-07-25T14:06:57.071+0000] {processor.py:161} INFO - Started process (PID=635) to work on /opt/airflow/dags/airflow_pipeline.py
[2025-07-25T14:06:57.074+0000] {processor.py:830} INFO - Processing file /opt/airflow/dags/airflow_pipeline.py for tasks to queue
[2025-07-25T14:06:57.077+0000] {logging_mixin.py:188} INFO - [2025-07-25T14:06:57.076+0000] {dagbag.py:538} INFO - Filling up the DagBag from /opt/airflow/dags/airflow_pipeline.py
[2025-07-25T14:06:57.125+0000] {processor.py:840} INFO - DAG(s) 'pl001_ingest_crypto_postgres' retrieved from /opt/airflow/dags/airflow_pipeline.py
[2025-07-25T14:06:57.186+0000] {logging_mixin.py:188} INFO - [2025-07-25T14:06:57.185+0000] {dag.py:3036} INFO - Sync 1 DAGs
[2025-07-25T14:06:57.220+0000] {logging_mixin.py:188} INFO - [2025-07-25T14:06:57.218+0000] {dag.py:3823} INFO - Setting next_dagrun for pl001_ingest_crypto_postgres to None, run_after=None
[2025-07-25T14:06:57.274+0000] {processor.py:183} INFO - Processing /opt/airflow/dags/airflow_pipeline.py took 0.212 seconds
[2025-07-25T14:07:27.440+0000] {processor.py:161} INFO - Started process (PID=640) to work on /opt/airflow/dags/airflow_pipeline.py
[2025-07-25T14:07:27.441+0000] {processor.py:830} INFO - Processing file /opt/airflow/dags/airflow_pipeline.py for tasks to queue
[2025-07-25T14:07:27.443+0000] {logging_mixin.py:188} INFO - [2025-07-25T14:07:27.442+0000] {dagbag.py:538} INFO - Filling up the DagBag from /opt/airflow/dags/airflow_pipeline.py
[2025-07-25T14:07:27.467+0000] {processor.py:840} INFO - DAG(s) 'pl001_ingest_crypto_postgres' retrieved from /opt/airflow/dags/airflow_pipeline.py
[2025-07-25T14:07:27.507+0000] {logging_mixin.py:188} INFO - [2025-07-25T14:07:27.506+0000] {dag.py:3036} INFO - Sync 1 DAGs
[2025-07-25T14:07:27.523+0000] {logging_mixin.py:188} INFO - [2025-07-25T14:07:27.522+0000] {dag.py:3823} INFO - Setting next_dagrun for pl001_ingest_crypto_postgres to None, run_after=None
[2025-07-25T14:07:27.553+0000] {processor.py:183} INFO - Processing /opt/airflow/dags/airflow_pipeline.py took 0.118 seconds
[2025-07-25T14:07:58.934+0000] {processor.py:161} INFO - Started process (PID=645) to work on /opt/airflow/dags/airflow_pipeline.py
[2025-07-25T14:07:58.958+0000] {processor.py:830} INFO - Processing file /opt/airflow/dags/airflow_pipeline.py for tasks to queue
[2025-07-25T14:07:58.962+0000] {logging_mixin.py:188} INFO - [2025-07-25T14:07:58.961+0000] {dagbag.py:538} INFO - Filling up the DagBag from /opt/airflow/dags/airflow_pipeline.py
[2025-07-25T14:07:59.331+0000] {processor.py:840} INFO - DAG(s) 'pl001_ingest_crypto_postgres' retrieved from /opt/airflow/dags/airflow_pipeline.py
[2025-07-25T14:07:59.571+0000] {logging_mixin.py:188} INFO - [2025-07-25T14:07:59.570+0000] {dag.py:3036} INFO - Sync 1 DAGs
[2025-07-25T14:07:59.671+0000] {logging_mixin.py:188} INFO - [2025-07-25T14:07:59.670+0000] {dag.py:3823} INFO - Setting next_dagrun for pl001_ingest_crypto_postgres to None, run_after=None
[2025-07-25T14:07:59.748+0000] {processor.py:183} INFO - Processing /opt/airflow/dags/airflow_pipeline.py took 0.825 seconds
[2025-07-25T14:08:30.392+0000] {processor.py:161} INFO - Started process (PID=650) to work on /opt/airflow/dags/airflow_pipeline.py
[2025-07-25T14:08:30.394+0000] {processor.py:830} INFO - Processing file /opt/airflow/dags/airflow_pipeline.py for tasks to queue
[2025-07-25T14:08:30.396+0000] {logging_mixin.py:188} INFO - [2025-07-25T14:08:30.395+0000] {dagbag.py:538} INFO - Filling up the DagBag from /opt/airflow/dags/airflow_pipeline.py
[2025-07-25T14:08:30.426+0000] {processor.py:840} INFO - DAG(s) 'pl001_ingest_crypto_postgres' retrieved from /opt/airflow/dags/airflow_pipeline.py
[2025-07-25T14:08:30.473+0000] {logging_mixin.py:188} INFO - [2025-07-25T14:08:30.473+0000] {dag.py:3036} INFO - Sync 1 DAGs
[2025-07-25T14:08:30.491+0000] {logging_mixin.py:188} INFO - [2025-07-25T14:08:30.491+0000] {dag.py:3823} INFO - Setting next_dagrun for pl001_ingest_crypto_postgres to None, run_after=None
[2025-07-25T14:08:30.520+0000] {processor.py:183} INFO - Processing /opt/airflow/dags/airflow_pipeline.py took 0.136 seconds
[2025-07-25T14:09:01.111+0000] {processor.py:161} INFO - Started process (PID=655) to work on /opt/airflow/dags/airflow_pipeline.py
[2025-07-25T14:09:01.113+0000] {processor.py:830} INFO - Processing file /opt/airflow/dags/airflow_pipeline.py for tasks to queue
[2025-07-25T14:09:01.115+0000] {logging_mixin.py:188} INFO - [2025-07-25T14:09:01.114+0000] {dagbag.py:538} INFO - Filling up the DagBag from /opt/airflow/dags/airflow_pipeline.py
[2025-07-25T14:09:01.153+0000] {processor.py:840} INFO - DAG(s) 'pl001_ingest_crypto_postgres' retrieved from /opt/airflow/dags/airflow_pipeline.py
[2025-07-25T14:09:01.222+0000] {logging_mixin.py:188} INFO - [2025-07-25T14:09:01.221+0000] {dag.py:3036} INFO - Sync 1 DAGs
[2025-07-25T14:09:01.246+0000] {logging_mixin.py:188} INFO - [2025-07-25T14:09:01.246+0000] {dag.py:3823} INFO - Setting next_dagrun for pl001_ingest_crypto_postgres to None, run_after=None
[2025-07-25T14:09:01.285+0000] {processor.py:183} INFO - Processing /opt/airflow/dags/airflow_pipeline.py took 0.179 seconds
[2025-07-25T14:09:31.730+0000] {processor.py:161} INFO - Started process (PID=660) to work on /opt/airflow/dags/airflow_pipeline.py
[2025-07-25T14:09:31.733+0000] {processor.py:830} INFO - Processing file /opt/airflow/dags/airflow_pipeline.py for tasks to queue
[2025-07-25T14:09:31.736+0000] {logging_mixin.py:188} INFO - [2025-07-25T14:09:31.736+0000] {dagbag.py:538} INFO - Filling up the DagBag from /opt/airflow/dags/airflow_pipeline.py
[2025-07-25T14:09:31.776+0000] {processor.py:840} INFO - DAG(s) 'pl001_ingest_crypto_postgres' retrieved from /opt/airflow/dags/airflow_pipeline.py
[2025-07-25T14:09:31.830+0000] {logging_mixin.py:188} INFO - [2025-07-25T14:09:31.829+0000] {dag.py:3036} INFO - Sync 1 DAGs
[2025-07-25T14:09:31.864+0000] {logging_mixin.py:188} INFO - [2025-07-25T14:09:31.864+0000] {dag.py:3823} INFO - Setting next_dagrun for pl001_ingest_crypto_postgres to None, run_after=None
[2025-07-25T14:09:31.925+0000] {processor.py:183} INFO - Processing /opt/airflow/dags/airflow_pipeline.py took 0.203 seconds
[2025-07-25T14:10:03.011+0000] {processor.py:161} INFO - Started process (PID=665) to work on /opt/airflow/dags/airflow_pipeline.py
[2025-07-25T14:10:03.041+0000] {processor.py:830} INFO - Processing file /opt/airflow/dags/airflow_pipeline.py for tasks to queue
[2025-07-25T14:10:03.107+0000] {logging_mixin.py:188} INFO - [2025-07-25T14:10:03.107+0000] {dagbag.py:538} INFO - Filling up the DagBag from /opt/airflow/dags/airflow_pipeline.py
[2025-07-25T14:10:03.330+0000] {processor.py:840} INFO - DAG(s) 'pl001_ingest_crypto_postgres' retrieved from /opt/airflow/dags/airflow_pipeline.py
[2025-07-25T14:10:03.540+0000] {logging_mixin.py:188} INFO - [2025-07-25T14:10:03.539+0000] {dag.py:3036} INFO - Sync 1 DAGs
[2025-07-25T14:10:03.634+0000] {logging_mixin.py:188} INFO - [2025-07-25T14:10:03.634+0000] {dag.py:3823} INFO - Setting next_dagrun for pl001_ingest_crypto_postgres to None, run_after=None
[2025-07-25T14:10:03.797+0000] {processor.py:183} INFO - Processing /opt/airflow/dags/airflow_pipeline.py took 0.814 seconds
[2025-07-25T14:10:34.643+0000] {processor.py:161} INFO - Started process (PID=670) to work on /opt/airflow/dags/airflow_pipeline.py
[2025-07-25T14:10:34.650+0000] {processor.py:830} INFO - Processing file /opt/airflow/dags/airflow_pipeline.py for tasks to queue
[2025-07-25T14:10:34.654+0000] {logging_mixin.py:188} INFO - [2025-07-25T14:10:34.653+0000] {dagbag.py:538} INFO - Filling up the DagBag from /opt/airflow/dags/airflow_pipeline.py
[2025-07-25T14:10:34.690+0000] {processor.py:840} INFO - DAG(s) 'pl001_ingest_crypto_postgres' retrieved from /opt/airflow/dags/airflow_pipeline.py
[2025-07-25T14:10:34.740+0000] {logging_mixin.py:188} INFO - [2025-07-25T14:10:34.740+0000] {dag.py:3036} INFO - Sync 1 DAGs
[2025-07-25T14:10:34.758+0000] {logging_mixin.py:188} INFO - [2025-07-25T14:10:34.757+0000] {dag.py:3823} INFO - Setting next_dagrun for pl001_ingest_crypto_postgres to None, run_after=None
[2025-07-25T14:10:34.784+0000] {processor.py:183} INFO - Processing /opt/airflow/dags/airflow_pipeline.py took 0.151 seconds
[2025-07-25T14:10:36.877+0000] {processor.py:161} INFO - Started process (PID=675) to work on /opt/airflow/dags/airflow_pipeline.py
[2025-07-25T14:10:36.879+0000] {processor.py:830} INFO - Processing file /opt/airflow/dags/airflow_pipeline.py for tasks to queue
[2025-07-25T14:10:36.880+0000] {logging_mixin.py:188} INFO - [2025-07-25T14:10:36.880+0000] {dagbag.py:538} INFO - Filling up the DagBag from /opt/airflow/dags/airflow_pipeline.py
[2025-07-25T14:10:36.926+0000] {processor.py:840} INFO - DAG(s) 'pl001_ingest_crypto_postgres' retrieved from /opt/airflow/dags/airflow_pipeline.py
[2025-07-25T14:10:37.283+0000] {logging_mixin.py:188} INFO - [2025-07-25T14:10:37.282+0000] {dag.py:3036} INFO - Sync 1 DAGs
[2025-07-25T14:10:37.311+0000] {logging_mixin.py:188} INFO - [2025-07-25T14:10:37.310+0000] {dag.py:3823} INFO - Setting next_dagrun for pl001_ingest_crypto_postgres to None, run_after=None
[2025-07-25T14:10:37.352+0000] {processor.py:183} INFO - Processing /opt/airflow/dags/airflow_pipeline.py took 0.483 seconds
[2025-07-25T14:10:37.963+0000] {processor.py:161} INFO - Started process (PID=680) to work on /opt/airflow/dags/airflow_pipeline.py
[2025-07-25T14:10:37.965+0000] {processor.py:830} INFO - Processing file /opt/airflow/dags/airflow_pipeline.py for tasks to queue
[2025-07-25T14:10:37.970+0000] {logging_mixin.py:188} INFO - [2025-07-25T14:10:37.967+0000] {dagbag.py:538} INFO - Filling up the DagBag from /opt/airflow/dags/airflow_pipeline.py
[2025-07-25T14:10:38.038+0000] {processor.py:840} INFO - DAG(s) 'pl001_ingest_crypto_postgres' retrieved from /opt/airflow/dags/airflow_pipeline.py
[2025-07-25T14:10:38.074+0000] {logging_mixin.py:188} INFO - [2025-07-25T14:10:38.073+0000] {dag.py:3036} INFO - Sync 1 DAGs
[2025-07-25T14:10:38.097+0000] {logging_mixin.py:188} INFO - [2025-07-25T14:10:38.096+0000] {dag.py:3823} INFO - Setting next_dagrun for pl001_ingest_crypto_postgres to None, run_after=None
[2025-07-25T14:10:38.138+0000] {processor.py:183} INFO - Processing /opt/airflow/dags/airflow_pipeline.py took 0.185 seconds
[2025-07-25T14:11:08.837+0000] {processor.py:161} INFO - Started process (PID=685) to work on /opt/airflow/dags/airflow_pipeline.py
[2025-07-25T14:11:08.838+0000] {processor.py:830} INFO - Processing file /opt/airflow/dags/airflow_pipeline.py for tasks to queue
[2025-07-25T14:11:08.840+0000] {logging_mixin.py:188} INFO - [2025-07-25T14:11:08.840+0000] {dagbag.py:538} INFO - Filling up the DagBag from /opt/airflow/dags/airflow_pipeline.py
[2025-07-25T14:11:08.867+0000] {processor.py:840} INFO - DAG(s) 'pl001_ingest_crypto_postgres' retrieved from /opt/airflow/dags/airflow_pipeline.py
[2025-07-25T14:11:08.906+0000] {logging_mixin.py:188} INFO - [2025-07-25T14:11:08.906+0000] {dag.py:3036} INFO - Sync 1 DAGs
[2025-07-25T14:11:08.922+0000] {logging_mixin.py:188} INFO - [2025-07-25T14:11:08.922+0000] {dag.py:3823} INFO - Setting next_dagrun for pl001_ingest_crypto_postgres to None, run_after=None
[2025-07-25T14:11:08.950+0000] {processor.py:183} INFO - Processing /opt/airflow/dags/airflow_pipeline.py took 0.117 seconds
[2025-07-25T14:11:39.620+0000] {processor.py:161} INFO - Started process (PID=690) to work on /opt/airflow/dags/airflow_pipeline.py
[2025-07-25T14:11:39.625+0000] {processor.py:830} INFO - Processing file /opt/airflow/dags/airflow_pipeline.py for tasks to queue
[2025-07-25T14:11:39.629+0000] {logging_mixin.py:188} INFO - [2025-07-25T14:11:39.627+0000] {dagbag.py:538} INFO - Filling up the DagBag from /opt/airflow/dags/airflow_pipeline.py
[2025-07-25T14:11:39.686+0000] {processor.py:840} INFO - DAG(s) 'pl001_ingest_crypto_postgres' retrieved from /opt/airflow/dags/airflow_pipeline.py
[2025-07-25T14:11:39.760+0000] {logging_mixin.py:188} INFO - [2025-07-25T14:11:39.760+0000] {dag.py:3036} INFO - Sync 1 DAGs
[2025-07-25T14:11:39.786+0000] {logging_mixin.py:188} INFO - [2025-07-25T14:11:39.785+0000] {dag.py:3823} INFO - Setting next_dagrun for pl001_ingest_crypto_postgres to None, run_after=None
[2025-07-25T14:11:39.833+0000] {processor.py:183} INFO - Processing /opt/airflow/dags/airflow_pipeline.py took 0.223 seconds
[2025-07-25T14:11:49.253+0000] {processor.py:161} INFO - Started process (PID=695) to work on /opt/airflow/dags/airflow_pipeline.py
[2025-07-25T14:11:49.259+0000] {processor.py:830} INFO - Processing file /opt/airflow/dags/airflow_pipeline.py for tasks to queue
[2025-07-25T14:11:49.271+0000] {logging_mixin.py:188} INFO - [2025-07-25T14:11:49.268+0000] {dagbag.py:538} INFO - Filling up the DagBag from /opt/airflow/dags/airflow_pipeline.py
[2025-07-25T14:11:49.623+0000] {processor.py:840} INFO - DAG(s) 'pl001_ingest_crypto_postgres' retrieved from /opt/airflow/dags/airflow_pipeline.py
[2025-07-25T14:11:51.652+0000] {logging_mixin.py:188} INFO - [2025-07-25T14:11:51.652+0000] {dag.py:3036} INFO - Sync 1 DAGs
[2025-07-25T14:11:51.734+0000] {logging_mixin.py:188} INFO - [2025-07-25T14:11:51.734+0000] {dag.py:3823} INFO - Setting next_dagrun for pl001_ingest_crypto_postgres to None, run_after=None
[2025-07-25T14:11:51.875+0000] {processor.py:183} INFO - Processing /opt/airflow/dags/airflow_pipeline.py took 2.641 seconds
[2025-07-25T14:12:22.470+0000] {processor.py:161} INFO - Started process (PID=700) to work on /opt/airflow/dags/airflow_pipeline.py
[2025-07-25T14:12:22.473+0000] {processor.py:830} INFO - Processing file /opt/airflow/dags/airflow_pipeline.py for tasks to queue
[2025-07-25T14:12:22.475+0000] {logging_mixin.py:188} INFO - [2025-07-25T14:12:22.474+0000] {dagbag.py:538} INFO - Filling up the DagBag from /opt/airflow/dags/airflow_pipeline.py
[2025-07-25T14:12:22.506+0000] {processor.py:840} INFO - DAG(s) 'pl001_ingest_crypto_postgres' retrieved from /opt/airflow/dags/airflow_pipeline.py
[2025-07-25T14:12:22.544+0000] {logging_mixin.py:188} INFO - [2025-07-25T14:12:22.544+0000] {dag.py:3036} INFO - Sync 1 DAGs
[2025-07-25T14:12:22.560+0000] {logging_mixin.py:188} INFO - [2025-07-25T14:12:22.559+0000] {dag.py:3823} INFO - Setting next_dagrun for pl001_ingest_crypto_postgres to None, run_after=None
[2025-07-25T14:12:22.585+0000] {processor.py:183} INFO - Processing /opt/airflow/dags/airflow_pipeline.py took 0.124 seconds
[2025-07-25T14:12:53.433+0000] {processor.py:161} INFO - Started process (PID=712) to work on /opt/airflow/dags/airflow_pipeline.py
[2025-07-25T14:12:53.438+0000] {processor.py:830} INFO - Processing file /opt/airflow/dags/airflow_pipeline.py for tasks to queue
[2025-07-25T14:12:53.441+0000] {logging_mixin.py:188} INFO - [2025-07-25T14:12:53.440+0000] {dagbag.py:538} INFO - Filling up the DagBag from /opt/airflow/dags/airflow_pipeline.py
[2025-07-25T14:12:53.495+0000] {processor.py:840} INFO - DAG(s) 'pl001_ingest_crypto_postgres' retrieved from /opt/airflow/dags/airflow_pipeline.py
[2025-07-25T14:12:53.566+0000] {logging_mixin.py:188} INFO - [2025-07-25T14:12:53.566+0000] {dag.py:3036} INFO - Sync 1 DAGs
[2025-07-25T14:12:53.592+0000] {logging_mixin.py:188} INFO - [2025-07-25T14:12:53.592+0000] {dag.py:3823} INFO - Setting next_dagrun for pl001_ingest_crypto_postgres to None, run_after=None
[2025-07-25T14:12:53.624+0000] {processor.py:183} INFO - Processing /opt/airflow/dags/airflow_pipeline.py took 0.200 seconds
[2025-07-25T14:13:24.017+0000] {processor.py:161} INFO - Started process (PID=717) to work on /opt/airflow/dags/airflow_pipeline.py
[2025-07-25T14:13:24.019+0000] {processor.py:830} INFO - Processing file /opt/airflow/dags/airflow_pipeline.py for tasks to queue
[2025-07-25T14:13:24.020+0000] {logging_mixin.py:188} INFO - [2025-07-25T14:13:24.020+0000] {dagbag.py:538} INFO - Filling up the DagBag from /opt/airflow/dags/airflow_pipeline.py
[2025-07-25T14:13:24.053+0000] {processor.py:840} INFO - DAG(s) 'pl001_ingest_crypto_postgres' retrieved from /opt/airflow/dags/airflow_pipeline.py
[2025-07-25T14:13:24.107+0000] {logging_mixin.py:188} INFO - [2025-07-25T14:13:24.107+0000] {dag.py:3036} INFO - Sync 1 DAGs
[2025-07-25T14:13:24.133+0000] {logging_mixin.py:188} INFO - [2025-07-25T14:13:24.132+0000] {dag.py:3823} INFO - Setting next_dagrun for pl001_ingest_crypto_postgres to None, run_after=None
[2025-07-25T14:13:24.162+0000] {processor.py:183} INFO - Processing /opt/airflow/dags/airflow_pipeline.py took 0.149 seconds
[2025-07-25T14:13:54.569+0000] {processor.py:161} INFO - Started process (PID=722) to work on /opt/airflow/dags/airflow_pipeline.py
[2025-07-25T14:13:54.575+0000] {processor.py:830} INFO - Processing file /opt/airflow/dags/airflow_pipeline.py for tasks to queue
[2025-07-25T14:13:54.578+0000] {logging_mixin.py:188} INFO - [2025-07-25T14:13:54.577+0000] {dagbag.py:538} INFO - Filling up the DagBag from /opt/airflow/dags/airflow_pipeline.py
[2025-07-25T14:13:55.695+0000] {processor.py:840} INFO - DAG(s) 'pl001_ingest_crypto_postgres' retrieved from /opt/airflow/dags/airflow_pipeline.py
[2025-07-25T14:13:55.953+0000] {logging_mixin.py:188} INFO - [2025-07-25T14:13:55.952+0000] {dag.py:3036} INFO - Sync 1 DAGs
[2025-07-25T14:13:56.013+0000] {logging_mixin.py:188} INFO - [2025-07-25T14:13:56.012+0000] {dag.py:3823} INFO - Setting next_dagrun for pl001_ingest_crypto_postgres to None, run_after=None
[2025-07-25T14:13:56.060+0000] {processor.py:183} INFO - Processing /opt/airflow/dags/airflow_pipeline.py took 1.500 seconds
[2025-07-25T14:14:26.267+0000] {processor.py:161} INFO - Started process (PID=727) to work on /opt/airflow/dags/airflow_pipeline.py
[2025-07-25T14:14:26.273+0000] {processor.py:830} INFO - Processing file /opt/airflow/dags/airflow_pipeline.py for tasks to queue
[2025-07-25T14:14:26.276+0000] {logging_mixin.py:188} INFO - [2025-07-25T14:14:26.275+0000] {dagbag.py:538} INFO - Filling up the DagBag from /opt/airflow/dags/airflow_pipeline.py
[2025-07-25T14:14:26.329+0000] {processor.py:840} INFO - DAG(s) 'pl001_ingest_crypto_postgres' retrieved from /opt/airflow/dags/airflow_pipeline.py
[2025-07-25T14:14:26.396+0000] {logging_mixin.py:188} INFO - [2025-07-25T14:14:26.396+0000] {dag.py:3036} INFO - Sync 1 DAGs
[2025-07-25T14:14:26.423+0000] {logging_mixin.py:188} INFO - [2025-07-25T14:14:26.423+0000] {dag.py:3823} INFO - Setting next_dagrun for pl001_ingest_crypto_postgres to None, run_after=None
[2025-07-25T14:14:26.466+0000] {processor.py:183} INFO - Processing /opt/airflow/dags/airflow_pipeline.py took 0.207 seconds
[2025-07-25T14:14:56.723+0000] {processor.py:161} INFO - Started process (PID=732) to work on /opt/airflow/dags/airflow_pipeline.py
[2025-07-25T14:14:56.728+0000] {processor.py:830} INFO - Processing file /opt/airflow/dags/airflow_pipeline.py for tasks to queue
[2025-07-25T14:14:56.731+0000] {logging_mixin.py:188} INFO - [2025-07-25T14:14:56.730+0000] {dagbag.py:538} INFO - Filling up the DagBag from /opt/airflow/dags/airflow_pipeline.py
[2025-07-25T14:14:56.804+0000] {processor.py:840} INFO - DAG(s) 'pl001_ingest_crypto_postgres' retrieved from /opt/airflow/dags/airflow_pipeline.py
[2025-07-25T14:14:56.871+0000] {logging_mixin.py:188} INFO - [2025-07-25T14:14:56.870+0000] {dag.py:3036} INFO - Sync 1 DAGs
[2025-07-25T14:14:56.891+0000] {logging_mixin.py:188} INFO - [2025-07-25T14:14:56.891+0000] {dag.py:3823} INFO - Setting next_dagrun for pl001_ingest_crypto_postgres to None, run_after=None
[2025-07-25T14:14:56.920+0000] {processor.py:183} INFO - Processing /opt/airflow/dags/airflow_pipeline.py took 0.210 seconds
[2025-07-25T14:15:27.088+0000] {processor.py:161} INFO - Started process (PID=740) to work on /opt/airflow/dags/airflow_pipeline.py
[2025-07-25T14:15:27.089+0000] {processor.py:830} INFO - Processing file /opt/airflow/dags/airflow_pipeline.py for tasks to queue
[2025-07-25T14:15:27.091+0000] {logging_mixin.py:188} INFO - [2025-07-25T14:15:27.091+0000] {dagbag.py:538} INFO - Filling up the DagBag from /opt/airflow/dags/airflow_pipeline.py
[2025-07-25T14:15:27.123+0000] {processor.py:840} INFO - DAG(s) 'pl001_ingest_crypto_postgres' retrieved from /opt/airflow/dags/airflow_pipeline.py
[2025-07-25T14:15:27.164+0000] {logging_mixin.py:188} INFO - [2025-07-25T14:15:27.163+0000] {dag.py:3036} INFO - Sync 1 DAGs
[2025-07-25T14:15:27.180+0000] {logging_mixin.py:188} INFO - [2025-07-25T14:15:27.179+0000] {dag.py:3823} INFO - Setting next_dagrun for pl001_ingest_crypto_postgres to None, run_after=None
[2025-07-25T14:15:27.207+0000] {processor.py:183} INFO - Processing /opt/airflow/dags/airflow_pipeline.py took 0.127 seconds
[2025-07-25T14:15:57.576+0000] {processor.py:161} INFO - Started process (PID=745) to work on /opt/airflow/dags/airflow_pipeline.py
[2025-07-25T14:15:57.577+0000] {processor.py:830} INFO - Processing file /opt/airflow/dags/airflow_pipeline.py for tasks to queue
[2025-07-25T14:15:57.579+0000] {logging_mixin.py:188} INFO - [2025-07-25T14:15:57.578+0000] {dagbag.py:538} INFO - Filling up the DagBag from /opt/airflow/dags/airflow_pipeline.py
[2025-07-25T14:15:57.606+0000] {processor.py:840} INFO - DAG(s) 'pl001_ingest_crypto_postgres' retrieved from /opt/airflow/dags/airflow_pipeline.py
[2025-07-25T14:15:57.650+0000] {logging_mixin.py:188} INFO - [2025-07-25T14:15:57.649+0000] {dag.py:3036} INFO - Sync 1 DAGs
[2025-07-25T14:15:57.669+0000] {logging_mixin.py:188} INFO - [2025-07-25T14:15:57.668+0000] {dag.py:3823} INFO - Setting next_dagrun for pl001_ingest_crypto_postgres to None, run_after=None
[2025-07-25T14:15:57.700+0000] {processor.py:183} INFO - Processing /opt/airflow/dags/airflow_pipeline.py took 0.130 seconds
[2025-07-25T14:16:27.985+0000] {processor.py:161} INFO - Started process (PID=750) to work on /opt/airflow/dags/airflow_pipeline.py
[2025-07-25T14:16:27.987+0000] {processor.py:830} INFO - Processing file /opt/airflow/dags/airflow_pipeline.py for tasks to queue
[2025-07-25T14:16:27.989+0000] {logging_mixin.py:188} INFO - [2025-07-25T14:16:27.989+0000] {dagbag.py:538} INFO - Filling up the DagBag from /opt/airflow/dags/airflow_pipeline.py
[2025-07-25T14:16:28.028+0000] {processor.py:840} INFO - DAG(s) 'pl001_ingest_crypto_postgres' retrieved from /opt/airflow/dags/airflow_pipeline.py
[2025-07-25T14:16:28.085+0000] {logging_mixin.py:188} INFO - [2025-07-25T14:16:28.084+0000] {dag.py:3036} INFO - Sync 1 DAGs
[2025-07-25T14:16:28.106+0000] {logging_mixin.py:188} INFO - [2025-07-25T14:16:28.106+0000] {dag.py:3823} INFO - Setting next_dagrun for pl001_ingest_crypto_postgres to None, run_after=None
[2025-07-25T14:16:28.144+0000] {processor.py:183} INFO - Processing /opt/airflow/dags/airflow_pipeline.py took 0.166 seconds
[2025-07-25T14:16:58.498+0000] {processor.py:161} INFO - Started process (PID=755) to work on /opt/airflow/dags/airflow_pipeline.py
[2025-07-25T14:16:58.501+0000] {processor.py:830} INFO - Processing file /opt/airflow/dags/airflow_pipeline.py for tasks to queue
[2025-07-25T14:16:58.504+0000] {logging_mixin.py:188} INFO - [2025-07-25T14:16:58.503+0000] {dagbag.py:538} INFO - Filling up the DagBag from /opt/airflow/dags/airflow_pipeline.py
[2025-07-25T14:16:58.549+0000] {processor.py:840} INFO - DAG(s) 'pl001_ingest_crypto_postgres' retrieved from /opt/airflow/dags/airflow_pipeline.py
[2025-07-25T14:16:58.620+0000] {logging_mixin.py:188} INFO - [2025-07-25T14:16:58.620+0000] {dag.py:3036} INFO - Sync 1 DAGs
[2025-07-25T14:16:58.651+0000] {logging_mixin.py:188} INFO - [2025-07-25T14:16:58.650+0000] {dag.py:3823} INFO - Setting next_dagrun for pl001_ingest_crypto_postgres to None, run_after=None
[2025-07-25T14:16:58.735+0000] {processor.py:183} INFO - Processing /opt/airflow/dags/airflow_pipeline.py took 0.250 seconds
[2025-07-25T14:17:29.012+0000] {processor.py:161} INFO - Started process (PID=760) to work on /opt/airflow/dags/airflow_pipeline.py
[2025-07-25T14:17:29.015+0000] {processor.py:830} INFO - Processing file /opt/airflow/dags/airflow_pipeline.py for tasks to queue
[2025-07-25T14:17:29.017+0000] {logging_mixin.py:188} INFO - [2025-07-25T14:17:29.017+0000] {dagbag.py:538} INFO - Filling up the DagBag from /opt/airflow/dags/airflow_pipeline.py
[2025-07-25T14:17:29.061+0000] {processor.py:840} INFO - DAG(s) 'pl001_ingest_crypto_postgres' retrieved from /opt/airflow/dags/airflow_pipeline.py
[2025-07-25T14:17:29.207+0000] {logging_mixin.py:188} INFO - [2025-07-25T14:17:29.207+0000] {dag.py:3036} INFO - Sync 1 DAGs
[2025-07-25T14:17:29.257+0000] {logging_mixin.py:188} INFO - [2025-07-25T14:17:29.257+0000] {dag.py:3823} INFO - Setting next_dagrun for pl001_ingest_crypto_postgres to None, run_after=None
[2025-07-25T14:17:32.805+0000] {processor.py:183} INFO - Processing /opt/airflow/dags/airflow_pipeline.py took 3.800 seconds
[2025-07-25T14:18:05.173+0000] {processor.py:161} INFO - Started process (PID=765) to work on /opt/airflow/dags/airflow_pipeline.py
[2025-07-25T14:18:05.194+0000] {processor.py:830} INFO - Processing file /opt/airflow/dags/airflow_pipeline.py for tasks to queue
[2025-07-25T14:18:05.247+0000] {logging_mixin.py:188} INFO - [2025-07-25T14:18:05.246+0000] {dagbag.py:538} INFO - Filling up the DagBag from /opt/airflow/dags/airflow_pipeline.py
[2025-07-25T14:18:05.441+0000] {processor.py:840} INFO - DAG(s) 'pl001_ingest_crypto_postgres' retrieved from /opt/airflow/dags/airflow_pipeline.py
[2025-07-25T14:18:05.626+0000] {logging_mixin.py:188} INFO - [2025-07-25T14:18:05.626+0000] {dag.py:3036} INFO - Sync 1 DAGs
[2025-07-25T14:18:05.712+0000] {logging_mixin.py:188} INFO - [2025-07-25T14:18:05.711+0000] {dag.py:3823} INFO - Setting next_dagrun for pl001_ingest_crypto_postgres to None, run_after=None
[2025-07-25T14:18:05.848+0000] {processor.py:183} INFO - Processing /opt/airflow/dags/airflow_pipeline.py took 0.693 seconds
[2025-07-25T14:18:36.265+0000] {processor.py:161} INFO - Started process (PID=770) to work on /opt/airflow/dags/airflow_pipeline.py
[2025-07-25T14:18:36.278+0000] {processor.py:830} INFO - Processing file /opt/airflow/dags/airflow_pipeline.py for tasks to queue
[2025-07-25T14:18:36.291+0000] {logging_mixin.py:188} INFO - [2025-07-25T14:18:36.280+0000] {dagbag.py:538} INFO - Filling up the DagBag from /opt/airflow/dags/airflow_pipeline.py
[2025-07-25T14:18:36.379+0000] {processor.py:840} INFO - DAG(s) 'pl001_ingest_crypto_postgres' retrieved from /opt/airflow/dags/airflow_pipeline.py
[2025-07-25T14:18:36.581+0000] {logging_mixin.py:188} INFO - [2025-07-25T14:18:36.580+0000] {dag.py:3036} INFO - Sync 1 DAGs
[2025-07-25T14:18:36.665+0000] {logging_mixin.py:188} INFO - [2025-07-25T14:18:36.664+0000] {dag.py:3823} INFO - Setting next_dagrun for pl001_ingest_crypto_postgres to None, run_after=None
[2025-07-25T14:18:36.799+0000] {processor.py:183} INFO - Processing /opt/airflow/dags/airflow_pipeline.py took 0.546 seconds
[2025-07-25T14:19:07.050+0000] {processor.py:161} INFO - Started process (PID=775) to work on /opt/airflow/dags/airflow_pipeline.py
[2025-07-25T14:19:07.053+0000] {processor.py:830} INFO - Processing file /opt/airflow/dags/airflow_pipeline.py for tasks to queue
[2025-07-25T14:19:07.056+0000] {logging_mixin.py:188} INFO - [2025-07-25T14:19:07.055+0000] {dagbag.py:538} INFO - Filling up the DagBag from /opt/airflow/dags/airflow_pipeline.py
[2025-07-25T14:19:07.089+0000] {processor.py:840} INFO - DAG(s) 'pl001_ingest_crypto_postgres' retrieved from /opt/airflow/dags/airflow_pipeline.py
[2025-07-25T14:19:07.146+0000] {logging_mixin.py:188} INFO - [2025-07-25T14:19:07.145+0000] {dag.py:3036} INFO - Sync 1 DAGs
[2025-07-25T14:19:07.168+0000] {logging_mixin.py:188} INFO - [2025-07-25T14:19:07.168+0000] {dag.py:3823} INFO - Setting next_dagrun for pl001_ingest_crypto_postgres to None, run_after=None
[2025-07-25T14:19:07.211+0000] {processor.py:183} INFO - Processing /opt/airflow/dags/airflow_pipeline.py took 0.171 seconds
[2025-07-25T14:19:37.411+0000] {processor.py:161} INFO - Started process (PID=780) to work on /opt/airflow/dags/airflow_pipeline.py
[2025-07-25T14:19:37.414+0000] {processor.py:830} INFO - Processing file /opt/airflow/dags/airflow_pipeline.py for tasks to queue
[2025-07-25T14:19:37.416+0000] {logging_mixin.py:188} INFO - [2025-07-25T14:19:37.415+0000] {dagbag.py:538} INFO - Filling up the DagBag from /opt/airflow/dags/airflow_pipeline.py
[2025-07-25T14:19:37.447+0000] {processor.py:840} INFO - DAG(s) 'pl001_ingest_crypto_postgres' retrieved from /opt/airflow/dags/airflow_pipeline.py
[2025-07-25T14:19:37.514+0000] {logging_mixin.py:188} INFO - [2025-07-25T14:19:37.514+0000] {dag.py:3036} INFO - Sync 1 DAGs
[2025-07-25T14:19:37.543+0000] {logging_mixin.py:188} INFO - [2025-07-25T14:19:37.543+0000] {dag.py:3823} INFO - Setting next_dagrun for pl001_ingest_crypto_postgres to None, run_after=None
[2025-07-25T14:19:37.576+0000] {processor.py:183} INFO - Processing /opt/airflow/dags/airflow_pipeline.py took 0.172 seconds
[2025-07-25T14:20:08.017+0000] {processor.py:161} INFO - Started process (PID=785) to work on /opt/airflow/dags/airflow_pipeline.py
[2025-07-25T14:20:08.019+0000] {processor.py:830} INFO - Processing file /opt/airflow/dags/airflow_pipeline.py for tasks to queue
[2025-07-25T14:20:08.020+0000] {logging_mixin.py:188} INFO - [2025-07-25T14:20:08.020+0000] {dagbag.py:538} INFO - Filling up the DagBag from /opt/airflow/dags/airflow_pipeline.py
[2025-07-25T14:20:08.051+0000] {processor.py:840} INFO - DAG(s) 'pl001_ingest_crypto_postgres' retrieved from /opt/airflow/dags/airflow_pipeline.py
[2025-07-25T14:20:08.107+0000] {logging_mixin.py:188} INFO - [2025-07-25T14:20:08.107+0000] {dag.py:3036} INFO - Sync 1 DAGs
[2025-07-25T14:20:08.137+0000] {logging_mixin.py:188} INFO - [2025-07-25T14:20:08.136+0000] {dag.py:3823} INFO - Setting next_dagrun for pl001_ingest_crypto_postgres to None, run_after=None
[2025-07-25T14:20:08.174+0000] {processor.py:183} INFO - Processing /opt/airflow/dags/airflow_pipeline.py took 0.162 seconds
[2025-07-25T14:20:15.215+0000] {processor.py:161} INFO - Started process (PID=790) to work on /opt/airflow/dags/airflow_pipeline.py
[2025-07-25T14:20:15.221+0000] {processor.py:830} INFO - Processing file /opt/airflow/dags/airflow_pipeline.py for tasks to queue
[2025-07-25T14:20:15.224+0000] {logging_mixin.py:188} INFO - [2025-07-25T14:20:15.223+0000] {dagbag.py:538} INFO - Filling up the DagBag from /opt/airflow/dags/airflow_pipeline.py
[2025-07-25T14:20:15.342+0000] {processor.py:840} INFO - DAG(s) 'pl001_ingest_crypto_postgres' retrieved from /opt/airflow/dags/airflow_pipeline.py
[2025-07-25T14:20:16.085+0000] {logging_mixin.py:188} INFO - [2025-07-25T14:20:16.077+0000] {dag.py:3036} INFO - Sync 1 DAGs
[2025-07-25T14:20:16.191+0000] {logging_mixin.py:188} INFO - [2025-07-25T14:20:16.190+0000] {dag.py:3823} INFO - Setting next_dagrun for pl001_ingest_crypto_postgres to None, run_after=None
[2025-07-25T14:20:16.351+0000] {processor.py:183} INFO - Processing /opt/airflow/dags/airflow_pipeline.py took 1.148 seconds
[2025-07-25T14:20:46.574+0000] {processor.py:161} INFO - Started process (PID=795) to work on /opt/airflow/dags/airflow_pipeline.py
[2025-07-25T14:20:46.575+0000] {processor.py:830} INFO - Processing file /opt/airflow/dags/airflow_pipeline.py for tasks to queue
[2025-07-25T14:20:46.577+0000] {logging_mixin.py:188} INFO - [2025-07-25T14:20:46.577+0000] {dagbag.py:538} INFO - Filling up the DagBag from /opt/airflow/dags/airflow_pipeline.py
[2025-07-25T14:20:46.605+0000] {processor.py:840} INFO - DAG(s) 'pl001_ingest_crypto_postgres' retrieved from /opt/airflow/dags/airflow_pipeline.py
[2025-07-25T14:20:46.650+0000] {logging_mixin.py:188} INFO - [2025-07-25T14:20:46.649+0000] {dag.py:3036} INFO - Sync 1 DAGs
[2025-07-25T14:20:46.670+0000] {logging_mixin.py:188} INFO - [2025-07-25T14:20:46.670+0000] {dag.py:3823} INFO - Setting next_dagrun for pl001_ingest_crypto_postgres to None, run_after=None
[2025-07-25T14:20:46.702+0000] {processor.py:183} INFO - Processing /opt/airflow/dags/airflow_pipeline.py took 0.134 seconds
[2025-07-25T14:21:16.996+0000] {processor.py:161} INFO - Started process (PID=800) to work on /opt/airflow/dags/airflow_pipeline.py
[2025-07-25T14:21:16.998+0000] {processor.py:830} INFO - Processing file /opt/airflow/dags/airflow_pipeline.py for tasks to queue
[2025-07-25T14:21:17.000+0000] {logging_mixin.py:188} INFO - [2025-07-25T14:21:16.999+0000] {dagbag.py:538} INFO - Filling up the DagBag from /opt/airflow/dags/airflow_pipeline.py
[2025-07-25T14:21:17.032+0000] {processor.py:840} INFO - DAG(s) 'pl001_ingest_crypto_postgres' retrieved from /opt/airflow/dags/airflow_pipeline.py
[2025-07-25T14:21:17.106+0000] {logging_mixin.py:188} INFO - [2025-07-25T14:21:17.105+0000] {dag.py:3036} INFO - Sync 1 DAGs
[2025-07-25T14:21:17.157+0000] {logging_mixin.py:188} INFO - [2025-07-25T14:21:17.156+0000] {dag.py:3823} INFO - Setting next_dagrun for pl001_ingest_crypto_postgres to None, run_after=None
[2025-07-25T14:21:17.223+0000] {processor.py:183} INFO - Processing /opt/airflow/dags/airflow_pipeline.py took 0.232 seconds
[2025-07-25T14:21:47.290+0000] {processor.py:161} INFO - Started process (PID=805) to work on /opt/airflow/dags/airflow_pipeline.py
[2025-07-25T14:21:47.292+0000] {processor.py:830} INFO - Processing file /opt/airflow/dags/airflow_pipeline.py for tasks to queue
[2025-07-25T14:21:47.294+0000] {logging_mixin.py:188} INFO - [2025-07-25T14:21:47.293+0000] {dagbag.py:538} INFO - Filling up the DagBag from /opt/airflow/dags/airflow_pipeline.py
[2025-07-25T14:21:47.322+0000] {processor.py:840} INFO - DAG(s) 'pl001_ingest_crypto_postgres' retrieved from /opt/airflow/dags/airflow_pipeline.py
[2025-07-25T14:21:47.368+0000] {logging_mixin.py:188} INFO - [2025-07-25T14:21:47.367+0000] {dag.py:3036} INFO - Sync 1 DAGs
[2025-07-25T14:21:47.383+0000] {logging_mixin.py:188} INFO - [2025-07-25T14:21:47.383+0000] {dag.py:3823} INFO - Setting next_dagrun for pl001_ingest_crypto_postgres to None, run_after=None
[2025-07-25T14:21:47.424+0000] {processor.py:183} INFO - Processing /opt/airflow/dags/airflow_pipeline.py took 0.140 seconds
[2025-07-25T14:22:07.493+0000] {processor.py:161} INFO - Started process (PID=810) to work on /opt/airflow/dags/airflow_pipeline.py
[2025-07-25T14:22:07.495+0000] {processor.py:830} INFO - Processing file /opt/airflow/dags/airflow_pipeline.py for tasks to queue
[2025-07-25T14:22:07.496+0000] {logging_mixin.py:188} INFO - [2025-07-25T14:22:07.496+0000] {dagbag.py:538} INFO - Filling up the DagBag from /opt/airflow/dags/airflow_pipeline.py
[2025-07-25T14:22:07.542+0000] {processor.py:840} INFO - DAG(s) 'pl001_ingest_crypto_postgres' retrieved from /opt/airflow/dags/airflow_pipeline.py
[2025-07-25T14:22:07.586+0000] {logging_mixin.py:188} INFO - [2025-07-25T14:22:07.585+0000] {dag.py:3036} INFO - Sync 1 DAGs
[2025-07-25T14:22:07.603+0000] {logging_mixin.py:188} INFO - [2025-07-25T14:22:07.602+0000] {dag.py:3823} INFO - Setting next_dagrun for pl001_ingest_crypto_postgres to None, run_after=None
[2025-07-25T14:22:07.638+0000] {processor.py:183} INFO - Processing /opt/airflow/dags/airflow_pipeline.py took 0.151 seconds
[2025-07-25T14:22:26.753+0000] {processor.py:161} INFO - Started process (PID=815) to work on /opt/airflow/dags/airflow_pipeline.py
[2025-07-25T14:22:26.756+0000] {processor.py:830} INFO - Processing file /opt/airflow/dags/airflow_pipeline.py for tasks to queue
[2025-07-25T14:22:26.758+0000] {logging_mixin.py:188} INFO - [2025-07-25T14:22:26.758+0000] {dagbag.py:538} INFO - Filling up the DagBag from /opt/airflow/dags/airflow_pipeline.py
[2025-07-25T14:22:26.867+0000] {processor.py:840} INFO - DAG(s) 'pl001_ingest_crypto_postgres' retrieved from /opt/airflow/dags/airflow_pipeline.py
[2025-07-25T14:22:27.168+0000] {logging_mixin.py:188} INFO - [2025-07-25T14:22:27.168+0000] {dag.py:3036} INFO - Sync 1 DAGs
[2025-07-25T14:22:27.189+0000] {logging_mixin.py:188} INFO - [2025-07-25T14:22:27.189+0000] {dag.py:3823} INFO - Setting next_dagrun for pl001_ingest_crypto_postgres to None, run_after=None
[2025-07-25T14:22:27.246+0000] {processor.py:183} INFO - Processing /opt/airflow/dags/airflow_pipeline.py took 0.511 seconds
[2025-07-25T14:22:59.685+0000] {processor.py:161} INFO - Started process (PID=820) to work on /opt/airflow/dags/airflow_pipeline.py
[2025-07-25T14:22:59.715+0000] {processor.py:830} INFO - Processing file /opt/airflow/dags/airflow_pipeline.py for tasks to queue
[2025-07-25T14:22:59.735+0000] {logging_mixin.py:188} INFO - [2025-07-25T14:22:59.732+0000] {dagbag.py:538} INFO - Filling up the DagBag from /opt/airflow/dags/airflow_pipeline.py
[2025-07-25T14:22:59.893+0000] {processor.py:840} INFO - DAG(s) 'pl001_ingest_crypto_postgres' retrieved from /opt/airflow/dags/airflow_pipeline.py
[2025-07-25T14:23:00.191+0000] {logging_mixin.py:188} INFO - [2025-07-25T14:23:00.190+0000] {dag.py:3036} INFO - Sync 1 DAGs
[2025-07-25T14:23:00.288+0000] {logging_mixin.py:188} INFO - [2025-07-25T14:23:00.287+0000] {dag.py:3823} INFO - Setting next_dagrun for pl001_ingest_crypto_postgres to None, run_after=None
[2025-07-25T14:23:00.399+0000] {processor.py:183} INFO - Processing /opt/airflow/dags/airflow_pipeline.py took 0.792 seconds
[2025-07-25T14:23:30.546+0000] {processor.py:161} INFO - Started process (PID=828) to work on /opt/airflow/dags/airflow_pipeline.py
[2025-07-25T14:23:30.548+0000] {processor.py:830} INFO - Processing file /opt/airflow/dags/airflow_pipeline.py for tasks to queue
[2025-07-25T14:23:30.549+0000] {logging_mixin.py:188} INFO - [2025-07-25T14:23:30.549+0000] {dagbag.py:538} INFO - Filling up the DagBag from /opt/airflow/dags/airflow_pipeline.py
[2025-07-25T14:23:30.579+0000] {processor.py:840} INFO - DAG(s) 'pl001_ingest_crypto_postgres' retrieved from /opt/airflow/dags/airflow_pipeline.py
[2025-07-25T14:23:30.667+0000] {logging_mixin.py:188} INFO - [2025-07-25T14:23:30.666+0000] {dag.py:3036} INFO - Sync 1 DAGs
[2025-07-25T14:23:30.703+0000] {logging_mixin.py:188} INFO - [2025-07-25T14:23:30.703+0000] {dag.py:3823} INFO - Setting next_dagrun for pl001_ingest_crypto_postgres to None, run_after=None
[2025-07-25T14:23:30.760+0000] {processor.py:183} INFO - Processing /opt/airflow/dags/airflow_pipeline.py took 0.219 seconds
[2025-07-25T14:24:01.507+0000] {processor.py:161} INFO - Started process (PID=833) to work on /opt/airflow/dags/airflow_pipeline.py
[2025-07-25T14:24:01.514+0000] {processor.py:830} INFO - Processing file /opt/airflow/dags/airflow_pipeline.py for tasks to queue
[2025-07-25T14:24:01.519+0000] {logging_mixin.py:188} INFO - [2025-07-25T14:24:01.517+0000] {dagbag.py:538} INFO - Filling up the DagBag from /opt/airflow/dags/airflow_pipeline.py
[2025-07-25T14:24:01.585+0000] {processor.py:840} INFO - DAG(s) 'pl001_ingest_crypto_postgres' retrieved from /opt/airflow/dags/airflow_pipeline.py
[2025-07-25T14:24:01.652+0000] {logging_mixin.py:188} INFO - [2025-07-25T14:24:01.652+0000] {dag.py:3036} INFO - Sync 1 DAGs
[2025-07-25T14:24:01.690+0000] {logging_mixin.py:188} INFO - [2025-07-25T14:24:01.689+0000] {dag.py:3823} INFO - Setting next_dagrun for pl001_ingest_crypto_postgres to None, run_after=None
[2025-07-25T14:24:01.747+0000] {processor.py:183} INFO - Processing /opt/airflow/dags/airflow_pipeline.py took 0.260 seconds
[2025-07-25T14:24:31.968+0000] {processor.py:161} INFO - Started process (PID=838) to work on /opt/airflow/dags/airflow_pipeline.py
[2025-07-25T14:24:31.971+0000] {processor.py:830} INFO - Processing file /opt/airflow/dags/airflow_pipeline.py for tasks to queue
[2025-07-25T14:24:31.972+0000] {logging_mixin.py:188} INFO - [2025-07-25T14:24:31.972+0000] {dagbag.py:538} INFO - Filling up the DagBag from /opt/airflow/dags/airflow_pipeline.py
[2025-07-25T14:24:32.017+0000] {processor.py:840} INFO - DAG(s) 'pl001_ingest_crypto_postgres' retrieved from /opt/airflow/dags/airflow_pipeline.py
[2025-07-25T14:24:32.086+0000] {logging_mixin.py:188} INFO - [2025-07-25T14:24:32.086+0000] {dag.py:3036} INFO - Sync 1 DAGs
[2025-07-25T14:24:32.110+0000] {logging_mixin.py:188} INFO - [2025-07-25T14:24:32.109+0000] {dag.py:3823} INFO - Setting next_dagrun for pl001_ingest_crypto_postgres to None, run_after=None
[2025-07-25T14:24:32.140+0000] {processor.py:183} INFO - Processing /opt/airflow/dags/airflow_pipeline.py took 0.179 seconds
[2025-07-25T14:25:02.513+0000] {processor.py:161} INFO - Started process (PID=843) to work on /opt/airflow/dags/airflow_pipeline.py
[2025-07-25T14:25:02.515+0000] {processor.py:830} INFO - Processing file /opt/airflow/dags/airflow_pipeline.py for tasks to queue
[2025-07-25T14:25:02.517+0000] {logging_mixin.py:188} INFO - [2025-07-25T14:25:02.516+0000] {dagbag.py:538} INFO - Filling up the DagBag from /opt/airflow/dags/airflow_pipeline.py
[2025-07-25T14:25:02.543+0000] {processor.py:840} INFO - DAG(s) 'pl001_ingest_crypto_postgres' retrieved from /opt/airflow/dags/airflow_pipeline.py
[2025-07-25T14:25:02.584+0000] {logging_mixin.py:188} INFO - [2025-07-25T14:25:02.584+0000] {dag.py:3036} INFO - Sync 1 DAGs
[2025-07-25T14:25:02.599+0000] {logging_mixin.py:188} INFO - [2025-07-25T14:25:02.599+0000] {dag.py:3823} INFO - Setting next_dagrun for pl001_ingest_crypto_postgres to None, run_after=None
[2025-07-25T14:25:02.627+0000] {processor.py:183} INFO - Processing /opt/airflow/dags/airflow_pipeline.py took 0.119 seconds
[2025-07-25T14:25:32.894+0000] {processor.py:161} INFO - Started process (PID=848) to work on /opt/airflow/dags/airflow_pipeline.py
[2025-07-25T14:25:32.896+0000] {processor.py:830} INFO - Processing file /opt/airflow/dags/airflow_pipeline.py for tasks to queue
[2025-07-25T14:25:32.898+0000] {logging_mixin.py:188} INFO - [2025-07-25T14:25:32.897+0000] {dagbag.py:538} INFO - Filling up the DagBag from /opt/airflow/dags/airflow_pipeline.py
[2025-07-25T14:25:32.927+0000] {processor.py:840} INFO - DAG(s) 'pl001_ingest_crypto_postgres' retrieved from /opt/airflow/dags/airflow_pipeline.py
[2025-07-25T14:25:32.980+0000] {logging_mixin.py:188} INFO - [2025-07-25T14:25:32.979+0000] {dag.py:3036} INFO - Sync 1 DAGs
[2025-07-25T14:25:33.000+0000] {logging_mixin.py:188} INFO - [2025-07-25T14:25:32.999+0000] {dag.py:3823} INFO - Setting next_dagrun for pl001_ingest_crypto_postgres to None, run_after=None
[2025-07-25T14:25:33.031+0000] {processor.py:183} INFO - Processing /opt/airflow/dags/airflow_pipeline.py took 0.143 seconds
[2025-07-25T14:26:03.541+0000] {processor.py:161} INFO - Started process (PID=853) to work on /opt/airflow/dags/airflow_pipeline.py
[2025-07-25T14:26:03.544+0000] {processor.py:830} INFO - Processing file /opt/airflow/dags/airflow_pipeline.py for tasks to queue
[2025-07-25T14:26:03.548+0000] {logging_mixin.py:188} INFO - [2025-07-25T14:26:03.547+0000] {dagbag.py:538} INFO - Filling up the DagBag from /opt/airflow/dags/airflow_pipeline.py
[2025-07-25T14:26:03.596+0000] {processor.py:840} INFO - DAG(s) 'pl001_ingest_crypto_postgres' retrieved from /opt/airflow/dags/airflow_pipeline.py
[2025-07-25T14:26:03.665+0000] {logging_mixin.py:188} INFO - [2025-07-25T14:26:03.664+0000] {dag.py:3036} INFO - Sync 1 DAGs
[2025-07-25T14:26:03.696+0000] {logging_mixin.py:188} INFO - [2025-07-25T14:26:03.695+0000] {dag.py:3823} INFO - Setting next_dagrun for pl001_ingest_crypto_postgres to None, run_after=None
[2025-07-25T14:26:03.739+0000] {processor.py:183} INFO - Processing /opt/airflow/dags/airflow_pipeline.py took 0.206 seconds
[2025-07-25T14:26:34.066+0000] {processor.py:161} INFO - Started process (PID=858) to work on /opt/airflow/dags/airflow_pipeline.py
[2025-07-25T14:26:34.072+0000] {processor.py:830} INFO - Processing file /opt/airflow/dags/airflow_pipeline.py for tasks to queue
[2025-07-25T14:26:34.076+0000] {logging_mixin.py:188} INFO - [2025-07-25T14:26:34.074+0000] {dagbag.py:538} INFO - Filling up the DagBag from /opt/airflow/dags/airflow_pipeline.py
[2025-07-25T14:26:34.141+0000] {processor.py:840} INFO - DAG(s) 'pl001_ingest_crypto_postgres' retrieved from /opt/airflow/dags/airflow_pipeline.py
[2025-07-25T14:26:34.282+0000] {logging_mixin.py:188} INFO - [2025-07-25T14:26:34.281+0000] {dag.py:3036} INFO - Sync 1 DAGs
[2025-07-25T14:26:34.356+0000] {logging_mixin.py:188} INFO - [2025-07-25T14:26:34.355+0000] {dag.py:3823} INFO - Setting next_dagrun for pl001_ingest_crypto_postgres to None, run_after=None
[2025-07-25T14:26:34.562+0000] {processor.py:183} INFO - Processing /opt/airflow/dags/airflow_pipeline.py took 0.506 seconds
[2025-07-25T14:27:05.236+0000] {processor.py:161} INFO - Started process (PID=863) to work on /opt/airflow/dags/airflow_pipeline.py
[2025-07-25T14:27:05.238+0000] {processor.py:830} INFO - Processing file /opt/airflow/dags/airflow_pipeline.py for tasks to queue
[2025-07-25T14:27:05.241+0000] {logging_mixin.py:188} INFO - [2025-07-25T14:27:05.240+0000] {dagbag.py:538} INFO - Filling up the DagBag from /opt/airflow/dags/airflow_pipeline.py
[2025-07-25T14:27:05.268+0000] {processor.py:840} INFO - DAG(s) 'pl001_ingest_crypto_postgres' retrieved from /opt/airflow/dags/airflow_pipeline.py
[2025-07-25T14:27:05.316+0000] {logging_mixin.py:188} INFO - [2025-07-25T14:27:05.315+0000] {dag.py:3036} INFO - Sync 1 DAGs
[2025-07-25T14:27:05.331+0000] {logging_mixin.py:188} INFO - [2025-07-25T14:27:05.331+0000] {dag.py:3823} INFO - Setting next_dagrun for pl001_ingest_crypto_postgres to None, run_after=None
[2025-07-25T14:27:05.357+0000] {processor.py:183} INFO - Processing /opt/airflow/dags/airflow_pipeline.py took 0.127 seconds
[2025-07-25T14:27:35.546+0000] {processor.py:161} INFO - Started process (PID=868) to work on /opt/airflow/dags/airflow_pipeline.py
[2025-07-25T14:27:35.549+0000] {processor.py:830} INFO - Processing file /opt/airflow/dags/airflow_pipeline.py for tasks to queue
[2025-07-25T14:27:35.551+0000] {logging_mixin.py:188} INFO - [2025-07-25T14:27:35.550+0000] {dagbag.py:538} INFO - Filling up the DagBag from /opt/airflow/dags/airflow_pipeline.py
[2025-07-25T14:27:35.581+0000] {processor.py:840} INFO - DAG(s) 'pl001_ingest_crypto_postgres' retrieved from /opt/airflow/dags/airflow_pipeline.py
[2025-07-25T14:27:35.628+0000] {logging_mixin.py:188} INFO - [2025-07-25T14:27:35.628+0000] {dag.py:3036} INFO - Sync 1 DAGs
[2025-07-25T14:27:35.652+0000] {logging_mixin.py:188} INFO - [2025-07-25T14:27:35.652+0000] {dag.py:3823} INFO - Setting next_dagrun for pl001_ingest_crypto_postgres to None, run_after=None
[2025-07-25T14:27:35.692+0000] {processor.py:183} INFO - Processing /opt/airflow/dags/airflow_pipeline.py took 0.156 seconds
[2025-07-25T14:28:06.010+0000] {processor.py:161} INFO - Started process (PID=873) to work on /opt/airflow/dags/airflow_pipeline.py
[2025-07-25T14:28:06.013+0000] {processor.py:830} INFO - Processing file /opt/airflow/dags/airflow_pipeline.py for tasks to queue
[2025-07-25T14:28:06.016+0000] {logging_mixin.py:188} INFO - [2025-07-25T14:28:06.015+0000] {dagbag.py:538} INFO - Filling up the DagBag from /opt/airflow/dags/airflow_pipeline.py
[2025-07-25T14:28:06.060+0000] {processor.py:840} INFO - DAG(s) 'pl001_ingest_crypto_postgres' retrieved from /opt/airflow/dags/airflow_pipeline.py
[2025-07-25T14:28:06.111+0000] {logging_mixin.py:188} INFO - [2025-07-25T14:28:06.110+0000] {dag.py:3036} INFO - Sync 1 DAGs
[2025-07-25T14:28:06.132+0000] {logging_mixin.py:188} INFO - [2025-07-25T14:28:06.132+0000] {dag.py:3823} INFO - Setting next_dagrun for pl001_ingest_crypto_postgres to None, run_after=None
[2025-07-25T14:28:06.163+0000] {processor.py:183} INFO - Processing /opt/airflow/dags/airflow_pipeline.py took 0.168 seconds
[2025-07-25T14:28:36.369+0000] {processor.py:161} INFO - Started process (PID=878) to work on /opt/airflow/dags/airflow_pipeline.py
[2025-07-25T14:28:36.371+0000] {processor.py:830} INFO - Processing file /opt/airflow/dags/airflow_pipeline.py for tasks to queue
[2025-07-25T14:28:36.373+0000] {logging_mixin.py:188} INFO - [2025-07-25T14:28:36.372+0000] {dagbag.py:538} INFO - Filling up the DagBag from /opt/airflow/dags/airflow_pipeline.py
[2025-07-25T14:28:36.406+0000] {processor.py:840} INFO - DAG(s) 'pl001_ingest_crypto_postgres' retrieved from /opt/airflow/dags/airflow_pipeline.py
[2025-07-25T14:28:36.447+0000] {logging_mixin.py:188} INFO - [2025-07-25T14:28:36.447+0000] {dag.py:3036} INFO - Sync 1 DAGs
[2025-07-25T14:28:36.463+0000] {logging_mixin.py:188} INFO - [2025-07-25T14:28:36.463+0000] {dag.py:3823} INFO - Setting next_dagrun for pl001_ingest_crypto_postgres to None, run_after=None
[2025-07-25T14:28:36.500+0000] {processor.py:183} INFO - Processing /opt/airflow/dags/airflow_pipeline.py took 0.137 seconds
[2025-07-25T14:29:06.708+0000] {processor.py:161} INFO - Started process (PID=883) to work on /opt/airflow/dags/airflow_pipeline.py
[2025-07-25T14:29:06.710+0000] {processor.py:830} INFO - Processing file /opt/airflow/dags/airflow_pipeline.py for tasks to queue
[2025-07-25T14:29:06.712+0000] {logging_mixin.py:188} INFO - [2025-07-25T14:29:06.711+0000] {dagbag.py:538} INFO - Filling up the DagBag from /opt/airflow/dags/airflow_pipeline.py
[2025-07-25T14:29:06.763+0000] {processor.py:840} INFO - DAG(s) 'pl001_ingest_crypto_postgres' retrieved from /opt/airflow/dags/airflow_pipeline.py
[2025-07-25T14:29:06.828+0000] {logging_mixin.py:188} INFO - [2025-07-25T14:29:06.828+0000] {dag.py:3036} INFO - Sync 1 DAGs
[2025-07-25T14:29:06.844+0000] {logging_mixin.py:188} INFO - [2025-07-25T14:29:06.844+0000] {dag.py:3823} INFO - Setting next_dagrun for pl001_ingest_crypto_postgres to None, run_after=None
[2025-07-25T14:29:06.871+0000] {processor.py:183} INFO - Processing /opt/airflow/dags/airflow_pipeline.py took 0.172 seconds
[2025-07-25T14:29:37.243+0000] {processor.py:161} INFO - Started process (PID=888) to work on /opt/airflow/dags/airflow_pipeline.py
[2025-07-25T14:29:37.245+0000] {processor.py:830} INFO - Processing file /opt/airflow/dags/airflow_pipeline.py for tasks to queue
[2025-07-25T14:29:37.248+0000] {logging_mixin.py:188} INFO - [2025-07-25T14:29:37.247+0000] {dagbag.py:538} INFO - Filling up the DagBag from /opt/airflow/dags/airflow_pipeline.py
[2025-07-25T14:29:37.285+0000] {processor.py:840} INFO - DAG(s) 'pl001_ingest_crypto_postgres' retrieved from /opt/airflow/dags/airflow_pipeline.py
[2025-07-25T14:29:37.333+0000] {logging_mixin.py:188} INFO - [2025-07-25T14:29:37.333+0000] {dag.py:3036} INFO - Sync 1 DAGs
[2025-07-25T14:29:37.348+0000] {logging_mixin.py:188} INFO - [2025-07-25T14:29:37.348+0000] {dag.py:3823} INFO - Setting next_dagrun for pl001_ingest_crypto_postgres to None, run_after=None
[2025-07-25T14:29:37.374+0000] {processor.py:183} INFO - Processing /opt/airflow/dags/airflow_pipeline.py took 0.139 seconds
[2025-07-25T14:30:07.752+0000] {processor.py:161} INFO - Started process (PID=893) to work on /opt/airflow/dags/airflow_pipeline.py
[2025-07-25T14:30:07.755+0000] {processor.py:830} INFO - Processing file /opt/airflow/dags/airflow_pipeline.py for tasks to queue
[2025-07-25T14:30:07.758+0000] {logging_mixin.py:188} INFO - [2025-07-25T14:30:07.757+0000] {dagbag.py:538} INFO - Filling up the DagBag from /opt/airflow/dags/airflow_pipeline.py
[2025-07-25T14:30:07.790+0000] {processor.py:840} INFO - DAG(s) 'pl001_ingest_crypto_postgres' retrieved from /opt/airflow/dags/airflow_pipeline.py
[2025-07-25T14:30:07.847+0000] {logging_mixin.py:188} INFO - [2025-07-25T14:30:07.847+0000] {dag.py:3036} INFO - Sync 1 DAGs
[2025-07-25T14:30:07.869+0000] {logging_mixin.py:188} INFO - [2025-07-25T14:30:07.869+0000] {dag.py:3823} INFO - Setting next_dagrun for pl001_ingest_crypto_postgres to None, run_after=None
[2025-07-25T14:30:07.928+0000] {processor.py:183} INFO - Processing /opt/airflow/dags/airflow_pipeline.py took 0.183 seconds
[2025-07-25T14:30:38.646+0000] {processor.py:161} INFO - Started process (PID=898) to work on /opt/airflow/dags/airflow_pipeline.py
[2025-07-25T14:30:38.648+0000] {processor.py:830} INFO - Processing file /opt/airflow/dags/airflow_pipeline.py for tasks to queue
[2025-07-25T14:30:38.650+0000] {logging_mixin.py:188} INFO - [2025-07-25T14:30:38.650+0000] {dagbag.py:538} INFO - Filling up the DagBag from /opt/airflow/dags/airflow_pipeline.py
[2025-07-25T14:30:38.704+0000] {processor.py:840} INFO - DAG(s) 'pl001_ingest_crypto_postgres' retrieved from /opt/airflow/dags/airflow_pipeline.py
[2025-07-25T14:30:38.760+0000] {logging_mixin.py:188} INFO - [2025-07-25T14:30:38.759+0000] {dag.py:3036} INFO - Sync 1 DAGs
[2025-07-25T14:30:38.785+0000] {logging_mixin.py:188} INFO - [2025-07-25T14:30:38.784+0000] {dag.py:3823} INFO - Setting next_dagrun for pl001_ingest_crypto_postgres to None, run_after=None
[2025-07-25T14:30:38.817+0000] {processor.py:183} INFO - Processing /opt/airflow/dags/airflow_pipeline.py took 0.184 seconds
[2025-07-25T14:31:09.019+0000] {processor.py:161} INFO - Started process (PID=903) to work on /opt/airflow/dags/airflow_pipeline.py
[2025-07-25T14:31:09.021+0000] {processor.py:830} INFO - Processing file /opt/airflow/dags/airflow_pipeline.py for tasks to queue
[2025-07-25T14:31:09.022+0000] {logging_mixin.py:188} INFO - [2025-07-25T14:31:09.022+0000] {dagbag.py:538} INFO - Filling up the DagBag from /opt/airflow/dags/airflow_pipeline.py
[2025-07-25T14:31:09.051+0000] {processor.py:840} INFO - DAG(s) 'pl001_ingest_crypto_postgres' retrieved from /opt/airflow/dags/airflow_pipeline.py
[2025-07-25T14:31:09.099+0000] {logging_mixin.py:188} INFO - [2025-07-25T14:31:09.099+0000] {dag.py:3036} INFO - Sync 1 DAGs
[2025-07-25T14:31:09.117+0000] {logging_mixin.py:188} INFO - [2025-07-25T14:31:09.116+0000] {dag.py:3823} INFO - Setting next_dagrun for pl001_ingest_crypto_postgres to None, run_after=None
[2025-07-25T14:31:09.150+0000] {processor.py:183} INFO - Processing /opt/airflow/dags/airflow_pipeline.py took 0.136 seconds
[2025-07-25T14:31:39.784+0000] {processor.py:161} INFO - Started process (PID=908) to work on /opt/airflow/dags/airflow_pipeline.py
[2025-07-25T14:31:39.790+0000] {processor.py:830} INFO - Processing file /opt/airflow/dags/airflow_pipeline.py for tasks to queue
[2025-07-25T14:31:39.798+0000] {logging_mixin.py:188} INFO - [2025-07-25T14:31:39.795+0000] {dagbag.py:538} INFO - Filling up the DagBag from /opt/airflow/dags/airflow_pipeline.py
[2025-07-25T14:31:39.905+0000] {processor.py:840} INFO - DAG(s) 'pl001_ingest_crypto_postgres' retrieved from /opt/airflow/dags/airflow_pipeline.py
[2025-07-25T14:31:40.163+0000] {logging_mixin.py:188} INFO - [2025-07-25T14:31:40.162+0000] {dag.py:3036} INFO - Sync 1 DAGs
[2025-07-25T14:31:40.241+0000] {logging_mixin.py:188} INFO - [2025-07-25T14:31:40.241+0000] {dag.py:3823} INFO - Setting next_dagrun for pl001_ingest_crypto_postgres to None, run_after=None
[2025-07-25T14:31:40.273+0000] {processor.py:183} INFO - Processing /opt/airflow/dags/airflow_pipeline.py took 0.509 seconds
[2025-07-25T14:32:10.801+0000] {processor.py:161} INFO - Started process (PID=913) to work on /opt/airflow/dags/airflow_pipeline.py
[2025-07-25T14:32:10.803+0000] {processor.py:830} INFO - Processing file /opt/airflow/dags/airflow_pipeline.py for tasks to queue
[2025-07-25T14:32:10.805+0000] {logging_mixin.py:188} INFO - [2025-07-25T14:32:10.804+0000] {dagbag.py:538} INFO - Filling up the DagBag from /opt/airflow/dags/airflow_pipeline.py
[2025-07-25T14:32:10.830+0000] {processor.py:840} INFO - DAG(s) 'pl001_ingest_crypto_postgres' retrieved from /opt/airflow/dags/airflow_pipeline.py
[2025-07-25T14:32:10.874+0000] {logging_mixin.py:188} INFO - [2025-07-25T14:32:10.873+0000] {dag.py:3036} INFO - Sync 1 DAGs
[2025-07-25T14:32:10.891+0000] {logging_mixin.py:188} INFO - [2025-07-25T14:32:10.891+0000] {dag.py:3823} INFO - Setting next_dagrun for pl001_ingest_crypto_postgres to None, run_after=None
[2025-07-25T14:32:10.920+0000] {processor.py:183} INFO - Processing /opt/airflow/dags/airflow_pipeline.py took 0.126 seconds
[2025-07-25T14:32:41.307+0000] {processor.py:161} INFO - Started process (PID=918) to work on /opt/airflow/dags/airflow_pipeline.py
[2025-07-25T14:32:41.310+0000] {processor.py:830} INFO - Processing file /opt/airflow/dags/airflow_pipeline.py for tasks to queue
[2025-07-25T14:32:41.312+0000] {logging_mixin.py:188} INFO - [2025-07-25T14:32:41.311+0000] {dagbag.py:538} INFO - Filling up the DagBag from /opt/airflow/dags/airflow_pipeline.py
[2025-07-25T14:32:41.343+0000] {processor.py:840} INFO - DAG(s) 'pl001_ingest_crypto_postgres' retrieved from /opt/airflow/dags/airflow_pipeline.py
[2025-07-25T14:32:41.395+0000] {logging_mixin.py:188} INFO - [2025-07-25T14:32:41.395+0000] {dag.py:3036} INFO - Sync 1 DAGs
[2025-07-25T14:32:41.417+0000] {logging_mixin.py:188} INFO - [2025-07-25T14:32:41.417+0000] {dag.py:3823} INFO - Setting next_dagrun for pl001_ingest_crypto_postgres to None, run_after=None
[2025-07-25T14:32:41.451+0000] {processor.py:183} INFO - Processing /opt/airflow/dags/airflow_pipeline.py took 0.156 seconds
[2025-07-25T14:33:11.778+0000] {processor.py:161} INFO - Started process (PID=923) to work on /opt/airflow/dags/airflow_pipeline.py
[2025-07-25T14:33:11.780+0000] {processor.py:830} INFO - Processing file /opt/airflow/dags/airflow_pipeline.py for tasks to queue
[2025-07-25T14:33:11.781+0000] {logging_mixin.py:188} INFO - [2025-07-25T14:33:11.781+0000] {dagbag.py:538} INFO - Filling up the DagBag from /opt/airflow/dags/airflow_pipeline.py
[2025-07-25T14:33:11.807+0000] {processor.py:840} INFO - DAG(s) 'pl001_ingest_crypto_postgres' retrieved from /opt/airflow/dags/airflow_pipeline.py
[2025-07-25T14:33:11.846+0000] {logging_mixin.py:188} INFO - [2025-07-25T14:33:11.845+0000] {dag.py:3036} INFO - Sync 1 DAGs
[2025-07-25T14:33:11.861+0000] {logging_mixin.py:188} INFO - [2025-07-25T14:33:11.861+0000] {dag.py:3823} INFO - Setting next_dagrun for pl001_ingest_crypto_postgres to None, run_after=None
[2025-07-25T14:33:11.893+0000] {processor.py:183} INFO - Processing /opt/airflow/dags/airflow_pipeline.py took 0.119 seconds
[2025-07-25T14:33:42.618+0000] {processor.py:161} INFO - Started process (PID=928) to work on /opt/airflow/dags/airflow_pipeline.py
[2025-07-25T14:33:42.627+0000] {processor.py:830} INFO - Processing file /opt/airflow/dags/airflow_pipeline.py for tasks to queue
[2025-07-25T14:33:42.655+0000] {logging_mixin.py:188} INFO - [2025-07-25T14:33:42.651+0000] {dagbag.py:538} INFO - Filling up the DagBag from /opt/airflow/dags/airflow_pipeline.py
[2025-07-25T14:33:43.126+0000] {processor.py:840} INFO - DAG(s) 'pl001_ingest_crypto_postgres' retrieved from /opt/airflow/dags/airflow_pipeline.py
[2025-07-25T14:33:43.383+0000] {logging_mixin.py:188} INFO - [2025-07-25T14:33:43.382+0000] {dag.py:3036} INFO - Sync 1 DAGs
[2025-07-25T14:33:43.463+0000] {logging_mixin.py:188} INFO - [2025-07-25T14:33:43.462+0000] {dag.py:3823} INFO - Setting next_dagrun for pl001_ingest_crypto_postgres to None, run_after=None
[2025-07-25T14:33:43.598+0000] {processor.py:183} INFO - Processing /opt/airflow/dags/airflow_pipeline.py took 1.076 seconds
[2025-07-25T14:34:13.774+0000] {processor.py:161} INFO - Started process (PID=933) to work on /opt/airflow/dags/airflow_pipeline.py
[2025-07-25T14:34:13.776+0000] {processor.py:830} INFO - Processing file /opt/airflow/dags/airflow_pipeline.py for tasks to queue
[2025-07-25T14:34:13.779+0000] {logging_mixin.py:188} INFO - [2025-07-25T14:34:13.778+0000] {dagbag.py:538} INFO - Filling up the DagBag from /opt/airflow/dags/airflow_pipeline.py
[2025-07-25T14:34:13.829+0000] {processor.py:840} INFO - DAG(s) 'pl001_ingest_crypto_postgres' retrieved from /opt/airflow/dags/airflow_pipeline.py
[2025-07-25T14:34:14.006+0000] {logging_mixin.py:188} INFO - [2025-07-25T14:34:14.005+0000] {dag.py:3036} INFO - Sync 1 DAGs
[2025-07-25T14:34:14.068+0000] {logging_mixin.py:188} INFO - [2025-07-25T14:34:14.067+0000] {dag.py:3823} INFO - Setting next_dagrun for pl001_ingest_crypto_postgres to None, run_after=None
[2025-07-25T14:34:14.122+0000] {processor.py:183} INFO - Processing /opt/airflow/dags/airflow_pipeline.py took 0.357 seconds
[2025-07-25T14:34:44.853+0000] {processor.py:161} INFO - Started process (PID=938) to work on /opt/airflow/dags/airflow_pipeline.py
[2025-07-25T14:34:44.855+0000] {processor.py:830} INFO - Processing file /opt/airflow/dags/airflow_pipeline.py for tasks to queue
[2025-07-25T14:34:44.857+0000] {logging_mixin.py:188} INFO - [2025-07-25T14:34:44.856+0000] {dagbag.py:538} INFO - Filling up the DagBag from /opt/airflow/dags/airflow_pipeline.py
[2025-07-25T14:34:44.887+0000] {processor.py:840} INFO - DAG(s) 'pl001_ingest_crypto_postgres' retrieved from /opt/airflow/dags/airflow_pipeline.py
[2025-07-25T14:34:44.943+0000] {logging_mixin.py:188} INFO - [2025-07-25T14:34:44.942+0000] {dag.py:3036} INFO - Sync 1 DAGs
[2025-07-25T14:34:44.967+0000] {logging_mixin.py:188} INFO - [2025-07-25T14:34:44.966+0000] {dag.py:3823} INFO - Setting next_dagrun for pl001_ingest_crypto_postgres to None, run_after=None
[2025-07-25T14:34:45.006+0000] {processor.py:183} INFO - Processing /opt/airflow/dags/airflow_pipeline.py took 0.159 seconds
[2025-07-25T14:35:15.289+0000] {processor.py:161} INFO - Started process (PID=943) to work on /opt/airflow/dags/airflow_pipeline.py
[2025-07-25T14:35:15.291+0000] {processor.py:830} INFO - Processing file /opt/airflow/dags/airflow_pipeline.py for tasks to queue
[2025-07-25T14:35:15.293+0000] {logging_mixin.py:188} INFO - [2025-07-25T14:35:15.292+0000] {dagbag.py:538} INFO - Filling up the DagBag from /opt/airflow/dags/airflow_pipeline.py
[2025-07-25T14:35:15.321+0000] {processor.py:840} INFO - DAG(s) 'pl001_ingest_crypto_postgres' retrieved from /opt/airflow/dags/airflow_pipeline.py
[2025-07-25T14:35:15.361+0000] {logging_mixin.py:188} INFO - [2025-07-25T14:35:15.360+0000] {dag.py:3036} INFO - Sync 1 DAGs
[2025-07-25T14:35:15.377+0000] {logging_mixin.py:188} INFO - [2025-07-25T14:35:15.376+0000] {dag.py:3823} INFO - Setting next_dagrun for pl001_ingest_crypto_postgres to None, run_after=None
[2025-07-25T14:35:15.408+0000] {processor.py:183} INFO - Processing /opt/airflow/dags/airflow_pipeline.py took 0.124 seconds
[2025-07-25T14:35:45.675+0000] {processor.py:161} INFO - Started process (PID=948) to work on /opt/airflow/dags/airflow_pipeline.py
[2025-07-25T14:35:45.677+0000] {processor.py:830} INFO - Processing file /opt/airflow/dags/airflow_pipeline.py for tasks to queue
[2025-07-25T14:35:45.678+0000] {logging_mixin.py:188} INFO - [2025-07-25T14:35:45.678+0000] {dagbag.py:538} INFO - Filling up the DagBag from /opt/airflow/dags/airflow_pipeline.py
[2025-07-25T14:35:45.715+0000] {processor.py:840} INFO - DAG(s) 'pl001_ingest_crypto_postgres' retrieved from /opt/airflow/dags/airflow_pipeline.py
[2025-07-25T14:35:45.768+0000] {logging_mixin.py:188} INFO - [2025-07-25T14:35:45.768+0000] {dag.py:3036} INFO - Sync 1 DAGs
[2025-07-25T14:35:45.788+0000] {logging_mixin.py:188} INFO - [2025-07-25T14:35:45.788+0000] {dag.py:3823} INFO - Setting next_dagrun for pl001_ingest_crypto_postgres to None, run_after=None
[2025-07-25T14:35:45.822+0000] {processor.py:183} INFO - Processing /opt/airflow/dags/airflow_pipeline.py took 0.155 seconds
[2025-07-25T14:37:06.983+0000] {processor.py:161} INFO - Started process (PID=161) to work on /opt/airflow/dags/airflow_pipeline.py
[2025-07-25T14:37:06.985+0000] {processor.py:830} INFO - Processing file /opt/airflow/dags/airflow_pipeline.py for tasks to queue
[2025-07-25T14:37:06.987+0000] {logging_mixin.py:188} INFO - [2025-07-25T14:37:06.987+0000] {dagbag.py:538} INFO - Filling up the DagBag from /opt/airflow/dags/airflow_pipeline.py
[2025-07-25T14:37:07.055+0000] {processor.py:840} INFO - DAG(s) 'pl001_ingest_crypto_postgres' retrieved from /opt/airflow/dags/airflow_pipeline.py
[2025-07-25T14:37:07.149+0000] {logging_mixin.py:188} INFO - [2025-07-25T14:37:07.149+0000] {dag.py:3036} INFO - Sync 1 DAGs
[2025-07-25T14:37:07.172+0000] {logging_mixin.py:188} INFO - [2025-07-25T14:37:07.172+0000] {dag.py:3823} INFO - Setting next_dagrun for pl001_ingest_crypto_postgres to None, run_after=None
[2025-07-25T14:37:07.202+0000] {processor.py:183} INFO - Processing /opt/airflow/dags/airflow_pipeline.py took 0.225 seconds
[2025-07-25T14:37:37.772+0000] {processor.py:161} INFO - Started process (PID=166) to work on /opt/airflow/dags/airflow_pipeline.py
[2025-07-25T14:37:37.777+0000] {processor.py:830} INFO - Processing file /opt/airflow/dags/airflow_pipeline.py for tasks to queue
[2025-07-25T14:37:37.782+0000] {logging_mixin.py:188} INFO - [2025-07-25T14:37:37.780+0000] {dagbag.py:538} INFO - Filling up the DagBag from /opt/airflow/dags/airflow_pipeline.py
[2025-07-25T14:37:37.844+0000] {processor.py:840} INFO - DAG(s) 'pl001_ingest_crypto_postgres' retrieved from /opt/airflow/dags/airflow_pipeline.py
[2025-07-25T14:37:37.908+0000] {logging_mixin.py:188} INFO - [2025-07-25T14:37:37.908+0000] {dag.py:3036} INFO - Sync 1 DAGs
[2025-07-25T14:37:37.933+0000] {logging_mixin.py:188} INFO - [2025-07-25T14:37:37.933+0000] {dag.py:3823} INFO - Setting next_dagrun for pl001_ingest_crypto_postgres to None, run_after=None
[2025-07-25T14:37:37.976+0000] {processor.py:183} INFO - Processing /opt/airflow/dags/airflow_pipeline.py took 0.224 seconds
[2025-07-25T14:38:08.483+0000] {processor.py:161} INFO - Started process (PID=171) to work on /opt/airflow/dags/airflow_pipeline.py
[2025-07-25T14:38:08.485+0000] {processor.py:830} INFO - Processing file /opt/airflow/dags/airflow_pipeline.py for tasks to queue
[2025-07-25T14:38:08.488+0000] {logging_mixin.py:188} INFO - [2025-07-25T14:38:08.487+0000] {dagbag.py:538} INFO - Filling up the DagBag from /opt/airflow/dags/airflow_pipeline.py
[2025-07-25T14:38:08.516+0000] {processor.py:840} INFO - DAG(s) 'pl001_ingest_crypto_postgres' retrieved from /opt/airflow/dags/airflow_pipeline.py
[2025-07-25T14:38:08.560+0000] {logging_mixin.py:188} INFO - [2025-07-25T14:38:08.560+0000] {dag.py:3036} INFO - Sync 1 DAGs
[2025-07-25T14:38:08.577+0000] {logging_mixin.py:188} INFO - [2025-07-25T14:38:08.577+0000] {dag.py:3823} INFO - Setting next_dagrun for pl001_ingest_crypto_postgres to None, run_after=None
[2025-07-25T14:38:08.606+0000] {processor.py:183} INFO - Processing /opt/airflow/dags/airflow_pipeline.py took 0.133 seconds
[2025-07-25T14:38:39.478+0000] {processor.py:161} INFO - Started process (PID=176) to work on /opt/airflow/dags/airflow_pipeline.py
[2025-07-25T14:38:39.492+0000] {processor.py:830} INFO - Processing file /opt/airflow/dags/airflow_pipeline.py for tasks to queue
[2025-07-25T14:38:39.497+0000] {logging_mixin.py:188} INFO - [2025-07-25T14:38:39.495+0000] {dagbag.py:538} INFO - Filling up the DagBag from /opt/airflow/dags/airflow_pipeline.py
[2025-07-25T14:38:39.574+0000] {processor.py:840} INFO - DAG(s) 'pl001_ingest_crypto_postgres' retrieved from /opt/airflow/dags/airflow_pipeline.py
[2025-07-25T14:38:39.741+0000] {logging_mixin.py:188} INFO - [2025-07-25T14:38:39.741+0000] {dag.py:3036} INFO - Sync 1 DAGs
[2025-07-25T14:38:39.823+0000] {logging_mixin.py:188} INFO - [2025-07-25T14:38:39.822+0000] {dag.py:3823} INFO - Setting next_dagrun for pl001_ingest_crypto_postgres to None, run_after=None
[2025-07-25T14:38:39.947+0000] {processor.py:183} INFO - Processing /opt/airflow/dags/airflow_pipeline.py took 0.490 seconds
[2025-07-25T14:39:10.144+0000] {processor.py:161} INFO - Started process (PID=181) to work on /opt/airflow/dags/airflow_pipeline.py
[2025-07-25T14:39:10.146+0000] {processor.py:830} INFO - Processing file /opt/airflow/dags/airflow_pipeline.py for tasks to queue
[2025-07-25T14:39:10.148+0000] {logging_mixin.py:188} INFO - [2025-07-25T14:39:10.147+0000] {dagbag.py:538} INFO - Filling up the DagBag from /opt/airflow/dags/airflow_pipeline.py
[2025-07-25T14:39:10.170+0000] {processor.py:840} INFO - DAG(s) 'pl001_ingest_crypto_postgres' retrieved from /opt/airflow/dags/airflow_pipeline.py
[2025-07-25T14:39:10.210+0000] {logging_mixin.py:188} INFO - [2025-07-25T14:39:10.210+0000] {dag.py:3036} INFO - Sync 1 DAGs
[2025-07-25T14:39:10.229+0000] {logging_mixin.py:188} INFO - [2025-07-25T14:39:10.229+0000] {dag.py:3823} INFO - Setting next_dagrun for pl001_ingest_crypto_postgres to None, run_after=None
[2025-07-25T14:39:10.260+0000] {processor.py:183} INFO - Processing /opt/airflow/dags/airflow_pipeline.py took 0.124 seconds
[2025-07-25T14:40:34.045+0000] {processor.py:161} INFO - Started process (PID=159) to work on /opt/airflow/dags/airflow_pipeline.py
[2025-07-25T14:40:34.053+0000] {processor.py:830} INFO - Processing file /opt/airflow/dags/airflow_pipeline.py for tasks to queue
[2025-07-25T14:40:34.060+0000] {logging_mixin.py:188} INFO - [2025-07-25T14:40:34.058+0000] {dagbag.py:538} INFO - Filling up the DagBag from /opt/airflow/dags/airflow_pipeline.py
[2025-07-25T14:40:34.268+0000] {processor.py:840} INFO - DAG(s) 'pl001_ingest_crypto_postgres' retrieved from /opt/airflow/dags/airflow_pipeline.py
[2025-07-25T14:40:34.413+0000] {logging_mixin.py:188} INFO - [2025-07-25T14:40:34.412+0000] {dag.py:3036} INFO - Sync 1 DAGs
[2025-07-25T14:40:34.435+0000] {logging_mixin.py:188} INFO - [2025-07-25T14:40:34.435+0000] {dag.py:3823} INFO - Setting next_dagrun for pl001_ingest_crypto_postgres to None, run_after=None
[2025-07-25T14:40:34.465+0000] {processor.py:183} INFO - Processing /opt/airflow/dags/airflow_pipeline.py took 0.447 seconds
[2025-07-25T14:41:04.779+0000] {processor.py:161} INFO - Started process (PID=164) to work on /opt/airflow/dags/airflow_pipeline.py
[2025-07-25T14:41:04.781+0000] {processor.py:830} INFO - Processing file /opt/airflow/dags/airflow_pipeline.py for tasks to queue
[2025-07-25T14:41:04.784+0000] {logging_mixin.py:188} INFO - [2025-07-25T14:41:04.782+0000] {dagbag.py:538} INFO - Filling up the DagBag from /opt/airflow/dags/airflow_pipeline.py
[2025-07-25T14:41:04.879+0000] {processor.py:840} INFO - DAG(s) 'pl001_ingest_crypto_postgres' retrieved from /opt/airflow/dags/airflow_pipeline.py
[2025-07-25T14:41:04.965+0000] {logging_mixin.py:188} INFO - [2025-07-25T14:41:04.965+0000] {dag.py:3036} INFO - Sync 1 DAGs
[2025-07-25T14:41:04.992+0000] {logging_mixin.py:188} INFO - [2025-07-25T14:41:04.991+0000] {dag.py:3823} INFO - Setting next_dagrun for pl001_ingest_crypto_postgres to None, run_after=None
[2025-07-25T14:41:05.048+0000] {processor.py:183} INFO - Processing /opt/airflow/dags/airflow_pipeline.py took 0.276 seconds
[2025-07-25T14:41:36.299+0000] {processor.py:161} INFO - Started process (PID=169) to work on /opt/airflow/dags/airflow_pipeline.py
[2025-07-25T14:41:36.301+0000] {processor.py:830} INFO - Processing file /opt/airflow/dags/airflow_pipeline.py for tasks to queue
[2025-07-25T14:41:36.304+0000] {logging_mixin.py:188} INFO - [2025-07-25T14:41:36.303+0000] {dagbag.py:538} INFO - Filling up the DagBag from /opt/airflow/dags/airflow_pipeline.py
[2025-07-25T14:41:36.373+0000] {processor.py:840} INFO - DAG(s) 'pl001_ingest_crypto_postgres' retrieved from /opt/airflow/dags/airflow_pipeline.py
[2025-07-25T14:41:36.474+0000] {logging_mixin.py:188} INFO - [2025-07-25T14:41:36.472+0000] {dag.py:3036} INFO - Sync 1 DAGs
[2025-07-25T14:41:36.510+0000] {logging_mixin.py:188} INFO - [2025-07-25T14:41:36.510+0000] {dag.py:3823} INFO - Setting next_dagrun for pl001_ingest_crypto_postgres to None, run_after=None
[2025-07-25T14:41:36.614+0000] {processor.py:183} INFO - Processing /opt/airflow/dags/airflow_pipeline.py took 0.323 seconds
[2025-07-25T14:42:07.093+0000] {processor.py:161} INFO - Started process (PID=174) to work on /opt/airflow/dags/airflow_pipeline.py
[2025-07-25T14:42:07.095+0000] {processor.py:830} INFO - Processing file /opt/airflow/dags/airflow_pipeline.py for tasks to queue
[2025-07-25T14:42:07.096+0000] {logging_mixin.py:188} INFO - [2025-07-25T14:42:07.096+0000] {dagbag.py:538} INFO - Filling up the DagBag from /opt/airflow/dags/airflow_pipeline.py
[2025-07-25T14:42:07.120+0000] {processor.py:840} INFO - DAG(s) 'pl001_ingest_crypto_postgres' retrieved from /opt/airflow/dags/airflow_pipeline.py
[2025-07-25T14:42:07.158+0000] {logging_mixin.py:188} INFO - [2025-07-25T14:42:07.157+0000] {dag.py:3036} INFO - Sync 1 DAGs
[2025-07-25T14:42:07.173+0000] {logging_mixin.py:188} INFO - [2025-07-25T14:42:07.173+0000] {dag.py:3823} INFO - Setting next_dagrun for pl001_ingest_crypto_postgres to None, run_after=None
[2025-07-25T14:42:07.199+0000] {processor.py:183} INFO - Processing /opt/airflow/dags/airflow_pipeline.py took 0.111 seconds
[2025-07-25T14:42:37.464+0000] {processor.py:161} INFO - Started process (PID=179) to work on /opt/airflow/dags/airflow_pipeline.py
[2025-07-25T14:42:37.465+0000] {processor.py:830} INFO - Processing file /opt/airflow/dags/airflow_pipeline.py for tasks to queue
[2025-07-25T14:42:37.467+0000] {logging_mixin.py:188} INFO - [2025-07-25T14:42:37.467+0000] {dagbag.py:538} INFO - Filling up the DagBag from /opt/airflow/dags/airflow_pipeline.py
[2025-07-25T14:42:37.496+0000] {processor.py:840} INFO - DAG(s) 'pl001_ingest_crypto_postgres' retrieved from /opt/airflow/dags/airflow_pipeline.py
[2025-07-25T14:42:37.534+0000] {logging_mixin.py:188} INFO - [2025-07-25T14:42:37.534+0000] {dag.py:3036} INFO - Sync 1 DAGs
[2025-07-25T14:42:37.549+0000] {logging_mixin.py:188} INFO - [2025-07-25T14:42:37.549+0000] {dag.py:3823} INFO - Setting next_dagrun for pl001_ingest_crypto_postgres to None, run_after=None
[2025-07-25T14:42:37.614+0000] {processor.py:183} INFO - Processing /opt/airflow/dags/airflow_pipeline.py took 0.155 seconds
[2025-07-25T14:43:08.033+0000] {processor.py:161} INFO - Started process (PID=184) to work on /opt/airflow/dags/airflow_pipeline.py
[2025-07-25T14:43:08.035+0000] {processor.py:830} INFO - Processing file /opt/airflow/dags/airflow_pipeline.py for tasks to queue
[2025-07-25T14:43:08.036+0000] {logging_mixin.py:188} INFO - [2025-07-25T14:43:08.036+0000] {dagbag.py:538} INFO - Filling up the DagBag from /opt/airflow/dags/airflow_pipeline.py
[2025-07-25T14:43:08.059+0000] {processor.py:840} INFO - DAG(s) 'pl001_ingest_crypto_postgres' retrieved from /opt/airflow/dags/airflow_pipeline.py
[2025-07-25T14:43:08.096+0000] {logging_mixin.py:188} INFO - [2025-07-25T14:43:08.096+0000] {dag.py:3036} INFO - Sync 1 DAGs
[2025-07-25T14:43:08.112+0000] {logging_mixin.py:188} INFO - [2025-07-25T14:43:08.112+0000] {dag.py:3823} INFO - Setting next_dagrun for pl001_ingest_crypto_postgres to None, run_after=None
[2025-07-25T14:43:08.139+0000] {processor.py:183} INFO - Processing /opt/airflow/dags/airflow_pipeline.py took 0.110 seconds
[2025-07-25T14:43:38.454+0000] {processor.py:161} INFO - Started process (PID=189) to work on /opt/airflow/dags/airflow_pipeline.py
[2025-07-25T14:43:38.456+0000] {processor.py:830} INFO - Processing file /opt/airflow/dags/airflow_pipeline.py for tasks to queue
[2025-07-25T14:43:38.458+0000] {logging_mixin.py:188} INFO - [2025-07-25T14:43:38.458+0000] {dagbag.py:538} INFO - Filling up the DagBag from /opt/airflow/dags/airflow_pipeline.py
[2025-07-25T14:43:38.488+0000] {processor.py:840} INFO - DAG(s) 'pl001_ingest_crypto_postgres' retrieved from /opt/airflow/dags/airflow_pipeline.py
[2025-07-25T14:43:38.528+0000] {logging_mixin.py:188} INFO - [2025-07-25T14:43:38.528+0000] {dag.py:3036} INFO - Sync 1 DAGs
[2025-07-25T14:43:38.544+0000] {logging_mixin.py:188} INFO - [2025-07-25T14:43:38.543+0000] {dag.py:3823} INFO - Setting next_dagrun for pl001_ingest_crypto_postgres to None, run_after=None
[2025-07-25T14:43:38.570+0000] {processor.py:183} INFO - Processing /opt/airflow/dags/airflow_pipeline.py took 0.123 seconds
[2025-07-25T14:44:09.161+0000] {processor.py:161} INFO - Started process (PID=194) to work on /opt/airflow/dags/airflow_pipeline.py
[2025-07-25T14:44:09.162+0000] {processor.py:830} INFO - Processing file /opt/airflow/dags/airflow_pipeline.py for tasks to queue
[2025-07-25T14:44:09.164+0000] {logging_mixin.py:188} INFO - [2025-07-25T14:44:09.163+0000] {dagbag.py:538} INFO - Filling up the DagBag from /opt/airflow/dags/airflow_pipeline.py
[2025-07-25T14:44:09.190+0000] {processor.py:840} INFO - DAG(s) 'pl001_ingest_crypto_postgres' retrieved from /opt/airflow/dags/airflow_pipeline.py
[2025-07-25T14:44:09.230+0000] {logging_mixin.py:188} INFO - [2025-07-25T14:44:09.229+0000] {dag.py:3036} INFO - Sync 1 DAGs
[2025-07-25T14:44:09.245+0000] {logging_mixin.py:188} INFO - [2025-07-25T14:44:09.245+0000] {dag.py:3823} INFO - Setting next_dagrun for pl001_ingest_crypto_postgres to None, run_after=None
[2025-07-25T14:44:09.271+0000] {processor.py:183} INFO - Processing /opt/airflow/dags/airflow_pipeline.py took 0.114 seconds
[2025-07-25T14:44:39.534+0000] {processor.py:161} INFO - Started process (PID=199) to work on /opt/airflow/dags/airflow_pipeline.py
[2025-07-25T14:44:39.536+0000] {processor.py:830} INFO - Processing file /opt/airflow/dags/airflow_pipeline.py for tasks to queue
[2025-07-25T14:44:39.537+0000] {logging_mixin.py:188} INFO - [2025-07-25T14:44:39.537+0000] {dagbag.py:538} INFO - Filling up the DagBag from /opt/airflow/dags/airflow_pipeline.py
[2025-07-25T14:44:39.564+0000] {processor.py:840} INFO - DAG(s) 'pl001_ingest_crypto_postgres' retrieved from /opt/airflow/dags/airflow_pipeline.py
[2025-07-25T14:44:39.606+0000] {logging_mixin.py:188} INFO - [2025-07-25T14:44:39.606+0000] {dag.py:3036} INFO - Sync 1 DAGs
[2025-07-25T14:44:39.623+0000] {logging_mixin.py:188} INFO - [2025-07-25T14:44:39.623+0000] {dag.py:3823} INFO - Setting next_dagrun for pl001_ingest_crypto_postgres to None, run_after=None
[2025-07-25T14:44:39.651+0000] {processor.py:183} INFO - Processing /opt/airflow/dags/airflow_pipeline.py took 0.122 seconds
[2025-07-25T14:45:10.030+0000] {processor.py:161} INFO - Started process (PID=204) to work on /opt/airflow/dags/airflow_pipeline.py
[2025-07-25T14:45:10.050+0000] {processor.py:830} INFO - Processing file /opt/airflow/dags/airflow_pipeline.py for tasks to queue
[2025-07-25T14:45:10.070+0000] {logging_mixin.py:188} INFO - [2025-07-25T14:45:10.067+0000] {dagbag.py:538} INFO - Filling up the DagBag from /opt/airflow/dags/airflow_pipeline.py
[2025-07-25T14:45:10.387+0000] {processor.py:840} INFO - DAG(s) 'pl001_ingest_crypto_postgres' retrieved from /opt/airflow/dags/airflow_pipeline.py
[2025-07-25T14:45:11.081+0000] {logging_mixin.py:188} INFO - [2025-07-25T14:45:11.079+0000] {dag.py:3036} INFO - Sync 1 DAGs
[2025-07-25T14:45:11.455+0000] {logging_mixin.py:188} INFO - [2025-07-25T14:45:11.453+0000] {dag.py:3823} INFO - Setting next_dagrun for pl001_ingest_crypto_postgres to None, run_after=None
[2025-07-25T14:45:12.053+0000] {processor.py:183} INFO - Processing /opt/airflow/dags/airflow_pipeline.py took 2.106 seconds
[2025-07-25T14:45:42.655+0000] {processor.py:161} INFO - Started process (PID=209) to work on /opt/airflow/dags/airflow_pipeline.py
[2025-07-25T14:45:42.657+0000] {processor.py:830} INFO - Processing file /opt/airflow/dags/airflow_pipeline.py for tasks to queue
[2025-07-25T14:45:42.659+0000] {logging_mixin.py:188} INFO - [2025-07-25T14:45:42.659+0000] {dagbag.py:538} INFO - Filling up the DagBag from /opt/airflow/dags/airflow_pipeline.py
[2025-07-25T14:45:42.685+0000] {processor.py:840} INFO - DAG(s) 'pl001_ingest_crypto_postgres' retrieved from /opt/airflow/dags/airflow_pipeline.py
[2025-07-25T14:45:42.724+0000] {logging_mixin.py:188} INFO - [2025-07-25T14:45:42.724+0000] {dag.py:3036} INFO - Sync 1 DAGs
[2025-07-25T14:45:42.746+0000] {logging_mixin.py:188} INFO - [2025-07-25T14:45:42.745+0000] {dag.py:3823} INFO - Setting next_dagrun for pl001_ingest_crypto_postgres to None, run_after=None
[2025-07-25T14:45:42.774+0000] {processor.py:183} INFO - Processing /opt/airflow/dags/airflow_pipeline.py took 0.126 seconds
[2025-07-25T14:46:13.770+0000] {processor.py:161} INFO - Started process (PID=214) to work on /opt/airflow/dags/airflow_pipeline.py
[2025-07-25T14:46:13.900+0000] {processor.py:830} INFO - Processing file /opt/airflow/dags/airflow_pipeline.py for tasks to queue
[2025-07-25T14:46:13.922+0000] {logging_mixin.py:188} INFO - [2025-07-25T14:46:13.909+0000] {dagbag.py:538} INFO - Filling up the DagBag from /opt/airflow/dags/airflow_pipeline.py
[2025-07-25T14:46:14.236+0000] {processor.py:840} INFO - DAG(s) 'pl001_ingest_crypto_postgres' retrieved from /opt/airflow/dags/airflow_pipeline.py
[2025-07-25T14:46:14.992+0000] {logging_mixin.py:188} INFO - [2025-07-25T14:46:14.979+0000] {dag.py:3036} INFO - Sync 1 DAGs
[2025-07-25T14:46:15.300+0000] {logging_mixin.py:188} INFO - [2025-07-25T14:46:15.298+0000] {dag.py:3823} INFO - Setting next_dagrun for pl001_ingest_crypto_postgres to None, run_after=None
[2025-07-25T14:46:15.695+0000] {processor.py:183} INFO - Processing /opt/airflow/dags/airflow_pipeline.py took 2.010 seconds
[2025-07-25T14:47:49.927+0000] {processor.py:161} INFO - Started process (PID=160) to work on /opt/airflow/dags/airflow_pipeline.py
[2025-07-25T14:47:49.929+0000] {processor.py:830} INFO - Processing file /opt/airflow/dags/airflow_pipeline.py for tasks to queue
[2025-07-25T14:47:49.931+0000] {logging_mixin.py:188} INFO - [2025-07-25T14:47:49.930+0000] {dagbag.py:538} INFO - Filling up the DagBag from /opt/airflow/dags/airflow_pipeline.py
[2025-07-25T14:47:49.979+0000] {processor.py:840} INFO - DAG(s) 'pl001_ingest_crypto_postgres' retrieved from /opt/airflow/dags/airflow_pipeline.py
[2025-07-25T14:47:50.067+0000] {logging_mixin.py:188} INFO - [2025-07-25T14:47:50.067+0000] {dag.py:3036} INFO - Sync 1 DAGs
[2025-07-25T14:47:50.090+0000] {logging_mixin.py:188} INFO - [2025-07-25T14:47:50.090+0000] {dag.py:3823} INFO - Setting next_dagrun for pl001_ingest_crypto_postgres to None, run_after=None
[2025-07-25T14:47:50.121+0000] {processor.py:183} INFO - Processing /opt/airflow/dags/airflow_pipeline.py took 0.199 seconds
[2025-07-25T14:48:20.253+0000] {processor.py:161} INFO - Started process (PID=165) to work on /opt/airflow/dags/airflow_pipeline.py
[2025-07-25T14:48:20.254+0000] {processor.py:830} INFO - Processing file /opt/airflow/dags/airflow_pipeline.py for tasks to queue
[2025-07-25T14:48:20.258+0000] {logging_mixin.py:188} INFO - [2025-07-25T14:48:20.256+0000] {dagbag.py:538} INFO - Filling up the DagBag from /opt/airflow/dags/airflow_pipeline.py
[2025-07-25T14:48:20.297+0000] {processor.py:840} INFO - DAG(s) 'pl001_ingest_crypto_postgres' retrieved from /opt/airflow/dags/airflow_pipeline.py
[2025-07-25T14:48:20.347+0000] {logging_mixin.py:188} INFO - [2025-07-25T14:48:20.346+0000] {dag.py:3036} INFO - Sync 1 DAGs
[2025-07-25T14:48:20.362+0000] {logging_mixin.py:188} INFO - [2025-07-25T14:48:20.362+0000] {dag.py:3823} INFO - Setting next_dagrun for pl001_ingest_crypto_postgres to None, run_after=None
[2025-07-25T14:48:20.388+0000] {processor.py:183} INFO - Processing /opt/airflow/dags/airflow_pipeline.py took 0.142 seconds
[2025-07-25T14:48:50.583+0000] {processor.py:161} INFO - Started process (PID=170) to work on /opt/airflow/dags/airflow_pipeline.py
[2025-07-25T14:48:50.585+0000] {processor.py:830} INFO - Processing file /opt/airflow/dags/airflow_pipeline.py for tasks to queue
[2025-07-25T14:48:50.586+0000] {logging_mixin.py:188} INFO - [2025-07-25T14:48:50.586+0000] {dagbag.py:538} INFO - Filling up the DagBag from /opt/airflow/dags/airflow_pipeline.py
[2025-07-25T14:48:50.610+0000] {processor.py:840} INFO - DAG(s) 'pl001_ingest_crypto_postgres' retrieved from /opt/airflow/dags/airflow_pipeline.py
[2025-07-25T14:48:50.648+0000] {logging_mixin.py:188} INFO - [2025-07-25T14:48:50.648+0000] {dag.py:3036} INFO - Sync 1 DAGs
[2025-07-25T14:48:50.663+0000] {logging_mixin.py:188} INFO - [2025-07-25T14:48:50.663+0000] {dag.py:3823} INFO - Setting next_dagrun for pl001_ingest_crypto_postgres to None, run_after=None
[2025-07-25T14:48:50.690+0000] {processor.py:183} INFO - Processing /opt/airflow/dags/airflow_pipeline.py took 0.114 seconds
[2025-07-25T14:49:21.021+0000] {processor.py:161} INFO - Started process (PID=175) to work on /opt/airflow/dags/airflow_pipeline.py
[2025-07-25T14:49:21.023+0000] {processor.py:830} INFO - Processing file /opt/airflow/dags/airflow_pipeline.py for tasks to queue
[2025-07-25T14:49:21.025+0000] {logging_mixin.py:188} INFO - [2025-07-25T14:49:21.025+0000] {dagbag.py:538} INFO - Filling up the DagBag from /opt/airflow/dags/airflow_pipeline.py
[2025-07-25T14:49:21.059+0000] {processor.py:840} INFO - DAG(s) 'pl001_ingest_crypto_postgres' retrieved from /opt/airflow/dags/airflow_pipeline.py
[2025-07-25T14:49:21.098+0000] {logging_mixin.py:188} INFO - [2025-07-25T14:49:21.098+0000] {dag.py:3036} INFO - Sync 1 DAGs
[2025-07-25T14:49:21.113+0000] {logging_mixin.py:188} INFO - [2025-07-25T14:49:21.113+0000] {dag.py:3823} INFO - Setting next_dagrun for pl001_ingest_crypto_postgres to None, run_after=None
[2025-07-25T14:49:21.140+0000] {processor.py:183} INFO - Processing /opt/airflow/dags/airflow_pipeline.py took 0.125 seconds
[2025-07-25T14:49:51.439+0000] {processor.py:161} INFO - Started process (PID=180) to work on /opt/airflow/dags/airflow_pipeline.py
[2025-07-25T14:49:51.440+0000] {processor.py:830} INFO - Processing file /opt/airflow/dags/airflow_pipeline.py for tasks to queue
[2025-07-25T14:49:51.443+0000] {logging_mixin.py:188} INFO - [2025-07-25T14:49:51.442+0000] {dagbag.py:538} INFO - Filling up the DagBag from /opt/airflow/dags/airflow_pipeline.py
[2025-07-25T14:49:51.471+0000] {processor.py:840} INFO - DAG(s) 'pl001_ingest_crypto_postgres' retrieved from /opt/airflow/dags/airflow_pipeline.py
[2025-07-25T14:49:51.514+0000] {logging_mixin.py:188} INFO - [2025-07-25T14:49:51.514+0000] {dag.py:3036} INFO - Sync 1 DAGs
[2025-07-25T14:49:51.531+0000] {logging_mixin.py:188} INFO - [2025-07-25T14:49:51.530+0000] {dag.py:3823} INFO - Setting next_dagrun for pl001_ingest_crypto_postgres to None, run_after=None
[2025-07-25T14:49:51.560+0000] {processor.py:183} INFO - Processing /opt/airflow/dags/airflow_pipeline.py took 0.128 seconds
[2025-07-25T14:50:21.793+0000] {processor.py:161} INFO - Started process (PID=185) to work on /opt/airflow/dags/airflow_pipeline.py
[2025-07-25T14:50:21.794+0000] {processor.py:830} INFO - Processing file /opt/airflow/dags/airflow_pipeline.py for tasks to queue
[2025-07-25T14:50:21.796+0000] {logging_mixin.py:188} INFO - [2025-07-25T14:50:21.795+0000] {dagbag.py:538} INFO - Filling up the DagBag from /opt/airflow/dags/airflow_pipeline.py
[2025-07-25T14:50:21.820+0000] {processor.py:840} INFO - DAG(s) 'pl001_ingest_crypto_postgres' retrieved from /opt/airflow/dags/airflow_pipeline.py
[2025-07-25T14:50:21.870+0000] {logging_mixin.py:188} INFO - [2025-07-25T14:50:21.869+0000] {dag.py:3036} INFO - Sync 1 DAGs
[2025-07-25T14:50:21.890+0000] {logging_mixin.py:188} INFO - [2025-07-25T14:50:21.889+0000] {dag.py:3823} INFO - Setting next_dagrun for pl001_ingest_crypto_postgres to None, run_after=None
[2025-07-25T14:50:21.917+0000] {processor.py:183} INFO - Processing /opt/airflow/dags/airflow_pipeline.py took 0.128 seconds
[2025-07-25T14:50:53.274+0000] {processor.py:161} INFO - Started process (PID=190) to work on /opt/airflow/dags/airflow_pipeline.py
[2025-07-25T14:50:53.333+0000] {processor.py:830} INFO - Processing file /opt/airflow/dags/airflow_pipeline.py for tasks to queue
[2025-07-25T14:50:53.367+0000] {logging_mixin.py:188} INFO - [2025-07-25T14:50:53.365+0000] {dagbag.py:538} INFO - Filling up the DagBag from /opt/airflow/dags/airflow_pipeline.py
[2025-07-25T14:50:53.541+0000] {processor.py:840} INFO - DAG(s) 'pl001_ingest_crypto_postgres' retrieved from /opt/airflow/dags/airflow_pipeline.py
[2025-07-25T14:50:53.681+0000] {logging_mixin.py:188} INFO - [2025-07-25T14:50:53.680+0000] {dag.py:3036} INFO - Sync 1 DAGs
[2025-07-25T14:50:53.758+0000] {logging_mixin.py:188} INFO - [2025-07-25T14:50:53.758+0000] {dag.py:3823} INFO - Setting next_dagrun for pl001_ingest_crypto_postgres to None, run_after=None
[2025-07-25T14:50:53.888+0000] {processor.py:183} INFO - Processing /opt/airflow/dags/airflow_pipeline.py took 0.692 seconds
[2025-07-25T14:51:34.307+0000] {processor.py:161} INFO - Started process (PID=195) to work on /opt/airflow/dags/airflow_pipeline.py
[2025-07-25T14:51:34.972+0000] {processor.py:830} INFO - Processing file /opt/airflow/dags/airflow_pipeline.py for tasks to queue
[2025-07-25T14:51:35.294+0000] {logging_mixin.py:188} INFO - [2025-07-25T14:51:35.290+0000] {dagbag.py:538} INFO - Filling up the DagBag from /opt/airflow/dags/airflow_pipeline.py
[2025-07-25T14:51:42.231+0000] {processor.py:840} INFO - DAG(s) 'pl001_ingest_crypto_postgres' retrieved from /opt/airflow/dags/airflow_pipeline.py
[2025-07-25T14:51:43.098+0000] {logging_mixin.py:188} INFO - [2025-07-25T14:51:43.096+0000] {dag.py:3036} INFO - Sync 1 DAGs
[2025-07-25T14:51:43.488+0000] {logging_mixin.py:188} INFO - [2025-07-25T14:51:43.486+0000] {dag.py:3823} INFO - Setting next_dagrun for pl001_ingest_crypto_postgres to None, run_after=None
[2025-07-25T14:51:44.401+0000] {processor.py:183} INFO - Processing /opt/airflow/dags/airflow_pipeline.py took 10.105 seconds
[2025-07-25T14:52:15.104+0000] {processor.py:161} INFO - Started process (PID=203) to work on /opt/airflow/dags/airflow_pipeline.py
[2025-07-25T14:52:15.117+0000] {processor.py:830} INFO - Processing file /opt/airflow/dags/airflow_pipeline.py for tasks to queue
[2025-07-25T14:52:15.120+0000] {logging_mixin.py:188} INFO - [2025-07-25T14:52:15.119+0000] {dagbag.py:538} INFO - Filling up the DagBag from /opt/airflow/dags/airflow_pipeline.py
[2025-07-25T14:52:15.243+0000] {processor.py:840} INFO - DAG(s) 'pl001_ingest_crypto_postgres' retrieved from /opt/airflow/dags/airflow_pipeline.py
[2025-07-25T14:52:15.432+0000] {logging_mixin.py:188} INFO - [2025-07-25T14:52:15.431+0000] {dag.py:3036} INFO - Sync 1 DAGs
[2025-07-25T14:52:15.516+0000] {logging_mixin.py:188} INFO - [2025-07-25T14:52:15.505+0000] {dag.py:3823} INFO - Setting next_dagrun for pl001_ingest_crypto_postgres to None, run_after=None
[2025-07-25T14:52:15.725+0000] {processor.py:183} INFO - Processing /opt/airflow/dags/airflow_pipeline.py took 0.654 seconds
[2025-07-25T14:52:45.880+0000] {processor.py:161} INFO - Started process (PID=208) to work on /opt/airflow/dags/airflow_pipeline.py
[2025-07-25T14:52:45.883+0000] {processor.py:830} INFO - Processing file /opt/airflow/dags/airflow_pipeline.py for tasks to queue
[2025-07-25T14:52:45.892+0000] {logging_mixin.py:188} INFO - [2025-07-25T14:52:45.891+0000] {dagbag.py:538} INFO - Filling up the DagBag from /opt/airflow/dags/airflow_pipeline.py
[2025-07-25T14:52:45.940+0000] {processor.py:840} INFO - DAG(s) 'pl001_ingest_crypto_postgres' retrieved from /opt/airflow/dags/airflow_pipeline.py
[2025-07-25T14:52:46.016+0000] {logging_mixin.py:188} INFO - [2025-07-25T14:52:46.015+0000] {dag.py:3036} INFO - Sync 1 DAGs
[2025-07-25T14:52:46.040+0000] {logging_mixin.py:188} INFO - [2025-07-25T14:52:46.040+0000] {dag.py:3823} INFO - Setting next_dagrun for pl001_ingest_crypto_postgres to None, run_after=None
[2025-07-25T14:52:46.066+0000] {processor.py:183} INFO - Processing /opt/airflow/dags/airflow_pipeline.py took 0.199 seconds
[2025-07-25T14:53:16.310+0000] {processor.py:161} INFO - Started process (PID=213) to work on /opt/airflow/dags/airflow_pipeline.py
[2025-07-25T14:53:16.311+0000] {processor.py:830} INFO - Processing file /opt/airflow/dags/airflow_pipeline.py for tasks to queue
[2025-07-25T14:53:16.313+0000] {logging_mixin.py:188} INFO - [2025-07-25T14:53:16.312+0000] {dagbag.py:538} INFO - Filling up the DagBag from /opt/airflow/dags/airflow_pipeline.py
[2025-07-25T14:53:16.337+0000] {processor.py:840} INFO - DAG(s) 'pl001_ingest_crypto_postgres' retrieved from /opt/airflow/dags/airflow_pipeline.py
[2025-07-25T14:53:16.380+0000] {logging_mixin.py:188} INFO - [2025-07-25T14:53:16.379+0000] {dag.py:3036} INFO - Sync 1 DAGs
[2025-07-25T14:53:16.395+0000] {logging_mixin.py:188} INFO - [2025-07-25T14:53:16.395+0000] {dag.py:3823} INFO - Setting next_dagrun for pl001_ingest_crypto_postgres to None, run_after=None
[2025-07-25T14:53:16.422+0000] {processor.py:183} INFO - Processing /opt/airflow/dags/airflow_pipeline.py took 0.117 seconds
[2025-07-25T14:53:45.736+0000] {processor.py:161} INFO - Started process (PID=218) to work on /opt/airflow/dags/airflow_pipeline.py
[2025-07-25T14:53:45.738+0000] {processor.py:830} INFO - Processing file /opt/airflow/dags/airflow_pipeline.py for tasks to queue
[2025-07-25T14:53:45.741+0000] {logging_mixin.py:188} INFO - [2025-07-25T14:53:45.740+0000] {dagbag.py:538} INFO - Filling up the DagBag from /opt/airflow/dags/airflow_pipeline.py
[2025-07-25T14:53:45.784+0000] {processor.py:840} INFO - DAG(s) 'pl001_ingest_crypto_postgres' retrieved from /opt/airflow/dags/airflow_pipeline.py
[2025-07-25T14:53:46.188+0000] {logging_mixin.py:188} INFO - [2025-07-25T14:53:46.188+0000] {dag.py:3036} INFO - Sync 1 DAGs
[2025-07-25T14:53:46.210+0000] {logging_mixin.py:188} INFO - [2025-07-25T14:53:46.209+0000] {dag.py:3823} INFO - Setting next_dagrun for pl001_ingest_crypto_postgres to None, run_after=None
[2025-07-25T14:53:46.273+0000] {processor.py:183} INFO - Processing /opt/airflow/dags/airflow_pipeline.py took 0.542 seconds
[2025-07-25T14:54:16.764+0000] {processor.py:161} INFO - Started process (PID=226) to work on /opt/airflow/dags/airflow_pipeline.py
[2025-07-25T14:54:16.766+0000] {processor.py:830} INFO - Processing file /opt/airflow/dags/airflow_pipeline.py for tasks to queue
[2025-07-25T14:54:16.767+0000] {logging_mixin.py:188} INFO - [2025-07-25T14:54:16.767+0000] {dagbag.py:538} INFO - Filling up the DagBag from /opt/airflow/dags/airflow_pipeline.py
[2025-07-25T14:54:16.791+0000] {processor.py:840} INFO - DAG(s) 'pl001_ingest_crypto_postgres' retrieved from /opt/airflow/dags/airflow_pipeline.py
[2025-07-25T14:54:16.829+0000] {logging_mixin.py:188} INFO - [2025-07-25T14:54:16.829+0000] {dag.py:3036} INFO - Sync 1 DAGs
[2025-07-25T14:54:16.845+0000] {logging_mixin.py:188} INFO - [2025-07-25T14:54:16.844+0000] {dag.py:3823} INFO - Setting next_dagrun for pl001_ingest_crypto_postgres to None, run_after=None
[2025-07-25T14:54:16.881+0000] {processor.py:183} INFO - Processing /opt/airflow/dags/airflow_pipeline.py took 0.122 seconds
[2025-07-25T14:54:47.167+0000] {processor.py:161} INFO - Started process (PID=231) to work on /opt/airflow/dags/airflow_pipeline.py
[2025-07-25T14:54:47.169+0000] {processor.py:830} INFO - Processing file /opt/airflow/dags/airflow_pipeline.py for tasks to queue
[2025-07-25T14:54:47.172+0000] {logging_mixin.py:188} INFO - [2025-07-25T14:54:47.172+0000] {dagbag.py:538} INFO - Filling up the DagBag from /opt/airflow/dags/airflow_pipeline.py
[2025-07-25T14:54:47.230+0000] {processor.py:840} INFO - DAG(s) 'pl001_ingest_crypto_postgres' retrieved from /opt/airflow/dags/airflow_pipeline.py
[2025-07-25T14:54:47.277+0000] {logging_mixin.py:188} INFO - [2025-07-25T14:54:47.277+0000] {dag.py:3036} INFO - Sync 1 DAGs
[2025-07-25T14:54:47.298+0000] {logging_mixin.py:188} INFO - [2025-07-25T14:54:47.297+0000] {dag.py:3823} INFO - Setting next_dagrun for pl001_ingest_crypto_postgres to None, run_after=None
[2025-07-25T14:54:47.330+0000] {processor.py:183} INFO - Processing /opt/airflow/dags/airflow_pipeline.py took 0.172 seconds
[2025-07-25T14:55:17.445+0000] {processor.py:161} INFO - Started process (PID=236) to work on /opt/airflow/dags/airflow_pipeline.py
[2025-07-25T14:55:17.448+0000] {processor.py:830} INFO - Processing file /opt/airflow/dags/airflow_pipeline.py for tasks to queue
[2025-07-25T14:55:17.452+0000] {logging_mixin.py:188} INFO - [2025-07-25T14:55:17.451+0000] {dagbag.py:538} INFO - Filling up the DagBag from /opt/airflow/dags/airflow_pipeline.py
[2025-07-25T14:55:17.485+0000] {processor.py:840} INFO - DAG(s) 'pl001_ingest_crypto_postgres' retrieved from /opt/airflow/dags/airflow_pipeline.py
[2025-07-25T14:55:17.572+0000] {logging_mixin.py:188} INFO - [2025-07-25T14:55:17.572+0000] {dag.py:3036} INFO - Sync 1 DAGs
[2025-07-25T14:55:17.596+0000] {logging_mixin.py:188} INFO - [2025-07-25T14:55:17.595+0000] {dag.py:3823} INFO - Setting next_dagrun for pl001_ingest_crypto_postgres to None, run_after=None
[2025-07-25T14:55:17.667+0000] {processor.py:183} INFO - Processing /opt/airflow/dags/airflow_pipeline.py took 0.227 seconds
[2025-07-25T14:55:47.997+0000] {processor.py:161} INFO - Started process (PID=241) to work on /opt/airflow/dags/airflow_pipeline.py
[2025-07-25T14:55:47.998+0000] {processor.py:830} INFO - Processing file /opt/airflow/dags/airflow_pipeline.py for tasks to queue
[2025-07-25T14:55:48.000+0000] {logging_mixin.py:188} INFO - [2025-07-25T14:55:47.999+0000] {dagbag.py:538} INFO - Filling up the DagBag from /opt/airflow/dags/airflow_pipeline.py
[2025-07-25T14:55:48.028+0000] {processor.py:840} INFO - DAG(s) 'pl001_ingest_crypto_postgres' retrieved from /opt/airflow/dags/airflow_pipeline.py
[2025-07-25T14:55:48.091+0000] {logging_mixin.py:188} INFO - [2025-07-25T14:55:48.090+0000] {dag.py:3036} INFO - Sync 1 DAGs
[2025-07-25T14:55:48.121+0000] {logging_mixin.py:188} INFO - [2025-07-25T14:55:48.120+0000] {dag.py:3823} INFO - Setting next_dagrun for pl001_ingest_crypto_postgres to None, run_after=None
[2025-07-25T14:55:48.166+0000] {processor.py:183} INFO - Processing /opt/airflow/dags/airflow_pipeline.py took 0.175 seconds
[2025-07-25T14:56:18.690+0000] {processor.py:161} INFO - Started process (PID=246) to work on /opt/airflow/dags/airflow_pipeline.py
[2025-07-25T14:56:18.693+0000] {processor.py:830} INFO - Processing file /opt/airflow/dags/airflow_pipeline.py for tasks to queue
[2025-07-25T14:56:18.696+0000] {logging_mixin.py:188} INFO - [2025-07-25T14:56:18.695+0000] {dagbag.py:538} INFO - Filling up the DagBag from /opt/airflow/dags/airflow_pipeline.py
[2025-07-25T14:56:18.776+0000] {processor.py:840} INFO - DAG(s) 'pl001_ingest_crypto_postgres' retrieved from /opt/airflow/dags/airflow_pipeline.py
[2025-07-25T14:56:18.851+0000] {logging_mixin.py:188} INFO - [2025-07-25T14:56:18.850+0000] {dag.py:3036} INFO - Sync 1 DAGs
[2025-07-25T14:56:18.880+0000] {logging_mixin.py:188} INFO - [2025-07-25T14:56:18.879+0000] {dag.py:3823} INFO - Setting next_dagrun for pl001_ingest_crypto_postgres to None, run_after=None
[2025-07-25T14:56:18.950+0000] {processor.py:183} INFO - Processing /opt/airflow/dags/airflow_pipeline.py took 0.267 seconds
[2025-07-25T14:56:49.340+0000] {processor.py:161} INFO - Started process (PID=251) to work on /opt/airflow/dags/airflow_pipeline.py
[2025-07-25T14:56:49.342+0000] {processor.py:830} INFO - Processing file /opt/airflow/dags/airflow_pipeline.py for tasks to queue
[2025-07-25T14:56:49.344+0000] {logging_mixin.py:188} INFO - [2025-07-25T14:56:49.343+0000] {dagbag.py:538} INFO - Filling up the DagBag from /opt/airflow/dags/airflow_pipeline.py
[2025-07-25T14:56:49.369+0000] {processor.py:840} INFO - DAG(s) 'pl001_ingest_crypto_postgres' retrieved from /opt/airflow/dags/airflow_pipeline.py
[2025-07-25T14:56:49.408+0000] {logging_mixin.py:188} INFO - [2025-07-25T14:56:49.408+0000] {dag.py:3036} INFO - Sync 1 DAGs
[2025-07-25T14:56:49.425+0000] {logging_mixin.py:188} INFO - [2025-07-25T14:56:49.425+0000] {dag.py:3823} INFO - Setting next_dagrun for pl001_ingest_crypto_postgres to None, run_after=None
[2025-07-25T14:56:49.454+0000] {processor.py:183} INFO - Processing /opt/airflow/dags/airflow_pipeline.py took 0.120 seconds
[2025-07-25T14:57:19.804+0000] {processor.py:161} INFO - Started process (PID=256) to work on /opt/airflow/dags/airflow_pipeline.py
[2025-07-25T14:57:19.806+0000] {processor.py:830} INFO - Processing file /opt/airflow/dags/airflow_pipeline.py for tasks to queue
[2025-07-25T14:57:19.807+0000] {logging_mixin.py:188} INFO - [2025-07-25T14:57:19.807+0000] {dagbag.py:538} INFO - Filling up the DagBag from /opt/airflow/dags/airflow_pipeline.py
[2025-07-25T14:57:19.832+0000] {processor.py:840} INFO - DAG(s) 'pl001_ingest_crypto_postgres' retrieved from /opt/airflow/dags/airflow_pipeline.py
[2025-07-25T14:57:19.871+0000] {logging_mixin.py:188} INFO - [2025-07-25T14:57:19.871+0000] {dag.py:3036} INFO - Sync 1 DAGs
[2025-07-25T14:57:19.887+0000] {logging_mixin.py:188} INFO - [2025-07-25T14:57:19.886+0000] {dag.py:3823} INFO - Setting next_dagrun for pl001_ingest_crypto_postgres to None, run_after=None
[2025-07-25T14:57:19.913+0000] {processor.py:183} INFO - Processing /opt/airflow/dags/airflow_pipeline.py took 0.112 seconds
[2025-07-25T14:57:50.204+0000] {processor.py:161} INFO - Started process (PID=261) to work on /opt/airflow/dags/airflow_pipeline.py
[2025-07-25T14:57:50.206+0000] {processor.py:830} INFO - Processing file /opt/airflow/dags/airflow_pipeline.py for tasks to queue
[2025-07-25T14:57:50.209+0000] {logging_mixin.py:188} INFO - [2025-07-25T14:57:50.208+0000] {dagbag.py:538} INFO - Filling up the DagBag from /opt/airflow/dags/airflow_pipeline.py
[2025-07-25T14:57:50.249+0000] {processor.py:840} INFO - DAG(s) 'pl001_ingest_crypto_postgres' retrieved from /opt/airflow/dags/airflow_pipeline.py
[2025-07-25T14:57:50.302+0000] {logging_mixin.py:188} INFO - [2025-07-25T14:57:50.302+0000] {dag.py:3036} INFO - Sync 1 DAGs
[2025-07-25T14:57:50.317+0000] {logging_mixin.py:188} INFO - [2025-07-25T14:57:50.317+0000] {dag.py:3823} INFO - Setting next_dagrun for pl001_ingest_crypto_postgres to None, run_after=None
[2025-07-25T14:57:50.348+0000] {processor.py:183} INFO - Processing /opt/airflow/dags/airflow_pipeline.py took 0.153 seconds
[2025-07-25T14:59:50.625+0000] {processor.py:161} INFO - Started process (PID=159) to work on /opt/airflow/dags/airflow_pipeline.py
[2025-07-25T14:59:50.630+0000] {processor.py:830} INFO - Processing file /opt/airflow/dags/airflow_pipeline.py for tasks to queue
[2025-07-25T14:59:50.634+0000] {logging_mixin.py:188} INFO - [2025-07-25T14:59:50.633+0000] {dagbag.py:538} INFO - Filling up the DagBag from /opt/airflow/dags/airflow_pipeline.py
[2025-07-25T14:59:50.765+0000] {processor.py:840} INFO - DAG(s) 'pl001_ingest_crypto_postgres' retrieved from /opt/airflow/dags/airflow_pipeline.py
[2025-07-25T14:59:50.934+0000] {logging_mixin.py:188} INFO - [2025-07-25T14:59:50.933+0000] {dag.py:3036} INFO - Sync 1 DAGs
[2025-07-25T14:59:50.972+0000] {logging_mixin.py:188} INFO - [2025-07-25T14:59:50.972+0000] {dag.py:3823} INFO - Setting next_dagrun for pl001_ingest_crypto_postgres to None, run_after=None
[2025-07-25T14:59:51.038+0000] {processor.py:183} INFO - Processing /opt/airflow/dags/airflow_pipeline.py took 0.425 seconds
[2025-07-25T14:59:56.465+0000] {processor.py:161} INFO - Started process (PID=164) to work on /opt/airflow/dags/airflow_pipeline.py
[2025-07-25T14:59:56.495+0000] {processor.py:830} INFO - Processing file /opt/airflow/dags/airflow_pipeline.py for tasks to queue
[2025-07-25T14:59:56.498+0000] {logging_mixin.py:188} INFO - [2025-07-25T14:59:56.498+0000] {dagbag.py:538} INFO - Filling up the DagBag from /opt/airflow/dags/airflow_pipeline.py
[2025-07-25T14:59:56.623+0000] {processor.py:840} INFO - DAG(s) 'pl001_ingest_crypto_postgres' retrieved from /opt/airflow/dags/airflow_pipeline.py
[2025-07-25T14:59:57.059+0000] {logging_mixin.py:188} INFO - [2025-07-25T14:59:57.059+0000] {dag.py:3036} INFO - Sync 1 DAGs
[2025-07-25T14:59:57.075+0000] {logging_mixin.py:188} INFO - [2025-07-25T14:59:57.075+0000] {dag.py:3823} INFO - Setting next_dagrun for pl001_ingest_crypto_postgres to None, run_after=None
[2025-07-25T14:59:57.120+0000] {processor.py:183} INFO - Processing /opt/airflow/dags/airflow_pipeline.py took 0.668 seconds
[2025-07-25T14:59:59.636+0000] {processor.py:161} INFO - Started process (PID=169) to work on /opt/airflow/dags/airflow_pipeline.py
[2025-07-25T14:59:59.653+0000] {processor.py:830} INFO - Processing file /opt/airflow/dags/airflow_pipeline.py for tasks to queue
[2025-07-25T14:59:59.662+0000] {logging_mixin.py:188} INFO - [2025-07-25T14:59:59.659+0000] {dagbag.py:538} INFO - Filling up the DagBag from /opt/airflow/dags/airflow_pipeline.py
[2025-07-25T15:00:00.028+0000] {processor.py:840} INFO - DAG(s) 'pl001_ingest_crypto_postgres' retrieved from /opt/airflow/dags/airflow_pipeline.py
[2025-07-25T15:00:00.806+0000] {logging_mixin.py:188} INFO - [2025-07-25T15:00:00.804+0000] {dag.py:3036} INFO - Sync 1 DAGs
[2025-07-25T15:00:01.225+0000] {logging_mixin.py:188} INFO - [2025-07-25T15:00:01.224+0000] {dag.py:3823} INFO - Setting next_dagrun for pl001_ingest_crypto_postgres to None, run_after=None
[2025-07-25T15:00:01.572+0000] {processor.py:183} INFO - Processing /opt/airflow/dags/airflow_pipeline.py took 2.022 seconds
[2025-07-25T15:00:32.603+0000] {processor.py:161} INFO - Started process (PID=174) to work on /opt/airflow/dags/airflow_pipeline.py
[2025-07-25T15:00:32.620+0000] {processor.py:830} INFO - Processing file /opt/airflow/dags/airflow_pipeline.py for tasks to queue
[2025-07-25T15:00:32.638+0000] {logging_mixin.py:188} INFO - [2025-07-25T15:00:32.636+0000] {dagbag.py:538} INFO - Filling up the DagBag from /opt/airflow/dags/airflow_pipeline.py
[2025-07-25T15:00:32.737+0000] {processor.py:840} INFO - DAG(s) 'pl001_ingest_crypto_postgres' retrieved from /opt/airflow/dags/airflow_pipeline.py
[2025-07-25T15:00:32.830+0000] {logging_mixin.py:188} INFO - [2025-07-25T15:00:32.830+0000] {dag.py:3036} INFO - Sync 1 DAGs
[2025-07-25T15:00:32.861+0000] {logging_mixin.py:188} INFO - [2025-07-25T15:00:32.861+0000] {dag.py:3823} INFO - Setting next_dagrun for pl001_ingest_crypto_postgres to None, run_after=None
[2025-07-25T15:00:32.905+0000] {processor.py:183} INFO - Processing /opt/airflow/dags/airflow_pipeline.py took 0.355 seconds
[2025-07-25T15:01:03.125+0000] {processor.py:161} INFO - Started process (PID=179) to work on /opt/airflow/dags/airflow_pipeline.py
[2025-07-25T15:01:03.127+0000] {processor.py:830} INFO - Processing file /opt/airflow/dags/airflow_pipeline.py for tasks to queue
[2025-07-25T15:01:03.130+0000] {logging_mixin.py:188} INFO - [2025-07-25T15:01:03.129+0000] {dagbag.py:538} INFO - Filling up the DagBag from /opt/airflow/dags/airflow_pipeline.py
[2025-07-25T15:01:03.165+0000] {processor.py:840} INFO - DAG(s) 'pl001_ingest_crypto_postgres' retrieved from /opt/airflow/dags/airflow_pipeline.py
[2025-07-25T15:01:03.321+0000] {logging_mixin.py:188} INFO - [2025-07-25T15:01:03.321+0000] {dag.py:3036} INFO - Sync 1 DAGs
[2025-07-25T15:01:03.338+0000] {logging_mixin.py:188} INFO - [2025-07-25T15:01:03.338+0000] {dag.py:3058} INFO - Creating ORM DAG for pl001_ingest_crypto_postgres
[2025-07-25T15:01:03.339+0000] {logging_mixin.py:188} INFO - [2025-07-25T15:01:03.339+0000] {dag.py:3823} INFO - Setting next_dagrun for pl001_ingest_crypto_postgres to None, run_after=None
[2025-07-25T15:01:03.369+0000] {processor.py:183} INFO - Processing /opt/airflow/dags/airflow_pipeline.py took 0.250 seconds
[2025-07-25T15:01:33.756+0000] {processor.py:161} INFO - Started process (PID=187) to work on /opt/airflow/dags/airflow_pipeline.py
[2025-07-25T15:01:33.758+0000] {processor.py:830} INFO - Processing file /opt/airflow/dags/airflow_pipeline.py for tasks to queue
[2025-07-25T15:01:33.760+0000] {logging_mixin.py:188} INFO - [2025-07-25T15:01:33.759+0000] {dagbag.py:538} INFO - Filling up the DagBag from /opt/airflow/dags/airflow_pipeline.py
[2025-07-25T15:01:33.788+0000] {processor.py:840} INFO - DAG(s) 'pl001_ingest_crypto_postgres' retrieved from /opt/airflow/dags/airflow_pipeline.py
[2025-07-25T15:01:33.842+0000] {logging_mixin.py:188} INFO - [2025-07-25T15:01:33.842+0000] {dag.py:3036} INFO - Sync 1 DAGs
[2025-07-25T15:01:33.866+0000] {logging_mixin.py:188} INFO - [2025-07-25T15:01:33.866+0000] {dag.py:3823} INFO - Setting next_dagrun for pl001_ingest_crypto_postgres to None, run_after=None
[2025-07-25T15:01:33.898+0000] {processor.py:183} INFO - Processing /opt/airflow/dags/airflow_pipeline.py took 0.148 seconds
[2025-07-25T15:02:04.092+0000] {processor.py:161} INFO - Started process (PID=192) to work on /opt/airflow/dags/airflow_pipeline.py
[2025-07-25T15:02:04.094+0000] {processor.py:830} INFO - Processing file /opt/airflow/dags/airflow_pipeline.py for tasks to queue
[2025-07-25T15:02:04.097+0000] {logging_mixin.py:188} INFO - [2025-07-25T15:02:04.096+0000] {dagbag.py:538} INFO - Filling up the DagBag from /opt/airflow/dags/airflow_pipeline.py
[2025-07-25T15:02:04.142+0000] {processor.py:840} INFO - DAG(s) 'pl001_ingest_crypto_postgres' retrieved from /opt/airflow/dags/airflow_pipeline.py
[2025-07-25T15:02:04.193+0000] {logging_mixin.py:188} INFO - [2025-07-25T15:02:04.193+0000] {dag.py:3036} INFO - Sync 1 DAGs
[2025-07-25T15:02:04.232+0000] {logging_mixin.py:188} INFO - [2025-07-25T15:02:04.232+0000] {dag.py:3823} INFO - Setting next_dagrun for pl001_ingest_crypto_postgres to None, run_after=None
[2025-07-25T15:02:04.310+0000] {processor.py:183} INFO - Processing /opt/airflow/dags/airflow_pipeline.py took 0.229 seconds
[2025-07-25T15:02:35.034+0000] {processor.py:161} INFO - Started process (PID=197) to work on /opt/airflow/dags/airflow_pipeline.py
[2025-07-25T15:02:35.051+0000] {processor.py:830} INFO - Processing file /opt/airflow/dags/airflow_pipeline.py for tasks to queue
[2025-07-25T15:02:35.071+0000] {logging_mixin.py:188} INFO - [2025-07-25T15:02:35.068+0000] {dagbag.py:538} INFO - Filling up the DagBag from /opt/airflow/dags/airflow_pipeline.py
[2025-07-25T15:02:35.320+0000] {processor.py:840} INFO - DAG(s) 'pl001_ingest_crypto_postgres' retrieved from /opt/airflow/dags/airflow_pipeline.py
[2025-07-25T15:02:35.877+0000] {logging_mixin.py:188} INFO - [2025-07-25T15:02:35.875+0000] {dag.py:3036} INFO - Sync 1 DAGs
[2025-07-25T15:02:36.301+0000] {logging_mixin.py:188} INFO - [2025-07-25T15:02:36.289+0000] {dag.py:3823} INFO - Setting next_dagrun for pl001_ingest_crypto_postgres to None, run_after=None
[2025-07-25T15:02:36.734+0000] {processor.py:183} INFO - Processing /opt/airflow/dags/airflow_pipeline.py took 1.753 seconds
[2025-07-25T15:03:07.363+0000] {processor.py:161} INFO - Started process (PID=202) to work on /opt/airflow/dags/airflow_pipeline.py
[2025-07-25T15:03:07.366+0000] {processor.py:830} INFO - Processing file /opt/airflow/dags/airflow_pipeline.py for tasks to queue
[2025-07-25T15:03:07.368+0000] {logging_mixin.py:188} INFO - [2025-07-25T15:03:07.367+0000] {dagbag.py:538} INFO - Filling up the DagBag from /opt/airflow/dags/airflow_pipeline.py
[2025-07-25T15:03:07.406+0000] {processor.py:840} INFO - DAG(s) 'pl001_ingest_crypto_postgres' retrieved from /opt/airflow/dags/airflow_pipeline.py
[2025-07-25T15:03:07.502+0000] {logging_mixin.py:188} INFO - [2025-07-25T15:03:07.502+0000] {dag.py:3036} INFO - Sync 1 DAGs
[2025-07-25T15:03:07.519+0000] {logging_mixin.py:188} INFO - [2025-07-25T15:03:07.519+0000] {dag.py:3823} INFO - Setting next_dagrun for pl001_ingest_crypto_postgres to None, run_after=None
[2025-07-25T15:03:07.545+0000] {processor.py:183} INFO - Processing /opt/airflow/dags/airflow_pipeline.py took 0.188 seconds
[2025-07-25T15:03:37.839+0000] {processor.py:161} INFO - Started process (PID=207) to work on /opt/airflow/dags/airflow_pipeline.py
[2025-07-25T15:03:37.841+0000] {processor.py:830} INFO - Processing file /opt/airflow/dags/airflow_pipeline.py for tasks to queue
[2025-07-25T15:03:37.843+0000] {logging_mixin.py:188} INFO - [2025-07-25T15:03:37.842+0000] {dagbag.py:538} INFO - Filling up the DagBag from /opt/airflow/dags/airflow_pipeline.py
[2025-07-25T15:03:37.871+0000] {processor.py:840} INFO - DAG(s) 'pl001_ingest_crypto_postgres' retrieved from /opt/airflow/dags/airflow_pipeline.py
[2025-07-25T15:03:37.907+0000] {logging_mixin.py:188} INFO - [2025-07-25T15:03:37.907+0000] {dag.py:3036} INFO - Sync 1 DAGs
[2025-07-25T15:03:37.923+0000] {logging_mixin.py:188} INFO - [2025-07-25T15:03:37.923+0000] {dag.py:3823} INFO - Setting next_dagrun for pl001_ingest_crypto_postgres to None, run_after=None
[2025-07-25T15:03:37.955+0000] {processor.py:183} INFO - Processing /opt/airflow/dags/airflow_pipeline.py took 0.124 seconds
[2025-07-25T15:04:08.217+0000] {processor.py:161} INFO - Started process (PID=212) to work on /opt/airflow/dags/airflow_pipeline.py
[2025-07-25T15:04:08.219+0000] {processor.py:830} INFO - Processing file /opt/airflow/dags/airflow_pipeline.py for tasks to queue
[2025-07-25T15:04:08.221+0000] {logging_mixin.py:188} INFO - [2025-07-25T15:04:08.221+0000] {dagbag.py:538} INFO - Filling up the DagBag from /opt/airflow/dags/airflow_pipeline.py
[2025-07-25T15:04:08.248+0000] {processor.py:840} INFO - DAG(s) 'pl001_ingest_crypto_postgres' retrieved from /opt/airflow/dags/airflow_pipeline.py
[2025-07-25T15:04:08.285+0000] {logging_mixin.py:188} INFO - [2025-07-25T15:04:08.284+0000] {dag.py:3036} INFO - Sync 1 DAGs
[2025-07-25T15:04:08.299+0000] {logging_mixin.py:188} INFO - [2025-07-25T15:04:08.299+0000] {dag.py:3823} INFO - Setting next_dagrun for pl001_ingest_crypto_postgres to None, run_after=None
[2025-07-25T15:04:08.324+0000] {processor.py:183} INFO - Processing /opt/airflow/dags/airflow_pipeline.py took 0.114 seconds
[2025-07-25T15:04:38.536+0000] {processor.py:161} INFO - Started process (PID=217) to work on /opt/airflow/dags/airflow_pipeline.py
[2025-07-25T15:04:38.540+0000] {processor.py:830} INFO - Processing file /opt/airflow/dags/airflow_pipeline.py for tasks to queue
[2025-07-25T15:04:38.542+0000] {logging_mixin.py:188} INFO - [2025-07-25T15:04:38.541+0000] {dagbag.py:538} INFO - Filling up the DagBag from /opt/airflow/dags/airflow_pipeline.py
[2025-07-25T15:04:38.570+0000] {processor.py:840} INFO - DAG(s) 'pl001_ingest_crypto_postgres' retrieved from /opt/airflow/dags/airflow_pipeline.py
[2025-07-25T15:04:38.642+0000] {logging_mixin.py:188} INFO - [2025-07-25T15:04:38.642+0000] {dag.py:3036} INFO - Sync 1 DAGs
[2025-07-25T15:04:38.665+0000] {logging_mixin.py:188} INFO - [2025-07-25T15:04:38.665+0000] {dag.py:3823} INFO - Setting next_dagrun for pl001_ingest_crypto_postgres to None, run_after=None
[2025-07-25T15:04:38.701+0000] {processor.py:183} INFO - Processing /opt/airflow/dags/airflow_pipeline.py took 0.175 seconds
[2025-07-25T15:05:09.168+0000] {processor.py:161} INFO - Started process (PID=222) to work on /opt/airflow/dags/airflow_pipeline.py
[2025-07-25T15:05:09.170+0000] {processor.py:830} INFO - Processing file /opt/airflow/dags/airflow_pipeline.py for tasks to queue
[2025-07-25T15:05:09.173+0000] {logging_mixin.py:188} INFO - [2025-07-25T15:05:09.172+0000] {dagbag.py:538} INFO - Filling up the DagBag from /opt/airflow/dags/airflow_pipeline.py
[2025-07-25T15:05:09.215+0000] {processor.py:840} INFO - DAG(s) 'pl001_ingest_crypto_postgres' retrieved from /opt/airflow/dags/airflow_pipeline.py
[2025-07-25T15:05:09.284+0000] {logging_mixin.py:188} INFO - [2025-07-25T15:05:09.283+0000] {dag.py:3036} INFO - Sync 1 DAGs
[2025-07-25T15:05:09.315+0000] {logging_mixin.py:188} INFO - [2025-07-25T15:05:09.315+0000] {dag.py:3823} INFO - Setting next_dagrun for pl001_ingest_crypto_postgres to None, run_after=None
[2025-07-25T15:05:09.374+0000] {processor.py:183} INFO - Processing /opt/airflow/dags/airflow_pipeline.py took 0.216 seconds
[2025-07-25T15:05:39.717+0000] {processor.py:161} INFO - Started process (PID=227) to work on /opt/airflow/dags/airflow_pipeline.py
[2025-07-25T15:05:39.719+0000] {processor.py:830} INFO - Processing file /opt/airflow/dags/airflow_pipeline.py for tasks to queue
[2025-07-25T15:05:39.720+0000] {logging_mixin.py:188} INFO - [2025-07-25T15:05:39.720+0000] {dagbag.py:538} INFO - Filling up the DagBag from /opt/airflow/dags/airflow_pipeline.py
[2025-07-25T15:05:39.753+0000] {processor.py:840} INFO - DAG(s) 'pl001_ingest_crypto_postgres' retrieved from /opt/airflow/dags/airflow_pipeline.py
[2025-07-25T15:05:39.793+0000] {logging_mixin.py:188} INFO - [2025-07-25T15:05:39.792+0000] {dag.py:3036} INFO - Sync 1 DAGs
[2025-07-25T15:05:39.808+0000] {logging_mixin.py:188} INFO - [2025-07-25T15:05:39.808+0000] {dag.py:3823} INFO - Setting next_dagrun for pl001_ingest_crypto_postgres to None, run_after=None
[2025-07-25T15:05:39.836+0000] {processor.py:183} INFO - Processing /opt/airflow/dags/airflow_pipeline.py took 0.125 seconds
[2025-07-25T15:07:06.793+0000] {processor.py:161} INFO - Started process (PID=160) to work on /opt/airflow/dags/airflow_pipeline.py
[2025-07-25T15:07:06.795+0000] {processor.py:830} INFO - Processing file /opt/airflow/dags/airflow_pipeline.py for tasks to queue
[2025-07-25T15:07:06.797+0000] {logging_mixin.py:188} INFO - [2025-07-25T15:07:06.796+0000] {dagbag.py:538} INFO - Filling up the DagBag from /opt/airflow/dags/airflow_pipeline.py
[2025-07-25T15:07:06.843+0000] {processor.py:840} INFO - DAG(s) 'pl001_ingest_crypto_postgres' retrieved from /opt/airflow/dags/airflow_pipeline.py
[2025-07-25T15:07:06.934+0000] {logging_mixin.py:188} INFO - [2025-07-25T15:07:06.933+0000] {dag.py:3036} INFO - Sync 1 DAGs
[2025-07-25T15:07:06.963+0000] {logging_mixin.py:188} INFO - [2025-07-25T15:07:06.962+0000] {dag.py:3823} INFO - Setting next_dagrun for pl001_ingest_crypto_postgres to None, run_after=None
[2025-07-25T15:07:07.026+0000] {processor.py:183} INFO - Processing /opt/airflow/dags/airflow_pipeline.py took 0.240 seconds
[2025-07-25T15:07:37.711+0000] {processor.py:161} INFO - Started process (PID=165) to work on /opt/airflow/dags/airflow_pipeline.py
[2025-07-25T15:07:37.712+0000] {processor.py:830} INFO - Processing file /opt/airflow/dags/airflow_pipeline.py for tasks to queue
[2025-07-25T15:07:37.715+0000] {logging_mixin.py:188} INFO - [2025-07-25T15:07:37.714+0000] {dagbag.py:538} INFO - Filling up the DagBag from /opt/airflow/dags/airflow_pipeline.py
[2025-07-25T15:07:37.747+0000] {processor.py:840} INFO - DAG(s) 'pl001_ingest_crypto_postgres' retrieved from /opt/airflow/dags/airflow_pipeline.py
[2025-07-25T15:07:37.787+0000] {logging_mixin.py:188} INFO - [2025-07-25T15:07:37.787+0000] {dag.py:3036} INFO - Sync 1 DAGs
[2025-07-25T15:07:37.803+0000] {logging_mixin.py:188} INFO - [2025-07-25T15:07:37.803+0000] {dag.py:3823} INFO - Setting next_dagrun for pl001_ingest_crypto_postgres to None, run_after=None
[2025-07-25T15:07:37.831+0000] {processor.py:183} INFO - Processing /opt/airflow/dags/airflow_pipeline.py took 0.125 seconds
[2025-07-25T15:08:08.094+0000] {processor.py:161} INFO - Started process (PID=173) to work on /opt/airflow/dags/airflow_pipeline.py
[2025-07-25T15:08:08.096+0000] {processor.py:830} INFO - Processing file /opt/airflow/dags/airflow_pipeline.py for tasks to queue
[2025-07-25T15:08:08.097+0000] {logging_mixin.py:188} INFO - [2025-07-25T15:08:08.097+0000] {dagbag.py:538} INFO - Filling up the DagBag from /opt/airflow/dags/airflow_pipeline.py
[2025-07-25T15:08:08.121+0000] {processor.py:840} INFO - DAG(s) 'pl001_ingest_crypto_postgres' retrieved from /opt/airflow/dags/airflow_pipeline.py
[2025-07-25T15:08:08.161+0000] {logging_mixin.py:188} INFO - [2025-07-25T15:08:08.160+0000] {dag.py:3036} INFO - Sync 1 DAGs
[2025-07-25T15:08:08.176+0000] {logging_mixin.py:188} INFO - [2025-07-25T15:08:08.175+0000] {dag.py:3823} INFO - Setting next_dagrun for pl001_ingest_crypto_postgres to None, run_after=None
[2025-07-25T15:08:08.203+0000] {processor.py:183} INFO - Processing /opt/airflow/dags/airflow_pipeline.py took 0.114 seconds
[2025-07-25T15:08:19.806+0000] {processor.py:161} INFO - Started process (PID=178) to work on /opt/airflow/dags/airflow_pipeline.py
[2025-07-25T15:08:19.809+0000] {processor.py:830} INFO - Processing file /opt/airflow/dags/airflow_pipeline.py for tasks to queue
[2025-07-25T15:08:19.820+0000] {logging_mixin.py:188} INFO - [2025-07-25T15:08:19.811+0000] {dagbag.py:538} INFO - Filling up the DagBag from /opt/airflow/dags/airflow_pipeline.py
[2025-07-25T15:08:20.318+0000] {processor.py:840} INFO - DAG(s) 'pl001_ingest_crypto_postgres' retrieved from /opt/airflow/dags/airflow_pipeline.py
[2025-07-25T15:08:21.727+0000] {logging_mixin.py:188} INFO - [2025-07-25T15:08:21.725+0000] {dag.py:3036} INFO - Sync 1 DAGs
[2025-07-25T15:08:21.851+0000] {logging_mixin.py:188} INFO - [2025-07-25T15:08:21.850+0000] {dag.py:3823} INFO - Setting next_dagrun for pl001_ingest_crypto_postgres to None, run_after=None
[2025-07-25T15:08:21.997+0000] {processor.py:183} INFO - Processing /opt/airflow/dags/airflow_pipeline.py took 2.203 seconds
[2025-07-25T15:08:52.860+0000] {processor.py:161} INFO - Started process (PID=186) to work on /opt/airflow/dags/airflow_pipeline.py
[2025-07-25T15:08:52.862+0000] {processor.py:830} INFO - Processing file /opt/airflow/dags/airflow_pipeline.py for tasks to queue
[2025-07-25T15:08:52.865+0000] {logging_mixin.py:188} INFO - [2025-07-25T15:08:52.864+0000] {dagbag.py:538} INFO - Filling up the DagBag from /opt/airflow/dags/airflow_pipeline.py
[2025-07-25T15:08:52.891+0000] {processor.py:840} INFO - DAG(s) 'pl001_ingest_crypto_postgres' retrieved from /opt/airflow/dags/airflow_pipeline.py
[2025-07-25T15:08:52.931+0000] {logging_mixin.py:188} INFO - [2025-07-25T15:08:52.930+0000] {dag.py:3036} INFO - Sync 1 DAGs
[2025-07-25T15:08:52.946+0000] {logging_mixin.py:188} INFO - [2025-07-25T15:08:52.946+0000] {dag.py:3823} INFO - Setting next_dagrun for pl001_ingest_crypto_postgres to None, run_after=None
[2025-07-25T15:08:52.975+0000] {processor.py:183} INFO - Processing /opt/airflow/dags/airflow_pipeline.py took 0.121 seconds
[2025-07-25T15:09:23.179+0000] {processor.py:161} INFO - Started process (PID=191) to work on /opt/airflow/dags/airflow_pipeline.py
[2025-07-25T15:09:23.181+0000] {processor.py:830} INFO - Processing file /opt/airflow/dags/airflow_pipeline.py for tasks to queue
[2025-07-25T15:09:23.183+0000] {logging_mixin.py:188} INFO - [2025-07-25T15:09:23.182+0000] {dagbag.py:538} INFO - Filling up the DagBag from /opt/airflow/dags/airflow_pipeline.py
[2025-07-25T15:09:23.205+0000] {processor.py:840} INFO - DAG(s) 'pl001_ingest_crypto_postgres' retrieved from /opt/airflow/dags/airflow_pipeline.py
[2025-07-25T15:09:23.243+0000] {logging_mixin.py:188} INFO - [2025-07-25T15:09:23.242+0000] {dag.py:3036} INFO - Sync 1 DAGs
[2025-07-25T15:09:23.259+0000] {logging_mixin.py:188} INFO - [2025-07-25T15:09:23.259+0000] {dag.py:3823} INFO - Setting next_dagrun for pl001_ingest_crypto_postgres to None, run_after=None
[2025-07-25T15:09:23.288+0000] {processor.py:183} INFO - Processing /opt/airflow/dags/airflow_pipeline.py took 0.113 seconds
[2025-07-25T15:09:53.690+0000] {processor.py:161} INFO - Started process (PID=196) to work on /opt/airflow/dags/airflow_pipeline.py
[2025-07-25T15:09:53.691+0000] {processor.py:830} INFO - Processing file /opt/airflow/dags/airflow_pipeline.py for tasks to queue
[2025-07-25T15:09:53.692+0000] {logging_mixin.py:188} INFO - [2025-07-25T15:09:53.692+0000] {dagbag.py:538} INFO - Filling up the DagBag from /opt/airflow/dags/airflow_pipeline.py
[2025-07-25T15:09:53.715+0000] {processor.py:840} INFO - DAG(s) 'pl001_ingest_crypto_postgres' retrieved from /opt/airflow/dags/airflow_pipeline.py
[2025-07-25T15:09:53.751+0000] {logging_mixin.py:188} INFO - [2025-07-25T15:09:53.750+0000] {dag.py:3036} INFO - Sync 1 DAGs
[2025-07-25T15:09:53.767+0000] {logging_mixin.py:188} INFO - [2025-07-25T15:09:53.766+0000] {dag.py:3823} INFO - Setting next_dagrun for pl001_ingest_crypto_postgres to None, run_after=None
[2025-07-25T15:09:53.792+0000] {processor.py:183} INFO - Processing /opt/airflow/dags/airflow_pipeline.py took 0.107 seconds
[2025-07-25T15:10:24.161+0000] {processor.py:161} INFO - Started process (PID=201) to work on /opt/airflow/dags/airflow_pipeline.py
[2025-07-25T15:10:24.162+0000] {processor.py:830} INFO - Processing file /opt/airflow/dags/airflow_pipeline.py for tasks to queue
[2025-07-25T15:10:24.164+0000] {logging_mixin.py:188} INFO - [2025-07-25T15:10:24.163+0000] {dagbag.py:538} INFO - Filling up the DagBag from /opt/airflow/dags/airflow_pipeline.py
[2025-07-25T15:10:24.192+0000] {processor.py:840} INFO - DAG(s) 'pl001_ingest_crypto_postgres' retrieved from /opt/airflow/dags/airflow_pipeline.py
[2025-07-25T15:10:24.230+0000] {logging_mixin.py:188} INFO - [2025-07-25T15:10:24.229+0000] {dag.py:3036} INFO - Sync 1 DAGs
[2025-07-25T15:10:24.246+0000] {logging_mixin.py:188} INFO - [2025-07-25T15:10:24.246+0000] {dag.py:3823} INFO - Setting next_dagrun for pl001_ingest_crypto_postgres to None, run_after=None
[2025-07-25T15:10:24.277+0000] {processor.py:183} INFO - Processing /opt/airflow/dags/airflow_pipeline.py took 0.121 seconds
[2025-07-25T15:10:54.915+0000] {processor.py:161} INFO - Started process (PID=206) to work on /opt/airflow/dags/airflow_pipeline.py
[2025-07-25T15:10:54.918+0000] {processor.py:830} INFO - Processing file /opt/airflow/dags/airflow_pipeline.py for tasks to queue
[2025-07-25T15:10:54.920+0000] {logging_mixin.py:188} INFO - [2025-07-25T15:10:54.920+0000] {dagbag.py:538} INFO - Filling up the DagBag from /opt/airflow/dags/airflow_pipeline.py
[2025-07-25T15:10:54.974+0000] {processor.py:840} INFO - DAG(s) 'pl001_ingest_crypto_postgres' retrieved from /opt/airflow/dags/airflow_pipeline.py
[2025-07-25T15:10:55.018+0000] {logging_mixin.py:188} INFO - [2025-07-25T15:10:55.018+0000] {dag.py:3036} INFO - Sync 1 DAGs
[2025-07-25T15:10:55.036+0000] {logging_mixin.py:188} INFO - [2025-07-25T15:10:55.036+0000] {dag.py:3823} INFO - Setting next_dagrun for pl001_ingest_crypto_postgres to None, run_after=None
[2025-07-25T15:10:55.079+0000] {processor.py:183} INFO - Processing /opt/airflow/dags/airflow_pipeline.py took 0.171 seconds
[2025-07-25T15:11:25.170+0000] {processor.py:161} INFO - Started process (PID=211) to work on /opt/airflow/dags/airflow_pipeline.py
[2025-07-25T15:11:25.172+0000] {processor.py:830} INFO - Processing file /opt/airflow/dags/airflow_pipeline.py for tasks to queue
[2025-07-25T15:11:25.173+0000] {logging_mixin.py:188} INFO - [2025-07-25T15:11:25.173+0000] {dagbag.py:538} INFO - Filling up the DagBag from /opt/airflow/dags/airflow_pipeline.py
[2025-07-25T15:11:25.200+0000] {processor.py:840} INFO - DAG(s) 'pl001_ingest_crypto_postgres' retrieved from /opt/airflow/dags/airflow_pipeline.py
[2025-07-25T15:11:25.258+0000] {logging_mixin.py:188} INFO - [2025-07-25T15:11:25.257+0000] {dag.py:3036} INFO - Sync 1 DAGs
[2025-07-25T15:11:25.285+0000] {logging_mixin.py:188} INFO - [2025-07-25T15:11:25.284+0000] {dag.py:3823} INFO - Setting next_dagrun for pl001_ingest_crypto_postgres to None, run_after=None
[2025-07-25T15:11:25.334+0000] {processor.py:183} INFO - Processing /opt/airflow/dags/airflow_pipeline.py took 0.168 seconds
[2025-07-25T15:11:55.788+0000] {processor.py:161} INFO - Started process (PID=216) to work on /opt/airflow/dags/airflow_pipeline.py
[2025-07-25T15:11:55.790+0000] {processor.py:830} INFO - Processing file /opt/airflow/dags/airflow_pipeline.py for tasks to queue
[2025-07-25T15:11:55.791+0000] {logging_mixin.py:188} INFO - [2025-07-25T15:11:55.791+0000] {dagbag.py:538} INFO - Filling up the DagBag from /opt/airflow/dags/airflow_pipeline.py
[2025-07-25T15:11:55.818+0000] {processor.py:840} INFO - DAG(s) 'pl001_ingest_crypto_postgres' retrieved from /opt/airflow/dags/airflow_pipeline.py
[2025-07-25T15:11:55.857+0000] {logging_mixin.py:188} INFO - [2025-07-25T15:11:55.857+0000] {dag.py:3036} INFO - Sync 1 DAGs
[2025-07-25T15:11:55.873+0000] {logging_mixin.py:188} INFO - [2025-07-25T15:11:55.872+0000] {dag.py:3823} INFO - Setting next_dagrun for pl001_ingest_crypto_postgres to None, run_after=None
[2025-07-25T15:11:55.900+0000] {processor.py:183} INFO - Processing /opt/airflow/dags/airflow_pipeline.py took 0.118 seconds
[2025-07-25T15:12:26.145+0000] {processor.py:161} INFO - Started process (PID=221) to work on /opt/airflow/dags/airflow_pipeline.py
[2025-07-25T15:12:26.147+0000] {processor.py:830} INFO - Processing file /opt/airflow/dags/airflow_pipeline.py for tasks to queue
[2025-07-25T15:12:26.151+0000] {logging_mixin.py:188} INFO - [2025-07-25T15:12:26.150+0000] {dagbag.py:538} INFO - Filling up the DagBag from /opt/airflow/dags/airflow_pipeline.py
[2025-07-25T15:12:26.215+0000] {processor.py:840} INFO - DAG(s) 'pl001_ingest_crypto_postgres' retrieved from /opt/airflow/dags/airflow_pipeline.py
[2025-07-25T15:12:26.281+0000] {logging_mixin.py:188} INFO - [2025-07-25T15:12:26.281+0000] {dag.py:3036} INFO - Sync 1 DAGs
[2025-07-25T15:12:26.302+0000] {logging_mixin.py:188} INFO - [2025-07-25T15:12:26.302+0000] {dag.py:3823} INFO - Setting next_dagrun for pl001_ingest_crypto_postgres to None, run_after=None
[2025-07-25T15:12:26.336+0000] {processor.py:183} INFO - Processing /opt/airflow/dags/airflow_pipeline.py took 0.199 seconds
[2025-07-25T15:12:56.600+0000] {processor.py:161} INFO - Started process (PID=226) to work on /opt/airflow/dags/airflow_pipeline.py
[2025-07-25T15:12:56.602+0000] {processor.py:830} INFO - Processing file /opt/airflow/dags/airflow_pipeline.py for tasks to queue
[2025-07-25T15:12:56.605+0000] {logging_mixin.py:188} INFO - [2025-07-25T15:12:56.604+0000] {dagbag.py:538} INFO - Filling up the DagBag from /opt/airflow/dags/airflow_pipeline.py
[2025-07-25T15:12:56.661+0000] {processor.py:840} INFO - DAG(s) 'pl001_ingest_crypto_postgres' retrieved from /opt/airflow/dags/airflow_pipeline.py
[2025-07-25T15:12:56.717+0000] {logging_mixin.py:188} INFO - [2025-07-25T15:12:56.717+0000] {dag.py:3036} INFO - Sync 1 DAGs
[2025-07-25T15:12:56.734+0000] {logging_mixin.py:188} INFO - [2025-07-25T15:12:56.734+0000] {dag.py:3823} INFO - Setting next_dagrun for pl001_ingest_crypto_postgres to None, run_after=None
[2025-07-25T15:12:56.766+0000] {processor.py:183} INFO - Processing /opt/airflow/dags/airflow_pipeline.py took 0.175 seconds
[2025-07-25T15:13:27.020+0000] {processor.py:161} INFO - Started process (PID=231) to work on /opt/airflow/dags/airflow_pipeline.py
[2025-07-25T15:13:27.023+0000] {processor.py:830} INFO - Processing file /opt/airflow/dags/airflow_pipeline.py for tasks to queue
[2025-07-25T15:13:27.026+0000] {logging_mixin.py:188} INFO - [2025-07-25T15:13:27.025+0000] {dagbag.py:538} INFO - Filling up the DagBag from /opt/airflow/dags/airflow_pipeline.py
[2025-07-25T15:13:27.077+0000] {processor.py:840} INFO - DAG(s) 'pl001_ingest_crypto_postgres' retrieved from /opt/airflow/dags/airflow_pipeline.py
[2025-07-25T15:13:27.140+0000] {logging_mixin.py:188} INFO - [2025-07-25T15:13:27.140+0000] {dag.py:3036} INFO - Sync 1 DAGs
[2025-07-25T15:13:27.177+0000] {logging_mixin.py:188} INFO - [2025-07-25T15:13:27.170+0000] {dag.py:3823} INFO - Setting next_dagrun for pl001_ingest_crypto_postgres to None, run_after=None
[2025-07-25T15:13:27.211+0000] {processor.py:183} INFO - Processing /opt/airflow/dags/airflow_pipeline.py took 0.198 seconds
[2025-07-25T15:13:57.447+0000] {processor.py:161} INFO - Started process (PID=236) to work on /opt/airflow/dags/airflow_pipeline.py
[2025-07-25T15:13:57.449+0000] {processor.py:830} INFO - Processing file /opt/airflow/dags/airflow_pipeline.py for tasks to queue
[2025-07-25T15:13:57.453+0000] {logging_mixin.py:188} INFO - [2025-07-25T15:13:57.452+0000] {dagbag.py:538} INFO - Filling up the DagBag from /opt/airflow/dags/airflow_pipeline.py
[2025-07-25T15:13:57.488+0000] {processor.py:840} INFO - DAG(s) 'pl001_ingest_crypto_postgres' retrieved from /opt/airflow/dags/airflow_pipeline.py
[2025-07-25T15:13:57.527+0000] {logging_mixin.py:188} INFO - [2025-07-25T15:13:57.527+0000] {dag.py:3036} INFO - Sync 1 DAGs
[2025-07-25T15:13:57.542+0000] {logging_mixin.py:188} INFO - [2025-07-25T15:13:57.541+0000] {dag.py:3823} INFO - Setting next_dagrun for pl001_ingest_crypto_postgres to None, run_after=None
[2025-07-25T15:13:57.567+0000] {processor.py:183} INFO - Processing /opt/airflow/dags/airflow_pipeline.py took 0.128 seconds
[2025-07-25T15:14:28.203+0000] {processor.py:161} INFO - Started process (PID=241) to work on /opt/airflow/dags/airflow_pipeline.py
[2025-07-25T15:14:28.205+0000] {processor.py:830} INFO - Processing file /opt/airflow/dags/airflow_pipeline.py for tasks to queue
[2025-07-25T15:14:28.207+0000] {logging_mixin.py:188} INFO - [2025-07-25T15:14:28.207+0000] {dagbag.py:538} INFO - Filling up the DagBag from /opt/airflow/dags/airflow_pipeline.py
[2025-07-25T15:14:28.247+0000] {processor.py:840} INFO - DAG(s) 'pl001_ingest_crypto_postgres' retrieved from /opt/airflow/dags/airflow_pipeline.py
[2025-07-25T15:14:28.310+0000] {logging_mixin.py:188} INFO - [2025-07-25T15:14:28.309+0000] {dag.py:3036} INFO - Sync 1 DAGs
[2025-07-25T15:14:28.342+0000] {logging_mixin.py:188} INFO - [2025-07-25T15:14:28.341+0000] {dag.py:3823} INFO - Setting next_dagrun for pl001_ingest_crypto_postgres to None, run_after=None
[2025-07-25T15:14:28.401+0000] {processor.py:183} INFO - Processing /opt/airflow/dags/airflow_pipeline.py took 0.204 seconds
[2025-07-25T15:14:59.036+0000] {processor.py:161} INFO - Started process (PID=246) to work on /opt/airflow/dags/airflow_pipeline.py
[2025-07-25T15:14:59.037+0000] {processor.py:830} INFO - Processing file /opt/airflow/dags/airflow_pipeline.py for tasks to queue
[2025-07-25T15:14:59.039+0000] {logging_mixin.py:188} INFO - [2025-07-25T15:14:59.038+0000] {dagbag.py:538} INFO - Filling up the DagBag from /opt/airflow/dags/airflow_pipeline.py
[2025-07-25T15:14:59.068+0000] {processor.py:840} INFO - DAG(s) 'pl001_ingest_crypto_postgres' retrieved from /opt/airflow/dags/airflow_pipeline.py
[2025-07-25T15:14:59.108+0000] {logging_mixin.py:188} INFO - [2025-07-25T15:14:59.108+0000] {dag.py:3036} INFO - Sync 1 DAGs
[2025-07-25T15:14:59.124+0000] {logging_mixin.py:188} INFO - [2025-07-25T15:14:59.124+0000] {dag.py:3823} INFO - Setting next_dagrun for pl001_ingest_crypto_postgres to None, run_after=None
[2025-07-25T15:14:59.153+0000] {processor.py:183} INFO - Processing /opt/airflow/dags/airflow_pipeline.py took 0.124 seconds
[2025-07-25T15:15:29.458+0000] {processor.py:161} INFO - Started process (PID=251) to work on /opt/airflow/dags/airflow_pipeline.py
[2025-07-25T15:15:29.460+0000] {processor.py:830} INFO - Processing file /opt/airflow/dags/airflow_pipeline.py for tasks to queue
[2025-07-25T15:15:29.462+0000] {logging_mixin.py:188} INFO - [2025-07-25T15:15:29.461+0000] {dagbag.py:538} INFO - Filling up the DagBag from /opt/airflow/dags/airflow_pipeline.py
[2025-07-25T15:15:29.497+0000] {processor.py:840} INFO - DAG(s) 'pl001_ingest_crypto_postgres' retrieved from /opt/airflow/dags/airflow_pipeline.py
[2025-07-25T15:15:29.546+0000] {logging_mixin.py:188} INFO - [2025-07-25T15:15:29.546+0000] {dag.py:3036} INFO - Sync 1 DAGs
[2025-07-25T15:15:29.569+0000] {logging_mixin.py:188} INFO - [2025-07-25T15:15:29.569+0000] {dag.py:3823} INFO - Setting next_dagrun for pl001_ingest_crypto_postgres to None, run_after=None
[2025-07-25T15:15:29.604+0000] {processor.py:183} INFO - Processing /opt/airflow/dags/airflow_pipeline.py took 0.151 seconds
[2025-07-25T15:15:59.840+0000] {processor.py:161} INFO - Started process (PID=256) to work on /opt/airflow/dags/airflow_pipeline.py
[2025-07-25T15:15:59.842+0000] {processor.py:830} INFO - Processing file /opt/airflow/dags/airflow_pipeline.py for tasks to queue
[2025-07-25T15:15:59.843+0000] {logging_mixin.py:188} INFO - [2025-07-25T15:15:59.843+0000] {dagbag.py:538} INFO - Filling up the DagBag from /opt/airflow/dags/airflow_pipeline.py
[2025-07-25T15:15:59.869+0000] {processor.py:840} INFO - DAG(s) 'pl001_ingest_crypto_postgres' retrieved from /opt/airflow/dags/airflow_pipeline.py
[2025-07-25T15:15:59.926+0000] {logging_mixin.py:188} INFO - [2025-07-25T15:15:59.925+0000] {dag.py:3036} INFO - Sync 1 DAGs
[2025-07-25T15:15:59.947+0000] {logging_mixin.py:188} INFO - [2025-07-25T15:15:59.946+0000] {dag.py:3823} INFO - Setting next_dagrun for pl001_ingest_crypto_postgres to None, run_after=None
[2025-07-25T15:15:59.992+0000] {processor.py:183} INFO - Processing /opt/airflow/dags/airflow_pipeline.py took 0.156 seconds
[2025-07-25T15:16:30.235+0000] {processor.py:161} INFO - Started process (PID=261) to work on /opt/airflow/dags/airflow_pipeline.py
[2025-07-25T15:16:30.236+0000] {processor.py:830} INFO - Processing file /opt/airflow/dags/airflow_pipeline.py for tasks to queue
[2025-07-25T15:16:30.238+0000] {logging_mixin.py:188} INFO - [2025-07-25T15:16:30.237+0000] {dagbag.py:538} INFO - Filling up the DagBag from /opt/airflow/dags/airflow_pipeline.py
[2025-07-25T15:16:30.275+0000] {processor.py:840} INFO - DAG(s) 'pl001_ingest_crypto_postgres' retrieved from /opt/airflow/dags/airflow_pipeline.py
[2025-07-25T15:16:30.323+0000] {logging_mixin.py:188} INFO - [2025-07-25T15:16:30.323+0000] {dag.py:3036} INFO - Sync 1 DAGs
[2025-07-25T15:16:30.345+0000] {logging_mixin.py:188} INFO - [2025-07-25T15:16:30.345+0000] {dag.py:3823} INFO - Setting next_dagrun for pl001_ingest_crypto_postgres to None, run_after=None
[2025-07-25T15:16:30.371+0000] {processor.py:183} INFO - Processing /opt/airflow/dags/airflow_pipeline.py took 0.142 seconds
[2025-07-25T15:17:00.819+0000] {processor.py:161} INFO - Started process (PID=266) to work on /opt/airflow/dags/airflow_pipeline.py
[2025-07-25T15:17:00.825+0000] {processor.py:830} INFO - Processing file /opt/airflow/dags/airflow_pipeline.py for tasks to queue
[2025-07-25T15:17:00.832+0000] {logging_mixin.py:188} INFO - [2025-07-25T15:17:00.831+0000] {dagbag.py:538} INFO - Filling up the DagBag from /opt/airflow/dags/airflow_pipeline.py
[2025-07-25T15:17:00.895+0000] {processor.py:840} INFO - DAG(s) 'pl001_ingest_crypto_postgres' retrieved from /opt/airflow/dags/airflow_pipeline.py
[2025-07-25T15:17:00.937+0000] {logging_mixin.py:188} INFO - [2025-07-25T15:17:00.937+0000] {dag.py:3036} INFO - Sync 1 DAGs
[2025-07-25T15:17:00.955+0000] {logging_mixin.py:188} INFO - [2025-07-25T15:17:00.955+0000] {dag.py:3823} INFO - Setting next_dagrun for pl001_ingest_crypto_postgres to None, run_after=None
[2025-07-25T15:17:00.984+0000] {processor.py:183} INFO - Processing /opt/airflow/dags/airflow_pipeline.py took 0.173 seconds
[2025-07-25T15:17:12.055+0000] {processor.py:161} INFO - Started process (PID=271) to work on /opt/airflow/dags/airflow_pipeline.py
[2025-07-25T15:17:12.057+0000] {processor.py:830} INFO - Processing file /opt/airflow/dags/airflow_pipeline.py for tasks to queue
[2025-07-25T15:17:12.059+0000] {logging_mixin.py:188} INFO - [2025-07-25T15:17:12.059+0000] {dagbag.py:538} INFO - Filling up the DagBag from /opt/airflow/dags/airflow_pipeline.py
[2025-07-25T15:17:12.106+0000] {processor.py:840} INFO - DAG(s) 'pl001_ingest_crypto_postgres' retrieved from /opt/airflow/dags/airflow_pipeline.py
[2025-07-25T15:17:12.153+0000] {logging_mixin.py:188} INFO - [2025-07-25T15:17:12.153+0000] {dag.py:3036} INFO - Sync 1 DAGs
[2025-07-25T15:17:12.174+0000] {logging_mixin.py:188} INFO - [2025-07-25T15:17:12.173+0000] {dag.py:3823} INFO - Setting next_dagrun for pl001_ingest_crypto_postgres to None, run_after=None
[2025-07-25T15:17:12.240+0000] {processor.py:183} INFO - Processing /opt/airflow/dags/airflow_pipeline.py took 0.193 seconds
[2025-07-25T15:17:42.448+0000] {processor.py:161} INFO - Started process (PID=276) to work on /opt/airflow/dags/airflow_pipeline.py
[2025-07-25T15:17:42.451+0000] {processor.py:830} INFO - Processing file /opt/airflow/dags/airflow_pipeline.py for tasks to queue
[2025-07-25T15:17:42.453+0000] {logging_mixin.py:188} INFO - [2025-07-25T15:17:42.452+0000] {dagbag.py:538} INFO - Filling up the DagBag from /opt/airflow/dags/airflow_pipeline.py
[2025-07-25T15:17:42.480+0000] {processor.py:840} INFO - DAG(s) 'pl001_ingest_crypto_postgres' retrieved from /opt/airflow/dags/airflow_pipeline.py
[2025-07-25T15:17:42.518+0000] {logging_mixin.py:188} INFO - [2025-07-25T15:17:42.518+0000] {dag.py:3036} INFO - Sync 1 DAGs
[2025-07-25T15:17:42.534+0000] {logging_mixin.py:188} INFO - [2025-07-25T15:17:42.534+0000] {dag.py:3823} INFO - Setting next_dagrun for pl001_ingest_crypto_postgres to None, run_after=None
[2025-07-25T15:17:42.560+0000] {processor.py:183} INFO - Processing /opt/airflow/dags/airflow_pipeline.py took 0.119 seconds
[2025-07-25T15:19:26.548+0000] {processor.py:161} INFO - Started process (PID=160) to work on /opt/airflow/dags/airflow_pipeline.py
[2025-07-25T15:19:26.550+0000] {processor.py:830} INFO - Processing file /opt/airflow/dags/airflow_pipeline.py for tasks to queue
[2025-07-25T15:19:26.552+0000] {logging_mixin.py:188} INFO - [2025-07-25T15:19:26.552+0000] {dagbag.py:538} INFO - Filling up the DagBag from /opt/airflow/dags/airflow_pipeline.py
[2025-07-25T15:19:26.624+0000] {processor.py:840} INFO - DAG(s) 'pl001_ingest_crypto_postgres' retrieved from /opt/airflow/dags/airflow_pipeline.py
[2025-07-25T15:19:26.725+0000] {logging_mixin.py:188} INFO - [2025-07-25T15:19:26.725+0000] {dag.py:3036} INFO - Sync 1 DAGs
[2025-07-25T15:19:26.750+0000] {logging_mixin.py:188} INFO - [2025-07-25T15:19:26.750+0000] {dag.py:3823} INFO - Setting next_dagrun for pl001_ingest_crypto_postgres to None, run_after=None
[2025-07-25T15:19:26.783+0000] {processor.py:183} INFO - Processing /opt/airflow/dags/airflow_pipeline.py took 0.241 seconds
[2025-07-25T15:19:57.505+0000] {processor.py:161} INFO - Started process (PID=168) to work on /opt/airflow/dags/airflow_pipeline.py
[2025-07-25T15:19:57.512+0000] {processor.py:830} INFO - Processing file /opt/airflow/dags/airflow_pipeline.py for tasks to queue
[2025-07-25T15:19:57.526+0000] {logging_mixin.py:188} INFO - [2025-07-25T15:19:57.519+0000] {dagbag.py:538} INFO - Filling up the DagBag from /opt/airflow/dags/airflow_pipeline.py
[2025-07-25T15:19:57.954+0000] {processor.py:840} INFO - DAG(s) 'pl001_ingest_crypto_postgres' retrieved from /opt/airflow/dags/airflow_pipeline.py
[2025-07-25T15:19:58.259+0000] {logging_mixin.py:188} INFO - [2025-07-25T15:19:58.256+0000] {dag.py:3036} INFO - Sync 1 DAGs
[2025-07-25T15:19:58.538+0000] {logging_mixin.py:188} INFO - [2025-07-25T15:19:58.536+0000] {dag.py:3823} INFO - Setting next_dagrun for pl001_ingest_crypto_postgres to None, run_after=None
[2025-07-25T15:19:58.972+0000] {processor.py:183} INFO - Processing /opt/airflow/dags/airflow_pipeline.py took 1.503 seconds
[2025-07-25T15:20:29.668+0000] {processor.py:161} INFO - Started process (PID=173) to work on /opt/airflow/dags/airflow_pipeline.py
[2025-07-25T15:20:29.670+0000] {processor.py:830} INFO - Processing file /opt/airflow/dags/airflow_pipeline.py for tasks to queue
[2025-07-25T15:20:29.671+0000] {logging_mixin.py:188} INFO - [2025-07-25T15:20:29.671+0000] {dagbag.py:538} INFO - Filling up the DagBag from /opt/airflow/dags/airflow_pipeline.py
[2025-07-25T15:20:29.696+0000] {processor.py:840} INFO - DAG(s) 'pl001_ingest_crypto_postgres' retrieved from /opt/airflow/dags/airflow_pipeline.py
[2025-07-25T15:20:29.736+0000] {logging_mixin.py:188} INFO - [2025-07-25T15:20:29.736+0000] {dag.py:3036} INFO - Sync 1 DAGs
[2025-07-25T15:20:29.753+0000] {logging_mixin.py:188} INFO - [2025-07-25T15:20:29.753+0000] {dag.py:3823} INFO - Setting next_dagrun for pl001_ingest_crypto_postgres to None, run_after=None
[2025-07-25T15:20:29.784+0000] {processor.py:183} INFO - Processing /opt/airflow/dags/airflow_pipeline.py took 0.120 seconds
[2025-07-25T15:21:00.105+0000] {processor.py:161} INFO - Started process (PID=178) to work on /opt/airflow/dags/airflow_pipeline.py
[2025-07-25T15:21:00.107+0000] {processor.py:830} INFO - Processing file /opt/airflow/dags/airflow_pipeline.py for tasks to queue
[2025-07-25T15:21:00.109+0000] {logging_mixin.py:188} INFO - [2025-07-25T15:21:00.108+0000] {dagbag.py:538} INFO - Filling up the DagBag from /opt/airflow/dags/airflow_pipeline.py
[2025-07-25T15:21:00.140+0000] {processor.py:840} INFO - DAG(s) 'pl001_ingest_crypto_postgres' retrieved from /opt/airflow/dags/airflow_pipeline.py
[2025-07-25T15:21:00.215+0000] {logging_mixin.py:188} INFO - [2025-07-25T15:21:00.214+0000] {dag.py:3036} INFO - Sync 1 DAGs
[2025-07-25T15:21:00.237+0000] {logging_mixin.py:188} INFO - [2025-07-25T15:21:00.236+0000] {dag.py:3823} INFO - Setting next_dagrun for pl001_ingest_crypto_postgres to None, run_after=None
[2025-07-25T15:21:00.275+0000] {processor.py:183} INFO - Processing /opt/airflow/dags/airflow_pipeline.py took 0.178 seconds
[2025-07-25T15:21:31.003+0000] {processor.py:161} INFO - Started process (PID=183) to work on /opt/airflow/dags/airflow_pipeline.py
[2025-07-25T15:21:31.005+0000] {processor.py:830} INFO - Processing file /opt/airflow/dags/airflow_pipeline.py for tasks to queue
[2025-07-25T15:21:31.007+0000] {logging_mixin.py:188} INFO - [2025-07-25T15:21:31.006+0000] {dagbag.py:538} INFO - Filling up the DagBag from /opt/airflow/dags/airflow_pipeline.py
[2025-07-25T15:21:31.043+0000] {processor.py:840} INFO - DAG(s) 'pl001_ingest_crypto_postgres' retrieved from /opt/airflow/dags/airflow_pipeline.py
[2025-07-25T15:21:31.096+0000] {logging_mixin.py:188} INFO - [2025-07-25T15:21:31.096+0000] {dag.py:3036} INFO - Sync 1 DAGs
[2025-07-25T15:21:31.118+0000] {logging_mixin.py:188} INFO - [2025-07-25T15:21:31.118+0000] {dag.py:3823} INFO - Setting next_dagrun for pl001_ingest_crypto_postgres to None, run_after=None
[2025-07-25T15:21:31.152+0000] {processor.py:183} INFO - Processing /opt/airflow/dags/airflow_pipeline.py took 0.154 seconds
[2025-07-25T15:21:55.583+0000] {processor.py:161} INFO - Started process (PID=188) to work on /opt/airflow/dags/airflow_pipeline.py
[2025-07-25T15:21:55.585+0000] {processor.py:830} INFO - Processing file /opt/airflow/dags/airflow_pipeline.py for tasks to queue
[2025-07-25T15:21:55.589+0000] {logging_mixin.py:188} INFO - [2025-07-25T15:21:55.586+0000] {dagbag.py:538} INFO - Filling up the DagBag from /opt/airflow/dags/airflow_pipeline.py
[2025-07-25T15:21:55.643+0000] {processor.py:840} INFO - DAG(s) 'pl001_ingest_crypto_postgres' retrieved from /opt/airflow/dags/airflow_pipeline.py
[2025-07-25T15:21:55.958+0000] {logging_mixin.py:188} INFO - [2025-07-25T15:21:55.958+0000] {dag.py:3036} INFO - Sync 1 DAGs
[2025-07-25T15:21:55.974+0000] {logging_mixin.py:188} INFO - [2025-07-25T15:21:55.973+0000] {dag.py:3823} INFO - Setting next_dagrun for pl001_ingest_crypto_postgres to None, run_after=None
[2025-07-25T15:21:56.039+0000] {processor.py:183} INFO - Processing /opt/airflow/dags/airflow_pipeline.py took 0.462 seconds
[2025-07-25T15:21:56.650+0000] {processor.py:161} INFO - Started process (PID=193) to work on /opt/airflow/dags/airflow_pipeline.py
[2025-07-25T15:21:56.652+0000] {processor.py:830} INFO - Processing file /opt/airflow/dags/airflow_pipeline.py for tasks to queue
[2025-07-25T15:21:56.655+0000] {logging_mixin.py:188} INFO - [2025-07-25T15:21:56.654+0000] {dagbag.py:538} INFO - Filling up the DagBag from /opt/airflow/dags/airflow_pipeline.py
[2025-07-25T15:21:56.705+0000] {processor.py:840} INFO - DAG(s) 'pl001_ingest_crypto_postgres' retrieved from /opt/airflow/dags/airflow_pipeline.py
[2025-07-25T15:21:56.735+0000] {logging_mixin.py:188} INFO - [2025-07-25T15:21:56.735+0000] {dag.py:3036} INFO - Sync 1 DAGs
[2025-07-25T15:21:56.759+0000] {logging_mixin.py:188} INFO - [2025-07-25T15:21:56.759+0000] {dag.py:3823} INFO - Setting next_dagrun for pl001_ingest_crypto_postgres to None, run_after=None
[2025-07-25T15:21:56.797+0000] {processor.py:183} INFO - Processing /opt/airflow/dags/airflow_pipeline.py took 0.165 seconds
[2025-07-25T15:22:27.101+0000] {processor.py:161} INFO - Started process (PID=207) to work on /opt/airflow/dags/airflow_pipeline.py
[2025-07-25T15:22:27.103+0000] {processor.py:830} INFO - Processing file /opt/airflow/dags/airflow_pipeline.py for tasks to queue
[2025-07-25T15:22:27.104+0000] {logging_mixin.py:188} INFO - [2025-07-25T15:22:27.104+0000] {dagbag.py:538} INFO - Filling up the DagBag from /opt/airflow/dags/airflow_pipeline.py
[2025-07-25T15:22:27.127+0000] {processor.py:840} INFO - DAG(s) 'pl001_ingest_crypto_postgres' retrieved from /opt/airflow/dags/airflow_pipeline.py
[2025-07-25T15:22:27.169+0000] {logging_mixin.py:188} INFO - [2025-07-25T15:22:27.168+0000] {dag.py:3036} INFO - Sync 1 DAGs
[2025-07-25T15:22:27.186+0000] {logging_mixin.py:188} INFO - [2025-07-25T15:22:27.186+0000] {dag.py:3823} INFO - Setting next_dagrun for pl001_ingest_crypto_postgres to None, run_after=None
[2025-07-25T15:22:27.213+0000] {processor.py:183} INFO - Processing /opt/airflow/dags/airflow_pipeline.py took 0.117 seconds
[2025-07-25T15:22:57.566+0000] {processor.py:161} INFO - Started process (PID=212) to work on /opt/airflow/dags/airflow_pipeline.py
[2025-07-25T15:22:57.568+0000] {processor.py:830} INFO - Processing file /opt/airflow/dags/airflow_pipeline.py for tasks to queue
[2025-07-25T15:22:57.570+0000] {logging_mixin.py:188} INFO - [2025-07-25T15:22:57.569+0000] {dagbag.py:538} INFO - Filling up the DagBag from /opt/airflow/dags/airflow_pipeline.py
[2025-07-25T15:22:57.602+0000] {processor.py:840} INFO - DAG(s) 'pl001_ingest_crypto_postgres' retrieved from /opt/airflow/dags/airflow_pipeline.py
[2025-07-25T15:22:57.640+0000] {logging_mixin.py:188} INFO - [2025-07-25T15:22:57.639+0000] {dag.py:3036} INFO - Sync 1 DAGs
[2025-07-25T15:22:57.656+0000] {logging_mixin.py:188} INFO - [2025-07-25T15:22:57.655+0000] {dag.py:3823} INFO - Setting next_dagrun for pl001_ingest_crypto_postgres to None, run_after=None
[2025-07-25T15:22:57.680+0000] {processor.py:183} INFO - Processing /opt/airflow/dags/airflow_pipeline.py took 0.118 seconds
[2025-07-25T15:23:28.006+0000] {processor.py:161} INFO - Started process (PID=217) to work on /opt/airflow/dags/airflow_pipeline.py
[2025-07-25T15:23:28.008+0000] {processor.py:830} INFO - Processing file /opt/airflow/dags/airflow_pipeline.py for tasks to queue
[2025-07-25T15:23:28.010+0000] {logging_mixin.py:188} INFO - [2025-07-25T15:23:28.009+0000] {dagbag.py:538} INFO - Filling up the DagBag from /opt/airflow/dags/airflow_pipeline.py
[2025-07-25T15:23:28.045+0000] {processor.py:840} INFO - DAG(s) 'pl001_ingest_crypto_postgres' retrieved from /opt/airflow/dags/airflow_pipeline.py
[2025-07-25T15:23:28.113+0000] {logging_mixin.py:188} INFO - [2025-07-25T15:23:28.113+0000] {dag.py:3036} INFO - Sync 1 DAGs
[2025-07-25T15:23:28.145+0000] {logging_mixin.py:188} INFO - [2025-07-25T15:23:28.144+0000] {dag.py:3823} INFO - Setting next_dagrun for pl001_ingest_crypto_postgres to None, run_after=None
[2025-07-25T15:23:28.211+0000] {processor.py:183} INFO - Processing /opt/airflow/dags/airflow_pipeline.py took 0.212 seconds
[2025-07-25T15:23:58.673+0000] {processor.py:161} INFO - Started process (PID=222) to work on /opt/airflow/dags/airflow_pipeline.py
[2025-07-25T15:23:58.674+0000] {processor.py:830} INFO - Processing file /opt/airflow/dags/airflow_pipeline.py for tasks to queue
[2025-07-25T15:23:58.676+0000] {logging_mixin.py:188} INFO - [2025-07-25T15:23:58.676+0000] {dagbag.py:538} INFO - Filling up the DagBag from /opt/airflow/dags/airflow_pipeline.py
[2025-07-25T15:23:58.702+0000] {processor.py:840} INFO - DAG(s) 'pl001_ingest_crypto_postgres' retrieved from /opt/airflow/dags/airflow_pipeline.py
[2025-07-25T15:23:58.778+0000] {logging_mixin.py:188} INFO - [2025-07-25T15:23:58.777+0000] {dag.py:3036} INFO - Sync 1 DAGs
[2025-07-25T15:23:58.828+0000] {logging_mixin.py:188} INFO - [2025-07-25T15:23:58.827+0000] {dag.py:3823} INFO - Setting next_dagrun for pl001_ingest_crypto_postgres to None, run_after=None
[2025-07-25T15:23:58.881+0000] {processor.py:183} INFO - Processing /opt/airflow/dags/airflow_pipeline.py took 0.214 seconds
[2025-07-25T15:24:29.400+0000] {processor.py:161} INFO - Started process (PID=227) to work on /opt/airflow/dags/airflow_pipeline.py
[2025-07-25T15:24:29.402+0000] {processor.py:830} INFO - Processing file /opt/airflow/dags/airflow_pipeline.py for tasks to queue
[2025-07-25T15:24:29.404+0000] {logging_mixin.py:188} INFO - [2025-07-25T15:24:29.403+0000] {dagbag.py:538} INFO - Filling up the DagBag from /opt/airflow/dags/airflow_pipeline.py
[2025-07-25T15:24:29.433+0000] {processor.py:840} INFO - DAG(s) 'pl001_ingest_crypto_postgres' retrieved from /opt/airflow/dags/airflow_pipeline.py
[2025-07-25T15:24:29.476+0000] {logging_mixin.py:188} INFO - [2025-07-25T15:24:29.476+0000] {dag.py:3036} INFO - Sync 1 DAGs
[2025-07-25T15:24:29.497+0000] {logging_mixin.py:188} INFO - [2025-07-25T15:24:29.497+0000] {dag.py:3823} INFO - Setting next_dagrun for pl001_ingest_crypto_postgres to None, run_after=None
[2025-07-25T15:24:29.528+0000] {processor.py:183} INFO - Processing /opt/airflow/dags/airflow_pipeline.py took 0.132 seconds
[2025-07-25T15:25:00.077+0000] {processor.py:161} INFO - Started process (PID=232) to work on /opt/airflow/dags/airflow_pipeline.py
[2025-07-25T15:25:00.079+0000] {processor.py:830} INFO - Processing file /opt/airflow/dags/airflow_pipeline.py for tasks to queue
[2025-07-25T15:25:00.081+0000] {logging_mixin.py:188} INFO - [2025-07-25T15:25:00.081+0000] {dagbag.py:538} INFO - Filling up the DagBag from /opt/airflow/dags/airflow_pipeline.py
[2025-07-25T15:25:00.111+0000] {processor.py:840} INFO - DAG(s) 'pl001_ingest_crypto_postgres' retrieved from /opt/airflow/dags/airflow_pipeline.py
[2025-07-25T15:25:00.159+0000] {logging_mixin.py:188} INFO - [2025-07-25T15:25:00.159+0000] {dag.py:3036} INFO - Sync 1 DAGs
[2025-07-25T15:25:00.176+0000] {logging_mixin.py:188} INFO - [2025-07-25T15:25:00.175+0000] {dag.py:3823} INFO - Setting next_dagrun for pl001_ingest_crypto_postgres to None, run_after=None
[2025-07-25T15:25:00.261+0000] {processor.py:183} INFO - Processing /opt/airflow/dags/airflow_pipeline.py took 0.188 seconds
[2025-07-25T15:25:31.464+0000] {processor.py:161} INFO - Started process (PID=237) to work on /opt/airflow/dags/airflow_pipeline.py
[2025-07-25T15:25:31.471+0000] {processor.py:830} INFO - Processing file /opt/airflow/dags/airflow_pipeline.py for tasks to queue
[2025-07-25T15:25:31.477+0000] {logging_mixin.py:188} INFO - [2025-07-25T15:25:31.475+0000] {dagbag.py:538} INFO - Filling up the DagBag from /opt/airflow/dags/airflow_pipeline.py
[2025-07-25T15:25:31.587+0000] {processor.py:840} INFO - DAG(s) 'pl001_ingest_crypto_postgres' retrieved from /opt/airflow/dags/airflow_pipeline.py
[2025-07-25T15:25:31.836+0000] {logging_mixin.py:188} INFO - [2025-07-25T15:25:31.835+0000] {dag.py:3036} INFO - Sync 1 DAGs
[2025-07-25T15:25:32.087+0000] {logging_mixin.py:188} INFO - [2025-07-25T15:25:32.075+0000] {dag.py:3823} INFO - Setting next_dagrun for pl001_ingest_crypto_postgres to None, run_after=None
[2025-07-25T15:25:32.436+0000] {processor.py:183} INFO - Processing /opt/airflow/dags/airflow_pipeline.py took 0.998 seconds
[2025-07-25T15:26:03.065+0000] {processor.py:161} INFO - Started process (PID=242) to work on /opt/airflow/dags/airflow_pipeline.py
[2025-07-25T15:26:03.067+0000] {processor.py:830} INFO - Processing file /opt/airflow/dags/airflow_pipeline.py for tasks to queue
[2025-07-25T15:26:03.068+0000] {logging_mixin.py:188} INFO - [2025-07-25T15:26:03.068+0000] {dagbag.py:538} INFO - Filling up the DagBag from /opt/airflow/dags/airflow_pipeline.py
[2025-07-25T15:26:03.098+0000] {processor.py:840} INFO - DAG(s) 'pl001_ingest_crypto_postgres' retrieved from /opt/airflow/dags/airflow_pipeline.py
[2025-07-25T15:26:03.155+0000] {logging_mixin.py:188} INFO - [2025-07-25T15:26:03.155+0000] {dag.py:3036} INFO - Sync 1 DAGs
[2025-07-25T15:26:03.170+0000] {logging_mixin.py:188} INFO - [2025-07-25T15:26:03.170+0000] {dag.py:3823} INFO - Setting next_dagrun for pl001_ingest_crypto_postgres to None, run_after=None
[2025-07-25T15:26:03.201+0000] {processor.py:183} INFO - Processing /opt/airflow/dags/airflow_pipeline.py took 0.143 seconds
[2025-07-25T15:26:33.265+0000] {processor.py:161} INFO - Started process (PID=247) to work on /opt/airflow/dags/airflow_pipeline.py
[2025-07-25T15:26:33.267+0000] {processor.py:830} INFO - Processing file /opt/airflow/dags/airflow_pipeline.py for tasks to queue
[2025-07-25T15:26:33.269+0000] {logging_mixin.py:188} INFO - [2025-07-25T15:26:33.268+0000] {dagbag.py:538} INFO - Filling up the DagBag from /opt/airflow/dags/airflow_pipeline.py
[2025-07-25T15:26:33.296+0000] {processor.py:840} INFO - DAG(s) 'pl001_ingest_crypto_postgres' retrieved from /opt/airflow/dags/airflow_pipeline.py
[2025-07-25T15:26:33.342+0000] {logging_mixin.py:188} INFO - [2025-07-25T15:26:33.341+0000] {dag.py:3036} INFO - Sync 1 DAGs
[2025-07-25T15:26:33.359+0000] {logging_mixin.py:188} INFO - [2025-07-25T15:26:33.359+0000] {dag.py:3823} INFO - Setting next_dagrun for pl001_ingest_crypto_postgres to None, run_after=None
[2025-07-25T15:26:33.390+0000] {processor.py:183} INFO - Processing /opt/airflow/dags/airflow_pipeline.py took 0.132 seconds
[2025-07-25T15:27:03.638+0000] {processor.py:161} INFO - Started process (PID=252) to work on /opt/airflow/dags/airflow_pipeline.py
[2025-07-25T15:27:03.640+0000] {processor.py:830} INFO - Processing file /opt/airflow/dags/airflow_pipeline.py for tasks to queue
[2025-07-25T15:27:03.641+0000] {logging_mixin.py:188} INFO - [2025-07-25T15:27:03.641+0000] {dagbag.py:538} INFO - Filling up the DagBag from /opt/airflow/dags/airflow_pipeline.py
[2025-07-25T15:27:03.667+0000] {processor.py:840} INFO - DAG(s) 'pl001_ingest_crypto_postgres' retrieved from /opt/airflow/dags/airflow_pipeline.py
[2025-07-25T15:27:03.704+0000] {logging_mixin.py:188} INFO - [2025-07-25T15:27:03.704+0000] {dag.py:3036} INFO - Sync 1 DAGs
[2025-07-25T15:27:03.724+0000] {logging_mixin.py:188} INFO - [2025-07-25T15:27:03.723+0000] {dag.py:3823} INFO - Setting next_dagrun for pl001_ingest_crypto_postgres to None, run_after=None
[2025-07-25T15:27:03.751+0000] {processor.py:183} INFO - Processing /opt/airflow/dags/airflow_pipeline.py took 0.119 seconds
[2025-07-25T15:31:05.443+0000] {processor.py:161} INFO - Started process (PID=160) to work on /opt/airflow/dags/airflow_pipeline.py
[2025-07-25T15:31:05.445+0000] {processor.py:830} INFO - Processing file /opt/airflow/dags/airflow_pipeline.py for tasks to queue
[2025-07-25T15:31:05.447+0000] {logging_mixin.py:188} INFO - [2025-07-25T15:31:05.447+0000] {dagbag.py:538} INFO - Filling up the DagBag from /opt/airflow/dags/airflow_pipeline.py
[2025-07-25T15:31:05.546+0000] {processor.py:840} INFO - DAG(s) 'pl001_ingest_crypto_postgres' retrieved from /opt/airflow/dags/airflow_pipeline.py
[2025-07-25T15:31:06.063+0000] {logging_mixin.py:188} INFO - [2025-07-25T15:31:06.061+0000] {dag.py:3036} INFO - Sync 1 DAGs
[2025-07-25T15:31:06.097+0000] {logging_mixin.py:188} INFO - [2025-07-25T15:31:06.097+0000] {dag.py:3823} INFO - Setting next_dagrun for pl001_ingest_crypto_postgres to None, run_after=None
[2025-07-25T15:31:06.156+0000] {processor.py:183} INFO - Processing /opt/airflow/dags/airflow_pipeline.py took 0.720 seconds
[2025-07-25T15:31:36.514+0000] {processor.py:161} INFO - Started process (PID=165) to work on /opt/airflow/dags/airflow_pipeline.py
[2025-07-25T15:31:36.517+0000] {processor.py:830} INFO - Processing file /opt/airflow/dags/airflow_pipeline.py for tasks to queue
[2025-07-25T15:31:36.531+0000] {logging_mixin.py:188} INFO - [2025-07-25T15:31:36.519+0000] {dagbag.py:538} INFO - Filling up the DagBag from /opt/airflow/dags/airflow_pipeline.py
[2025-07-25T15:31:36.571+0000] {processor.py:840} INFO - DAG(s) 'pl001_ingest_crypto_postgres' retrieved from /opt/airflow/dags/airflow_pipeline.py
[2025-07-25T15:31:36.742+0000] {logging_mixin.py:188} INFO - [2025-07-25T15:31:36.742+0000] {dag.py:3036} INFO - Sync 1 DAGs
[2025-07-25T15:31:36.757+0000] {logging_mixin.py:188} INFO - [2025-07-25T15:31:36.757+0000] {dag.py:3058} INFO - Creating ORM DAG for pl001_ingest_crypto_postgres
[2025-07-25T15:31:36.758+0000] {logging_mixin.py:188} INFO - [2025-07-25T15:31:36.758+0000] {dag.py:3823} INFO - Setting next_dagrun for pl001_ingest_crypto_postgres to None, run_after=None
[2025-07-25T15:31:36.782+0000] {processor.py:183} INFO - Processing /opt/airflow/dags/airflow_pipeline.py took 0.280 seconds
[2025-07-25T15:32:07.170+0000] {processor.py:161} INFO - Started process (PID=173) to work on /opt/airflow/dags/airflow_pipeline.py
[2025-07-25T15:32:07.177+0000] {processor.py:830} INFO - Processing file /opt/airflow/dags/airflow_pipeline.py for tasks to queue
[2025-07-25T15:32:07.184+0000] {logging_mixin.py:188} INFO - [2025-07-25T15:32:07.181+0000] {dagbag.py:538} INFO - Filling up the DagBag from /opt/airflow/dags/airflow_pipeline.py
[2025-07-25T15:32:07.377+0000] {processor.py:840} INFO - DAG(s) 'pl001_ingest_crypto_postgres' retrieved from /opt/airflow/dags/airflow_pipeline.py
[2025-07-25T15:32:07.436+0000] {logging_mixin.py:188} INFO - [2025-07-25T15:32:07.435+0000] {dag.py:3036} INFO - Sync 1 DAGs
[2025-07-25T15:32:07.458+0000] {logging_mixin.py:188} INFO - [2025-07-25T15:32:07.458+0000] {dag.py:3823} INFO - Setting next_dagrun for pl001_ingest_crypto_postgres to None, run_after=None
[2025-07-25T15:32:07.560+0000] {processor.py:183} INFO - Processing /opt/airflow/dags/airflow_pipeline.py took 0.433 seconds
[2025-07-25T15:32:37.844+0000] {processor.py:161} INFO - Started process (PID=178) to work on /opt/airflow/dags/airflow_pipeline.py
[2025-07-25T15:32:37.846+0000] {processor.py:830} INFO - Processing file /opt/airflow/dags/airflow_pipeline.py for tasks to queue
[2025-07-25T15:32:37.848+0000] {logging_mixin.py:188} INFO - [2025-07-25T15:32:37.848+0000] {dagbag.py:538} INFO - Filling up the DagBag from /opt/airflow/dags/airflow_pipeline.py
[2025-07-25T15:32:37.880+0000] {processor.py:840} INFO - DAG(s) 'pl001_ingest_crypto_postgres' retrieved from /opt/airflow/dags/airflow_pipeline.py
[2025-07-25T15:32:37.922+0000] {logging_mixin.py:188} INFO - [2025-07-25T15:32:37.922+0000] {dag.py:3036} INFO - Sync 1 DAGs
[2025-07-25T15:32:37.938+0000] {logging_mixin.py:188} INFO - [2025-07-25T15:32:37.938+0000] {dag.py:3823} INFO - Setting next_dagrun for pl001_ingest_crypto_postgres to None, run_after=None
[2025-07-25T15:32:37.965+0000] {processor.py:183} INFO - Processing /opt/airflow/dags/airflow_pipeline.py took 0.128 seconds
[2025-07-25T15:33:09.342+0000] {processor.py:161} INFO - Started process (PID=183) to work on /opt/airflow/dags/airflow_pipeline.py
[2025-07-25T15:33:09.351+0000] {processor.py:830} INFO - Processing file /opt/airflow/dags/airflow_pipeline.py for tasks to queue
[2025-07-25T15:33:09.354+0000] {logging_mixin.py:188} INFO - [2025-07-25T15:33:09.353+0000] {dagbag.py:538} INFO - Filling up the DagBag from /opt/airflow/dags/airflow_pipeline.py
[2025-07-25T15:33:09.462+0000] {processor.py:840} INFO - DAG(s) 'pl001_ingest_crypto_postgres' retrieved from /opt/airflow/dags/airflow_pipeline.py
[2025-07-25T15:33:09.510+0000] {logging_mixin.py:188} INFO - [2025-07-25T15:33:09.509+0000] {dag.py:3036} INFO - Sync 1 DAGs
[2025-07-25T15:33:09.531+0000] {logging_mixin.py:188} INFO - [2025-07-25T15:33:09.531+0000] {dag.py:3823} INFO - Setting next_dagrun for pl001_ingest_crypto_postgres to None, run_after=None
[2025-07-25T15:33:09.594+0000] {processor.py:183} INFO - Processing /opt/airflow/dags/airflow_pipeline.py took 0.259 seconds
[2025-07-25T15:33:40.041+0000] {processor.py:161} INFO - Started process (PID=188) to work on /opt/airflow/dags/airflow_pipeline.py
[2025-07-25T15:33:40.049+0000] {processor.py:830} INFO - Processing file /opt/airflow/dags/airflow_pipeline.py for tasks to queue
[2025-07-25T15:33:40.054+0000] {logging_mixin.py:188} INFO - [2025-07-25T15:33:40.052+0000] {dagbag.py:538} INFO - Filling up the DagBag from /opt/airflow/dags/airflow_pipeline.py
[2025-07-25T15:33:40.112+0000] {processor.py:840} INFO - DAG(s) 'pl001_ingest_crypto_postgres' retrieved from /opt/airflow/dags/airflow_pipeline.py
[2025-07-25T15:33:40.156+0000] {logging_mixin.py:188} INFO - [2025-07-25T15:33:40.156+0000] {dag.py:3036} INFO - Sync 1 DAGs
[2025-07-25T15:33:40.172+0000] {logging_mixin.py:188} INFO - [2025-07-25T15:33:40.172+0000] {dag.py:3823} INFO - Setting next_dagrun for pl001_ingest_crypto_postgres to None, run_after=None
[2025-07-25T15:33:40.199+0000] {processor.py:183} INFO - Processing /opt/airflow/dags/airflow_pipeline.py took 0.176 seconds
[2025-07-25T15:34:10.690+0000] {processor.py:161} INFO - Started process (PID=193) to work on /opt/airflow/dags/airflow_pipeline.py
[2025-07-25T15:34:10.692+0000] {processor.py:830} INFO - Processing file /opt/airflow/dags/airflow_pipeline.py for tasks to queue
[2025-07-25T15:34:10.693+0000] {logging_mixin.py:188} INFO - [2025-07-25T15:34:10.693+0000] {dagbag.py:538} INFO - Filling up the DagBag from /opt/airflow/dags/airflow_pipeline.py
[2025-07-25T15:34:10.719+0000] {processor.py:840} INFO - DAG(s) 'pl001_ingest_crypto_postgres' retrieved from /opt/airflow/dags/airflow_pipeline.py
[2025-07-25T15:34:10.765+0000] {logging_mixin.py:188} INFO - [2025-07-25T15:34:10.765+0000] {dag.py:3036} INFO - Sync 1 DAGs
[2025-07-25T15:34:10.781+0000] {logging_mixin.py:188} INFO - [2025-07-25T15:34:10.781+0000] {dag.py:3823} INFO - Setting next_dagrun for pl001_ingest_crypto_postgres to None, run_after=None
[2025-07-25T15:34:10.809+0000] {processor.py:183} INFO - Processing /opt/airflow/dags/airflow_pipeline.py took 0.123 seconds
[2025-07-25T15:34:41.089+0000] {processor.py:161} INFO - Started process (PID=198) to work on /opt/airflow/dags/airflow_pipeline.py
[2025-07-25T15:34:41.092+0000] {processor.py:830} INFO - Processing file /opt/airflow/dags/airflow_pipeline.py for tasks to queue
[2025-07-25T15:34:41.094+0000] {logging_mixin.py:188} INFO - [2025-07-25T15:34:41.093+0000] {dagbag.py:538} INFO - Filling up the DagBag from /opt/airflow/dags/airflow_pipeline.py
[2025-07-25T15:34:41.130+0000] {processor.py:840} INFO - DAG(s) 'pl001_ingest_crypto_postgres' retrieved from /opt/airflow/dags/airflow_pipeline.py
[2025-07-25T15:34:41.175+0000] {logging_mixin.py:188} INFO - [2025-07-25T15:34:41.175+0000] {dag.py:3036} INFO - Sync 1 DAGs
[2025-07-25T15:34:41.193+0000] {logging_mixin.py:188} INFO - [2025-07-25T15:34:41.192+0000] {dag.py:3823} INFO - Setting next_dagrun for pl001_ingest_crypto_postgres to None, run_after=None
[2025-07-25T15:34:41.229+0000] {processor.py:183} INFO - Processing /opt/airflow/dags/airflow_pipeline.py took 0.146 seconds
[2025-07-25T15:35:11.560+0000] {processor.py:161} INFO - Started process (PID=203) to work on /opt/airflow/dags/airflow_pipeline.py
[2025-07-25T15:35:11.562+0000] {processor.py:830} INFO - Processing file /opt/airflow/dags/airflow_pipeline.py for tasks to queue
[2025-07-25T15:35:11.565+0000] {logging_mixin.py:188} INFO - [2025-07-25T15:35:11.564+0000] {dagbag.py:538} INFO - Filling up the DagBag from /opt/airflow/dags/airflow_pipeline.py
[2025-07-25T15:35:11.601+0000] {processor.py:840} INFO - DAG(s) 'pl001_ingest_crypto_postgres' retrieved from /opt/airflow/dags/airflow_pipeline.py
[2025-07-25T15:35:11.658+0000] {logging_mixin.py:188} INFO - [2025-07-25T15:35:11.658+0000] {dag.py:3036} INFO - Sync 1 DAGs
[2025-07-25T15:35:11.681+0000] {logging_mixin.py:188} INFO - [2025-07-25T15:35:11.681+0000] {dag.py:3823} INFO - Setting next_dagrun for pl001_ingest_crypto_postgres to None, run_after=None
[2025-07-25T15:35:11.706+0000] {processor.py:183} INFO - Processing /opt/airflow/dags/airflow_pipeline.py took 0.152 seconds
[2025-07-25T15:35:41.996+0000] {processor.py:161} INFO - Started process (PID=208) to work on /opt/airflow/dags/airflow_pipeline.py
[2025-07-25T15:35:41.997+0000] {processor.py:830} INFO - Processing file /opt/airflow/dags/airflow_pipeline.py for tasks to queue
[2025-07-25T15:35:41.998+0000] {logging_mixin.py:188} INFO - [2025-07-25T15:35:41.998+0000] {dagbag.py:538} INFO - Filling up the DagBag from /opt/airflow/dags/airflow_pipeline.py
[2025-07-25T15:35:42.022+0000] {processor.py:840} INFO - DAG(s) 'pl001_ingest_crypto_postgres' retrieved from /opt/airflow/dags/airflow_pipeline.py
[2025-07-25T15:35:42.061+0000] {logging_mixin.py:188} INFO - [2025-07-25T15:35:42.061+0000] {dag.py:3036} INFO - Sync 1 DAGs
[2025-07-25T15:35:42.076+0000] {logging_mixin.py:188} INFO - [2025-07-25T15:35:42.076+0000] {dag.py:3823} INFO - Setting next_dagrun for pl001_ingest_crypto_postgres to None, run_after=None
[2025-07-25T15:35:42.102+0000] {processor.py:183} INFO - Processing /opt/airflow/dags/airflow_pipeline.py took 0.111 seconds
[2025-07-25T15:36:12.318+0000] {processor.py:161} INFO - Started process (PID=213) to work on /opt/airflow/dags/airflow_pipeline.py
[2025-07-25T15:36:12.320+0000] {processor.py:830} INFO - Processing file /opt/airflow/dags/airflow_pipeline.py for tasks to queue
[2025-07-25T15:36:12.323+0000] {logging_mixin.py:188} INFO - [2025-07-25T15:36:12.322+0000] {dagbag.py:538} INFO - Filling up the DagBag from /opt/airflow/dags/airflow_pipeline.py
[2025-07-25T15:36:12.351+0000] {processor.py:840} INFO - DAG(s) 'pl001_ingest_crypto_postgres' retrieved from /opt/airflow/dags/airflow_pipeline.py
[2025-07-25T15:36:12.390+0000] {logging_mixin.py:188} INFO - [2025-07-25T15:36:12.390+0000] {dag.py:3036} INFO - Sync 1 DAGs
[2025-07-25T15:36:12.406+0000] {logging_mixin.py:188} INFO - [2025-07-25T15:36:12.405+0000] {dag.py:3823} INFO - Setting next_dagrun for pl001_ingest_crypto_postgres to None, run_after=None
[2025-07-25T15:36:12.431+0000] {processor.py:183} INFO - Processing /opt/airflow/dags/airflow_pipeline.py took 0.119 seconds
[2025-07-25T15:36:42.852+0000] {processor.py:161} INFO - Started process (PID=218) to work on /opt/airflow/dags/airflow_pipeline.py
[2025-07-25T15:36:42.854+0000] {processor.py:830} INFO - Processing file /opt/airflow/dags/airflow_pipeline.py for tasks to queue
[2025-07-25T15:36:42.857+0000] {logging_mixin.py:188} INFO - [2025-07-25T15:36:42.856+0000] {dagbag.py:538} INFO - Filling up the DagBag from /opt/airflow/dags/airflow_pipeline.py
[2025-07-25T15:36:42.903+0000] {processor.py:840} INFO - DAG(s) 'pl001_ingest_crypto_postgres' retrieved from /opt/airflow/dags/airflow_pipeline.py
[2025-07-25T15:36:42.970+0000] {logging_mixin.py:188} INFO - [2025-07-25T15:36:42.970+0000] {dag.py:3036} INFO - Sync 1 DAGs
[2025-07-25T15:36:43.004+0000] {logging_mixin.py:188} INFO - [2025-07-25T15:36:43.004+0000] {dag.py:3823} INFO - Setting next_dagrun for pl001_ingest_crypto_postgres to None, run_after=None
[2025-07-25T15:36:43.051+0000] {processor.py:183} INFO - Processing /opt/airflow/dags/airflow_pipeline.py took 0.209 seconds
[2025-07-25T15:37:13.250+0000] {processor.py:161} INFO - Started process (PID=223) to work on /opt/airflow/dags/airflow_pipeline.py
[2025-07-25T15:37:13.253+0000] {processor.py:830} INFO - Processing file /opt/airflow/dags/airflow_pipeline.py for tasks to queue
[2025-07-25T15:37:13.256+0000] {logging_mixin.py:188} INFO - [2025-07-25T15:37:13.255+0000] {dagbag.py:538} INFO - Filling up the DagBag from /opt/airflow/dags/airflow_pipeline.py
[2025-07-25T15:37:13.305+0000] {processor.py:840} INFO - DAG(s) 'pl001_ingest_crypto_postgres' retrieved from /opt/airflow/dags/airflow_pipeline.py
[2025-07-25T15:37:13.368+0000] {logging_mixin.py:188} INFO - [2025-07-25T15:37:13.368+0000] {dag.py:3036} INFO - Sync 1 DAGs
[2025-07-25T15:37:13.388+0000] {logging_mixin.py:188} INFO - [2025-07-25T15:37:13.388+0000] {dag.py:3823} INFO - Setting next_dagrun for pl001_ingest_crypto_postgres to None, run_after=None
[2025-07-25T15:37:13.412+0000] {processor.py:183} INFO - Processing /opt/airflow/dags/airflow_pipeline.py took 0.173 seconds
[2025-07-25T15:37:43.780+0000] {processor.py:161} INFO - Started process (PID=228) to work on /opt/airflow/dags/airflow_pipeline.py
[2025-07-25T15:37:43.782+0000] {processor.py:830} INFO - Processing file /opt/airflow/dags/airflow_pipeline.py for tasks to queue
[2025-07-25T15:37:43.783+0000] {logging_mixin.py:188} INFO - [2025-07-25T15:37:43.783+0000] {dagbag.py:538} INFO - Filling up the DagBag from /opt/airflow/dags/airflow_pipeline.py
[2025-07-25T15:37:43.807+0000] {processor.py:840} INFO - DAG(s) 'pl001_ingest_crypto_postgres' retrieved from /opt/airflow/dags/airflow_pipeline.py
[2025-07-25T15:37:43.854+0000] {logging_mixin.py:188} INFO - [2025-07-25T15:37:43.853+0000] {dag.py:3036} INFO - Sync 1 DAGs
[2025-07-25T15:37:43.878+0000] {logging_mixin.py:188} INFO - [2025-07-25T15:37:43.878+0000] {dag.py:3823} INFO - Setting next_dagrun for pl001_ingest_crypto_postgres to None, run_after=None
[2025-07-25T15:37:43.921+0000] {processor.py:183} INFO - Processing /opt/airflow/dags/airflow_pipeline.py took 0.145 seconds
[2025-07-25T15:38:14.138+0000] {processor.py:161} INFO - Started process (PID=233) to work on /opt/airflow/dags/airflow_pipeline.py
[2025-07-25T15:38:14.140+0000] {processor.py:830} INFO - Processing file /opt/airflow/dags/airflow_pipeline.py for tasks to queue
[2025-07-25T15:38:14.141+0000] {logging_mixin.py:188} INFO - [2025-07-25T15:38:14.141+0000] {dagbag.py:538} INFO - Filling up the DagBag from /opt/airflow/dags/airflow_pipeline.py
[2025-07-25T15:38:14.164+0000] {processor.py:840} INFO - DAG(s) 'pl001_ingest_crypto_postgres' retrieved from /opt/airflow/dags/airflow_pipeline.py
[2025-07-25T15:38:14.204+0000] {logging_mixin.py:188} INFO - [2025-07-25T15:38:14.204+0000] {dag.py:3036} INFO - Sync 1 DAGs
[2025-07-25T15:38:14.229+0000] {logging_mixin.py:188} INFO - [2025-07-25T15:38:14.229+0000] {dag.py:3823} INFO - Setting next_dagrun for pl001_ingest_crypto_postgres to None, run_after=None
[2025-07-25T15:38:14.254+0000] {processor.py:183} INFO - Processing /opt/airflow/dags/airflow_pipeline.py took 0.121 seconds
[2025-07-25T15:38:44.597+0000] {processor.py:161} INFO - Started process (PID=238) to work on /opt/airflow/dags/airflow_pipeline.py
[2025-07-25T15:38:44.599+0000] {processor.py:830} INFO - Processing file /opt/airflow/dags/airflow_pipeline.py for tasks to queue
[2025-07-25T15:38:44.602+0000] {logging_mixin.py:188} INFO - [2025-07-25T15:38:44.601+0000] {dagbag.py:538} INFO - Filling up the DagBag from /opt/airflow/dags/airflow_pipeline.py
[2025-07-25T15:38:44.639+0000] {processor.py:840} INFO - DAG(s) 'pl001_ingest_crypto_postgres' retrieved from /opt/airflow/dags/airflow_pipeline.py
[2025-07-25T15:38:44.703+0000] {logging_mixin.py:188} INFO - [2025-07-25T15:38:44.703+0000] {dag.py:3036} INFO - Sync 1 DAGs
[2025-07-25T15:38:44.719+0000] {logging_mixin.py:188} INFO - [2025-07-25T15:38:44.719+0000] {dag.py:3823} INFO - Setting next_dagrun for pl001_ingest_crypto_postgres to None, run_after=None
[2025-07-25T15:38:44.750+0000] {processor.py:183} INFO - Processing /opt/airflow/dags/airflow_pipeline.py took 0.159 seconds
[2025-07-25T15:40:04.495+0000] {processor.py:161} INFO - Started process (PID=160) to work on /opt/airflow/dags/airflow_pipeline.py
[2025-07-25T15:40:04.503+0000] {processor.py:830} INFO - Processing file /opt/airflow/dags/airflow_pipeline.py for tasks to queue
[2025-07-25T15:40:04.505+0000] {logging_mixin.py:188} INFO - [2025-07-25T15:40:04.505+0000] {dagbag.py:538} INFO - Filling up the DagBag from /opt/airflow/dags/airflow_pipeline.py
[2025-07-25T15:40:04.581+0000] {processor.py:840} INFO - DAG(s) 'pl001_ingest_crypto_postgres' retrieved from /opt/airflow/dags/airflow_pipeline.py
[2025-07-25T15:40:04.667+0000] {logging_mixin.py:188} INFO - [2025-07-25T15:40:04.667+0000] {dag.py:3036} INFO - Sync 1 DAGs
[2025-07-25T15:40:04.683+0000] {logging_mixin.py:188} INFO - [2025-07-25T15:40:04.683+0000] {dag.py:3823} INFO - Setting next_dagrun for pl001_ingest_crypto_postgres to None, run_after=None
[2025-07-25T15:40:04.712+0000] {processor.py:183} INFO - Processing /opt/airflow/dags/airflow_pipeline.py took 0.227 seconds
[2025-07-25T15:40:19.916+0000] {processor.py:161} INFO - Started process (PID=165) to work on /opt/airflow/dags/airflow_pipeline.py
[2025-07-25T15:40:19.920+0000] {processor.py:830} INFO - Processing file /opt/airflow/dags/airflow_pipeline.py for tasks to queue
[2025-07-25T15:40:19.928+0000] {logging_mixin.py:188} INFO - [2025-07-25T15:40:19.924+0000] {dagbag.py:538} INFO - Filling up the DagBag from /opt/airflow/dags/airflow_pipeline.py
[2025-07-25T15:40:19.999+0000] {processor.py:840} INFO - DAG(s) 'pl001_ingest_crypto_postgres' retrieved from /opt/airflow/dags/airflow_pipeline.py
[2025-07-25T15:40:20.072+0000] {logging_mixin.py:188} INFO - [2025-07-25T15:40:20.072+0000] {dag.py:3036} INFO - Sync 1 DAGs
[2025-07-25T15:40:20.095+0000] {logging_mixin.py:188} INFO - [2025-07-25T15:40:20.094+0000] {dag.py:3823} INFO - Setting next_dagrun for pl001_ingest_crypto_postgres to None, run_after=None
[2025-07-25T15:40:20.142+0000] {processor.py:183} INFO - Processing /opt/airflow/dags/airflow_pipeline.py took 0.233 seconds
[2025-07-25T15:40:51.267+0000] {processor.py:161} INFO - Started process (PID=170) to work on /opt/airflow/dags/airflow_pipeline.py
[2025-07-25T15:40:51.273+0000] {processor.py:830} INFO - Processing file /opt/airflow/dags/airflow_pipeline.py for tasks to queue
[2025-07-25T15:40:51.277+0000] {logging_mixin.py:188} INFO - [2025-07-25T15:40:51.276+0000] {dagbag.py:538} INFO - Filling up the DagBag from /opt/airflow/dags/airflow_pipeline.py
[2025-07-25T15:40:51.327+0000] {processor.py:840} INFO - DAG(s) 'pl001_ingest_crypto_postgres' retrieved from /opt/airflow/dags/airflow_pipeline.py
[2025-07-25T15:40:51.378+0000] {logging_mixin.py:188} INFO - [2025-07-25T15:40:51.378+0000] {dag.py:3036} INFO - Sync 1 DAGs
[2025-07-25T15:40:51.432+0000] {logging_mixin.py:188} INFO - [2025-07-25T15:40:51.431+0000] {dag.py:3823} INFO - Setting next_dagrun for pl001_ingest_crypto_postgres to None, run_after=None
[2025-07-25T15:40:51.563+0000] {processor.py:183} INFO - Processing /opt/airflow/dags/airflow_pipeline.py took 0.320 seconds
[2025-07-25T15:41:25.857+0000] {processor.py:161} INFO - Started process (PID=178) to work on /opt/airflow/dags/airflow_pipeline.py
[2025-07-25T15:41:25.871+0000] {processor.py:830} INFO - Processing file /opt/airflow/dags/airflow_pipeline.py for tasks to queue
[2025-07-25T15:41:25.877+0000] {logging_mixin.py:188} INFO - [2025-07-25T15:41:25.875+0000] {dagbag.py:538} INFO - Filling up the DagBag from /opt/airflow/dags/airflow_pipeline.py
[2025-07-25T15:41:25.994+0000] {processor.py:840} INFO - DAG(s) 'pl001_ingest_crypto_postgres' retrieved from /opt/airflow/dags/airflow_pipeline.py
[2025-07-25T15:41:26.183+0000] {logging_mixin.py:188} INFO - [2025-07-25T15:41:26.182+0000] {dag.py:3036} INFO - Sync 1 DAGs
[2025-07-25T15:41:26.299+0000] {logging_mixin.py:188} INFO - [2025-07-25T15:41:26.298+0000] {dag.py:3823} INFO - Setting next_dagrun for pl001_ingest_crypto_postgres to None, run_after=None
[2025-07-25T15:41:26.433+0000] {processor.py:183} INFO - Processing /opt/airflow/dags/airflow_pipeline.py took 0.585 seconds
[2025-07-25T18:03:57.991+0000] {processor.py:161} INFO - Started process (PID=185) to work on /opt/airflow/dags/airflow_pipeline.py
[2025-07-25T18:03:57.994+0000] {processor.py:830} INFO - Processing file /opt/airflow/dags/airflow_pipeline.py for tasks to queue
[2025-07-25T18:03:58.009+0000] {logging_mixin.py:188} INFO - [2025-07-25T18:03:58.009+0000] {dagbag.py:538} INFO - Filling up the DagBag from /opt/airflow/dags/airflow_pipeline.py
[2025-07-25T18:03:58.172+0000] {processor.py:840} INFO - DAG(s) 'pl001_ingest_crypto_postgres' retrieved from /opt/airflow/dags/airflow_pipeline.py
[2025-07-25T18:03:58.344+0000] {logging_mixin.py:188} INFO - [2025-07-25T18:03:58.344+0000] {dag.py:3036} INFO - Sync 1 DAGs
[2025-07-25T18:03:58.758+0000] {logging_mixin.py:188} INFO - [2025-07-25T18:03:58.757+0000] {dag.py:3823} INFO - Setting next_dagrun for pl001_ingest_crypto_postgres to None, run_after=None
[2025-07-25T18:03:59.051+0000] {processor.py:183} INFO - Processing /opt/airflow/dags/airflow_pipeline.py took 1.067 seconds
[2025-07-25T18:04:29.424+0000] {processor.py:161} INFO - Started process (PID=190) to work on /opt/airflow/dags/airflow_pipeline.py
[2025-07-25T18:04:29.427+0000] {processor.py:830} INFO - Processing file /opt/airflow/dags/airflow_pipeline.py for tasks to queue
[2025-07-25T18:04:29.429+0000] {logging_mixin.py:188} INFO - [2025-07-25T18:04:29.428+0000] {dagbag.py:538} INFO - Filling up the DagBag from /opt/airflow/dags/airflow_pipeline.py
[2025-07-25T18:04:29.459+0000] {processor.py:840} INFO - DAG(s) 'pl001_ingest_crypto_postgres' retrieved from /opt/airflow/dags/airflow_pipeline.py
[2025-07-25T18:04:29.516+0000] {logging_mixin.py:188} INFO - [2025-07-25T18:04:29.516+0000] {dag.py:3036} INFO - Sync 1 DAGs
[2025-07-25T18:04:29.547+0000] {logging_mixin.py:188} INFO - [2025-07-25T18:04:29.547+0000] {dag.py:3823} INFO - Setting next_dagrun for pl001_ingest_crypto_postgres to None, run_after=None
[2025-07-25T18:04:29.585+0000] {processor.py:183} INFO - Processing /opt/airflow/dags/airflow_pipeline.py took 0.167 seconds
[2025-07-25T18:04:59.784+0000] {processor.py:161} INFO - Started process (PID=195) to work on /opt/airflow/dags/airflow_pipeline.py
[2025-07-25T18:04:59.786+0000] {processor.py:830} INFO - Processing file /opt/airflow/dags/airflow_pipeline.py for tasks to queue
[2025-07-25T18:04:59.787+0000] {logging_mixin.py:188} INFO - [2025-07-25T18:04:59.787+0000] {dagbag.py:538} INFO - Filling up the DagBag from /opt/airflow/dags/airflow_pipeline.py
[2025-07-25T18:04:59.813+0000] {processor.py:840} INFO - DAG(s) 'pl001_ingest_crypto_postgres' retrieved from /opt/airflow/dags/airflow_pipeline.py
[2025-07-25T18:04:59.857+0000] {logging_mixin.py:188} INFO - [2025-07-25T18:04:59.856+0000] {dag.py:3036} INFO - Sync 1 DAGs
[2025-07-25T18:04:59.873+0000] {logging_mixin.py:188} INFO - [2025-07-25T18:04:59.873+0000] {dag.py:3823} INFO - Setting next_dagrun for pl001_ingest_crypto_postgres to None, run_after=None
[2025-07-25T18:04:59.911+0000] {processor.py:183} INFO - Processing /opt/airflow/dags/airflow_pipeline.py took 0.131 seconds
[2025-07-25T18:05:30.032+0000] {processor.py:161} INFO - Started process (PID=200) to work on /opt/airflow/dags/airflow_pipeline.py
[2025-07-25T18:05:30.034+0000] {processor.py:830} INFO - Processing file /opt/airflow/dags/airflow_pipeline.py for tasks to queue
[2025-07-25T18:05:30.036+0000] {logging_mixin.py:188} INFO - [2025-07-25T18:05:30.035+0000] {dagbag.py:538} INFO - Filling up the DagBag from /opt/airflow/dags/airflow_pipeline.py
[2025-07-25T18:05:30.075+0000] {processor.py:840} INFO - DAG(s) 'pl001_ingest_crypto_postgres' retrieved from /opt/airflow/dags/airflow_pipeline.py
[2025-07-25T18:05:30.173+0000] {logging_mixin.py:188} INFO - [2025-07-25T18:05:30.172+0000] {dag.py:3036} INFO - Sync 1 DAGs
[2025-07-25T18:05:30.193+0000] {logging_mixin.py:188} INFO - [2025-07-25T18:05:30.192+0000] {dag.py:3823} INFO - Setting next_dagrun for pl001_ingest_crypto_postgres to None, run_after=None
[2025-07-25T18:05:30.225+0000] {processor.py:183} INFO - Processing /opt/airflow/dags/airflow_pipeline.py took 0.199 seconds
[2025-07-25T18:06:00.549+0000] {processor.py:161} INFO - Started process (PID=205) to work on /opt/airflow/dags/airflow_pipeline.py
[2025-07-25T18:06:00.553+0000] {processor.py:830} INFO - Processing file /opt/airflow/dags/airflow_pipeline.py for tasks to queue
[2025-07-25T18:06:00.555+0000] {logging_mixin.py:188} INFO - [2025-07-25T18:06:00.554+0000] {dagbag.py:538} INFO - Filling up the DagBag from /opt/airflow/dags/airflow_pipeline.py
[2025-07-25T18:06:00.597+0000] {processor.py:840} INFO - DAG(s) 'pl001_ingest_crypto_postgres' retrieved from /opt/airflow/dags/airflow_pipeline.py
[2025-07-25T18:06:00.648+0000] {logging_mixin.py:188} INFO - [2025-07-25T18:06:00.648+0000] {dag.py:3036} INFO - Sync 1 DAGs
[2025-07-25T18:06:00.665+0000] {logging_mixin.py:188} INFO - [2025-07-25T18:06:00.665+0000] {dag.py:3823} INFO - Setting next_dagrun for pl001_ingest_crypto_postgres to None, run_after=None
[2025-07-25T18:06:00.701+0000] {processor.py:183} INFO - Processing /opt/airflow/dags/airflow_pipeline.py took 0.160 seconds
[2025-07-25T18:06:30.881+0000] {processor.py:161} INFO - Started process (PID=210) to work on /opt/airflow/dags/airflow_pipeline.py
[2025-07-25T18:06:30.883+0000] {processor.py:830} INFO - Processing file /opt/airflow/dags/airflow_pipeline.py for tasks to queue
[2025-07-25T18:06:30.884+0000] {logging_mixin.py:188} INFO - [2025-07-25T18:06:30.884+0000] {dagbag.py:538} INFO - Filling up the DagBag from /opt/airflow/dags/airflow_pipeline.py
[2025-07-25T18:06:30.926+0000] {processor.py:840} INFO - DAG(s) 'pl001_ingest_crypto_postgres' retrieved from /opt/airflow/dags/airflow_pipeline.py
[2025-07-25T18:06:30.973+0000] {logging_mixin.py:188} INFO - [2025-07-25T18:06:30.972+0000] {dag.py:3036} INFO - Sync 1 DAGs
[2025-07-25T18:06:30.990+0000] {logging_mixin.py:188} INFO - [2025-07-25T18:06:30.989+0000] {dag.py:3823} INFO - Setting next_dagrun for pl001_ingest_crypto_postgres to None, run_after=None
[2025-07-25T18:06:31.040+0000] {processor.py:183} INFO - Processing /opt/airflow/dags/airflow_pipeline.py took 0.164 seconds
[2025-07-25T18:07:01.421+0000] {processor.py:161} INFO - Started process (PID=215) to work on /opt/airflow/dags/airflow_pipeline.py
[2025-07-25T18:07:01.423+0000] {processor.py:830} INFO - Processing file /opt/airflow/dags/airflow_pipeline.py for tasks to queue
[2025-07-25T18:07:01.424+0000] {logging_mixin.py:188} INFO - [2025-07-25T18:07:01.424+0000] {dagbag.py:538} INFO - Filling up the DagBag from /opt/airflow/dags/airflow_pipeline.py
[2025-07-25T18:07:01.448+0000] {processor.py:840} INFO - DAG(s) 'pl001_ingest_crypto_postgres' retrieved from /opt/airflow/dags/airflow_pipeline.py
[2025-07-25T18:07:01.497+0000] {logging_mixin.py:188} INFO - [2025-07-25T18:07:01.496+0000] {dag.py:3036} INFO - Sync 1 DAGs
[2025-07-25T18:07:01.515+0000] {logging_mixin.py:188} INFO - [2025-07-25T18:07:01.515+0000] {dag.py:3823} INFO - Setting next_dagrun for pl001_ingest_crypto_postgres to None, run_after=None
[2025-07-25T18:07:01.547+0000] {processor.py:183} INFO - Processing /opt/airflow/dags/airflow_pipeline.py took 0.130 seconds
[2025-07-25T18:07:31.657+0000] {processor.py:161} INFO - Started process (PID=220) to work on /opt/airflow/dags/airflow_pipeline.py
[2025-07-25T18:07:31.659+0000] {processor.py:830} INFO - Processing file /opt/airflow/dags/airflow_pipeline.py for tasks to queue
[2025-07-25T18:07:31.661+0000] {logging_mixin.py:188} INFO - [2025-07-25T18:07:31.660+0000] {dagbag.py:538} INFO - Filling up the DagBag from /opt/airflow/dags/airflow_pipeline.py
[2025-07-25T18:07:31.688+0000] {processor.py:840} INFO - DAG(s) 'pl001_ingest_crypto_postgres' retrieved from /opt/airflow/dags/airflow_pipeline.py
[2025-07-25T18:07:31.731+0000] {logging_mixin.py:188} INFO - [2025-07-25T18:07:31.730+0000] {dag.py:3036} INFO - Sync 1 DAGs
[2025-07-25T18:07:31.747+0000] {logging_mixin.py:188} INFO - [2025-07-25T18:07:31.747+0000] {dag.py:3823} INFO - Setting next_dagrun for pl001_ingest_crypto_postgres to None, run_after=None
[2025-07-25T18:07:31.778+0000] {processor.py:183} INFO - Processing /opt/airflow/dags/airflow_pipeline.py took 0.126 seconds
[2025-07-25T18:08:01.949+0000] {processor.py:161} INFO - Started process (PID=225) to work on /opt/airflow/dags/airflow_pipeline.py
[2025-07-25T18:08:01.951+0000] {processor.py:830} INFO - Processing file /opt/airflow/dags/airflow_pipeline.py for tasks to queue
[2025-07-25T18:08:01.953+0000] {logging_mixin.py:188} INFO - [2025-07-25T18:08:01.952+0000] {dagbag.py:538} INFO - Filling up the DagBag from /opt/airflow/dags/airflow_pipeline.py
[2025-07-25T18:08:01.981+0000] {processor.py:840} INFO - DAG(s) 'pl001_ingest_crypto_postgres' retrieved from /opt/airflow/dags/airflow_pipeline.py
[2025-07-25T18:08:02.025+0000] {logging_mixin.py:188} INFO - [2025-07-25T18:08:02.024+0000] {dag.py:3036} INFO - Sync 1 DAGs
[2025-07-25T18:08:02.043+0000] {logging_mixin.py:188} INFO - [2025-07-25T18:08:02.043+0000] {dag.py:3823} INFO - Setting next_dagrun for pl001_ingest_crypto_postgres to None, run_after=None
[2025-07-25T18:08:02.072+0000] {processor.py:183} INFO - Processing /opt/airflow/dags/airflow_pipeline.py took 0.128 seconds
[2025-07-25T18:09:23.376+0000] {processor.py:161} INFO - Started process (PID=159) to work on /opt/airflow/dags/airflow_pipeline.py
[2025-07-25T18:09:23.378+0000] {processor.py:830} INFO - Processing file /opt/airflow/dags/airflow_pipeline.py for tasks to queue
[2025-07-25T18:09:23.380+0000] {logging_mixin.py:188} INFO - [2025-07-25T18:09:23.379+0000] {dagbag.py:538} INFO - Filling up the DagBag from /opt/airflow/dags/airflow_pipeline.py
[2025-07-25T18:09:23.558+0000] {processor.py:840} INFO - DAG(s) 'pl001_ingest_crypto_postgres' retrieved from /opt/airflow/dags/airflow_pipeline.py
[2025-07-25T18:09:23.681+0000] {logging_mixin.py:188} INFO - [2025-07-25T18:09:23.681+0000] {dag.py:3036} INFO - Sync 1 DAGs
[2025-07-25T18:09:23.704+0000] {logging_mixin.py:188} INFO - [2025-07-25T18:09:23.704+0000] {dag.py:3823} INFO - Setting next_dagrun for pl001_ingest_crypto_postgres to None, run_after=None
[2025-07-25T18:09:23.747+0000] {processor.py:183} INFO - Processing /opt/airflow/dags/airflow_pipeline.py took 0.384 seconds
[2025-07-25T18:09:54.105+0000] {processor.py:161} INFO - Started process (PID=167) to work on /opt/airflow/dags/airflow_pipeline.py
[2025-07-25T18:09:54.106+0000] {processor.py:830} INFO - Processing file /opt/airflow/dags/airflow_pipeline.py for tasks to queue
[2025-07-25T18:09:54.131+0000] {logging_mixin.py:188} INFO - [2025-07-25T18:09:54.107+0000] {dagbag.py:538} INFO - Filling up the DagBag from /opt/airflow/dags/airflow_pipeline.py
[2025-07-25T18:09:54.187+0000] {processor.py:840} INFO - DAG(s) 'pl001_ingest_crypto_postgres' retrieved from /opt/airflow/dags/airflow_pipeline.py
[2025-07-25T18:09:54.298+0000] {logging_mixin.py:188} INFO - [2025-07-25T18:09:54.298+0000] {dag.py:3036} INFO - Sync 1 DAGs
[2025-07-25T18:09:54.366+0000] {logging_mixin.py:188} INFO - [2025-07-25T18:09:54.365+0000] {dag.py:3823} INFO - Setting next_dagrun for pl001_ingest_crypto_postgres to None, run_after=None
[2025-07-25T18:09:54.499+0000] {processor.py:183} INFO - Processing /opt/airflow/dags/airflow_pipeline.py took 0.411 seconds
[2025-07-25T18:10:24.978+0000] {processor.py:161} INFO - Started process (PID=172) to work on /opt/airflow/dags/airflow_pipeline.py
[2025-07-25T18:10:24.980+0000] {processor.py:830} INFO - Processing file /opt/airflow/dags/airflow_pipeline.py for tasks to queue
[2025-07-25T18:10:24.981+0000] {logging_mixin.py:188} INFO - [2025-07-25T18:10:24.981+0000] {dagbag.py:538} INFO - Filling up the DagBag from /opt/airflow/dags/airflow_pipeline.py
[2025-07-25T18:10:25.016+0000] {processor.py:840} INFO - DAG(s) 'pl001_ingest_crypto_postgres' retrieved from /opt/airflow/dags/airflow_pipeline.py
[2025-07-25T18:10:25.060+0000] {logging_mixin.py:188} INFO - [2025-07-25T18:10:25.060+0000] {dag.py:3036} INFO - Sync 1 DAGs
[2025-07-25T18:10:25.077+0000] {logging_mixin.py:188} INFO - [2025-07-25T18:10:25.076+0000] {dag.py:3823} INFO - Setting next_dagrun for pl001_ingest_crypto_postgres to None, run_after=None
[2025-07-25T18:10:25.103+0000] {processor.py:183} INFO - Processing /opt/airflow/dags/airflow_pipeline.py took 0.130 seconds
[2025-07-25T18:10:55.295+0000] {processor.py:161} INFO - Started process (PID=177) to work on /opt/airflow/dags/airflow_pipeline.py
[2025-07-25T18:10:55.297+0000] {processor.py:830} INFO - Processing file /opt/airflow/dags/airflow_pipeline.py for tasks to queue
[2025-07-25T18:10:55.299+0000] {logging_mixin.py:188} INFO - [2025-07-25T18:10:55.298+0000] {dagbag.py:538} INFO - Filling up the DagBag from /opt/airflow/dags/airflow_pipeline.py
[2025-07-25T18:10:55.460+0000] {processor.py:840} INFO - DAG(s) 'pl001_ingest_crypto_postgres' retrieved from /opt/airflow/dags/airflow_pipeline.py
[2025-07-25T18:10:55.555+0000] {logging_mixin.py:188} INFO - [2025-07-25T18:10:55.554+0000] {dag.py:3036} INFO - Sync 1 DAGs
[2025-07-25T18:10:55.600+0000] {logging_mixin.py:188} INFO - [2025-07-25T18:10:55.599+0000] {dag.py:3823} INFO - Setting next_dagrun for pl001_ingest_crypto_postgres to None, run_after=None
[2025-07-25T18:10:55.671+0000] {processor.py:183} INFO - Processing /opt/airflow/dags/airflow_pipeline.py took 0.383 seconds
[2025-07-25T18:11:25.864+0000] {processor.py:161} INFO - Started process (PID=182) to work on /opt/airflow/dags/airflow_pipeline.py
[2025-07-25T18:11:25.866+0000] {processor.py:830} INFO - Processing file /opt/airflow/dags/airflow_pipeline.py for tasks to queue
[2025-07-25T18:11:25.868+0000] {logging_mixin.py:188} INFO - [2025-07-25T18:11:25.868+0000] {dagbag.py:538} INFO - Filling up the DagBag from /opt/airflow/dags/airflow_pipeline.py
[2025-07-25T18:11:25.898+0000] {processor.py:840} INFO - DAG(s) 'pl001_ingest_crypto_postgres' retrieved from /opt/airflow/dags/airflow_pipeline.py
[2025-07-25T18:11:25.951+0000] {logging_mixin.py:188} INFO - [2025-07-25T18:11:25.950+0000] {dag.py:3036} INFO - Sync 1 DAGs
[2025-07-25T18:11:25.976+0000] {logging_mixin.py:188} INFO - [2025-07-25T18:11:25.976+0000] {dag.py:3823} INFO - Setting next_dagrun for pl001_ingest_crypto_postgres to None, run_after=None
[2025-07-25T18:11:26.081+0000] {processor.py:183} INFO - Processing /opt/airflow/dags/airflow_pipeline.py took 0.223 seconds
[2025-07-25T18:11:56.329+0000] {processor.py:161} INFO - Started process (PID=187) to work on /opt/airflow/dags/airflow_pipeline.py
[2025-07-25T18:11:56.331+0000] {processor.py:830} INFO - Processing file /opt/airflow/dags/airflow_pipeline.py for tasks to queue
[2025-07-25T18:11:56.333+0000] {logging_mixin.py:188} INFO - [2025-07-25T18:11:56.332+0000] {dagbag.py:538} INFO - Filling up the DagBag from /opt/airflow/dags/airflow_pipeline.py
[2025-07-25T18:11:56.369+0000] {processor.py:840} INFO - DAG(s) 'pl001_ingest_crypto_postgres' retrieved from /opt/airflow/dags/airflow_pipeline.py
[2025-07-25T18:11:56.435+0000] {logging_mixin.py:188} INFO - [2025-07-25T18:11:56.435+0000] {dag.py:3036} INFO - Sync 1 DAGs
[2025-07-25T18:11:56.459+0000] {logging_mixin.py:188} INFO - [2025-07-25T18:11:56.459+0000] {dag.py:3823} INFO - Setting next_dagrun for pl001_ingest_crypto_postgres to None, run_after=None
[2025-07-25T18:11:56.486+0000] {processor.py:183} INFO - Processing /opt/airflow/dags/airflow_pipeline.py took 0.163 seconds
[2025-07-25T18:12:27.132+0000] {processor.py:161} INFO - Started process (PID=192) to work on /opt/airflow/dags/airflow_pipeline.py
[2025-07-25T18:12:27.198+0000] {processor.py:830} INFO - Processing file /opt/airflow/dags/airflow_pipeline.py for tasks to queue
[2025-07-25T18:12:27.214+0000] {logging_mixin.py:188} INFO - [2025-07-25T18:12:27.213+0000] {dagbag.py:538} INFO - Filling up the DagBag from /opt/airflow/dags/airflow_pipeline.py
[2025-07-25T18:12:27.466+0000] {processor.py:840} INFO - DAG(s) 'pl001_ingest_crypto_postgres' retrieved from /opt/airflow/dags/airflow_pipeline.py
[2025-07-25T18:12:27.627+0000] {logging_mixin.py:188} INFO - [2025-07-25T18:12:27.627+0000] {dag.py:3036} INFO - Sync 1 DAGs
[2025-07-25T18:12:27.692+0000] {logging_mixin.py:188} INFO - [2025-07-25T18:12:27.692+0000] {dag.py:3823} INFO - Setting next_dagrun for pl001_ingest_crypto_postgres to None, run_after=None
[2025-07-25T18:12:27.815+0000] {processor.py:183} INFO - Processing /opt/airflow/dags/airflow_pipeline.py took 0.707 seconds
[2025-07-25T18:12:58.049+0000] {processor.py:161} INFO - Started process (PID=197) to work on /opt/airflow/dags/airflow_pipeline.py
[2025-07-25T18:12:58.062+0000] {processor.py:830} INFO - Processing file /opt/airflow/dags/airflow_pipeline.py for tasks to queue
[2025-07-25T18:12:58.065+0000] {logging_mixin.py:188} INFO - [2025-07-25T18:12:58.064+0000] {dagbag.py:538} INFO - Filling up the DagBag from /opt/airflow/dags/airflow_pipeline.py
[2025-07-25T18:12:58.134+0000] {processor.py:840} INFO - DAG(s) 'pl001_ingest_crypto_postgres' retrieved from /opt/airflow/dags/airflow_pipeline.py
[2025-07-25T18:12:58.279+0000] {logging_mixin.py:188} INFO - [2025-07-25T18:12:58.279+0000] {dag.py:3036} INFO - Sync 1 DAGs
[2025-07-25T18:12:58.342+0000] {logging_mixin.py:188} INFO - [2025-07-25T18:12:58.342+0000] {dag.py:3823} INFO - Setting next_dagrun for pl001_ingest_crypto_postgres to None, run_after=None
[2025-07-25T18:12:59.336+0000] {processor.py:183} INFO - Processing /opt/airflow/dags/airflow_pipeline.py took 1.300 seconds
[2025-07-25T18:13:29.597+0000] {processor.py:161} INFO - Started process (PID=202) to work on /opt/airflow/dags/airflow_pipeline.py
[2025-07-25T18:13:29.599+0000] {processor.py:830} INFO - Processing file /opt/airflow/dags/airflow_pipeline.py for tasks to queue
[2025-07-25T18:13:29.602+0000] {logging_mixin.py:188} INFO - [2025-07-25T18:13:29.601+0000] {dagbag.py:538} INFO - Filling up the DagBag from /opt/airflow/dags/airflow_pipeline.py
[2025-07-25T18:13:29.750+0000] {processor.py:840} INFO - DAG(s) 'pl001_ingest_crypto_postgres' retrieved from /opt/airflow/dags/airflow_pipeline.py
[2025-07-25T18:13:29.833+0000] {logging_mixin.py:188} INFO - [2025-07-25T18:13:29.832+0000] {dag.py:3036} INFO - Sync 1 DAGs
[2025-07-25T18:13:29.861+0000] {logging_mixin.py:188} INFO - [2025-07-25T18:13:29.860+0000] {dag.py:3823} INFO - Setting next_dagrun for pl001_ingest_crypto_postgres to None, run_after=None
[2025-07-25T18:13:29.909+0000] {processor.py:183} INFO - Processing /opt/airflow/dags/airflow_pipeline.py took 0.321 seconds
[2025-07-25T18:14:00.407+0000] {processor.py:161} INFO - Started process (PID=207) to work on /opt/airflow/dags/airflow_pipeline.py
[2025-07-25T18:14:00.410+0000] {processor.py:830} INFO - Processing file /opt/airflow/dags/airflow_pipeline.py for tasks to queue
[2025-07-25T18:14:00.413+0000] {logging_mixin.py:188} INFO - [2025-07-25T18:14:00.412+0000] {dagbag.py:538} INFO - Filling up the DagBag from /opt/airflow/dags/airflow_pipeline.py
[2025-07-25T18:14:00.462+0000] {processor.py:840} INFO - DAG(s) 'pl001_ingest_crypto_postgres' retrieved from /opt/airflow/dags/airflow_pipeline.py
[2025-07-25T18:14:00.538+0000] {logging_mixin.py:188} INFO - [2025-07-25T18:14:00.538+0000] {dag.py:3036} INFO - Sync 1 DAGs
[2025-07-25T18:14:00.564+0000] {logging_mixin.py:188} INFO - [2025-07-25T18:14:00.563+0000] {dag.py:3823} INFO - Setting next_dagrun for pl001_ingest_crypto_postgres to None, run_after=None
[2025-07-25T18:14:00.641+0000] {processor.py:183} INFO - Processing /opt/airflow/dags/airflow_pipeline.py took 0.245 seconds
[2025-07-25T18:14:31.448+0000] {processor.py:161} INFO - Started process (PID=212) to work on /opt/airflow/dags/airflow_pipeline.py
[2025-07-25T18:14:31.461+0000] {processor.py:830} INFO - Processing file /opt/airflow/dags/airflow_pipeline.py for tasks to queue
[2025-07-25T18:14:31.470+0000] {logging_mixin.py:188} INFO - [2025-07-25T18:14:31.467+0000] {dagbag.py:538} INFO - Filling up the DagBag from /opt/airflow/dags/airflow_pipeline.py
[2025-07-25T18:14:31.639+0000] {processor.py:840} INFO - DAG(s) 'pl001_ingest_crypto_postgres' retrieved from /opt/airflow/dags/airflow_pipeline.py
[2025-07-25T18:14:32.131+0000] {logging_mixin.py:188} INFO - [2025-07-25T18:14:32.129+0000] {dag.py:3036} INFO - Sync 1 DAGs
[2025-07-25T18:14:32.474+0000] {logging_mixin.py:188} INFO - [2025-07-25T18:14:32.473+0000] {dag.py:3823} INFO - Setting next_dagrun for pl001_ingest_crypto_postgres to None, run_after=None
[2025-07-25T18:14:32.705+0000] {processor.py:183} INFO - Processing /opt/airflow/dags/airflow_pipeline.py took 1.328 seconds
[2025-07-25T18:15:03.225+0000] {processor.py:161} INFO - Started process (PID=217) to work on /opt/airflow/dags/airflow_pipeline.py
[2025-07-25T18:15:03.227+0000] {processor.py:830} INFO - Processing file /opt/airflow/dags/airflow_pipeline.py for tasks to queue
[2025-07-25T18:15:03.228+0000] {logging_mixin.py:188} INFO - [2025-07-25T18:15:03.228+0000] {dagbag.py:538} INFO - Filling up the DagBag from /opt/airflow/dags/airflow_pipeline.py
[2025-07-25T18:15:03.262+0000] {processor.py:840} INFO - DAG(s) 'pl001_ingest_crypto_postgres' retrieved from /opt/airflow/dags/airflow_pipeline.py
[2025-07-25T18:15:03.314+0000] {logging_mixin.py:188} INFO - [2025-07-25T18:15:03.314+0000] {dag.py:3036} INFO - Sync 1 DAGs
[2025-07-25T18:15:03.343+0000] {logging_mixin.py:188} INFO - [2025-07-25T18:15:03.342+0000] {dag.py:3823} INFO - Setting next_dagrun for pl001_ingest_crypto_postgres to None, run_after=None
[2025-07-25T18:15:03.413+0000] {processor.py:183} INFO - Processing /opt/airflow/dags/airflow_pipeline.py took 0.193 seconds
[2025-07-25T18:15:33.618+0000] {processor.py:161} INFO - Started process (PID=222) to work on /opt/airflow/dags/airflow_pipeline.py
[2025-07-25T18:15:33.620+0000] {processor.py:830} INFO - Processing file /opt/airflow/dags/airflow_pipeline.py for tasks to queue
[2025-07-25T18:15:33.621+0000] {logging_mixin.py:188} INFO - [2025-07-25T18:15:33.621+0000] {dagbag.py:538} INFO - Filling up the DagBag from /opt/airflow/dags/airflow_pipeline.py
[2025-07-25T18:15:33.650+0000] {processor.py:840} INFO - DAG(s) 'pl001_ingest_crypto_postgres' retrieved from /opt/airflow/dags/airflow_pipeline.py
[2025-07-25T18:15:33.693+0000] {logging_mixin.py:188} INFO - [2025-07-25T18:15:33.693+0000] {dag.py:3036} INFO - Sync 1 DAGs
[2025-07-25T18:15:33.711+0000] {logging_mixin.py:188} INFO - [2025-07-25T18:15:33.710+0000] {dag.py:3823} INFO - Setting next_dagrun for pl001_ingest_crypto_postgres to None, run_after=None
[2025-07-25T18:15:33.757+0000] {processor.py:183} INFO - Processing /opt/airflow/dags/airflow_pipeline.py took 0.146 seconds
[2025-07-25T18:16:04.073+0000] {processor.py:161} INFO - Started process (PID=227) to work on /opt/airflow/dags/airflow_pipeline.py
[2025-07-25T18:16:04.084+0000] {processor.py:830} INFO - Processing file /opt/airflow/dags/airflow_pipeline.py for tasks to queue
[2025-07-25T18:16:04.086+0000] {logging_mixin.py:188} INFO - [2025-07-25T18:16:04.086+0000] {dagbag.py:538} INFO - Filling up the DagBag from /opt/airflow/dags/airflow_pipeline.py
[2025-07-25T18:16:04.138+0000] {processor.py:840} INFO - DAG(s) 'pl001_ingest_crypto_postgres' retrieved from /opt/airflow/dags/airflow_pipeline.py
[2025-07-25T18:16:04.223+0000] {logging_mixin.py:188} INFO - [2025-07-25T18:16:04.222+0000] {dag.py:3036} INFO - Sync 1 DAGs
[2025-07-25T18:16:04.252+0000] {logging_mixin.py:188} INFO - [2025-07-25T18:16:04.251+0000] {dag.py:3823} INFO - Setting next_dagrun for pl001_ingest_crypto_postgres to None, run_after=None
[2025-07-25T18:16:04.653+0000] {processor.py:183} INFO - Processing /opt/airflow/dags/airflow_pipeline.py took 0.587 seconds
[2025-07-25T18:16:35.024+0000] {processor.py:161} INFO - Started process (PID=232) to work on /opt/airflow/dags/airflow_pipeline.py
[2025-07-25T18:16:35.026+0000] {processor.py:830} INFO - Processing file /opt/airflow/dags/airflow_pipeline.py for tasks to queue
[2025-07-25T18:16:35.027+0000] {logging_mixin.py:188} INFO - [2025-07-25T18:16:35.027+0000] {dagbag.py:538} INFO - Filling up the DagBag from /opt/airflow/dags/airflow_pipeline.py
[2025-07-25T18:16:35.055+0000] {processor.py:840} INFO - DAG(s) 'pl001_ingest_crypto_postgres' retrieved from /opt/airflow/dags/airflow_pipeline.py
[2025-07-25T18:16:35.115+0000] {logging_mixin.py:188} INFO - [2025-07-25T18:16:35.114+0000] {dag.py:3036} INFO - Sync 1 DAGs
[2025-07-25T18:16:35.164+0000] {logging_mixin.py:188} INFO - [2025-07-25T18:16:35.159+0000] {dag.py:3823} INFO - Setting next_dagrun for pl001_ingest_crypto_postgres to None, run_after=None
[2025-07-25T18:16:35.235+0000] {processor.py:183} INFO - Processing /opt/airflow/dags/airflow_pipeline.py took 0.217 seconds
[2025-07-25T18:17:05.848+0000] {processor.py:161} INFO - Started process (PID=237) to work on /opt/airflow/dags/airflow_pipeline.py
[2025-07-25T18:17:05.854+0000] {processor.py:830} INFO - Processing file /opt/airflow/dags/airflow_pipeline.py for tasks to queue
[2025-07-25T18:17:05.859+0000] {logging_mixin.py:188} INFO - [2025-07-25T18:17:05.858+0000] {dagbag.py:538} INFO - Filling up the DagBag from /opt/airflow/dags/airflow_pipeline.py
[2025-07-25T18:17:05.924+0000] {processor.py:840} INFO - DAG(s) 'pl001_ingest_crypto_postgres' retrieved from /opt/airflow/dags/airflow_pipeline.py
[2025-07-25T18:17:06.012+0000] {logging_mixin.py:188} INFO - [2025-07-25T18:17:06.009+0000] {dag.py:3036} INFO - Sync 1 DAGs
[2025-07-25T18:17:06.045+0000] {logging_mixin.py:188} INFO - [2025-07-25T18:17:06.044+0000] {dag.py:3823} INFO - Setting next_dagrun for pl001_ingest_crypto_postgres to None, run_after=None
[2025-07-25T18:17:06.081+0000] {processor.py:183} INFO - Processing /opt/airflow/dags/airflow_pipeline.py took 0.246 seconds
[2025-07-25T18:18:31.193+0000] {processor.py:161} INFO - Started process (PID=161) to work on /opt/airflow/dags/airflow_pipeline.py
[2025-07-25T18:18:31.196+0000] {processor.py:830} INFO - Processing file /opt/airflow/dags/airflow_pipeline.py for tasks to queue
[2025-07-25T18:18:31.197+0000] {logging_mixin.py:188} INFO - [2025-07-25T18:18:31.197+0000] {dagbag.py:538} INFO - Filling up the DagBag from /opt/airflow/dags/airflow_pipeline.py
[2025-07-25T18:18:31.247+0000] {processor.py:840} INFO - DAG(s) 'pl001_ingest_crypto_postgres' retrieved from /opt/airflow/dags/airflow_pipeline.py
[2025-07-25T18:18:31.333+0000] {logging_mixin.py:188} INFO - [2025-07-25T18:18:31.332+0000] {dag.py:3036} INFO - Sync 1 DAGs
[2025-07-25T18:18:31.357+0000] {logging_mixin.py:188} INFO - [2025-07-25T18:18:31.356+0000] {dag.py:3823} INFO - Setting next_dagrun for pl001_ingest_crypto_postgres to None, run_after=None
[2025-07-25T18:18:31.390+0000] {processor.py:183} INFO - Processing /opt/airflow/dags/airflow_pipeline.py took 0.203 seconds
[2025-07-25T18:19:01.842+0000] {processor.py:161} INFO - Started process (PID=166) to work on /opt/airflow/dags/airflow_pipeline.py
[2025-07-25T18:19:01.844+0000] {processor.py:830} INFO - Processing file /opt/airflow/dags/airflow_pipeline.py for tasks to queue
[2025-07-25T18:19:01.853+0000] {logging_mixin.py:188} INFO - [2025-07-25T18:19:01.845+0000] {dagbag.py:538} INFO - Filling up the DagBag from /opt/airflow/dags/airflow_pipeline.py
[2025-07-25T18:19:01.897+0000] {processor.py:840} INFO - DAG(s) 'pl001_ingest_crypto_postgres' retrieved from /opt/airflow/dags/airflow_pipeline.py
[2025-07-25T18:19:01.939+0000] {logging_mixin.py:188} INFO - [2025-07-25T18:19:01.939+0000] {dag.py:3036} INFO - Sync 1 DAGs
[2025-07-25T18:19:01.957+0000] {logging_mixin.py:188} INFO - [2025-07-25T18:19:01.957+0000] {dag.py:3823} INFO - Setting next_dagrun for pl001_ingest_crypto_postgres to None, run_after=None
[2025-07-25T18:19:01.985+0000] {processor.py:183} INFO - Processing /opt/airflow/dags/airflow_pipeline.py took 0.150 seconds
[2025-07-25T18:19:32.664+0000] {processor.py:161} INFO - Started process (PID=171) to work on /opt/airflow/dags/airflow_pipeline.py
[2025-07-25T18:19:32.666+0000] {processor.py:830} INFO - Processing file /opt/airflow/dags/airflow_pipeline.py for tasks to queue
[2025-07-25T18:19:32.668+0000] {logging_mixin.py:188} INFO - [2025-07-25T18:19:32.667+0000] {dagbag.py:538} INFO - Filling up the DagBag from /opt/airflow/dags/airflow_pipeline.py
[2025-07-25T18:19:32.693+0000] {processor.py:840} INFO - DAG(s) 'pl001_ingest_crypto_postgres' retrieved from /opt/airflow/dags/airflow_pipeline.py
[2025-07-25T18:19:32.743+0000] {logging_mixin.py:188} INFO - [2025-07-25T18:19:32.742+0000] {dag.py:3036} INFO - Sync 1 DAGs
[2025-07-25T18:19:32.770+0000] {logging_mixin.py:188} INFO - [2025-07-25T18:19:32.770+0000] {dag.py:3823} INFO - Setting next_dagrun for pl001_ingest_crypto_postgres to None, run_after=None
[2025-07-25T18:19:32.807+0000] {processor.py:183} INFO - Processing /opt/airflow/dags/airflow_pipeline.py took 0.153 seconds
[2025-07-25T18:20:03.281+0000] {processor.py:161} INFO - Started process (PID=176) to work on /opt/airflow/dags/airflow_pipeline.py
[2025-07-25T18:20:03.290+0000] {processor.py:830} INFO - Processing file /opt/airflow/dags/airflow_pipeline.py for tasks to queue
[2025-07-25T18:20:03.295+0000] {logging_mixin.py:188} INFO - [2025-07-25T18:20:03.293+0000] {dagbag.py:538} INFO - Filling up the DagBag from /opt/airflow/dags/airflow_pipeline.py
[2025-07-25T18:20:03.378+0000] {processor.py:840} INFO - DAG(s) 'pl001_ingest_crypto_postgres' retrieved from /opt/airflow/dags/airflow_pipeline.py
[2025-07-25T18:20:03.525+0000] {logging_mixin.py:188} INFO - [2025-07-25T18:20:03.524+0000] {dag.py:3036} INFO - Sync 1 DAGs
[2025-07-25T18:20:03.594+0000] {logging_mixin.py:188} INFO - [2025-07-25T18:20:03.594+0000] {dag.py:3823} INFO - Setting next_dagrun for pl001_ingest_crypto_postgres to None, run_after=None
[2025-07-25T18:20:03.877+0000] {processor.py:183} INFO - Processing /opt/airflow/dags/airflow_pipeline.py took 0.616 seconds
[2025-07-25T18:20:34.139+0000] {processor.py:161} INFO - Started process (PID=181) to work on /opt/airflow/dags/airflow_pipeline.py
[2025-07-25T18:20:34.141+0000] {processor.py:830} INFO - Processing file /opt/airflow/dags/airflow_pipeline.py for tasks to queue
[2025-07-25T18:20:34.143+0000] {logging_mixin.py:188} INFO - [2025-07-25T18:20:34.142+0000] {dagbag.py:538} INFO - Filling up the DagBag from /opt/airflow/dags/airflow_pipeline.py
[2025-07-25T18:20:34.171+0000] {processor.py:840} INFO - DAG(s) 'pl001_ingest_crypto_postgres' retrieved from /opt/airflow/dags/airflow_pipeline.py
[2025-07-25T18:20:34.217+0000] {logging_mixin.py:188} INFO - [2025-07-25T18:20:34.217+0000] {dag.py:3036} INFO - Sync 1 DAGs
[2025-07-25T18:20:34.234+0000] {logging_mixin.py:188} INFO - [2025-07-25T18:20:34.234+0000] {dag.py:3823} INFO - Setting next_dagrun for pl001_ingest_crypto_postgres to None, run_after=None
[2025-07-25T18:20:34.268+0000] {processor.py:183} INFO - Processing /opt/airflow/dags/airflow_pipeline.py took 0.135 seconds
[2025-07-25T18:21:04.483+0000] {processor.py:161} INFO - Started process (PID=186) to work on /opt/airflow/dags/airflow_pipeline.py
[2025-07-25T18:21:04.485+0000] {processor.py:830} INFO - Processing file /opt/airflow/dags/airflow_pipeline.py for tasks to queue
[2025-07-25T18:21:04.487+0000] {logging_mixin.py:188} INFO - [2025-07-25T18:21:04.486+0000] {dagbag.py:538} INFO - Filling up the DagBag from /opt/airflow/dags/airflow_pipeline.py
[2025-07-25T18:21:04.523+0000] {processor.py:840} INFO - DAG(s) 'pl001_ingest_crypto_postgres' retrieved from /opt/airflow/dags/airflow_pipeline.py
[2025-07-25T18:21:04.589+0000] {logging_mixin.py:188} INFO - [2025-07-25T18:21:04.589+0000] {dag.py:3036} INFO - Sync 1 DAGs
[2025-07-25T18:21:04.622+0000] {logging_mixin.py:188} INFO - [2025-07-25T18:21:04.621+0000] {dag.py:3823} INFO - Setting next_dagrun for pl001_ingest_crypto_postgres to None, run_after=None
[2025-07-25T18:21:04.694+0000] {processor.py:183} INFO - Processing /opt/airflow/dags/airflow_pipeline.py took 0.220 seconds
[2025-07-25T18:21:34.793+0000] {processor.py:161} INFO - Started process (PID=191) to work on /opt/airflow/dags/airflow_pipeline.py
[2025-07-25T18:21:34.795+0000] {processor.py:830} INFO - Processing file /opt/airflow/dags/airflow_pipeline.py for tasks to queue
[2025-07-25T18:21:34.797+0000] {logging_mixin.py:188} INFO - [2025-07-25T18:21:34.796+0000] {dagbag.py:538} INFO - Filling up the DagBag from /opt/airflow/dags/airflow_pipeline.py
[2025-07-25T18:21:34.821+0000] {processor.py:840} INFO - DAG(s) 'pl001_ingest_crypto_postgres' retrieved from /opt/airflow/dags/airflow_pipeline.py
[2025-07-25T18:21:34.863+0000] {logging_mixin.py:188} INFO - [2025-07-25T18:21:34.862+0000] {dag.py:3036} INFO - Sync 1 DAGs
[2025-07-25T18:21:34.885+0000] {logging_mixin.py:188} INFO - [2025-07-25T18:21:34.884+0000] {dag.py:3823} INFO - Setting next_dagrun for pl001_ingest_crypto_postgres to None, run_after=None
[2025-07-25T18:21:34.920+0000] {processor.py:183} INFO - Processing /opt/airflow/dags/airflow_pipeline.py took 0.132 seconds
[2025-07-25T18:22:05.153+0000] {processor.py:161} INFO - Started process (PID=196) to work on /opt/airflow/dags/airflow_pipeline.py
[2025-07-25T18:22:05.155+0000] {processor.py:830} INFO - Processing file /opt/airflow/dags/airflow_pipeline.py for tasks to queue
[2025-07-25T18:22:05.157+0000] {logging_mixin.py:188} INFO - [2025-07-25T18:22:05.156+0000] {dagbag.py:538} INFO - Filling up the DagBag from /opt/airflow/dags/airflow_pipeline.py
[2025-07-25T18:22:05.191+0000] {processor.py:840} INFO - DAG(s) 'pl001_ingest_crypto_postgres' retrieved from /opt/airflow/dags/airflow_pipeline.py
[2025-07-25T18:22:05.232+0000] {logging_mixin.py:188} INFO - [2025-07-25T18:22:05.232+0000] {dag.py:3036} INFO - Sync 1 DAGs
[2025-07-25T18:22:05.250+0000] {logging_mixin.py:188} INFO - [2025-07-25T18:22:05.250+0000] {dag.py:3823} INFO - Setting next_dagrun for pl001_ingest_crypto_postgres to None, run_after=None
[2025-07-25T18:22:05.277+0000] {processor.py:183} INFO - Processing /opt/airflow/dags/airflow_pipeline.py took 0.130 seconds
[2025-07-25T18:22:35.885+0000] {processor.py:161} INFO - Started process (PID=201) to work on /opt/airflow/dags/airflow_pipeline.py
[2025-07-25T18:22:35.887+0000] {processor.py:830} INFO - Processing file /opt/airflow/dags/airflow_pipeline.py for tasks to queue
[2025-07-25T18:22:35.888+0000] {logging_mixin.py:188} INFO - [2025-07-25T18:22:35.888+0000] {dagbag.py:538} INFO - Filling up the DagBag from /opt/airflow/dags/airflow_pipeline.py
[2025-07-25T18:22:35.913+0000] {processor.py:840} INFO - DAG(s) 'pl001_ingest_crypto_postgres' retrieved from /opt/airflow/dags/airflow_pipeline.py
[2025-07-25T18:22:35.955+0000] {logging_mixin.py:188} INFO - [2025-07-25T18:22:35.954+0000] {dag.py:3036} INFO - Sync 1 DAGs
[2025-07-25T18:22:35.978+0000] {logging_mixin.py:188} INFO - [2025-07-25T18:22:35.977+0000] {dag.py:3823} INFO - Setting next_dagrun for pl001_ingest_crypto_postgres to None, run_after=None
[2025-07-25T18:22:36.012+0000] {processor.py:183} INFO - Processing /opt/airflow/dags/airflow_pipeline.py took 0.131 seconds
[2025-07-25T18:23:06.258+0000] {processor.py:161} INFO - Started process (PID=206) to work on /opt/airflow/dags/airflow_pipeline.py
[2025-07-25T18:23:06.260+0000] {processor.py:830} INFO - Processing file /opt/airflow/dags/airflow_pipeline.py for tasks to queue
[2025-07-25T18:23:06.261+0000] {logging_mixin.py:188} INFO - [2025-07-25T18:23:06.261+0000] {dagbag.py:538} INFO - Filling up the DagBag from /opt/airflow/dags/airflow_pipeline.py
[2025-07-25T18:23:06.288+0000] {processor.py:840} INFO - DAG(s) 'pl001_ingest_crypto_postgres' retrieved from /opt/airflow/dags/airflow_pipeline.py
[2025-07-25T18:23:06.328+0000] {logging_mixin.py:188} INFO - [2025-07-25T18:23:06.328+0000] {dag.py:3036} INFO - Sync 1 DAGs
[2025-07-25T18:23:06.344+0000] {logging_mixin.py:188} INFO - [2025-07-25T18:23:06.344+0000] {dag.py:3823} INFO - Setting next_dagrun for pl001_ingest_crypto_postgres to None, run_after=None
[2025-07-25T18:23:06.371+0000] {processor.py:183} INFO - Processing /opt/airflow/dags/airflow_pipeline.py took 0.118 seconds
[2025-07-25T18:23:36.815+0000] {processor.py:161} INFO - Started process (PID=211) to work on /opt/airflow/dags/airflow_pipeline.py
[2025-07-25T18:23:36.817+0000] {processor.py:830} INFO - Processing file /opt/airflow/dags/airflow_pipeline.py for tasks to queue
[2025-07-25T18:23:36.818+0000] {logging_mixin.py:188} INFO - [2025-07-25T18:23:36.818+0000] {dagbag.py:538} INFO - Filling up the DagBag from /opt/airflow/dags/airflow_pipeline.py
[2025-07-25T18:23:36.842+0000] {processor.py:840} INFO - DAG(s) 'pl001_ingest_crypto_postgres' retrieved from /opt/airflow/dags/airflow_pipeline.py
[2025-07-25T18:23:36.896+0000] {logging_mixin.py:188} INFO - [2025-07-25T18:23:36.896+0000] {dag.py:3036} INFO - Sync 1 DAGs
[2025-07-25T18:23:36.921+0000] {logging_mixin.py:188} INFO - [2025-07-25T18:23:36.920+0000] {dag.py:3823} INFO - Setting next_dagrun for pl001_ingest_crypto_postgres to None, run_after=None
[2025-07-25T18:23:36.964+0000] {processor.py:183} INFO - Processing /opt/airflow/dags/airflow_pipeline.py took 0.154 seconds
[2025-07-25T18:24:07.193+0000] {processor.py:161} INFO - Started process (PID=216) to work on /opt/airflow/dags/airflow_pipeline.py
[2025-07-25T18:24:07.196+0000] {processor.py:830} INFO - Processing file /opt/airflow/dags/airflow_pipeline.py for tasks to queue
[2025-07-25T18:24:07.197+0000] {logging_mixin.py:188} INFO - [2025-07-25T18:24:07.197+0000] {dagbag.py:538} INFO - Filling up the DagBag from /opt/airflow/dags/airflow_pipeline.py
[2025-07-25T18:24:07.223+0000] {processor.py:840} INFO - DAG(s) 'pl001_ingest_crypto_postgres' retrieved from /opt/airflow/dags/airflow_pipeline.py
[2025-07-25T18:24:07.266+0000] {logging_mixin.py:188} INFO - [2025-07-25T18:24:07.266+0000] {dag.py:3036} INFO - Sync 1 DAGs
[2025-07-25T18:24:07.282+0000] {logging_mixin.py:188} INFO - [2025-07-25T18:24:07.282+0000] {dag.py:3823} INFO - Setting next_dagrun for pl001_ingest_crypto_postgres to None, run_after=None
[2025-07-25T18:24:07.309+0000] {processor.py:183} INFO - Processing /opt/airflow/dags/airflow_pipeline.py took 0.124 seconds
[2025-07-25T18:24:37.757+0000] {processor.py:161} INFO - Started process (PID=221) to work on /opt/airflow/dags/airflow_pipeline.py
[2025-07-25T18:24:37.759+0000] {processor.py:830} INFO - Processing file /opt/airflow/dags/airflow_pipeline.py for tasks to queue
[2025-07-25T18:24:37.760+0000] {logging_mixin.py:188} INFO - [2025-07-25T18:24:37.760+0000] {dagbag.py:538} INFO - Filling up the DagBag from /opt/airflow/dags/airflow_pipeline.py
[2025-07-25T18:24:37.786+0000] {processor.py:840} INFO - DAG(s) 'pl001_ingest_crypto_postgres' retrieved from /opt/airflow/dags/airflow_pipeline.py
[2025-07-25T18:24:37.827+0000] {logging_mixin.py:188} INFO - [2025-07-25T18:24:37.827+0000] {dag.py:3036} INFO - Sync 1 DAGs
[2025-07-25T18:24:37.845+0000] {logging_mixin.py:188} INFO - [2025-07-25T18:24:37.844+0000] {dag.py:3823} INFO - Setting next_dagrun for pl001_ingest_crypto_postgres to None, run_after=None
[2025-07-25T18:24:37.883+0000] {processor.py:183} INFO - Processing /opt/airflow/dags/airflow_pipeline.py took 0.130 seconds
[2025-07-25T18:25:08.125+0000] {processor.py:161} INFO - Started process (PID=226) to work on /opt/airflow/dags/airflow_pipeline.py
[2025-07-25T18:25:08.128+0000] {processor.py:830} INFO - Processing file /opt/airflow/dags/airflow_pipeline.py for tasks to queue
[2025-07-25T18:25:08.130+0000] {logging_mixin.py:188} INFO - [2025-07-25T18:25:08.129+0000] {dagbag.py:538} INFO - Filling up the DagBag from /opt/airflow/dags/airflow_pipeline.py
[2025-07-25T18:25:08.162+0000] {processor.py:840} INFO - DAG(s) 'pl001_ingest_crypto_postgres' retrieved from /opt/airflow/dags/airflow_pipeline.py
[2025-07-25T18:25:08.202+0000] {logging_mixin.py:188} INFO - [2025-07-25T18:25:08.202+0000] {dag.py:3036} INFO - Sync 1 DAGs
[2025-07-25T18:25:08.218+0000] {logging_mixin.py:188} INFO - [2025-07-25T18:25:08.217+0000] {dag.py:3823} INFO - Setting next_dagrun for pl001_ingest_crypto_postgres to None, run_after=None
[2025-07-25T18:25:08.250+0000] {processor.py:183} INFO - Processing /opt/airflow/dags/airflow_pipeline.py took 0.131 seconds
[2025-07-25T18:25:38.625+0000] {processor.py:161} INFO - Started process (PID=234) to work on /opt/airflow/dags/airflow_pipeline.py
[2025-07-25T18:25:38.626+0000] {processor.py:830} INFO - Processing file /opt/airflow/dags/airflow_pipeline.py for tasks to queue
[2025-07-25T18:25:38.628+0000] {logging_mixin.py:188} INFO - [2025-07-25T18:25:38.628+0000] {dagbag.py:538} INFO - Filling up the DagBag from /opt/airflow/dags/airflow_pipeline.py
[2025-07-25T18:25:38.659+0000] {processor.py:840} INFO - DAG(s) 'pl001_ingest_crypto_postgres' retrieved from /opt/airflow/dags/airflow_pipeline.py
[2025-07-25T18:25:38.699+0000] {logging_mixin.py:188} INFO - [2025-07-25T18:25:38.698+0000] {dag.py:3036} INFO - Sync 1 DAGs
[2025-07-25T18:25:38.717+0000] {logging_mixin.py:188} INFO - [2025-07-25T18:25:38.716+0000] {dag.py:3823} INFO - Setting next_dagrun for pl001_ingest_crypto_postgres to None, run_after=None
[2025-07-25T18:25:38.750+0000] {processor.py:183} INFO - Processing /opt/airflow/dags/airflow_pipeline.py took 0.131 seconds
[2025-07-25T18:26:09.064+0000] {processor.py:161} INFO - Started process (PID=239) to work on /opt/airflow/dags/airflow_pipeline.py
[2025-07-25T18:26:09.066+0000] {processor.py:830} INFO - Processing file /opt/airflow/dags/airflow_pipeline.py for tasks to queue
[2025-07-25T18:26:09.068+0000] {logging_mixin.py:188} INFO - [2025-07-25T18:26:09.067+0000] {dagbag.py:538} INFO - Filling up the DagBag from /opt/airflow/dags/airflow_pipeline.py
[2025-07-25T18:26:09.094+0000] {processor.py:840} INFO - DAG(s) 'pl001_ingest_crypto_postgres' retrieved from /opt/airflow/dags/airflow_pipeline.py
[2025-07-25T18:26:09.135+0000] {logging_mixin.py:188} INFO - [2025-07-25T18:26:09.135+0000] {dag.py:3036} INFO - Sync 1 DAGs
[2025-07-25T18:26:09.152+0000] {logging_mixin.py:188} INFO - [2025-07-25T18:26:09.151+0000] {dag.py:3823} INFO - Setting next_dagrun for pl001_ingest_crypto_postgres to None, run_after=None
[2025-07-25T18:26:09.182+0000] {processor.py:183} INFO - Processing /opt/airflow/dags/airflow_pipeline.py took 0.123 seconds
[2025-07-25T18:26:40.072+0000] {processor.py:161} INFO - Started process (PID=244) to work on /opt/airflow/dags/airflow_pipeline.py
[2025-07-25T18:26:40.076+0000] {processor.py:830} INFO - Processing file /opt/airflow/dags/airflow_pipeline.py for tasks to queue
[2025-07-25T18:26:40.079+0000] {logging_mixin.py:188} INFO - [2025-07-25T18:26:40.078+0000] {dagbag.py:538} INFO - Filling up the DagBag from /opt/airflow/dags/airflow_pipeline.py
[2025-07-25T18:26:40.132+0000] {processor.py:840} INFO - DAG(s) 'pl001_ingest_crypto_postgres' retrieved from /opt/airflow/dags/airflow_pipeline.py
[2025-07-25T18:26:40.201+0000] {logging_mixin.py:188} INFO - [2025-07-25T18:26:40.200+0000] {dag.py:3036} INFO - Sync 1 DAGs
[2025-07-25T18:26:40.227+0000] {logging_mixin.py:188} INFO - [2025-07-25T18:26:40.227+0000] {dag.py:3823} INFO - Setting next_dagrun for pl001_ingest_crypto_postgres to None, run_after=None
[2025-07-25T18:26:40.294+0000] {processor.py:183} INFO - Processing /opt/airflow/dags/airflow_pipeline.py took 0.233 seconds
[2025-07-25T18:27:10.564+0000] {processor.py:161} INFO - Started process (PID=249) to work on /opt/airflow/dags/airflow_pipeline.py
[2025-07-25T18:27:10.566+0000] {processor.py:830} INFO - Processing file /opt/airflow/dags/airflow_pipeline.py for tasks to queue
[2025-07-25T18:27:10.569+0000] {logging_mixin.py:188} INFO - [2025-07-25T18:27:10.568+0000] {dagbag.py:538} INFO - Filling up the DagBag from /opt/airflow/dags/airflow_pipeline.py
[2025-07-25T18:27:10.595+0000] {processor.py:840} INFO - DAG(s) 'pl001_ingest_crypto_postgres' retrieved from /opt/airflow/dags/airflow_pipeline.py
[2025-07-25T18:27:10.639+0000] {logging_mixin.py:188} INFO - [2025-07-25T18:27:10.639+0000] {dag.py:3036} INFO - Sync 1 DAGs
[2025-07-25T18:27:10.661+0000] {logging_mixin.py:188} INFO - [2025-07-25T18:27:10.661+0000] {dag.py:3823} INFO - Setting next_dagrun for pl001_ingest_crypto_postgres to None, run_after=None
[2025-07-25T18:27:10.739+0000] {processor.py:183} INFO - Processing /opt/airflow/dags/airflow_pipeline.py took 0.182 seconds
[2025-07-25T18:27:40.990+0000] {processor.py:161} INFO - Started process (PID=254) to work on /opt/airflow/dags/airflow_pipeline.py
[2025-07-25T18:27:40.992+0000] {processor.py:830} INFO - Processing file /opt/airflow/dags/airflow_pipeline.py for tasks to queue
[2025-07-25T18:27:40.994+0000] {logging_mixin.py:188} INFO - [2025-07-25T18:27:40.993+0000] {dagbag.py:538} INFO - Filling up the DagBag from /opt/airflow/dags/airflow_pipeline.py
[2025-07-25T18:27:41.034+0000] {processor.py:840} INFO - DAG(s) 'pl001_ingest_crypto_postgres' retrieved from /opt/airflow/dags/airflow_pipeline.py
[2025-07-25T18:27:41.082+0000] {logging_mixin.py:188} INFO - [2025-07-25T18:27:41.082+0000] {dag.py:3036} INFO - Sync 1 DAGs
[2025-07-25T18:27:41.100+0000] {logging_mixin.py:188} INFO - [2025-07-25T18:27:41.100+0000] {dag.py:3823} INFO - Setting next_dagrun for pl001_ingest_crypto_postgres to None, run_after=None
[2025-07-25T18:27:41.141+0000] {processor.py:183} INFO - Processing /opt/airflow/dags/airflow_pipeline.py took 0.156 seconds
[2025-07-25T18:28:11.513+0000] {processor.py:161} INFO - Started process (PID=259) to work on /opt/airflow/dags/airflow_pipeline.py
[2025-07-25T18:28:11.514+0000] {processor.py:830} INFO - Processing file /opt/airflow/dags/airflow_pipeline.py for tasks to queue
[2025-07-25T18:28:11.516+0000] {logging_mixin.py:188} INFO - [2025-07-25T18:28:11.515+0000] {dagbag.py:538} INFO - Filling up the DagBag from /opt/airflow/dags/airflow_pipeline.py
[2025-07-25T18:28:11.545+0000] {processor.py:840} INFO - DAG(s) 'pl001_ingest_crypto_postgres' retrieved from /opt/airflow/dags/airflow_pipeline.py
[2025-07-25T18:28:11.587+0000] {logging_mixin.py:188} INFO - [2025-07-25T18:28:11.585+0000] {dag.py:3036} INFO - Sync 1 DAGs
[2025-07-25T18:28:11.607+0000] {logging_mixin.py:188} INFO - [2025-07-25T18:28:11.606+0000] {dag.py:3823} INFO - Setting next_dagrun for pl001_ingest_crypto_postgres to None, run_after=None
[2025-07-25T18:28:11.647+0000] {processor.py:183} INFO - Processing /opt/airflow/dags/airflow_pipeline.py took 0.138 seconds
[2025-07-25T18:28:42.348+0000] {processor.py:161} INFO - Started process (PID=264) to work on /opt/airflow/dags/airflow_pipeline.py
[2025-07-25T18:28:42.352+0000] {processor.py:830} INFO - Processing file /opt/airflow/dags/airflow_pipeline.py for tasks to queue
[2025-07-25T18:28:42.358+0000] {logging_mixin.py:188} INFO - [2025-07-25T18:28:42.357+0000] {dagbag.py:538} INFO - Filling up the DagBag from /opt/airflow/dags/airflow_pipeline.py
[2025-07-25T18:28:42.442+0000] {processor.py:840} INFO - DAG(s) 'pl001_ingest_crypto_postgres' retrieved from /opt/airflow/dags/airflow_pipeline.py
[2025-07-25T18:28:42.577+0000] {logging_mixin.py:188} INFO - [2025-07-25T18:28:42.577+0000] {dag.py:3036} INFO - Sync 1 DAGs
[2025-07-25T18:28:42.620+0000] {logging_mixin.py:188} INFO - [2025-07-25T18:28:42.620+0000] {dag.py:3823} INFO - Setting next_dagrun for pl001_ingest_crypto_postgres to None, run_after=None
[2025-07-25T18:28:42.666+0000] {processor.py:183} INFO - Processing /opt/airflow/dags/airflow_pipeline.py took 0.331 seconds
[2025-07-25T18:29:12.958+0000] {processor.py:161} INFO - Started process (PID=269) to work on /opt/airflow/dags/airflow_pipeline.py
[2025-07-25T18:29:12.967+0000] {processor.py:830} INFO - Processing file /opt/airflow/dags/airflow_pipeline.py for tasks to queue
[2025-07-25T18:29:12.970+0000] {logging_mixin.py:188} INFO - [2025-07-25T18:29:12.969+0000] {dagbag.py:538} INFO - Filling up the DagBag from /opt/airflow/dags/airflow_pipeline.py
[2025-07-25T18:29:13.016+0000] {processor.py:840} INFO - DAG(s) 'pl001_ingest_crypto_postgres' retrieved from /opt/airflow/dags/airflow_pipeline.py
[2025-07-25T18:29:13.093+0000] {logging_mixin.py:188} INFO - [2025-07-25T18:29:13.092+0000] {dag.py:3036} INFO - Sync 1 DAGs
[2025-07-25T18:29:13.119+0000] {logging_mixin.py:188} INFO - [2025-07-25T18:29:13.119+0000] {dag.py:3823} INFO - Setting next_dagrun for pl001_ingest_crypto_postgres to None, run_after=None
[2025-07-25T18:29:13.148+0000] {processor.py:183} INFO - Processing /opt/airflow/dags/airflow_pipeline.py took 0.199 seconds
[2025-07-25T18:29:43.503+0000] {processor.py:161} INFO - Started process (PID=274) to work on /opt/airflow/dags/airflow_pipeline.py
[2025-07-25T18:29:43.505+0000] {processor.py:830} INFO - Processing file /opt/airflow/dags/airflow_pipeline.py for tasks to queue
[2025-07-25T18:29:43.507+0000] {logging_mixin.py:188} INFO - [2025-07-25T18:29:43.507+0000] {dagbag.py:538} INFO - Filling up the DagBag from /opt/airflow/dags/airflow_pipeline.py
[2025-07-25T18:29:43.537+0000] {processor.py:840} INFO - DAG(s) 'pl001_ingest_crypto_postgres' retrieved from /opt/airflow/dags/airflow_pipeline.py
[2025-07-25T18:29:43.591+0000] {logging_mixin.py:188} INFO - [2025-07-25T18:29:43.590+0000] {dag.py:3036} INFO - Sync 1 DAGs
[2025-07-25T18:29:43.623+0000] {logging_mixin.py:188} INFO - [2025-07-25T18:29:43.622+0000] {dag.py:3823} INFO - Setting next_dagrun for pl001_ingest_crypto_postgres to None, run_after=None
[2025-07-25T18:29:43.695+0000] {processor.py:183} INFO - Processing /opt/airflow/dags/airflow_pipeline.py took 0.198 seconds
[2025-07-25T18:30:14.044+0000] {processor.py:161} INFO - Started process (PID=279) to work on /opt/airflow/dags/airflow_pipeline.py
[2025-07-25T18:30:14.046+0000] {processor.py:830} INFO - Processing file /opt/airflow/dags/airflow_pipeline.py for tasks to queue
[2025-07-25T18:30:14.048+0000] {logging_mixin.py:188} INFO - [2025-07-25T18:30:14.048+0000] {dagbag.py:538} INFO - Filling up the DagBag from /opt/airflow/dags/airflow_pipeline.py
[2025-07-25T18:30:14.081+0000] {processor.py:840} INFO - DAG(s) 'pl001_ingest_crypto_postgres' retrieved from /opt/airflow/dags/airflow_pipeline.py
[2025-07-25T18:30:14.136+0000] {logging_mixin.py:188} INFO - [2025-07-25T18:30:14.135+0000] {dag.py:3036} INFO - Sync 1 DAGs
[2025-07-25T18:30:14.155+0000] {logging_mixin.py:188} INFO - [2025-07-25T18:30:14.155+0000] {dag.py:3823} INFO - Setting next_dagrun for pl001_ingest_crypto_postgres to None, run_after=None
[2025-07-25T18:30:14.191+0000] {processor.py:183} INFO - Processing /opt/airflow/dags/airflow_pipeline.py took 0.152 seconds
[2025-07-25T18:30:44.708+0000] {processor.py:161} INFO - Started process (PID=284) to work on /opt/airflow/dags/airflow_pipeline.py
[2025-07-25T18:30:44.710+0000] {processor.py:830} INFO - Processing file /opt/airflow/dags/airflow_pipeline.py for tasks to queue
[2025-07-25T18:30:44.712+0000] {logging_mixin.py:188} INFO - [2025-07-25T18:30:44.711+0000] {dagbag.py:538} INFO - Filling up the DagBag from /opt/airflow/dags/airflow_pipeline.py
[2025-07-25T18:30:44.740+0000] {processor.py:840} INFO - DAG(s) 'pl001_ingest_crypto_postgres' retrieved from /opt/airflow/dags/airflow_pipeline.py
[2025-07-25T18:30:44.789+0000] {logging_mixin.py:188} INFO - [2025-07-25T18:30:44.788+0000] {dag.py:3036} INFO - Sync 1 DAGs
[2025-07-25T18:30:44.809+0000] {logging_mixin.py:188} INFO - [2025-07-25T18:30:44.809+0000] {dag.py:3823} INFO - Setting next_dagrun for pl001_ingest_crypto_postgres to None, run_after=None
[2025-07-25T18:30:44.842+0000] {processor.py:183} INFO - Processing /opt/airflow/dags/airflow_pipeline.py took 0.138 seconds
[2025-07-25T18:31:15.449+0000] {processor.py:161} INFO - Started process (PID=289) to work on /opt/airflow/dags/airflow_pipeline.py
[2025-07-25T18:31:15.451+0000] {processor.py:830} INFO - Processing file /opt/airflow/dags/airflow_pipeline.py for tasks to queue
[2025-07-25T18:31:15.453+0000] {logging_mixin.py:188} INFO - [2025-07-25T18:31:15.452+0000] {dagbag.py:538} INFO - Filling up the DagBag from /opt/airflow/dags/airflow_pipeline.py
[2025-07-25T18:31:15.480+0000] {processor.py:840} INFO - DAG(s) 'pl001_ingest_crypto_postgres' retrieved from /opt/airflow/dags/airflow_pipeline.py
[2025-07-25T18:31:15.527+0000] {logging_mixin.py:188} INFO - [2025-07-25T18:31:15.527+0000] {dag.py:3036} INFO - Sync 1 DAGs
[2025-07-25T18:31:15.546+0000] {logging_mixin.py:188} INFO - [2025-07-25T18:31:15.545+0000] {dag.py:3823} INFO - Setting next_dagrun for pl001_ingest_crypto_postgres to None, run_after=None
[2025-07-25T18:31:15.578+0000] {processor.py:183} INFO - Processing /opt/airflow/dags/airflow_pipeline.py took 0.133 seconds
[2025-07-25T18:31:46.026+0000] {processor.py:161} INFO - Started process (PID=294) to work on /opt/airflow/dags/airflow_pipeline.py
[2025-07-25T18:31:46.030+0000] {processor.py:830} INFO - Processing file /opt/airflow/dags/airflow_pipeline.py for tasks to queue
[2025-07-25T18:31:46.042+0000] {logging_mixin.py:188} INFO - [2025-07-25T18:31:46.037+0000] {dagbag.py:538} INFO - Filling up the DagBag from /opt/airflow/dags/airflow_pipeline.py
[2025-07-25T18:31:46.098+0000] {processor.py:840} INFO - DAG(s) 'pl001_ingest_crypto_postgres' retrieved from /opt/airflow/dags/airflow_pipeline.py
[2025-07-25T18:31:46.238+0000] {logging_mixin.py:188} INFO - [2025-07-25T18:31:46.230+0000] {dag.py:3036} INFO - Sync 1 DAGs
[2025-07-25T18:31:46.294+0000] {logging_mixin.py:188} INFO - [2025-07-25T18:31:46.294+0000] {dag.py:3823} INFO - Setting next_dagrun for pl001_ingest_crypto_postgres to None, run_after=None
[2025-07-25T18:31:46.561+0000] {processor.py:183} INFO - Processing /opt/airflow/dags/airflow_pipeline.py took 0.548 seconds
[2025-07-25T18:32:17.327+0000] {processor.py:161} INFO - Started process (PID=299) to work on /opt/airflow/dags/airflow_pipeline.py
[2025-07-25T18:32:17.343+0000] {processor.py:830} INFO - Processing file /opt/airflow/dags/airflow_pipeline.py for tasks to queue
[2025-07-25T18:32:17.361+0000] {logging_mixin.py:188} INFO - [2025-07-25T18:32:17.350+0000] {dagbag.py:538} INFO - Filling up the DagBag from /opt/airflow/dags/airflow_pipeline.py
[2025-07-25T18:32:17.804+0000] {processor.py:840} INFO - DAG(s) 'pl001_ingest_crypto_postgres' retrieved from /opt/airflow/dags/airflow_pipeline.py
[2025-07-25T18:32:18.496+0000] {logging_mixin.py:188} INFO - [2025-07-25T18:32:18.494+0000] {dag.py:3036} INFO - Sync 1 DAGs
[2025-07-25T18:32:19.030+0000] {logging_mixin.py:188} INFO - [2025-07-25T18:32:19.017+0000] {dag.py:3823} INFO - Setting next_dagrun for pl001_ingest_crypto_postgres to None, run_after=None
[2025-07-25T18:32:19.486+0000] {processor.py:183} INFO - Processing /opt/airflow/dags/airflow_pipeline.py took 2.235 seconds
[2025-07-25T18:32:50.115+0000] {processor.py:161} INFO - Started process (PID=304) to work on /opt/airflow/dags/airflow_pipeline.py
[2025-07-25T18:32:50.120+0000] {processor.py:830} INFO - Processing file /opt/airflow/dags/airflow_pipeline.py for tasks to queue
[2025-07-25T18:32:50.122+0000] {logging_mixin.py:188} INFO - [2025-07-25T18:32:50.121+0000] {dagbag.py:538} INFO - Filling up the DagBag from /opt/airflow/dags/airflow_pipeline.py
[2025-07-25T18:32:50.165+0000] {processor.py:840} INFO - DAG(s) 'pl001_ingest_crypto_postgres' retrieved from /opt/airflow/dags/airflow_pipeline.py
[2025-07-25T18:32:50.298+0000] {logging_mixin.py:188} INFO - [2025-07-25T18:32:50.298+0000] {dag.py:3036} INFO - Sync 1 DAGs
[2025-07-25T18:32:50.337+0000] {logging_mixin.py:188} INFO - [2025-07-25T18:32:50.336+0000] {dag.py:3823} INFO - Setting next_dagrun for pl001_ingest_crypto_postgres to None, run_after=None
[2025-07-25T18:32:50.399+0000] {processor.py:183} INFO - Processing /opt/airflow/dags/airflow_pipeline.py took 0.290 seconds
[2025-07-25T18:33:21.123+0000] {processor.py:161} INFO - Started process (PID=309) to work on /opt/airflow/dags/airflow_pipeline.py
[2025-07-25T18:33:21.127+0000] {processor.py:830} INFO - Processing file /opt/airflow/dags/airflow_pipeline.py for tasks to queue
[2025-07-25T18:33:21.129+0000] {logging_mixin.py:188} INFO - [2025-07-25T18:33:21.128+0000] {dagbag.py:538} INFO - Filling up the DagBag from /opt/airflow/dags/airflow_pipeline.py
[2025-07-25T18:33:21.159+0000] {processor.py:840} INFO - DAG(s) 'pl001_ingest_crypto_postgres' retrieved from /opt/airflow/dags/airflow_pipeline.py
[2025-07-25T18:33:21.203+0000] {logging_mixin.py:188} INFO - [2025-07-25T18:33:21.203+0000] {dag.py:3036} INFO - Sync 1 DAGs
[2025-07-25T18:33:21.218+0000] {logging_mixin.py:188} INFO - [2025-07-25T18:33:21.218+0000] {dag.py:3823} INFO - Setting next_dagrun for pl001_ingest_crypto_postgres to None, run_after=None
[2025-07-25T18:33:21.244+0000] {processor.py:183} INFO - Processing /opt/airflow/dags/airflow_pipeline.py took 0.128 seconds
[2025-07-25T18:33:52.665+0000] {processor.py:161} INFO - Started process (PID=314) to work on /opt/airflow/dags/airflow_pipeline.py
[2025-07-25T18:33:52.685+0000] {processor.py:830} INFO - Processing file /opt/airflow/dags/airflow_pipeline.py for tasks to queue
[2025-07-25T18:33:52.709+0000] {logging_mixin.py:188} INFO - [2025-07-25T18:33:52.698+0000] {dagbag.py:538} INFO - Filling up the DagBag from /opt/airflow/dags/airflow_pipeline.py
[2025-07-25T18:33:52.898+0000] {processor.py:840} INFO - DAG(s) 'pl001_ingest_crypto_postgres' retrieved from /opt/airflow/dags/airflow_pipeline.py
[2025-07-25T18:33:53.013+0000] {logging_mixin.py:188} INFO - [2025-07-25T18:33:53.013+0000] {dag.py:3036} INFO - Sync 1 DAGs
[2025-07-25T18:33:53.074+0000] {logging_mixin.py:188} INFO - [2025-07-25T18:33:53.074+0000] {dag.py:3823} INFO - Setting next_dagrun for pl001_ingest_crypto_postgres to None, run_after=None
[2025-07-25T18:33:53.224+0000] {processor.py:183} INFO - Processing /opt/airflow/dags/airflow_pipeline.py took 0.622 seconds
[2025-07-25T18:34:23.453+0000] {processor.py:161} INFO - Started process (PID=319) to work on /opt/airflow/dags/airflow_pipeline.py
[2025-07-25T18:34:23.454+0000] {processor.py:830} INFO - Processing file /opt/airflow/dags/airflow_pipeline.py for tasks to queue
[2025-07-25T18:34:23.456+0000] {logging_mixin.py:188} INFO - [2025-07-25T18:34:23.456+0000] {dagbag.py:538} INFO - Filling up the DagBag from /opt/airflow/dags/airflow_pipeline.py
[2025-07-25T18:34:23.480+0000] {processor.py:840} INFO - DAG(s) 'pl001_ingest_crypto_postgres' retrieved from /opt/airflow/dags/airflow_pipeline.py
[2025-07-25T18:34:23.524+0000] {logging_mixin.py:188} INFO - [2025-07-25T18:34:23.524+0000] {dag.py:3036} INFO - Sync 1 DAGs
[2025-07-25T18:34:23.540+0000] {logging_mixin.py:188} INFO - [2025-07-25T18:34:23.539+0000] {dag.py:3823} INFO - Setting next_dagrun for pl001_ingest_crypto_postgres to None, run_after=None
[2025-07-25T18:34:23.567+0000] {processor.py:183} INFO - Processing /opt/airflow/dags/airflow_pipeline.py took 0.119 seconds
[2025-07-25T18:34:53.987+0000] {processor.py:161} INFO - Started process (PID=324) to work on /opt/airflow/dags/airflow_pipeline.py
[2025-07-25T18:34:53.989+0000] {processor.py:830} INFO - Processing file /opt/airflow/dags/airflow_pipeline.py for tasks to queue
[2025-07-25T18:34:53.991+0000] {logging_mixin.py:188} INFO - [2025-07-25T18:34:53.990+0000] {dagbag.py:538} INFO - Filling up the DagBag from /opt/airflow/dags/airflow_pipeline.py
[2025-07-25T18:34:54.025+0000] {processor.py:840} INFO - DAG(s) 'pl001_ingest_crypto_postgres' retrieved from /opt/airflow/dags/airflow_pipeline.py
[2025-07-25T18:34:54.083+0000] {logging_mixin.py:188} INFO - [2025-07-25T18:34:54.082+0000] {dag.py:3036} INFO - Sync 1 DAGs
[2025-07-25T18:34:54.098+0000] {logging_mixin.py:188} INFO - [2025-07-25T18:34:54.098+0000] {dag.py:3823} INFO - Setting next_dagrun for pl001_ingest_crypto_postgres to None, run_after=None
[2025-07-25T18:34:54.124+0000] {processor.py:183} INFO - Processing /opt/airflow/dags/airflow_pipeline.py took 0.142 seconds
[2025-07-25T18:35:24.271+0000] {processor.py:161} INFO - Started process (PID=329) to work on /opt/airflow/dags/airflow_pipeline.py
[2025-07-25T18:35:24.272+0000] {processor.py:830} INFO - Processing file /opt/airflow/dags/airflow_pipeline.py for tasks to queue
[2025-07-25T18:35:24.274+0000] {logging_mixin.py:188} INFO - [2025-07-25T18:35:24.274+0000] {dagbag.py:538} INFO - Filling up the DagBag from /opt/airflow/dags/airflow_pipeline.py
[2025-07-25T18:35:24.305+0000] {processor.py:840} INFO - DAG(s) 'pl001_ingest_crypto_postgres' retrieved from /opt/airflow/dags/airflow_pipeline.py
[2025-07-25T18:35:24.365+0000] {logging_mixin.py:188} INFO - [2025-07-25T18:35:24.365+0000] {dag.py:3036} INFO - Sync 1 DAGs
[2025-07-25T18:35:24.395+0000] {logging_mixin.py:188} INFO - [2025-07-25T18:35:24.395+0000] {dag.py:3823} INFO - Setting next_dagrun for pl001_ingest_crypto_postgres to None, run_after=None
[2025-07-25T18:35:24.442+0000] {processor.py:183} INFO - Processing /opt/airflow/dags/airflow_pipeline.py took 0.177 seconds
[2025-07-25T18:35:54.831+0000] {processor.py:161} INFO - Started process (PID=334) to work on /opt/airflow/dags/airflow_pipeline.py
[2025-07-25T18:35:54.833+0000] {processor.py:830} INFO - Processing file /opt/airflow/dags/airflow_pipeline.py for tasks to queue
[2025-07-25T18:35:54.835+0000] {logging_mixin.py:188} INFO - [2025-07-25T18:35:54.834+0000] {dagbag.py:538} INFO - Filling up the DagBag from /opt/airflow/dags/airflow_pipeline.py
[2025-07-25T18:35:54.864+0000] {processor.py:840} INFO - DAG(s) 'pl001_ingest_crypto_postgres' retrieved from /opt/airflow/dags/airflow_pipeline.py
[2025-07-25T18:35:54.918+0000] {logging_mixin.py:188} INFO - [2025-07-25T18:35:54.918+0000] {dag.py:3036} INFO - Sync 1 DAGs
[2025-07-25T18:35:54.934+0000] {logging_mixin.py:188} INFO - [2025-07-25T18:35:54.934+0000] {dag.py:3823} INFO - Setting next_dagrun for pl001_ingest_crypto_postgres to None, run_after=None
[2025-07-25T18:35:54.962+0000] {processor.py:183} INFO - Processing /opt/airflow/dags/airflow_pipeline.py took 0.136 seconds
[2025-07-25T18:36:25.136+0000] {processor.py:161} INFO - Started process (PID=339) to work on /opt/airflow/dags/airflow_pipeline.py
[2025-07-25T18:36:25.138+0000] {processor.py:830} INFO - Processing file /opt/airflow/dags/airflow_pipeline.py for tasks to queue
[2025-07-25T18:36:25.141+0000] {logging_mixin.py:188} INFO - [2025-07-25T18:36:25.140+0000] {dagbag.py:538} INFO - Filling up the DagBag from /opt/airflow/dags/airflow_pipeline.py
[2025-07-25T18:36:25.178+0000] {processor.py:840} INFO - DAG(s) 'pl001_ingest_crypto_postgres' retrieved from /opt/airflow/dags/airflow_pipeline.py
[2025-07-25T18:36:25.232+0000] {logging_mixin.py:188} INFO - [2025-07-25T18:36:25.231+0000] {dag.py:3036} INFO - Sync 1 DAGs
[2025-07-25T18:36:25.252+0000] {logging_mixin.py:188} INFO - [2025-07-25T18:36:25.251+0000] {dag.py:3823} INFO - Setting next_dagrun for pl001_ingest_crypto_postgres to None, run_after=None
[2025-07-25T18:36:25.279+0000] {processor.py:183} INFO - Processing /opt/airflow/dags/airflow_pipeline.py took 0.150 seconds
[2025-07-25T18:36:55.803+0000] {processor.py:161} INFO - Started process (PID=344) to work on /opt/airflow/dags/airflow_pipeline.py
[2025-07-25T18:36:55.805+0000] {processor.py:830} INFO - Processing file /opt/airflow/dags/airflow_pipeline.py for tasks to queue
[2025-07-25T18:36:55.809+0000] {logging_mixin.py:188} INFO - [2025-07-25T18:36:55.807+0000] {dagbag.py:538} INFO - Filling up the DagBag from /opt/airflow/dags/airflow_pipeline.py
[2025-07-25T18:36:55.847+0000] {processor.py:840} INFO - DAG(s) 'pl001_ingest_crypto_postgres' retrieved from /opt/airflow/dags/airflow_pipeline.py
[2025-07-25T18:36:55.910+0000] {logging_mixin.py:188} INFO - [2025-07-25T18:36:55.910+0000] {dag.py:3036} INFO - Sync 1 DAGs
[2025-07-25T18:36:55.938+0000] {logging_mixin.py:188} INFO - [2025-07-25T18:36:55.938+0000] {dag.py:3823} INFO - Setting next_dagrun for pl001_ingest_crypto_postgres to None, run_after=None
[2025-07-25T18:36:55.981+0000] {processor.py:183} INFO - Processing /opt/airflow/dags/airflow_pipeline.py took 0.187 seconds
[2025-07-25T18:37:26.102+0000] {processor.py:161} INFO - Started process (PID=349) to work on /opt/airflow/dags/airflow_pipeline.py
[2025-07-25T18:37:26.104+0000] {processor.py:830} INFO - Processing file /opt/airflow/dags/airflow_pipeline.py for tasks to queue
[2025-07-25T18:37:26.109+0000] {logging_mixin.py:188} INFO - [2025-07-25T18:37:26.108+0000] {dagbag.py:538} INFO - Filling up the DagBag from /opt/airflow/dags/airflow_pipeline.py
[2025-07-25T18:37:26.138+0000] {processor.py:840} INFO - DAG(s) 'pl001_ingest_crypto_postgres' retrieved from /opt/airflow/dags/airflow_pipeline.py
[2025-07-25T18:37:26.187+0000] {logging_mixin.py:188} INFO - [2025-07-25T18:37:26.187+0000] {dag.py:3036} INFO - Sync 1 DAGs
[2025-07-25T18:37:26.206+0000] {logging_mixin.py:188} INFO - [2025-07-25T18:37:26.205+0000] {dag.py:3823} INFO - Setting next_dagrun for pl001_ingest_crypto_postgres to None, run_after=None
[2025-07-25T18:37:26.231+0000] {processor.py:183} INFO - Processing /opt/airflow/dags/airflow_pipeline.py took 0.136 seconds
[2025-07-25T18:37:56.459+0000] {processor.py:161} INFO - Started process (PID=354) to work on /opt/airflow/dags/airflow_pipeline.py
[2025-07-25T18:37:56.462+0000] {processor.py:830} INFO - Processing file /opt/airflow/dags/airflow_pipeline.py for tasks to queue
[2025-07-25T18:37:56.463+0000] {logging_mixin.py:188} INFO - [2025-07-25T18:37:56.463+0000] {dagbag.py:538} INFO - Filling up the DagBag from /opt/airflow/dags/airflow_pipeline.py
[2025-07-25T18:37:56.504+0000] {processor.py:840} INFO - DAG(s) 'pl001_ingest_crypto_postgres' retrieved from /opt/airflow/dags/airflow_pipeline.py
[2025-07-25T18:37:56.559+0000] {logging_mixin.py:188} INFO - [2025-07-25T18:37:56.559+0000] {dag.py:3036} INFO - Sync 1 DAGs
[2025-07-25T18:37:56.605+0000] {logging_mixin.py:188} INFO - [2025-07-25T18:37:56.605+0000] {dag.py:3823} INFO - Setting next_dagrun for pl001_ingest_crypto_postgres to None, run_after=None
[2025-07-25T18:37:56.640+0000] {processor.py:183} INFO - Processing /opt/airflow/dags/airflow_pipeline.py took 0.187 seconds
[2025-07-25T18:38:08.806+0000] {processor.py:161} INFO - Started process (PID=359) to work on /opt/airflow/dags/airflow_pipeline.py
[2025-07-25T18:38:08.808+0000] {processor.py:830} INFO - Processing file /opt/airflow/dags/airflow_pipeline.py for tasks to queue
[2025-07-25T18:38:08.809+0000] {logging_mixin.py:188} INFO - [2025-07-25T18:38:08.809+0000] {dagbag.py:538} INFO - Filling up the DagBag from /opt/airflow/dags/airflow_pipeline.py
[2025-07-25T18:38:08.845+0000] {processor.py:840} INFO - DAG(s) 'pl001_ingest_crypto_postgres' retrieved from /opt/airflow/dags/airflow_pipeline.py
[2025-07-25T18:38:09.092+0000] {logging_mixin.py:188} INFO - [2025-07-25T18:38:09.092+0000] {dag.py:3036} INFO - Sync 1 DAGs
[2025-07-25T18:38:09.108+0000] {logging_mixin.py:188} INFO - [2025-07-25T18:38:09.107+0000] {dag.py:3823} INFO - Setting next_dagrun for pl001_ingest_crypto_postgres to None, run_after=None
[2025-07-25T18:38:09.144+0000] {processor.py:183} INFO - Processing /opt/airflow/dags/airflow_pipeline.py took 0.347 seconds
[2025-07-25T18:38:09.876+0000] {processor.py:161} INFO - Started process (PID=364) to work on /opt/airflow/dags/airflow_pipeline.py
[2025-07-25T18:38:09.877+0000] {processor.py:830} INFO - Processing file /opt/airflow/dags/airflow_pipeline.py for tasks to queue
[2025-07-25T18:38:09.879+0000] {logging_mixin.py:188} INFO - [2025-07-25T18:38:09.879+0000] {dagbag.py:538} INFO - Filling up the DagBag from /opt/airflow/dags/airflow_pipeline.py
[2025-07-25T18:38:09.911+0000] {processor.py:840} INFO - DAG(s) 'pl001_ingest_crypto_postgres' retrieved from /opt/airflow/dags/airflow_pipeline.py
[2025-07-25T18:38:09.934+0000] {logging_mixin.py:188} INFO - [2025-07-25T18:38:09.934+0000] {dag.py:3036} INFO - Sync 1 DAGs
[2025-07-25T18:38:09.950+0000] {logging_mixin.py:188} INFO - [2025-07-25T18:38:09.949+0000] {dag.py:3823} INFO - Setting next_dagrun for pl001_ingest_crypto_postgres to None, run_after=None
[2025-07-25T18:38:09.981+0000] {processor.py:183} INFO - Processing /opt/airflow/dags/airflow_pipeline.py took 0.110 seconds
[2025-07-25T18:38:40.466+0000] {processor.py:161} INFO - Started process (PID=381) to work on /opt/airflow/dags/airflow_pipeline.py
[2025-07-25T18:38:40.468+0000] {processor.py:830} INFO - Processing file /opt/airflow/dags/airflow_pipeline.py for tasks to queue
[2025-07-25T18:38:40.473+0000] {logging_mixin.py:188} INFO - [2025-07-25T18:38:40.472+0000] {dagbag.py:538} INFO - Filling up the DagBag from /opt/airflow/dags/airflow_pipeline.py
[2025-07-25T18:38:40.507+0000] {processor.py:840} INFO - DAG(s) 'pl001_ingest_crypto_postgres' retrieved from /opt/airflow/dags/airflow_pipeline.py
[2025-07-25T18:38:40.556+0000] {logging_mixin.py:188} INFO - [2025-07-25T18:38:40.555+0000] {dag.py:3036} INFO - Sync 1 DAGs
[2025-07-25T18:38:40.578+0000] {logging_mixin.py:188} INFO - [2025-07-25T18:38:40.577+0000] {dag.py:3823} INFO - Setting next_dagrun for pl001_ingest_crypto_postgres to None, run_after=None
[2025-07-25T18:38:40.618+0000] {processor.py:183} INFO - Processing /opt/airflow/dags/airflow_pipeline.py took 0.159 seconds
[2025-07-25T18:39:11.101+0000] {processor.py:161} INFO - Started process (PID=386) to work on /opt/airflow/dags/airflow_pipeline.py
[2025-07-25T18:39:11.103+0000] {processor.py:830} INFO - Processing file /opt/airflow/dags/airflow_pipeline.py for tasks to queue
[2025-07-25T18:39:11.105+0000] {logging_mixin.py:188} INFO - [2025-07-25T18:39:11.104+0000] {dagbag.py:538} INFO - Filling up the DagBag from /opt/airflow/dags/airflow_pipeline.py
[2025-07-25T18:39:11.134+0000] {processor.py:840} INFO - DAG(s) 'pl001_ingest_crypto_postgres' retrieved from /opt/airflow/dags/airflow_pipeline.py
[2025-07-25T18:39:11.181+0000] {logging_mixin.py:188} INFO - [2025-07-25T18:39:11.180+0000] {dag.py:3036} INFO - Sync 1 DAGs
[2025-07-25T18:39:11.200+0000] {logging_mixin.py:188} INFO - [2025-07-25T18:39:11.200+0000] {dag.py:3823} INFO - Setting next_dagrun for pl001_ingest_crypto_postgres to None, run_after=None
[2025-07-25T18:39:11.243+0000] {processor.py:183} INFO - Processing /opt/airflow/dags/airflow_pipeline.py took 0.146 seconds
[2025-07-25T18:39:41.457+0000] {processor.py:161} INFO - Started process (PID=391) to work on /opt/airflow/dags/airflow_pipeline.py
[2025-07-25T18:39:41.459+0000] {processor.py:830} INFO - Processing file /opt/airflow/dags/airflow_pipeline.py for tasks to queue
[2025-07-25T18:39:41.461+0000] {logging_mixin.py:188} INFO - [2025-07-25T18:39:41.460+0000] {dagbag.py:538} INFO - Filling up the DagBag from /opt/airflow/dags/airflow_pipeline.py
[2025-07-25T18:39:41.507+0000] {processor.py:840} INFO - DAG(s) 'pl001_ingest_crypto_postgres' retrieved from /opt/airflow/dags/airflow_pipeline.py
[2025-07-25T18:39:41.569+0000] {logging_mixin.py:188} INFO - [2025-07-25T18:39:41.568+0000] {dag.py:3036} INFO - Sync 1 DAGs
[2025-07-25T18:39:41.586+0000] {logging_mixin.py:188} INFO - [2025-07-25T18:39:41.586+0000] {dag.py:3823} INFO - Setting next_dagrun for pl001_ingest_crypto_postgres to None, run_after=None
[2025-07-25T18:39:41.612+0000] {processor.py:183} INFO - Processing /opt/airflow/dags/airflow_pipeline.py took 0.161 seconds
[2025-07-25T18:40:11.847+0000] {processor.py:161} INFO - Started process (PID=396) to work on /opt/airflow/dags/airflow_pipeline.py
[2025-07-25T18:40:11.850+0000] {processor.py:830} INFO - Processing file /opt/airflow/dags/airflow_pipeline.py for tasks to queue
[2025-07-25T18:40:11.853+0000] {logging_mixin.py:188} INFO - [2025-07-25T18:40:11.852+0000] {dagbag.py:538} INFO - Filling up the DagBag from /opt/airflow/dags/airflow_pipeline.py
[2025-07-25T18:40:11.886+0000] {processor.py:840} INFO - DAG(s) 'pl001_ingest_crypto_postgres' retrieved from /opt/airflow/dags/airflow_pipeline.py
[2025-07-25T18:40:11.943+0000] {logging_mixin.py:188} INFO - [2025-07-25T18:40:11.942+0000] {dag.py:3036} INFO - Sync 1 DAGs
[2025-07-25T18:40:11.963+0000] {logging_mixin.py:188} INFO - [2025-07-25T18:40:11.963+0000] {dag.py:3823} INFO - Setting next_dagrun for pl001_ingest_crypto_postgres to None, run_after=None
[2025-07-25T18:40:11.990+0000] {processor.py:183} INFO - Processing /opt/airflow/dags/airflow_pipeline.py took 0.149 seconds
[2025-07-25T18:40:25.168+0000] {processor.py:161} INFO - Started process (PID=401) to work on /opt/airflow/dags/airflow_pipeline.py
[2025-07-25T18:40:25.170+0000] {processor.py:830} INFO - Processing file /opt/airflow/dags/airflow_pipeline.py for tasks to queue
[2025-07-25T18:40:25.172+0000] {logging_mixin.py:188} INFO - [2025-07-25T18:40:25.171+0000] {dagbag.py:538} INFO - Filling up the DagBag from /opt/airflow/dags/airflow_pipeline.py
[2025-07-25T18:40:25.220+0000] {processor.py:840} INFO - DAG(s) 'pl001_ingest_crypto_postgres' retrieved from /opt/airflow/dags/airflow_pipeline.py
[2025-07-25T18:40:25.378+0000] {logging_mixin.py:188} INFO - [2025-07-25T18:40:25.378+0000] {dag.py:3036} INFO - Sync 1 DAGs
[2025-07-25T18:40:25.392+0000] {logging_mixin.py:188} INFO - [2025-07-25T18:40:25.391+0000] {dag.py:3823} INFO - Setting next_dagrun for pl001_ingest_crypto_postgres to None, run_after=None
[2025-07-25T18:40:25.430+0000] {processor.py:183} INFO - Processing /opt/airflow/dags/airflow_pipeline.py took 0.267 seconds
[2025-07-25T18:41:57.192+0000] {processor.py:161} INFO - Started process (PID=164) to work on /opt/airflow/dags/airflow_pipeline.py
[2025-07-25T18:41:57.194+0000] {processor.py:830} INFO - Processing file /opt/airflow/dags/airflow_pipeline.py for tasks to queue
[2025-07-25T18:41:57.197+0000] {logging_mixin.py:188} INFO - [2025-07-25T18:41:57.196+0000] {dagbag.py:538} INFO - Filling up the DagBag from /opt/airflow/dags/airflow_pipeline.py
[2025-07-25T18:41:57.273+0000] {processor.py:840} INFO - DAG(s) 'pl001_ingest_crypto_postgres' retrieved from /opt/airflow/dags/airflow_pipeline.py
[2025-07-25T18:41:57.555+0000] {logging_mixin.py:188} INFO - [2025-07-25T18:41:57.554+0000] {dag.py:3036} INFO - Sync 1 DAGs
[2025-07-25T18:41:57.632+0000] {logging_mixin.py:188} INFO - [2025-07-25T18:41:57.631+0000] {dag.py:3823} INFO - Setting next_dagrun for pl001_ingest_crypto_postgres to None, run_after=None
[2025-07-25T18:41:57.723+0000] {processor.py:183} INFO - Processing /opt/airflow/dags/airflow_pipeline.py took 0.536 seconds
[2025-07-25T18:42:28.041+0000] {processor.py:161} INFO - Started process (PID=169) to work on /opt/airflow/dags/airflow_pipeline.py
[2025-07-25T18:42:28.044+0000] {processor.py:830} INFO - Processing file /opt/airflow/dags/airflow_pipeline.py for tasks to queue
[2025-07-25T18:42:28.048+0000] {logging_mixin.py:188} INFO - [2025-07-25T18:42:28.048+0000] {dagbag.py:538} INFO - Filling up the DagBag from /opt/airflow/dags/airflow_pipeline.py
[2025-07-25T18:42:28.095+0000] {processor.py:840} INFO - DAG(s) 'pl001_ingest_crypto_postgres' retrieved from /opt/airflow/dags/airflow_pipeline.py
[2025-07-25T18:42:28.151+0000] {logging_mixin.py:188} INFO - [2025-07-25T18:42:28.150+0000] {dag.py:3036} INFO - Sync 1 DAGs
[2025-07-25T18:42:28.167+0000] {logging_mixin.py:188} INFO - [2025-07-25T18:42:28.166+0000] {dag.py:3823} INFO - Setting next_dagrun for pl001_ingest_crypto_postgres to None, run_after=None
[2025-07-25T18:42:28.194+0000] {processor.py:183} INFO - Processing /opt/airflow/dags/airflow_pipeline.py took 0.160 seconds
[2025-07-25T18:42:58.667+0000] {processor.py:161} INFO - Started process (PID=174) to work on /opt/airflow/dags/airflow_pipeline.py
[2025-07-25T18:42:58.669+0000] {processor.py:830} INFO - Processing file /opt/airflow/dags/airflow_pipeline.py for tasks to queue
[2025-07-25T18:42:58.671+0000] {logging_mixin.py:188} INFO - [2025-07-25T18:42:58.671+0000] {dagbag.py:538} INFO - Filling up the DagBag from /opt/airflow/dags/airflow_pipeline.py
[2025-07-25T18:42:58.703+0000] {processor.py:840} INFO - DAG(s) 'pl001_ingest_crypto_postgres' retrieved from /opt/airflow/dags/airflow_pipeline.py
[2025-07-25T18:42:58.974+0000] {logging_mixin.py:188} INFO - [2025-07-25T18:42:58.974+0000] {dag.py:3036} INFO - Sync 1 DAGs
[2025-07-25T18:42:58.995+0000] {logging_mixin.py:188} INFO - [2025-07-25T18:42:58.994+0000] {dag.py:3058} INFO - Creating ORM DAG for pl001_ingest_crypto_postgres
[2025-07-25T18:42:58.997+0000] {logging_mixin.py:188} INFO - [2025-07-25T18:42:58.996+0000] {dag.py:3823} INFO - Setting next_dagrun for pl001_ingest_crypto_postgres to None, run_after=None
[2025-07-25T18:42:59.045+0000] {processor.py:183} INFO - Processing /opt/airflow/dags/airflow_pipeline.py took 0.384 seconds
[2025-07-25T18:43:29.243+0000] {processor.py:161} INFO - Started process (PID=179) to work on /opt/airflow/dags/airflow_pipeline.py
[2025-07-25T18:43:29.269+0000] {processor.py:830} INFO - Processing file /opt/airflow/dags/airflow_pipeline.py for tasks to queue
[2025-07-25T18:43:29.274+0000] {logging_mixin.py:188} INFO - [2025-07-25T18:43:29.273+0000] {dagbag.py:538} INFO - Filling up the DagBag from /opt/airflow/dags/airflow_pipeline.py
[2025-07-25T18:43:29.346+0000] {processor.py:840} INFO - DAG(s) 'pl001_ingest_crypto_postgres' retrieved from /opt/airflow/dags/airflow_pipeline.py
[2025-07-25T18:43:29.506+0000] {logging_mixin.py:188} INFO - [2025-07-25T18:43:29.506+0000] {dag.py:3036} INFO - Sync 1 DAGs
[2025-07-25T18:43:29.577+0000] {logging_mixin.py:188} INFO - [2025-07-25T18:43:29.576+0000] {dag.py:3823} INFO - Setting next_dagrun for pl001_ingest_crypto_postgres to None, run_after=None
[2025-07-25T18:43:29.691+0000] {processor.py:183} INFO - Processing /opt/airflow/dags/airflow_pipeline.py took 0.482 seconds
[2025-07-25T18:44:01.153+0000] {processor.py:161} INFO - Started process (PID=187) to work on /opt/airflow/dags/airflow_pipeline.py
[2025-07-25T18:44:01.156+0000] {processor.py:830} INFO - Processing file /opt/airflow/dags/airflow_pipeline.py for tasks to queue
[2025-07-25T18:44:01.159+0000] {logging_mixin.py:188} INFO - [2025-07-25T18:44:01.158+0000] {dagbag.py:538} INFO - Filling up the DagBag from /opt/airflow/dags/airflow_pipeline.py
[2025-07-25T18:44:01.227+0000] {processor.py:840} INFO - DAG(s) 'pl001_ingest_crypto_postgres' retrieved from /opt/airflow/dags/airflow_pipeline.py
[2025-07-25T18:44:01.369+0000] {logging_mixin.py:188} INFO - [2025-07-25T18:44:01.369+0000] {dag.py:3036} INFO - Sync 1 DAGs
[2025-07-25T18:44:01.434+0000] {logging_mixin.py:188} INFO - [2025-07-25T18:44:01.434+0000] {dag.py:3823} INFO - Setting next_dagrun for pl001_ingest_crypto_postgres to None, run_after=None
[2025-07-25T18:44:01.488+0000] {processor.py:183} INFO - Processing /opt/airflow/dags/airflow_pipeline.py took 0.345 seconds
[2025-07-25T18:44:31.886+0000] {processor.py:161} INFO - Started process (PID=192) to work on /opt/airflow/dags/airflow_pipeline.py
[2025-07-25T18:44:31.888+0000] {processor.py:830} INFO - Processing file /opt/airflow/dags/airflow_pipeline.py for tasks to queue
[2025-07-25T18:44:31.890+0000] {logging_mixin.py:188} INFO - [2025-07-25T18:44:31.889+0000] {dagbag.py:538} INFO - Filling up the DagBag from /opt/airflow/dags/airflow_pipeline.py
[2025-07-25T18:44:31.918+0000] {processor.py:840} INFO - DAG(s) 'pl001_ingest_crypto_postgres' retrieved from /opt/airflow/dags/airflow_pipeline.py
[2025-07-25T18:44:31.969+0000] {logging_mixin.py:188} INFO - [2025-07-25T18:44:31.968+0000] {dag.py:3036} INFO - Sync 1 DAGs
[2025-07-25T18:44:31.992+0000] {logging_mixin.py:188} INFO - [2025-07-25T18:44:31.991+0000] {dag.py:3823} INFO - Setting next_dagrun for pl001_ingest_crypto_postgres to None, run_after=None
[2025-07-25T18:44:32.018+0000] {processor.py:183} INFO - Processing /opt/airflow/dags/airflow_pipeline.py took 0.137 seconds
[2025-07-25T18:45:02.292+0000] {processor.py:161} INFO - Started process (PID=197) to work on /opt/airflow/dags/airflow_pipeline.py
[2025-07-25T18:45:02.294+0000] {processor.py:830} INFO - Processing file /opt/airflow/dags/airflow_pipeline.py for tasks to queue
[2025-07-25T18:45:02.296+0000] {logging_mixin.py:188} INFO - [2025-07-25T18:45:02.295+0000] {dagbag.py:538} INFO - Filling up the DagBag from /opt/airflow/dags/airflow_pipeline.py
[2025-07-25T18:45:02.355+0000] {processor.py:840} INFO - DAG(s) 'pl001_ingest_crypto_postgres' retrieved from /opt/airflow/dags/airflow_pipeline.py
[2025-07-25T18:45:02.451+0000] {logging_mixin.py:188} INFO - [2025-07-25T18:45:02.450+0000] {dag.py:3036} INFO - Sync 1 DAGs
[2025-07-25T18:45:02.495+0000] {logging_mixin.py:188} INFO - [2025-07-25T18:45:02.494+0000] {dag.py:3823} INFO - Setting next_dagrun for pl001_ingest_crypto_postgres to None, run_after=None
[2025-07-25T18:45:02.564+0000] {processor.py:183} INFO - Processing /opt/airflow/dags/airflow_pipeline.py took 0.277 seconds
[2025-07-25T18:45:32.703+0000] {processor.py:161} INFO - Started process (PID=202) to work on /opt/airflow/dags/airflow_pipeline.py
[2025-07-25T18:45:32.705+0000] {processor.py:830} INFO - Processing file /opt/airflow/dags/airflow_pipeline.py for tasks to queue
[2025-07-25T18:45:32.706+0000] {logging_mixin.py:188} INFO - [2025-07-25T18:45:32.706+0000] {dagbag.py:538} INFO - Filling up the DagBag from /opt/airflow/dags/airflow_pipeline.py
[2025-07-25T18:45:32.733+0000] {processor.py:840} INFO - DAG(s) 'pl001_ingest_crypto_postgres' retrieved from /opt/airflow/dags/airflow_pipeline.py
[2025-07-25T18:45:32.782+0000] {logging_mixin.py:188} INFO - [2025-07-25T18:45:32.781+0000] {dag.py:3036} INFO - Sync 1 DAGs
[2025-07-25T18:45:32.809+0000] {logging_mixin.py:188} INFO - [2025-07-25T18:45:32.808+0000] {dag.py:3823} INFO - Setting next_dagrun for pl001_ingest_crypto_postgres to None, run_after=None
[2025-07-25T18:45:32.848+0000] {processor.py:183} INFO - Processing /opt/airflow/dags/airflow_pipeline.py took 0.149 seconds
[2025-07-25T18:46:03.083+0000] {processor.py:161} INFO - Started process (PID=207) to work on /opt/airflow/dags/airflow_pipeline.py
[2025-07-25T18:46:03.086+0000] {processor.py:830} INFO - Processing file /opt/airflow/dags/airflow_pipeline.py for tasks to queue
[2025-07-25T18:46:03.089+0000] {logging_mixin.py:188} INFO - [2025-07-25T18:46:03.088+0000] {dagbag.py:538} INFO - Filling up the DagBag from /opt/airflow/dags/airflow_pipeline.py
[2025-07-25T18:46:03.129+0000] {processor.py:840} INFO - DAG(s) 'pl001_ingest_crypto_postgres' retrieved from /opt/airflow/dags/airflow_pipeline.py
[2025-07-25T18:46:03.197+0000] {logging_mixin.py:188} INFO - [2025-07-25T18:46:03.197+0000] {dag.py:3036} INFO - Sync 1 DAGs
[2025-07-25T18:46:03.228+0000] {logging_mixin.py:188} INFO - [2025-07-25T18:46:03.227+0000] {dag.py:3823} INFO - Setting next_dagrun for pl001_ingest_crypto_postgres to None, run_after=None
[2025-07-25T18:46:03.260+0000] {processor.py:183} INFO - Processing /opt/airflow/dags/airflow_pipeline.py took 0.183 seconds
[2025-07-25T18:46:33.553+0000] {processor.py:161} INFO - Started process (PID=212) to work on /opt/airflow/dags/airflow_pipeline.py
[2025-07-25T18:46:33.555+0000] {processor.py:830} INFO - Processing file /opt/airflow/dags/airflow_pipeline.py for tasks to queue
[2025-07-25T18:46:33.557+0000] {logging_mixin.py:188} INFO - [2025-07-25T18:46:33.556+0000] {dagbag.py:538} INFO - Filling up the DagBag from /opt/airflow/dags/airflow_pipeline.py
[2025-07-25T18:46:33.582+0000] {processor.py:840} INFO - DAG(s) 'pl001_ingest_crypto_postgres' retrieved from /opt/airflow/dags/airflow_pipeline.py
[2025-07-25T18:46:33.622+0000] {logging_mixin.py:188} INFO - [2025-07-25T18:46:33.622+0000] {dag.py:3036} INFO - Sync 1 DAGs
[2025-07-25T18:46:33.638+0000] {logging_mixin.py:188} INFO - [2025-07-25T18:46:33.638+0000] {dag.py:3823} INFO - Setting next_dagrun for pl001_ingest_crypto_postgres to None, run_after=None
[2025-07-25T18:46:33.665+0000] {processor.py:183} INFO - Processing /opt/airflow/dags/airflow_pipeline.py took 0.117 seconds
[2025-07-25T18:47:03.952+0000] {processor.py:161} INFO - Started process (PID=217) to work on /opt/airflow/dags/airflow_pipeline.py
[2025-07-25T18:47:03.955+0000] {processor.py:830} INFO - Processing file /opt/airflow/dags/airflow_pipeline.py for tasks to queue
[2025-07-25T18:47:03.956+0000] {logging_mixin.py:188} INFO - [2025-07-25T18:47:03.956+0000] {dagbag.py:538} INFO - Filling up the DagBag from /opt/airflow/dags/airflow_pipeline.py
[2025-07-25T18:47:03.984+0000] {processor.py:840} INFO - DAG(s) 'pl001_ingest_crypto_postgres' retrieved from /opt/airflow/dags/airflow_pipeline.py
[2025-07-25T18:47:04.024+0000] {logging_mixin.py:188} INFO - [2025-07-25T18:47:04.024+0000] {dag.py:3036} INFO - Sync 1 DAGs
[2025-07-25T18:47:04.039+0000] {logging_mixin.py:188} INFO - [2025-07-25T18:47:04.038+0000] {dag.py:3823} INFO - Setting next_dagrun for pl001_ingest_crypto_postgres to None, run_after=None
[2025-07-25T18:47:04.065+0000] {processor.py:183} INFO - Processing /opt/airflow/dags/airflow_pipeline.py took 0.118 seconds
[2025-07-25T18:47:34.266+0000] {processor.py:161} INFO - Started process (PID=222) to work on /opt/airflow/dags/airflow_pipeline.py
[2025-07-25T18:47:34.268+0000] {processor.py:830} INFO - Processing file /opt/airflow/dags/airflow_pipeline.py for tasks to queue
[2025-07-25T18:47:34.271+0000] {logging_mixin.py:188} INFO - [2025-07-25T18:47:34.270+0000] {dagbag.py:538} INFO - Filling up the DagBag from /opt/airflow/dags/airflow_pipeline.py
[2025-07-25T18:47:34.307+0000] {processor.py:840} INFO - DAG(s) 'pl001_ingest_crypto_postgres' retrieved from /opt/airflow/dags/airflow_pipeline.py
[2025-07-25T18:47:34.374+0000] {logging_mixin.py:188} INFO - [2025-07-25T18:47:34.373+0000] {dag.py:3036} INFO - Sync 1 DAGs
[2025-07-25T18:47:34.395+0000] {logging_mixin.py:188} INFO - [2025-07-25T18:47:34.395+0000] {dag.py:3823} INFO - Setting next_dagrun for pl001_ingest_crypto_postgres to None, run_after=None
[2025-07-25T18:47:34.459+0000] {processor.py:183} INFO - Processing /opt/airflow/dags/airflow_pipeline.py took 0.200 seconds
[2025-07-25T18:48:05.043+0000] {processor.py:161} INFO - Started process (PID=227) to work on /opt/airflow/dags/airflow_pipeline.py
[2025-07-25T18:48:05.046+0000] {processor.py:830} INFO - Processing file /opt/airflow/dags/airflow_pipeline.py for tasks to queue
[2025-07-25T18:48:05.049+0000] {logging_mixin.py:188} INFO - [2025-07-25T18:48:05.048+0000] {dagbag.py:538} INFO - Filling up the DagBag from /opt/airflow/dags/airflow_pipeline.py
[2025-07-25T18:48:05.100+0000] {processor.py:840} INFO - DAG(s) 'pl001_ingest_crypto_postgres' retrieved from /opt/airflow/dags/airflow_pipeline.py
[2025-07-25T18:48:05.214+0000] {logging_mixin.py:188} INFO - [2025-07-25T18:48:05.213+0000] {dag.py:3036} INFO - Sync 1 DAGs
[2025-07-25T18:48:05.272+0000] {logging_mixin.py:188} INFO - [2025-07-25T18:48:05.271+0000] {dag.py:3823} INFO - Setting next_dagrun for pl001_ingest_crypto_postgres to None, run_after=None
[2025-07-25T18:48:05.358+0000] {processor.py:183} INFO - Processing /opt/airflow/dags/airflow_pipeline.py took 0.321 seconds
[2025-07-25T18:48:35.780+0000] {processor.py:161} INFO - Started process (PID=232) to work on /opt/airflow/dags/airflow_pipeline.py
[2025-07-25T18:48:35.782+0000] {processor.py:830} INFO - Processing file /opt/airflow/dags/airflow_pipeline.py for tasks to queue
[2025-07-25T18:48:35.783+0000] {logging_mixin.py:188} INFO - [2025-07-25T18:48:35.783+0000] {dagbag.py:538} INFO - Filling up the DagBag from /opt/airflow/dags/airflow_pipeline.py
[2025-07-25T18:48:35.808+0000] {processor.py:840} INFO - DAG(s) 'pl001_ingest_crypto_postgres' retrieved from /opt/airflow/dags/airflow_pipeline.py
[2025-07-25T18:48:35.847+0000] {logging_mixin.py:188} INFO - [2025-07-25T18:48:35.847+0000] {dag.py:3036} INFO - Sync 1 DAGs
[2025-07-25T18:48:35.862+0000] {logging_mixin.py:188} INFO - [2025-07-25T18:48:35.862+0000] {dag.py:3823} INFO - Setting next_dagrun for pl001_ingest_crypto_postgres to None, run_after=None
[2025-07-25T18:48:35.889+0000] {processor.py:183} INFO - Processing /opt/airflow/dags/airflow_pipeline.py took 0.115 seconds
[2025-07-25T18:49:06.274+0000] {processor.py:161} INFO - Started process (PID=237) to work on /opt/airflow/dags/airflow_pipeline.py
[2025-07-25T18:49:06.276+0000] {processor.py:830} INFO - Processing file /opt/airflow/dags/airflow_pipeline.py for tasks to queue
[2025-07-25T18:49:06.279+0000] {logging_mixin.py:188} INFO - [2025-07-25T18:49:06.278+0000] {dagbag.py:538} INFO - Filling up the DagBag from /opt/airflow/dags/airflow_pipeline.py
[2025-07-25T18:49:06.320+0000] {processor.py:840} INFO - DAG(s) 'pl001_ingest_crypto_postgres' retrieved from /opt/airflow/dags/airflow_pipeline.py
[2025-07-25T18:49:06.371+0000] {logging_mixin.py:188} INFO - [2025-07-25T18:49:06.371+0000] {dag.py:3036} INFO - Sync 1 DAGs
[2025-07-25T18:49:06.388+0000] {logging_mixin.py:188} INFO - [2025-07-25T18:49:06.387+0000] {dag.py:3823} INFO - Setting next_dagrun for pl001_ingest_crypto_postgres to None, run_after=None
[2025-07-25T18:49:06.414+0000] {processor.py:183} INFO - Processing /opt/airflow/dags/airflow_pipeline.py took 0.150 seconds
[2025-07-25T18:49:36.605+0000] {processor.py:161} INFO - Started process (PID=242) to work on /opt/airflow/dags/airflow_pipeline.py
[2025-07-25T18:49:36.607+0000] {processor.py:830} INFO - Processing file /opt/airflow/dags/airflow_pipeline.py for tasks to queue
[2025-07-25T18:49:36.609+0000] {logging_mixin.py:188} INFO - [2025-07-25T18:49:36.608+0000] {dagbag.py:538} INFO - Filling up the DagBag from /opt/airflow/dags/airflow_pipeline.py
[2025-07-25T18:49:36.636+0000] {processor.py:840} INFO - DAG(s) 'pl001_ingest_crypto_postgres' retrieved from /opt/airflow/dags/airflow_pipeline.py
[2025-07-25T18:49:36.679+0000] {logging_mixin.py:188} INFO - [2025-07-25T18:49:36.679+0000] {dag.py:3036} INFO - Sync 1 DAGs
[2025-07-25T18:49:36.696+0000] {logging_mixin.py:188} INFO - [2025-07-25T18:49:36.696+0000] {dag.py:3823} INFO - Setting next_dagrun for pl001_ingest_crypto_postgres to None, run_after=None
[2025-07-25T18:49:36.733+0000] {processor.py:183} INFO - Processing /opt/airflow/dags/airflow_pipeline.py took 0.133 seconds
[2025-07-25T18:50:07.123+0000] {processor.py:161} INFO - Started process (PID=247) to work on /opt/airflow/dags/airflow_pipeline.py
[2025-07-25T18:50:07.127+0000] {processor.py:830} INFO - Processing file /opt/airflow/dags/airflow_pipeline.py for tasks to queue
[2025-07-25T18:50:07.134+0000] {logging_mixin.py:188} INFO - [2025-07-25T18:50:07.134+0000] {dagbag.py:538} INFO - Filling up the DagBag from /opt/airflow/dags/airflow_pipeline.py
[2025-07-25T18:50:07.227+0000] {processor.py:840} INFO - DAG(s) 'pl001_ingest_crypto_postgres' retrieved from /opt/airflow/dags/airflow_pipeline.py
[2025-07-25T18:50:07.293+0000] {logging_mixin.py:188} INFO - [2025-07-25T18:50:07.292+0000] {dag.py:3036} INFO - Sync 1 DAGs
[2025-07-25T18:50:07.315+0000] {logging_mixin.py:188} INFO - [2025-07-25T18:50:07.313+0000] {dag.py:3823} INFO - Setting next_dagrun for pl001_ingest_crypto_postgres to None, run_after=None
[2025-07-25T18:50:07.362+0000] {processor.py:183} INFO - Processing /opt/airflow/dags/airflow_pipeline.py took 0.254 seconds
[2025-07-25T18:50:37.733+0000] {processor.py:161} INFO - Started process (PID=252) to work on /opt/airflow/dags/airflow_pipeline.py
[2025-07-25T18:50:37.736+0000] {processor.py:830} INFO - Processing file /opt/airflow/dags/airflow_pipeline.py for tasks to queue
[2025-07-25T18:50:37.738+0000] {logging_mixin.py:188} INFO - [2025-07-25T18:50:37.737+0000] {dagbag.py:538} INFO - Filling up the DagBag from /opt/airflow/dags/airflow_pipeline.py
[2025-07-25T18:50:37.771+0000] {processor.py:840} INFO - DAG(s) 'pl001_ingest_crypto_postgres' retrieved from /opt/airflow/dags/airflow_pipeline.py
[2025-07-25T18:50:37.838+0000] {logging_mixin.py:188} INFO - [2025-07-25T18:50:37.837+0000] {dag.py:3036} INFO - Sync 1 DAGs
[2025-07-25T18:50:37.893+0000] {logging_mixin.py:188} INFO - [2025-07-25T18:50:37.893+0000] {dag.py:3823} INFO - Setting next_dagrun for pl001_ingest_crypto_postgres to None, run_after=None
[2025-07-25T18:50:37.992+0000] {processor.py:183} INFO - Processing /opt/airflow/dags/airflow_pipeline.py took 0.264 seconds
[2025-07-25T18:51:50.077+0000] {processor.py:161} INFO - Started process (PID=164) to work on /opt/airflow/dags/airflow_pipeline.py
[2025-07-25T18:51:50.079+0000] {processor.py:830} INFO - Processing file /opt/airflow/dags/airflow_pipeline.py for tasks to queue
[2025-07-25T18:51:50.081+0000] {logging_mixin.py:188} INFO - [2025-07-25T18:51:50.081+0000] {dagbag.py:538} INFO - Filling up the DagBag from /opt/airflow/dags/airflow_pipeline.py
[2025-07-25T18:51:50.145+0000] {processor.py:840} INFO - DAG(s) 'pl001_ingest_crypto_postgres' retrieved from /opt/airflow/dags/airflow_pipeline.py
[2025-07-25T18:51:50.264+0000] {logging_mixin.py:188} INFO - [2025-07-25T18:51:50.263+0000] {dag.py:3036} INFO - Sync 1 DAGs
[2025-07-25T18:51:50.285+0000] {logging_mixin.py:188} INFO - [2025-07-25T18:51:50.284+0000] {dag.py:3823} INFO - Setting next_dagrun for pl001_ingest_crypto_postgres to None, run_after=None
[2025-07-25T18:51:50.316+0000] {processor.py:183} INFO - Processing /opt/airflow/dags/airflow_pipeline.py took 0.245 seconds
[2025-07-25T18:52:21.138+0000] {processor.py:161} INFO - Started process (PID=170) to work on /opt/airflow/dags/airflow_pipeline.py
[2025-07-25T18:52:21.144+0000] {processor.py:830} INFO - Processing file /opt/airflow/dags/airflow_pipeline.py for tasks to queue
[2025-07-25T18:52:21.150+0000] {logging_mixin.py:188} INFO - [2025-07-25T18:52:21.149+0000] {dagbag.py:538} INFO - Filling up the DagBag from /opt/airflow/dags/airflow_pipeline.py
[2025-07-25T18:52:21.383+0000] {processor.py:840} INFO - DAG(s) 'pl001_ingest_crypto_postgres' retrieved from /opt/airflow/dags/airflow_pipeline.py
[2025-07-25T18:52:21.521+0000] {logging_mixin.py:188} INFO - [2025-07-25T18:52:21.520+0000] {dag.py:3036} INFO - Sync 1 DAGs
[2025-07-25T18:52:21.581+0000] {logging_mixin.py:188} INFO - [2025-07-25T18:52:21.580+0000] {dag.py:3823} INFO - Setting next_dagrun for pl001_ingest_crypto_postgres to None, run_after=None
[2025-07-25T18:52:21.763+0000] {processor.py:183} INFO - Processing /opt/airflow/dags/airflow_pipeline.py took 0.642 seconds
[2025-07-25T18:52:53.461+0000] {processor.py:161} INFO - Started process (PID=178) to work on /opt/airflow/dags/airflow_pipeline.py
[2025-07-25T18:52:53.487+0000] {processor.py:830} INFO - Processing file /opt/airflow/dags/airflow_pipeline.py for tasks to queue
[2025-07-25T18:52:53.504+0000] {logging_mixin.py:188} INFO - [2025-07-25T18:52:53.503+0000] {dagbag.py:538} INFO - Filling up the DagBag from /opt/airflow/dags/airflow_pipeline.py
[2025-07-25T18:52:53.568+0000] {processor.py:840} INFO - DAG(s) 'pl001_ingest_crypto_postgres' retrieved from /opt/airflow/dags/airflow_pipeline.py
[2025-07-25T18:52:53.769+0000] {logging_mixin.py:188} INFO - [2025-07-25T18:52:53.769+0000] {dag.py:3036} INFO - Sync 1 DAGs
[2025-07-25T18:52:53.804+0000] {logging_mixin.py:188} INFO - [2025-07-25T18:52:53.803+0000] {dag.py:3823} INFO - Setting next_dagrun for pl001_ingest_crypto_postgres to None, run_after=None
[2025-07-25T18:52:53.858+0000] {processor.py:183} INFO - Processing /opt/airflow/dags/airflow_pipeline.py took 0.467 seconds
[2025-07-25T18:53:24.283+0000] {processor.py:161} INFO - Started process (PID=183) to work on /opt/airflow/dags/airflow_pipeline.py
[2025-07-25T18:53:24.285+0000] {processor.py:830} INFO - Processing file /opt/airflow/dags/airflow_pipeline.py for tasks to queue
[2025-07-25T18:53:24.287+0000] {logging_mixin.py:188} INFO - [2025-07-25T18:53:24.286+0000] {dagbag.py:538} INFO - Filling up the DagBag from /opt/airflow/dags/airflow_pipeline.py
[2025-07-25T18:53:24.312+0000] {processor.py:840} INFO - DAG(s) 'pl001_ingest_crypto_postgres' retrieved from /opt/airflow/dags/airflow_pipeline.py
[2025-07-25T18:53:24.352+0000] {logging_mixin.py:188} INFO - [2025-07-25T18:53:24.352+0000] {dag.py:3036} INFO - Sync 1 DAGs
[2025-07-25T18:53:24.369+0000] {logging_mixin.py:188} INFO - [2025-07-25T18:53:24.369+0000] {dag.py:3823} INFO - Setting next_dagrun for pl001_ingest_crypto_postgres to None, run_after=None
[2025-07-25T18:53:24.396+0000] {processor.py:183} INFO - Processing /opt/airflow/dags/airflow_pipeline.py took 0.118 seconds
[2025-07-25T18:53:54.748+0000] {processor.py:161} INFO - Started process (PID=188) to work on /opt/airflow/dags/airflow_pipeline.py
[2025-07-25T18:53:54.751+0000] {processor.py:830} INFO - Processing file /opt/airflow/dags/airflow_pipeline.py for tasks to queue
[2025-07-25T18:53:54.753+0000] {logging_mixin.py:188} INFO - [2025-07-25T18:53:54.752+0000] {dagbag.py:538} INFO - Filling up the DagBag from /opt/airflow/dags/airflow_pipeline.py
[2025-07-25T18:53:54.788+0000] {processor.py:840} INFO - DAG(s) 'pl001_ingest_crypto_postgres' retrieved from /opt/airflow/dags/airflow_pipeline.py
[2025-07-25T18:53:54.847+0000] {logging_mixin.py:188} INFO - [2025-07-25T18:53:54.846+0000] {dag.py:3036} INFO - Sync 1 DAGs
[2025-07-25T18:53:54.864+0000] {logging_mixin.py:188} INFO - [2025-07-25T18:53:54.863+0000] {dag.py:3823} INFO - Setting next_dagrun for pl001_ingest_crypto_postgres to None, run_after=None
[2025-07-25T18:53:54.890+0000] {processor.py:183} INFO - Processing /opt/airflow/dags/airflow_pipeline.py took 0.149 seconds
[2025-07-25T18:54:25.202+0000] {processor.py:161} INFO - Started process (PID=193) to work on /opt/airflow/dags/airflow_pipeline.py
[2025-07-25T18:54:25.203+0000] {processor.py:830} INFO - Processing file /opt/airflow/dags/airflow_pipeline.py for tasks to queue
[2025-07-25T18:54:25.205+0000] {logging_mixin.py:188} INFO - [2025-07-25T18:54:25.204+0000] {dagbag.py:538} INFO - Filling up the DagBag from /opt/airflow/dags/airflow_pipeline.py
[2025-07-25T18:54:25.235+0000] {processor.py:840} INFO - DAG(s) 'pl001_ingest_crypto_postgres' retrieved from /opt/airflow/dags/airflow_pipeline.py
[2025-07-25T18:54:25.283+0000] {logging_mixin.py:188} INFO - [2025-07-25T18:54:25.282+0000] {dag.py:3036} INFO - Sync 1 DAGs
[2025-07-25T18:54:25.300+0000] {logging_mixin.py:188} INFO - [2025-07-25T18:54:25.299+0000] {dag.py:3823} INFO - Setting next_dagrun for pl001_ingest_crypto_postgres to None, run_after=None
[2025-07-25T18:54:25.326+0000] {processor.py:183} INFO - Processing /opt/airflow/dags/airflow_pipeline.py took 0.130 seconds
[2025-07-25T18:54:55.801+0000] {processor.py:161} INFO - Started process (PID=202) to work on /opt/airflow/dags/airflow_pipeline.py
[2025-07-25T18:54:55.803+0000] {processor.py:830} INFO - Processing file /opt/airflow/dags/airflow_pipeline.py for tasks to queue
[2025-07-25T18:54:55.805+0000] {logging_mixin.py:188} INFO - [2025-07-25T18:54:55.804+0000] {dagbag.py:538} INFO - Filling up the DagBag from /opt/airflow/dags/airflow_pipeline.py
[2025-07-25T18:54:55.836+0000] {processor.py:840} INFO - DAG(s) 'pl001_ingest_crypto_postgres' retrieved from /opt/airflow/dags/airflow_pipeline.py
[2025-07-25T18:54:55.880+0000] {logging_mixin.py:188} INFO - [2025-07-25T18:54:55.880+0000] {dag.py:3036} INFO - Sync 1 DAGs
[2025-07-25T18:54:55.895+0000] {logging_mixin.py:188} INFO - [2025-07-25T18:54:55.895+0000] {dag.py:3823} INFO - Setting next_dagrun for pl001_ingest_crypto_postgres to None, run_after=None
[2025-07-25T18:54:55.919+0000] {processor.py:183} INFO - Processing /opt/airflow/dags/airflow_pipeline.py took 0.124 seconds
[2025-07-25T18:55:26.246+0000] {processor.py:161} INFO - Started process (PID=207) to work on /opt/airflow/dags/airflow_pipeline.py
[2025-07-25T18:55:26.248+0000] {processor.py:830} INFO - Processing file /opt/airflow/dags/airflow_pipeline.py for tasks to queue
[2025-07-25T18:55:26.249+0000] {logging_mixin.py:188} INFO - [2025-07-25T18:55:26.249+0000] {dagbag.py:538} INFO - Filling up the DagBag from /opt/airflow/dags/airflow_pipeline.py
[2025-07-25T18:55:26.278+0000] {processor.py:840} INFO - DAG(s) 'pl001_ingest_crypto_postgres' retrieved from /opt/airflow/dags/airflow_pipeline.py
[2025-07-25T18:55:26.329+0000] {logging_mixin.py:188} INFO - [2025-07-25T18:55:26.328+0000] {dag.py:3036} INFO - Sync 1 DAGs
[2025-07-25T18:55:26.353+0000] {logging_mixin.py:188} INFO - [2025-07-25T18:55:26.352+0000] {dag.py:3823} INFO - Setting next_dagrun for pl001_ingest_crypto_postgres to None, run_after=None
[2025-07-25T18:55:26.401+0000] {processor.py:183} INFO - Processing /opt/airflow/dags/airflow_pipeline.py took 0.160 seconds
[2025-07-25T18:55:57.139+0000] {processor.py:161} INFO - Started process (PID=212) to work on /opt/airflow/dags/airflow_pipeline.py
[2025-07-25T18:55:57.141+0000] {processor.py:830} INFO - Processing file /opt/airflow/dags/airflow_pipeline.py for tasks to queue
[2025-07-25T18:55:57.144+0000] {logging_mixin.py:188} INFO - [2025-07-25T18:55:57.143+0000] {dagbag.py:538} INFO - Filling up the DagBag from /opt/airflow/dags/airflow_pipeline.py
[2025-07-25T18:55:57.174+0000] {processor.py:840} INFO - DAG(s) 'pl001_ingest_crypto_postgres' retrieved from /opt/airflow/dags/airflow_pipeline.py
[2025-07-25T18:55:57.219+0000] {logging_mixin.py:188} INFO - [2025-07-25T18:55:57.218+0000] {dag.py:3036} INFO - Sync 1 DAGs
[2025-07-25T18:55:57.236+0000] {logging_mixin.py:188} INFO - [2025-07-25T18:55:57.236+0000] {dag.py:3823} INFO - Setting next_dagrun for pl001_ingest_crypto_postgres to None, run_after=None
[2025-07-25T18:55:57.263+0000] {processor.py:183} INFO - Processing /opt/airflow/dags/airflow_pipeline.py took 0.131 seconds
[2025-07-25T18:56:27.878+0000] {processor.py:161} INFO - Started process (PID=217) to work on /opt/airflow/dags/airflow_pipeline.py
[2025-07-25T18:56:27.884+0000] {processor.py:830} INFO - Processing file /opt/airflow/dags/airflow_pipeline.py for tasks to queue
[2025-07-25T18:56:27.886+0000] {logging_mixin.py:188} INFO - [2025-07-25T18:56:27.885+0000] {dagbag.py:538} INFO - Filling up the DagBag from /opt/airflow/dags/airflow_pipeline.py
[2025-07-25T18:56:27.915+0000] {processor.py:840} INFO - DAG(s) 'pl001_ingest_crypto_postgres' retrieved from /opt/airflow/dags/airflow_pipeline.py
[2025-07-25T18:56:27.960+0000] {logging_mixin.py:188} INFO - [2025-07-25T18:56:27.959+0000] {dag.py:3036} INFO - Sync 1 DAGs
[2025-07-25T18:56:27.975+0000] {logging_mixin.py:188} INFO - [2025-07-25T18:56:27.975+0000] {dag.py:3823} INFO - Setting next_dagrun for pl001_ingest_crypto_postgres to None, run_after=None
[2025-07-25T18:56:28.001+0000] {processor.py:183} INFO - Processing /opt/airflow/dags/airflow_pipeline.py took 0.129 seconds
[2025-07-25T18:56:58.982+0000] {processor.py:161} INFO - Started process (PID=222) to work on /opt/airflow/dags/airflow_pipeline.py
[2025-07-25T18:56:58.997+0000] {processor.py:830} INFO - Processing file /opt/airflow/dags/airflow_pipeline.py for tasks to queue
[2025-07-25T18:56:59.002+0000] {logging_mixin.py:188} INFO - [2025-07-25T18:56:59.001+0000] {dagbag.py:538} INFO - Filling up the DagBag from /opt/airflow/dags/airflow_pipeline.py
[2025-07-25T18:56:59.143+0000] {processor.py:840} INFO - DAG(s) 'pl001_ingest_crypto_postgres' retrieved from /opt/airflow/dags/airflow_pipeline.py
[2025-07-25T18:56:59.371+0000] {logging_mixin.py:188} INFO - [2025-07-25T18:56:59.370+0000] {dag.py:3036} INFO - Sync 1 DAGs
[2025-07-25T18:56:59.424+0000] {logging_mixin.py:188} INFO - [2025-07-25T18:56:59.424+0000] {dag.py:3823} INFO - Setting next_dagrun for pl001_ingest_crypto_postgres to None, run_after=None
[2025-07-25T18:56:59.492+0000] {processor.py:183} INFO - Processing /opt/airflow/dags/airflow_pipeline.py took 0.528 seconds
[2025-07-25T18:57:30.028+0000] {processor.py:161} INFO - Started process (PID=227) to work on /opt/airflow/dags/airflow_pipeline.py
[2025-07-25T18:57:30.029+0000] {processor.py:830} INFO - Processing file /opt/airflow/dags/airflow_pipeline.py for tasks to queue
[2025-07-25T18:57:30.032+0000] {logging_mixin.py:188} INFO - [2025-07-25T18:57:30.031+0000] {dagbag.py:538} INFO - Filling up the DagBag from /opt/airflow/dags/airflow_pipeline.py
[2025-07-25T18:57:30.062+0000] {processor.py:840} INFO - DAG(s) 'pl001_ingest_crypto_postgres' retrieved from /opt/airflow/dags/airflow_pipeline.py
[2025-07-25T18:57:30.100+0000] {logging_mixin.py:188} INFO - [2025-07-25T18:57:30.099+0000] {dag.py:3036} INFO - Sync 1 DAGs
[2025-07-25T18:57:30.116+0000] {logging_mixin.py:188} INFO - [2025-07-25T18:57:30.115+0000] {dag.py:3823} INFO - Setting next_dagrun for pl001_ingest_crypto_postgres to None, run_after=None
[2025-07-25T18:57:30.143+0000] {processor.py:183} INFO - Processing /opt/airflow/dags/airflow_pipeline.py took 0.122 seconds
[2025-07-25T18:58:00.376+0000] {processor.py:161} INFO - Started process (PID=232) to work on /opt/airflow/dags/airflow_pipeline.py
[2025-07-25T18:58:00.378+0000] {processor.py:830} INFO - Processing file /opt/airflow/dags/airflow_pipeline.py for tasks to queue
[2025-07-25T18:58:00.380+0000] {logging_mixin.py:188} INFO - [2025-07-25T18:58:00.379+0000] {dagbag.py:538} INFO - Filling up the DagBag from /opt/airflow/dags/airflow_pipeline.py
[2025-07-25T18:58:00.414+0000] {processor.py:840} INFO - DAG(s) 'pl001_ingest_crypto_postgres' retrieved from /opt/airflow/dags/airflow_pipeline.py
[2025-07-25T18:58:00.466+0000] {logging_mixin.py:188} INFO - [2025-07-25T18:58:00.465+0000] {dag.py:3036} INFO - Sync 1 DAGs
[2025-07-25T18:58:00.482+0000] {logging_mixin.py:188} INFO - [2025-07-25T18:58:00.482+0000] {dag.py:3823} INFO - Setting next_dagrun for pl001_ingest_crypto_postgres to None, run_after=None
[2025-07-25T18:58:00.509+0000] {processor.py:183} INFO - Processing /opt/airflow/dags/airflow_pipeline.py took 0.142 seconds
[2025-07-25T18:58:30.806+0000] {processor.py:161} INFO - Started process (PID=237) to work on /opt/airflow/dags/airflow_pipeline.py
[2025-07-25T18:58:30.808+0000] {processor.py:830} INFO - Processing file /opt/airflow/dags/airflow_pipeline.py for tasks to queue
[2025-07-25T18:58:30.810+0000] {logging_mixin.py:188} INFO - [2025-07-25T18:58:30.810+0000] {dagbag.py:538} INFO - Filling up the DagBag from /opt/airflow/dags/airflow_pipeline.py
[2025-07-25T18:58:30.842+0000] {processor.py:840} INFO - DAG(s) 'pl001_ingest_crypto_postgres' retrieved from /opt/airflow/dags/airflow_pipeline.py
[2025-07-25T18:58:30.901+0000] {logging_mixin.py:188} INFO - [2025-07-25T18:58:30.901+0000] {dag.py:3036} INFO - Sync 1 DAGs
[2025-07-25T18:58:30.928+0000] {logging_mixin.py:188} INFO - [2025-07-25T18:58:30.928+0000] {dag.py:3823} INFO - Setting next_dagrun for pl001_ingest_crypto_postgres to None, run_after=None
[2025-07-25T18:58:30.964+0000] {processor.py:183} INFO - Processing /opt/airflow/dags/airflow_pipeline.py took 0.163 seconds
[2025-07-25T18:59:01.391+0000] {processor.py:161} INFO - Started process (PID=242) to work on /opt/airflow/dags/airflow_pipeline.py
[2025-07-25T18:59:01.421+0000] {processor.py:830} INFO - Processing file /opt/airflow/dags/airflow_pipeline.py for tasks to queue
[2025-07-25T18:59:01.441+0000] {logging_mixin.py:188} INFO - [2025-07-25T18:59:01.438+0000] {dagbag.py:538} INFO - Filling up the DagBag from /opt/airflow/dags/airflow_pipeline.py
[2025-07-25T18:59:01.714+0000] {processor.py:840} INFO - DAG(s) 'pl001_ingest_crypto_postgres' retrieved from /opt/airflow/dags/airflow_pipeline.py
[2025-07-25T18:59:02.063+0000] {logging_mixin.py:188} INFO - [2025-07-25T18:59:02.062+0000] {dag.py:3036} INFO - Sync 1 DAGs
[2025-07-25T18:59:02.258+0000] {logging_mixin.py:188} INFO - [2025-07-25T18:59:02.245+0000] {dag.py:3823} INFO - Setting next_dagrun for pl001_ingest_crypto_postgres to None, run_after=None
[2025-07-25T18:59:02.568+0000] {processor.py:183} INFO - Processing /opt/airflow/dags/airflow_pipeline.py took 1.276 seconds
[2025-07-25T18:59:33.080+0000] {processor.py:161} INFO - Started process (PID=247) to work on /opt/airflow/dags/airflow_pipeline.py
[2025-07-25T18:59:33.081+0000] {processor.py:830} INFO - Processing file /opt/airflow/dags/airflow_pipeline.py for tasks to queue
[2025-07-25T18:59:33.083+0000] {logging_mixin.py:188} INFO - [2025-07-25T18:59:33.082+0000] {dagbag.py:538} INFO - Filling up the DagBag from /opt/airflow/dags/airflow_pipeline.py
[2025-07-25T18:59:33.110+0000] {processor.py:840} INFO - DAG(s) 'pl001_ingest_crypto_postgres' retrieved from /opt/airflow/dags/airflow_pipeline.py
[2025-07-25T18:59:33.151+0000] {logging_mixin.py:188} INFO - [2025-07-25T18:59:33.151+0000] {dag.py:3036} INFO - Sync 1 DAGs
[2025-07-25T18:59:33.170+0000] {logging_mixin.py:188} INFO - [2025-07-25T18:59:33.170+0000] {dag.py:3823} INFO - Setting next_dagrun for pl001_ingest_crypto_postgres to None, run_after=None
[2025-07-25T18:59:33.202+0000] {processor.py:183} INFO - Processing /opt/airflow/dags/airflow_pipeline.py took 0.128 seconds
[2025-07-25T19:00:03.390+0000] {processor.py:161} INFO - Started process (PID=252) to work on /opt/airflow/dags/airflow_pipeline.py
[2025-07-25T19:00:03.392+0000] {processor.py:830} INFO - Processing file /opt/airflow/dags/airflow_pipeline.py for tasks to queue
[2025-07-25T19:00:03.393+0000] {logging_mixin.py:188} INFO - [2025-07-25T19:00:03.393+0000] {dagbag.py:538} INFO - Filling up the DagBag from /opt/airflow/dags/airflow_pipeline.py
[2025-07-25T19:00:03.418+0000] {processor.py:840} INFO - DAG(s) 'pl001_ingest_crypto_postgres' retrieved from /opt/airflow/dags/airflow_pipeline.py
[2025-07-25T19:00:03.458+0000] {logging_mixin.py:188} INFO - [2025-07-25T19:00:03.458+0000] {dag.py:3036} INFO - Sync 1 DAGs
[2025-07-25T19:00:03.476+0000] {logging_mixin.py:188} INFO - [2025-07-25T19:00:03.476+0000] {dag.py:3823} INFO - Setting next_dagrun for pl001_ingest_crypto_postgres to None, run_after=None
[2025-07-25T19:00:03.506+0000] {processor.py:183} INFO - Processing /opt/airflow/dags/airflow_pipeline.py took 0.121 seconds
[2025-07-25T19:00:33.870+0000] {processor.py:161} INFO - Started process (PID=257) to work on /opt/airflow/dags/airflow_pipeline.py
[2025-07-25T19:00:33.872+0000] {processor.py:830} INFO - Processing file /opt/airflow/dags/airflow_pipeline.py for tasks to queue
[2025-07-25T19:00:33.876+0000] {logging_mixin.py:188} INFO - [2025-07-25T19:00:33.874+0000] {dagbag.py:538} INFO - Filling up the DagBag from /opt/airflow/dags/airflow_pipeline.py
[2025-07-25T19:00:33.908+0000] {processor.py:840} INFO - DAG(s) 'pl001_ingest_crypto_postgres' retrieved from /opt/airflow/dags/airflow_pipeline.py
[2025-07-25T19:00:33.951+0000] {logging_mixin.py:188} INFO - [2025-07-25T19:00:33.951+0000] {dag.py:3036} INFO - Sync 1 DAGs
[2025-07-25T19:00:33.966+0000] {logging_mixin.py:188} INFO - [2025-07-25T19:00:33.966+0000] {dag.py:3823} INFO - Setting next_dagrun for pl001_ingest_crypto_postgres to None, run_after=None
[2025-07-25T19:00:33.993+0000] {processor.py:183} INFO - Processing /opt/airflow/dags/airflow_pipeline.py took 0.133 seconds
[2025-07-25T19:01:04.361+0000] {processor.py:161} INFO - Started process (PID=262) to work on /opt/airflow/dags/airflow_pipeline.py
[2025-07-25T19:01:04.362+0000] {processor.py:830} INFO - Processing file /opt/airflow/dags/airflow_pipeline.py for tasks to queue
[2025-07-25T19:01:04.364+0000] {logging_mixin.py:188} INFO - [2025-07-25T19:01:04.363+0000] {dagbag.py:538} INFO - Filling up the DagBag from /opt/airflow/dags/airflow_pipeline.py
[2025-07-25T19:01:04.392+0000] {processor.py:840} INFO - DAG(s) 'pl001_ingest_crypto_postgres' retrieved from /opt/airflow/dags/airflow_pipeline.py
[2025-07-25T19:01:04.436+0000] {logging_mixin.py:188} INFO - [2025-07-25T19:01:04.436+0000] {dag.py:3036} INFO - Sync 1 DAGs
[2025-07-25T19:01:04.454+0000] {logging_mixin.py:188} INFO - [2025-07-25T19:01:04.454+0000] {dag.py:3823} INFO - Setting next_dagrun for pl001_ingest_crypto_postgres to None, run_after=None
[2025-07-25T19:01:04.493+0000] {processor.py:183} INFO - Processing /opt/airflow/dags/airflow_pipeline.py took 0.137 seconds
[2025-07-25T19:01:34.719+0000] {processor.py:161} INFO - Started process (PID=267) to work on /opt/airflow/dags/airflow_pipeline.py
[2025-07-25T19:01:34.721+0000] {processor.py:830} INFO - Processing file /opt/airflow/dags/airflow_pipeline.py for tasks to queue
[2025-07-25T19:01:34.722+0000] {logging_mixin.py:188} INFO - [2025-07-25T19:01:34.722+0000] {dagbag.py:538} INFO - Filling up the DagBag from /opt/airflow/dags/airflow_pipeline.py
[2025-07-25T19:01:34.749+0000] {processor.py:840} INFO - DAG(s) 'pl001_ingest_crypto_postgres' retrieved from /opt/airflow/dags/airflow_pipeline.py
[2025-07-25T19:01:34.788+0000] {logging_mixin.py:188} INFO - [2025-07-25T19:01:34.788+0000] {dag.py:3036} INFO - Sync 1 DAGs
[2025-07-25T19:01:34.803+0000] {logging_mixin.py:188} INFO - [2025-07-25T19:01:34.802+0000] {dag.py:3823} INFO - Setting next_dagrun for pl001_ingest_crypto_postgres to None, run_after=None
[2025-07-25T19:01:34.830+0000] {processor.py:183} INFO - Processing /opt/airflow/dags/airflow_pipeline.py took 0.118 seconds
[2025-07-25T19:02:05.080+0000] {processor.py:161} INFO - Started process (PID=272) to work on /opt/airflow/dags/airflow_pipeline.py
[2025-07-25T19:02:05.082+0000] {processor.py:830} INFO - Processing file /opt/airflow/dags/airflow_pipeline.py for tasks to queue
[2025-07-25T19:02:05.084+0000] {logging_mixin.py:188} INFO - [2025-07-25T19:02:05.083+0000] {dagbag.py:538} INFO - Filling up the DagBag from /opt/airflow/dags/airflow_pipeline.py
[2025-07-25T19:02:05.114+0000] {processor.py:840} INFO - DAG(s) 'pl001_ingest_crypto_postgres' retrieved from /opt/airflow/dags/airflow_pipeline.py
[2025-07-25T19:02:05.161+0000] {logging_mixin.py:188} INFO - [2025-07-25T19:02:05.160+0000] {dag.py:3036} INFO - Sync 1 DAGs
[2025-07-25T19:02:05.178+0000] {logging_mixin.py:188} INFO - [2025-07-25T19:02:05.177+0000] {dag.py:3823} INFO - Setting next_dagrun for pl001_ingest_crypto_postgres to None, run_after=None
[2025-07-25T19:02:05.211+0000] {processor.py:183} INFO - Processing /opt/airflow/dags/airflow_pipeline.py took 0.139 seconds
[2025-07-25T19:02:35.540+0000] {processor.py:161} INFO - Started process (PID=277) to work on /opt/airflow/dags/airflow_pipeline.py
[2025-07-25T19:02:35.541+0000] {processor.py:830} INFO - Processing file /opt/airflow/dags/airflow_pipeline.py for tasks to queue
[2025-07-25T19:02:35.543+0000] {logging_mixin.py:188} INFO - [2025-07-25T19:02:35.542+0000] {dagbag.py:538} INFO - Filling up the DagBag from /opt/airflow/dags/airflow_pipeline.py
[2025-07-25T19:02:35.583+0000] {processor.py:840} INFO - DAG(s) 'pl001_ingest_crypto_postgres' retrieved from /opt/airflow/dags/airflow_pipeline.py
[2025-07-25T19:02:35.639+0000] {logging_mixin.py:188} INFO - [2025-07-25T19:02:35.639+0000] {dag.py:3036} INFO - Sync 1 DAGs
[2025-07-25T19:02:35.660+0000] {logging_mixin.py:188} INFO - [2025-07-25T19:02:35.659+0000] {dag.py:3823} INFO - Setting next_dagrun for pl001_ingest_crypto_postgres to None, run_after=None
[2025-07-25T19:02:35.698+0000] {processor.py:183} INFO - Processing /opt/airflow/dags/airflow_pipeline.py took 0.163 seconds
[2025-07-25T19:03:06.130+0000] {processor.py:161} INFO - Started process (PID=282) to work on /opt/airflow/dags/airflow_pipeline.py
[2025-07-25T19:03:06.140+0000] {processor.py:830} INFO - Processing file /opt/airflow/dags/airflow_pipeline.py for tasks to queue
[2025-07-25T19:03:06.143+0000] {logging_mixin.py:188} INFO - [2025-07-25T19:03:06.142+0000] {dagbag.py:538} INFO - Filling up the DagBag from /opt/airflow/dags/airflow_pipeline.py
[2025-07-25T19:03:06.168+0000] {processor.py:840} INFO - DAG(s) 'pl001_ingest_crypto_postgres' retrieved from /opt/airflow/dags/airflow_pipeline.py
[2025-07-25T19:03:06.209+0000] {logging_mixin.py:188} INFO - [2025-07-25T19:03:06.208+0000] {dag.py:3036} INFO - Sync 1 DAGs
[2025-07-25T19:03:06.230+0000] {logging_mixin.py:188} INFO - [2025-07-25T19:03:06.229+0000] {dag.py:3823} INFO - Setting next_dagrun for pl001_ingest_crypto_postgres to None, run_after=None
[2025-07-25T19:03:06.262+0000] {processor.py:183} INFO - Processing /opt/airflow/dags/airflow_pipeline.py took 0.139 seconds
[2025-07-25T19:03:36.474+0000] {processor.py:161} INFO - Started process (PID=287) to work on /opt/airflow/dags/airflow_pipeline.py
[2025-07-25T19:03:36.478+0000] {processor.py:830} INFO - Processing file /opt/airflow/dags/airflow_pipeline.py for tasks to queue
[2025-07-25T19:03:36.480+0000] {logging_mixin.py:188} INFO - [2025-07-25T19:03:36.480+0000] {dagbag.py:538} INFO - Filling up the DagBag from /opt/airflow/dags/airflow_pipeline.py
[2025-07-25T19:03:36.518+0000] {processor.py:840} INFO - DAG(s) 'pl001_ingest_crypto_postgres' retrieved from /opt/airflow/dags/airflow_pipeline.py
[2025-07-25T19:03:36.603+0000] {logging_mixin.py:188} INFO - [2025-07-25T19:03:36.603+0000] {dag.py:3036} INFO - Sync 1 DAGs
[2025-07-25T19:03:36.623+0000] {logging_mixin.py:188} INFO - [2025-07-25T19:03:36.623+0000] {dag.py:3823} INFO - Setting next_dagrun for pl001_ingest_crypto_postgres to None, run_after=None
[2025-07-25T19:03:36.661+0000] {processor.py:183} INFO - Processing /opt/airflow/dags/airflow_pipeline.py took 0.197 seconds
[2025-07-25T19:04:07.002+0000] {processor.py:161} INFO - Started process (PID=292) to work on /opt/airflow/dags/airflow_pipeline.py
[2025-07-25T19:04:07.004+0000] {processor.py:830} INFO - Processing file /opt/airflow/dags/airflow_pipeline.py for tasks to queue
[2025-07-25T19:04:07.006+0000] {logging_mixin.py:188} INFO - [2025-07-25T19:04:07.005+0000] {dagbag.py:538} INFO - Filling up the DagBag from /opt/airflow/dags/airflow_pipeline.py
[2025-07-25T19:04:07.047+0000] {processor.py:840} INFO - DAG(s) 'pl001_ingest_crypto_postgres' retrieved from /opt/airflow/dags/airflow_pipeline.py
[2025-07-25T19:04:07.131+0000] {logging_mixin.py:188} INFO - [2025-07-25T19:04:07.130+0000] {dag.py:3036} INFO - Sync 1 DAGs
[2025-07-25T19:04:07.160+0000] {logging_mixin.py:188} INFO - [2025-07-25T19:04:07.160+0000] {dag.py:3823} INFO - Setting next_dagrun for pl001_ingest_crypto_postgres to None, run_after=None
[2025-07-25T19:04:07.207+0000] {processor.py:183} INFO - Processing /opt/airflow/dags/airflow_pipeline.py took 0.211 seconds
[2025-07-25T19:04:37.408+0000] {processor.py:161} INFO - Started process (PID=297) to work on /opt/airflow/dags/airflow_pipeline.py
[2025-07-25T19:04:37.411+0000] {processor.py:830} INFO - Processing file /opt/airflow/dags/airflow_pipeline.py for tasks to queue
[2025-07-25T19:04:37.412+0000] {logging_mixin.py:188} INFO - [2025-07-25T19:04:37.412+0000] {dagbag.py:538} INFO - Filling up the DagBag from /opt/airflow/dags/airflow_pipeline.py
[2025-07-25T19:04:37.439+0000] {processor.py:840} INFO - DAG(s) 'pl001_ingest_crypto_postgres' retrieved from /opt/airflow/dags/airflow_pipeline.py
[2025-07-25T19:04:37.481+0000] {logging_mixin.py:188} INFO - [2025-07-25T19:04:37.480+0000] {dag.py:3036} INFO - Sync 1 DAGs
[2025-07-25T19:04:37.496+0000] {logging_mixin.py:188} INFO - [2025-07-25T19:04:37.496+0000] {dag.py:3823} INFO - Setting next_dagrun for pl001_ingest_crypto_postgres to None, run_after=None
[2025-07-25T19:04:37.522+0000] {processor.py:183} INFO - Processing /opt/airflow/dags/airflow_pipeline.py took 0.120 seconds
[2025-07-25T19:05:07.665+0000] {processor.py:161} INFO - Started process (PID=302) to work on /opt/airflow/dags/airflow_pipeline.py
[2025-07-25T19:05:07.666+0000] {processor.py:830} INFO - Processing file /opt/airflow/dags/airflow_pipeline.py for tasks to queue
[2025-07-25T19:05:07.668+0000] {logging_mixin.py:188} INFO - [2025-07-25T19:05:07.667+0000] {dagbag.py:538} INFO - Filling up the DagBag from /opt/airflow/dags/airflow_pipeline.py
[2025-07-25T19:05:07.693+0000] {processor.py:840} INFO - DAG(s) 'pl001_ingest_crypto_postgres' retrieved from /opt/airflow/dags/airflow_pipeline.py
[2025-07-25T19:05:07.742+0000] {logging_mixin.py:188} INFO - [2025-07-25T19:05:07.741+0000] {dag.py:3036} INFO - Sync 1 DAGs
[2025-07-25T19:05:07.764+0000] {logging_mixin.py:188} INFO - [2025-07-25T19:05:07.763+0000] {dag.py:3823} INFO - Setting next_dagrun for pl001_ingest_crypto_postgres to None, run_after=None
[2025-07-25T19:05:07.797+0000] {processor.py:183} INFO - Processing /opt/airflow/dags/airflow_pipeline.py took 0.138 seconds
[2025-07-25T19:05:38.011+0000] {processor.py:161} INFO - Started process (PID=307) to work on /opt/airflow/dags/airflow_pipeline.py
[2025-07-25T19:05:38.015+0000] {processor.py:830} INFO - Processing file /opt/airflow/dags/airflow_pipeline.py for tasks to queue
[2025-07-25T19:05:38.017+0000] {logging_mixin.py:188} INFO - [2025-07-25T19:05:38.016+0000] {dagbag.py:538} INFO - Filling up the DagBag from /opt/airflow/dags/airflow_pipeline.py
[2025-07-25T19:05:38.056+0000] {processor.py:840} INFO - DAG(s) 'pl001_ingest_crypto_postgres' retrieved from /opt/airflow/dags/airflow_pipeline.py
[2025-07-25T19:05:38.136+0000] {logging_mixin.py:188} INFO - [2025-07-25T19:05:38.136+0000] {dag.py:3036} INFO - Sync 1 DAGs
[2025-07-25T19:05:38.157+0000] {logging_mixin.py:188} INFO - [2025-07-25T19:05:38.156+0000] {dag.py:3823} INFO - Setting next_dagrun for pl001_ingest_crypto_postgres to None, run_after=None
[2025-07-25T19:05:38.241+0000] {processor.py:183} INFO - Processing /opt/airflow/dags/airflow_pipeline.py took 0.240 seconds
[2025-07-25T19:06:08.512+0000] {processor.py:161} INFO - Started process (PID=312) to work on /opt/airflow/dags/airflow_pipeline.py
[2025-07-25T19:06:08.514+0000] {processor.py:830} INFO - Processing file /opt/airflow/dags/airflow_pipeline.py for tasks to queue
[2025-07-25T19:06:08.516+0000] {logging_mixin.py:188} INFO - [2025-07-25T19:06:08.515+0000] {dagbag.py:538} INFO - Filling up the DagBag from /opt/airflow/dags/airflow_pipeline.py
[2025-07-25T19:06:08.542+0000] {processor.py:840} INFO - DAG(s) 'pl001_ingest_crypto_postgres' retrieved from /opt/airflow/dags/airflow_pipeline.py
[2025-07-25T19:06:08.612+0000] {logging_mixin.py:188} INFO - [2025-07-25T19:06:08.612+0000] {dag.py:3036} INFO - Sync 1 DAGs
[2025-07-25T19:06:08.649+0000] {logging_mixin.py:188} INFO - [2025-07-25T19:06:08.648+0000] {dag.py:3823} INFO - Setting next_dagrun for pl001_ingest_crypto_postgres to None, run_after=None
[2025-07-25T19:06:08.703+0000] {processor.py:183} INFO - Processing /opt/airflow/dags/airflow_pipeline.py took 0.195 seconds
[2025-07-25T19:06:39.082+0000] {processor.py:161} INFO - Started process (PID=317) to work on /opt/airflow/dags/airflow_pipeline.py
[2025-07-25T19:06:39.084+0000] {processor.py:830} INFO - Processing file /opt/airflow/dags/airflow_pipeline.py for tasks to queue
[2025-07-25T19:06:39.086+0000] {logging_mixin.py:188} INFO - [2025-07-25T19:06:39.085+0000] {dagbag.py:538} INFO - Filling up the DagBag from /opt/airflow/dags/airflow_pipeline.py
[2025-07-25T19:06:39.128+0000] {processor.py:840} INFO - DAG(s) 'pl001_ingest_crypto_postgres' retrieved from /opt/airflow/dags/airflow_pipeline.py
[2025-07-25T19:06:39.233+0000] {logging_mixin.py:188} INFO - [2025-07-25T19:06:39.232+0000] {dag.py:3036} INFO - Sync 1 DAGs
[2025-07-25T19:06:39.274+0000] {logging_mixin.py:188} INFO - [2025-07-25T19:06:39.274+0000] {dag.py:3823} INFO - Setting next_dagrun for pl001_ingest_crypto_postgres to None, run_after=None
[2025-07-25T19:06:39.325+0000] {processor.py:183} INFO - Processing /opt/airflow/dags/airflow_pipeline.py took 0.260 seconds
[2025-07-25T19:07:09.476+0000] {processor.py:161} INFO - Started process (PID=322) to work on /opt/airflow/dags/airflow_pipeline.py
[2025-07-25T19:07:09.478+0000] {processor.py:830} INFO - Processing file /opt/airflow/dags/airflow_pipeline.py for tasks to queue
[2025-07-25T19:07:09.479+0000] {logging_mixin.py:188} INFO - [2025-07-25T19:07:09.479+0000] {dagbag.py:538} INFO - Filling up the DagBag from /opt/airflow/dags/airflow_pipeline.py
[2025-07-25T19:07:09.504+0000] {processor.py:840} INFO - DAG(s) 'pl001_ingest_crypto_postgres' retrieved from /opt/airflow/dags/airflow_pipeline.py
[2025-07-25T19:07:09.545+0000] {logging_mixin.py:188} INFO - [2025-07-25T19:07:09.544+0000] {dag.py:3036} INFO - Sync 1 DAGs
[2025-07-25T19:07:09.560+0000] {logging_mixin.py:188} INFO - [2025-07-25T19:07:09.560+0000] {dag.py:3823} INFO - Setting next_dagrun for pl001_ingest_crypto_postgres to None, run_after=None
[2025-07-25T19:07:09.589+0000] {processor.py:183} INFO - Processing /opt/airflow/dags/airflow_pipeline.py took 0.120 seconds
[2025-07-25T19:07:39.939+0000] {processor.py:161} INFO - Started process (PID=327) to work on /opt/airflow/dags/airflow_pipeline.py
[2025-07-25T19:07:39.943+0000] {processor.py:830} INFO - Processing file /opt/airflow/dags/airflow_pipeline.py for tasks to queue
[2025-07-25T19:07:39.945+0000] {logging_mixin.py:188} INFO - [2025-07-25T19:07:39.944+0000] {dagbag.py:538} INFO - Filling up the DagBag from /opt/airflow/dags/airflow_pipeline.py
[2025-07-25T19:07:39.972+0000] {processor.py:840} INFO - DAG(s) 'pl001_ingest_crypto_postgres' retrieved from /opt/airflow/dags/airflow_pipeline.py
[2025-07-25T19:07:40.013+0000] {logging_mixin.py:188} INFO - [2025-07-25T19:07:40.013+0000] {dag.py:3036} INFO - Sync 1 DAGs
[2025-07-25T19:07:40.032+0000] {logging_mixin.py:188} INFO - [2025-07-25T19:07:40.031+0000] {dag.py:3823} INFO - Setting next_dagrun for pl001_ingest_crypto_postgres to None, run_after=None
[2025-07-25T19:07:40.083+0000] {processor.py:183} INFO - Processing /opt/airflow/dags/airflow_pipeline.py took 0.151 seconds
[2025-07-25T19:08:10.257+0000] {processor.py:161} INFO - Started process (PID=332) to work on /opt/airflow/dags/airflow_pipeline.py
[2025-07-25T19:08:10.259+0000] {processor.py:830} INFO - Processing file /opt/airflow/dags/airflow_pipeline.py for tasks to queue
[2025-07-25T19:08:10.261+0000] {logging_mixin.py:188} INFO - [2025-07-25T19:08:10.261+0000] {dagbag.py:538} INFO - Filling up the DagBag from /opt/airflow/dags/airflow_pipeline.py
[2025-07-25T19:08:10.290+0000] {processor.py:840} INFO - DAG(s) 'pl001_ingest_crypto_postgres' retrieved from /opt/airflow/dags/airflow_pipeline.py
[2025-07-25T19:08:10.332+0000] {logging_mixin.py:188} INFO - [2025-07-25T19:08:10.332+0000] {dag.py:3036} INFO - Sync 1 DAGs
[2025-07-25T19:08:10.350+0000] {logging_mixin.py:188} INFO - [2025-07-25T19:08:10.350+0000] {dag.py:3823} INFO - Setting next_dagrun for pl001_ingest_crypto_postgres to None, run_after=None
[2025-07-25T19:08:10.383+0000] {processor.py:183} INFO - Processing /opt/airflow/dags/airflow_pipeline.py took 0.141 seconds
[2025-07-25T19:08:21.492+0000] {processor.py:161} INFO - Started process (PID=337) to work on /opt/airflow/dags/airflow_pipeline.py
[2025-07-25T19:08:21.494+0000] {processor.py:830} INFO - Processing file /opt/airflow/dags/airflow_pipeline.py for tasks to queue
[2025-07-25T19:08:21.496+0000] {logging_mixin.py:188} INFO - [2025-07-25T19:08:21.495+0000] {dagbag.py:538} INFO - Filling up the DagBag from /opt/airflow/dags/airflow_pipeline.py
[2025-07-25T19:08:21.520+0000] {logging_mixin.py:188} INFO - [2025-07-25T19:08:21.519+0000] {dagbag.py:348} ERROR - Failed to import: /opt/airflow/dags/airflow_pipeline.py
Traceback (most recent call last):
  File "/home/airflow/.local/lib/python3.10/site-packages/airflow/models/dagbag.py", line 344, in parse
    loader.exec_module(new_module)
  File "<frozen importlib._bootstrap_external>", line 879, in exec_module
  File "<frozen importlib._bootstrap_external>", line 1017, in get_code
  File "<frozen importlib._bootstrap_external>", line 947, in source_to_code
  File "<frozen importlib._bootstrap>", line 241, in _call_with_frames_removed
  File "/opt/airflow/dags/airflow_pipeline.py", line 23
    dbt_run = BashOperator(
    ^^^^^^^
IndentationError: expected an indented block after 'with' statement on line 11
[2025-07-25T19:08:21.521+0000] {processor.py:842} WARNING - No viable dags retrieved from /opt/airflow/dags/airflow_pipeline.py
[2025-07-25T19:08:21.559+0000] {processor.py:183} INFO - Processing /opt/airflow/dags/airflow_pipeline.py took 0.073 seconds
[2025-07-25T19:08:28.602+0000] {processor.py:161} INFO - Started process (PID=342) to work on /opt/airflow/dags/airflow_pipeline.py
[2025-07-25T19:08:28.604+0000] {processor.py:830} INFO - Processing file /opt/airflow/dags/airflow_pipeline.py for tasks to queue
[2025-07-25T19:08:28.606+0000] {logging_mixin.py:188} INFO - [2025-07-25T19:08:28.605+0000] {dagbag.py:538} INFO - Filling up the DagBag from /opt/airflow/dags/airflow_pipeline.py
[2025-07-25T19:08:28.646+0000] {processor.py:840} INFO - DAG(s) 'pl001_ingest_crypto_postgres' retrieved from /opt/airflow/dags/airflow_pipeline.py
[2025-07-25T19:08:29.005+0000] {logging_mixin.py:188} INFO - [2025-07-25T19:08:29.005+0000] {dag.py:3036} INFO - Sync 1 DAGs
[2025-07-25T19:08:29.031+0000] {logging_mixin.py:188} INFO - [2025-07-25T19:08:29.031+0000] {dag.py:3823} INFO - Setting next_dagrun for pl001_ingest_crypto_postgres to None, run_after=None
[2025-07-25T19:08:29.088+0000] {processor.py:183} INFO - Processing /opt/airflow/dags/airflow_pipeline.py took 0.491 seconds
[2025-07-25T19:08:59.832+0000] {processor.py:161} INFO - Started process (PID=350) to work on /opt/airflow/dags/airflow_pipeline.py
[2025-07-25T19:08:59.835+0000] {processor.py:830} INFO - Processing file /opt/airflow/dags/airflow_pipeline.py for tasks to queue
[2025-07-25T19:08:59.837+0000] {logging_mixin.py:188} INFO - [2025-07-25T19:08:59.836+0000] {dagbag.py:538} INFO - Filling up the DagBag from /opt/airflow/dags/airflow_pipeline.py
[2025-07-25T19:08:59.870+0000] {processor.py:840} INFO - DAG(s) 'pl001_ingest_crypto_postgres' retrieved from /opt/airflow/dags/airflow_pipeline.py
[2025-07-25T19:08:59.947+0000] {logging_mixin.py:188} INFO - [2025-07-25T19:08:59.947+0000] {dag.py:3036} INFO - Sync 1 DAGs
[2025-07-25T19:08:59.971+0000] {logging_mixin.py:188} INFO - [2025-07-25T19:08:59.970+0000] {dag.py:3823} INFO - Setting next_dagrun for pl001_ingest_crypto_postgres to None, run_after=None
[2025-07-25T19:09:00.033+0000] {processor.py:183} INFO - Processing /opt/airflow/dags/airflow_pipeline.py took 0.206 seconds
[2025-07-25T19:09:31.306+0000] {processor.py:161} INFO - Started process (PID=355) to work on /opt/airflow/dags/airflow_pipeline.py
[2025-07-25T19:09:31.325+0000] {processor.py:830} INFO - Processing file /opt/airflow/dags/airflow_pipeline.py for tasks to queue
[2025-07-25T19:09:31.343+0000] {logging_mixin.py:188} INFO - [2025-07-25T19:09:31.331+0000] {dagbag.py:538} INFO - Filling up the DagBag from /opt/airflow/dags/airflow_pipeline.py
[2025-07-25T19:09:31.588+0000] {processor.py:840} INFO - DAG(s) 'pl001_ingest_crypto_postgres' retrieved from /opt/airflow/dags/airflow_pipeline.py
[2025-07-25T19:09:31.823+0000] {logging_mixin.py:188} INFO - [2025-07-25T19:09:31.822+0000] {dag.py:3036} INFO - Sync 1 DAGs
[2025-07-25T19:09:31.900+0000] {logging_mixin.py:188} INFO - [2025-07-25T19:09:31.899+0000] {dag.py:3823} INFO - Setting next_dagrun for pl001_ingest_crypto_postgres to None, run_after=None
[2025-07-25T19:09:32.037+0000] {processor.py:183} INFO - Processing /opt/airflow/dags/airflow_pipeline.py took 0.769 seconds
[2025-07-25T19:10:02.962+0000] {processor.py:161} INFO - Started process (PID=360) to work on /opt/airflow/dags/airflow_pipeline.py
[2025-07-25T19:10:02.991+0000] {processor.py:830} INFO - Processing file /opt/airflow/dags/airflow_pipeline.py for tasks to queue
[2025-07-25T19:10:03.040+0000] {logging_mixin.py:188} INFO - [2025-07-25T19:10:03.038+0000] {dagbag.py:538} INFO - Filling up the DagBag from /opt/airflow/dags/airflow_pipeline.py
[2025-07-25T19:10:03.367+0000] {processor.py:840} INFO - DAG(s) 'pl001_ingest_crypto_postgres' retrieved from /opt/airflow/dags/airflow_pipeline.py
[2025-07-25T19:10:03.933+0000] {logging_mixin.py:188} INFO - [2025-07-25T19:10:03.932+0000] {dag.py:3036} INFO - Sync 1 DAGs
[2025-07-25T19:10:04.012+0000] {logging_mixin.py:188} INFO - [2025-07-25T19:10:04.012+0000] {dag.py:3823} INFO - Setting next_dagrun for pl001_ingest_crypto_postgres to None, run_after=None
[2025-07-25T19:10:04.128+0000] {processor.py:183} INFO - Processing /opt/airflow/dags/airflow_pipeline.py took 1.234 seconds
[2025-07-25T19:10:31.725+0000] {processor.py:161} INFO - Started process (PID=365) to work on /opt/airflow/dags/airflow_pipeline.py
[2025-07-25T19:10:31.727+0000] {processor.py:830} INFO - Processing file /opt/airflow/dags/airflow_pipeline.py for tasks to queue
[2025-07-25T19:10:31.728+0000] {logging_mixin.py:188} INFO - [2025-07-25T19:10:31.728+0000] {dagbag.py:538} INFO - Filling up the DagBag from /opt/airflow/dags/airflow_pipeline.py
[2025-07-25T19:10:31.785+0000] {processor.py:840} INFO - DAG(s) 'pl001_ingest_crypto_postgres' retrieved from /opt/airflow/dags/airflow_pipeline.py
[2025-07-25T19:10:31.948+0000] {logging_mixin.py:188} INFO - [2025-07-25T19:10:31.948+0000] {dag.py:3036} INFO - Sync 1 DAGs
[2025-07-25T19:10:31.966+0000] {logging_mixin.py:188} INFO - [2025-07-25T19:10:31.966+0000] {dag.py:3823} INFO - Setting next_dagrun for pl001_ingest_crypto_postgres to None, run_after=None
[2025-07-25T19:10:31.999+0000] {processor.py:183} INFO - Processing /opt/airflow/dags/airflow_pipeline.py took 0.279 seconds
[2025-07-25T19:11:02.113+0000] {processor.py:161} INFO - Started process (PID=374) to work on /opt/airflow/dags/airflow_pipeline.py
[2025-07-25T19:11:02.114+0000] {processor.py:830} INFO - Processing file /opt/airflow/dags/airflow_pipeline.py for tasks to queue
[2025-07-25T19:11:02.116+0000] {logging_mixin.py:188} INFO - [2025-07-25T19:11:02.115+0000] {dagbag.py:538} INFO - Filling up the DagBag from /opt/airflow/dags/airflow_pipeline.py
[2025-07-25T19:11:02.142+0000] {processor.py:840} INFO - DAG(s) 'pl001_ingest_crypto_postgres' retrieved from /opt/airflow/dags/airflow_pipeline.py
[2025-07-25T19:11:02.180+0000] {logging_mixin.py:188} INFO - [2025-07-25T19:11:02.180+0000] {dag.py:3036} INFO - Sync 1 DAGs
[2025-07-25T19:11:02.203+0000] {logging_mixin.py:188} INFO - [2025-07-25T19:11:02.203+0000] {dag.py:3823} INFO - Setting next_dagrun for pl001_ingest_crypto_postgres to None, run_after=None
[2025-07-25T19:11:02.237+0000] {processor.py:183} INFO - Processing /opt/airflow/dags/airflow_pipeline.py took 0.128 seconds
[2025-07-25T19:11:32.443+0000] {processor.py:161} INFO - Started process (PID=379) to work on /opt/airflow/dags/airflow_pipeline.py
[2025-07-25T19:11:32.445+0000] {processor.py:830} INFO - Processing file /opt/airflow/dags/airflow_pipeline.py for tasks to queue
[2025-07-25T19:11:32.448+0000] {logging_mixin.py:188} INFO - [2025-07-25T19:11:32.447+0000] {dagbag.py:538} INFO - Filling up the DagBag from /opt/airflow/dags/airflow_pipeline.py
[2025-07-25T19:11:32.514+0000] {processor.py:840} INFO - DAG(s) 'pl001_ingest_crypto_postgres' retrieved from /opt/airflow/dags/airflow_pipeline.py
[2025-07-25T19:11:32.602+0000] {logging_mixin.py:188} INFO - [2025-07-25T19:11:32.602+0000] {dag.py:3036} INFO - Sync 1 DAGs
[2025-07-25T19:11:32.636+0000] {logging_mixin.py:188} INFO - [2025-07-25T19:11:32.635+0000] {dag.py:3823} INFO - Setting next_dagrun for pl001_ingest_crypto_postgres to None, run_after=None
[2025-07-25T19:11:32.701+0000] {processor.py:183} INFO - Processing /opt/airflow/dags/airflow_pipeline.py took 0.266 seconds
[2025-07-25T19:12:03.528+0000] {processor.py:161} INFO - Started process (PID=384) to work on /opt/airflow/dags/airflow_pipeline.py
[2025-07-25T19:12:03.530+0000] {processor.py:830} INFO - Processing file /opt/airflow/dags/airflow_pipeline.py for tasks to queue
[2025-07-25T19:12:03.532+0000] {logging_mixin.py:188} INFO - [2025-07-25T19:12:03.532+0000] {dagbag.py:538} INFO - Filling up the DagBag from /opt/airflow/dags/airflow_pipeline.py
[2025-07-25T19:12:03.575+0000] {processor.py:840} INFO - DAG(s) 'pl001_ingest_crypto_postgres' retrieved from /opt/airflow/dags/airflow_pipeline.py
[2025-07-25T19:12:03.624+0000] {logging_mixin.py:188} INFO - [2025-07-25T19:12:03.624+0000] {dag.py:3036} INFO - Sync 1 DAGs
[2025-07-25T19:12:03.643+0000] {logging_mixin.py:188} INFO - [2025-07-25T19:12:03.642+0000] {dag.py:3823} INFO - Setting next_dagrun for pl001_ingest_crypto_postgres to None, run_after=None
[2025-07-25T19:12:03.694+0000] {processor.py:183} INFO - Processing /opt/airflow/dags/airflow_pipeline.py took 0.179 seconds
[2025-07-25T19:12:34.294+0000] {processor.py:161} INFO - Started process (PID=389) to work on /opt/airflow/dags/airflow_pipeline.py
[2025-07-25T19:12:34.306+0000] {processor.py:830} INFO - Processing file /opt/airflow/dags/airflow_pipeline.py for tasks to queue
[2025-07-25T19:12:34.310+0000] {logging_mixin.py:188} INFO - [2025-07-25T19:12:34.309+0000] {dagbag.py:538} INFO - Filling up the DagBag from /opt/airflow/dags/airflow_pipeline.py
[2025-07-25T19:12:34.392+0000] {processor.py:840} INFO - DAG(s) 'pl001_ingest_crypto_postgres' retrieved from /opt/airflow/dags/airflow_pipeline.py
[2025-07-25T19:12:34.536+0000] {logging_mixin.py:188} INFO - [2025-07-25T19:12:34.535+0000] {dag.py:3036} INFO - Sync 1 DAGs
[2025-07-25T19:12:34.590+0000] {logging_mixin.py:188} INFO - [2025-07-25T19:12:34.589+0000] {dag.py:3823} INFO - Setting next_dagrun for pl001_ingest_crypto_postgres to None, run_after=None
[2025-07-25T19:12:34.694+0000] {processor.py:183} INFO - Processing /opt/airflow/dags/airflow_pipeline.py took 0.417 seconds
[2025-07-25T19:13:05.190+0000] {processor.py:161} INFO - Started process (PID=394) to work on /opt/airflow/dags/airflow_pipeline.py
[2025-07-25T19:13:05.192+0000] {processor.py:830} INFO - Processing file /opt/airflow/dags/airflow_pipeline.py for tasks to queue
[2025-07-25T19:13:05.194+0000] {logging_mixin.py:188} INFO - [2025-07-25T19:13:05.193+0000] {dagbag.py:538} INFO - Filling up the DagBag from /opt/airflow/dags/airflow_pipeline.py
[2025-07-25T19:13:05.222+0000] {processor.py:840} INFO - DAG(s) 'pl001_ingest_crypto_postgres' retrieved from /opt/airflow/dags/airflow_pipeline.py
[2025-07-25T19:13:05.265+0000] {logging_mixin.py:188} INFO - [2025-07-25T19:13:05.265+0000] {dag.py:3036} INFO - Sync 1 DAGs
[2025-07-25T19:13:05.282+0000] {logging_mixin.py:188} INFO - [2025-07-25T19:13:05.282+0000] {dag.py:3823} INFO - Setting next_dagrun for pl001_ingest_crypto_postgres to None, run_after=None
[2025-07-25T19:13:05.314+0000] {processor.py:183} INFO - Processing /opt/airflow/dags/airflow_pipeline.py took 0.132 seconds
[2025-07-25T19:13:35.726+0000] {processor.py:161} INFO - Started process (PID=399) to work on /opt/airflow/dags/airflow_pipeline.py
[2025-07-25T19:13:35.728+0000] {processor.py:830} INFO - Processing file /opt/airflow/dags/airflow_pipeline.py for tasks to queue
[2025-07-25T19:13:35.731+0000] {logging_mixin.py:188} INFO - [2025-07-25T19:13:35.730+0000] {dagbag.py:538} INFO - Filling up the DagBag from /opt/airflow/dags/airflow_pipeline.py
[2025-07-25T19:13:35.760+0000] {processor.py:840} INFO - DAG(s) 'pl001_ingest_crypto_postgres' retrieved from /opt/airflow/dags/airflow_pipeline.py
[2025-07-25T19:13:35.800+0000] {logging_mixin.py:188} INFO - [2025-07-25T19:13:35.800+0000] {dag.py:3036} INFO - Sync 1 DAGs
[2025-07-25T19:13:35.816+0000] {logging_mixin.py:188} INFO - [2025-07-25T19:13:35.816+0000] {dag.py:3823} INFO - Setting next_dagrun for pl001_ingest_crypto_postgres to None, run_after=None
[2025-07-25T19:13:35.844+0000] {processor.py:183} INFO - Processing /opt/airflow/dags/airflow_pipeline.py took 0.124 seconds
[2025-07-25T19:14:06.106+0000] {processor.py:161} INFO - Started process (PID=404) to work on /opt/airflow/dags/airflow_pipeline.py
[2025-07-25T19:14:06.108+0000] {processor.py:830} INFO - Processing file /opt/airflow/dags/airflow_pipeline.py for tasks to queue
[2025-07-25T19:14:06.110+0000] {logging_mixin.py:188} INFO - [2025-07-25T19:14:06.109+0000] {dagbag.py:538} INFO - Filling up the DagBag from /opt/airflow/dags/airflow_pipeline.py
[2025-07-25T19:14:06.146+0000] {processor.py:840} INFO - DAG(s) 'pl001_ingest_crypto_postgres' retrieved from /opt/airflow/dags/airflow_pipeline.py
[2025-07-25T19:14:06.209+0000] {logging_mixin.py:188} INFO - [2025-07-25T19:14:06.208+0000] {dag.py:3036} INFO - Sync 1 DAGs
[2025-07-25T19:14:06.228+0000] {logging_mixin.py:188} INFO - [2025-07-25T19:14:06.228+0000] {dag.py:3823} INFO - Setting next_dagrun for pl001_ingest_crypto_postgres to None, run_after=None
[2025-07-25T19:14:06.256+0000] {processor.py:183} INFO - Processing /opt/airflow/dags/airflow_pipeline.py took 0.158 seconds
[2025-07-25T19:14:36.430+0000] {processor.py:161} INFO - Started process (PID=409) to work on /opt/airflow/dags/airflow_pipeline.py
[2025-07-25T19:14:36.432+0000] {processor.py:830} INFO - Processing file /opt/airflow/dags/airflow_pipeline.py for tasks to queue
[2025-07-25T19:14:36.438+0000] {logging_mixin.py:188} INFO - [2025-07-25T19:14:36.434+0000] {dagbag.py:538} INFO - Filling up the DagBag from /opt/airflow/dags/airflow_pipeline.py
[2025-07-25T19:14:36.481+0000] {processor.py:840} INFO - DAG(s) 'pl001_ingest_crypto_postgres' retrieved from /opt/airflow/dags/airflow_pipeline.py
[2025-07-25T19:14:36.579+0000] {logging_mixin.py:188} INFO - [2025-07-25T19:14:36.579+0000] {dag.py:3036} INFO - Sync 1 DAGs
[2025-07-25T19:14:36.610+0000] {logging_mixin.py:188} INFO - [2025-07-25T19:14:36.610+0000] {dag.py:3823} INFO - Setting next_dagrun for pl001_ingest_crypto_postgres to None, run_after=None
[2025-07-25T19:14:36.657+0000] {processor.py:183} INFO - Processing /opt/airflow/dags/airflow_pipeline.py took 0.239 seconds
[2025-07-25T19:15:07.195+0000] {processor.py:161} INFO - Started process (PID=414) to work on /opt/airflow/dags/airflow_pipeline.py
[2025-07-25T19:15:07.199+0000] {processor.py:830} INFO - Processing file /opt/airflow/dags/airflow_pipeline.py for tasks to queue
[2025-07-25T19:15:07.202+0000] {logging_mixin.py:188} INFO - [2025-07-25T19:15:07.201+0000] {dagbag.py:538} INFO - Filling up the DagBag from /opt/airflow/dags/airflow_pipeline.py
[2025-07-25T19:15:07.259+0000] {processor.py:840} INFO - DAG(s) 'pl001_ingest_crypto_postgres' retrieved from /opt/airflow/dags/airflow_pipeline.py
[2025-07-25T19:15:07.427+0000] {logging_mixin.py:188} INFO - [2025-07-25T19:15:07.427+0000] {dag.py:3036} INFO - Sync 1 DAGs
[2025-07-25T19:15:07.493+0000] {logging_mixin.py:188} INFO - [2025-07-25T19:15:07.493+0000] {dag.py:3823} INFO - Setting next_dagrun for pl001_ingest_crypto_postgres to None, run_after=None
[2025-07-25T19:15:07.532+0000] {processor.py:183} INFO - Processing /opt/airflow/dags/airflow_pipeline.py took 0.356 seconds
[2025-07-25T19:15:08.598+0000] {processor.py:161} INFO - Started process (PID=419) to work on /opt/airflow/dags/airflow_pipeline.py
[2025-07-25T19:15:08.600+0000] {processor.py:830} INFO - Processing file /opt/airflow/dags/airflow_pipeline.py for tasks to queue
[2025-07-25T19:15:08.602+0000] {logging_mixin.py:188} INFO - [2025-07-25T19:15:08.601+0000] {dagbag.py:538} INFO - Filling up the DagBag from /opt/airflow/dags/airflow_pipeline.py
[2025-07-25T19:15:08.643+0000] {processor.py:840} INFO - DAG(s) 'pl001_ingest_crypto_postgres' retrieved from /opt/airflow/dags/airflow_pipeline.py
[2025-07-25T19:15:08.686+0000] {logging_mixin.py:188} INFO - [2025-07-25T19:15:08.685+0000] {dag.py:3036} INFO - Sync 1 DAGs
[2025-07-25T19:15:08.700+0000] {logging_mixin.py:188} INFO - [2025-07-25T19:15:08.700+0000] {dag.py:3823} INFO - Setting next_dagrun for pl001_ingest_crypto_postgres to None, run_after=None
[2025-07-25T19:15:08.732+0000] {processor.py:183} INFO - Processing /opt/airflow/dags/airflow_pipeline.py took 0.139 seconds
[2025-07-25T19:15:39.199+0000] {processor.py:161} INFO - Started process (PID=424) to work on /opt/airflow/dags/airflow_pipeline.py
[2025-07-25T19:15:39.201+0000] {processor.py:830} INFO - Processing file /opt/airflow/dags/airflow_pipeline.py for tasks to queue
[2025-07-25T19:15:39.202+0000] {logging_mixin.py:188} INFO - [2025-07-25T19:15:39.202+0000] {dagbag.py:538} INFO - Filling up the DagBag from /opt/airflow/dags/airflow_pipeline.py
[2025-07-25T19:15:39.230+0000] {processor.py:840} INFO - DAG(s) 'pl001_ingest_crypto_postgres' retrieved from /opt/airflow/dags/airflow_pipeline.py
[2025-07-25T19:15:39.405+0000] {logging_mixin.py:188} INFO - [2025-07-25T19:15:39.405+0000] {dag.py:3036} INFO - Sync 1 DAGs
[2025-07-25T19:15:39.427+0000] {logging_mixin.py:188} INFO - [2025-07-25T19:15:39.426+0000] {dag.py:3058} INFO - Creating ORM DAG for pl001_ingest_crypto_postgres
[2025-07-25T19:15:39.429+0000] {logging_mixin.py:188} INFO - [2025-07-25T19:15:39.428+0000] {dag.py:3823} INFO - Setting next_dagrun for pl001_ingest_crypto_postgres to None, run_after=None
[2025-07-25T19:15:39.464+0000] {processor.py:183} INFO - Processing /opt/airflow/dags/airflow_pipeline.py took 0.270 seconds
[2025-07-25T19:16:09.757+0000] {processor.py:161} INFO - Started process (PID=432) to work on /opt/airflow/dags/airflow_pipeline.py
[2025-07-25T19:16:09.779+0000] {processor.py:830} INFO - Processing file /opt/airflow/dags/airflow_pipeline.py for tasks to queue
[2025-07-25T19:16:09.808+0000] {logging_mixin.py:188} INFO - [2025-07-25T19:16:09.806+0000] {dagbag.py:538} INFO - Filling up the DagBag from /opt/airflow/dags/airflow_pipeline.py
[2025-07-25T19:16:10.103+0000] {processor.py:840} INFO - DAG(s) 'pl001_ingest_crypto_postgres' retrieved from /opt/airflow/dags/airflow_pipeline.py
[2025-07-25T19:16:10.632+0000] {logging_mixin.py:188} INFO - [2025-07-25T19:16:10.630+0000] {dag.py:3036} INFO - Sync 1 DAGs
[2025-07-25T19:16:11.184+0000] {logging_mixin.py:188} INFO - [2025-07-25T19:16:11.183+0000] {dag.py:3823} INFO - Setting next_dagrun for pl001_ingest_crypto_postgres to None, run_after=None
[2025-07-25T19:16:11.590+0000] {processor.py:183} INFO - Processing /opt/airflow/dags/airflow_pipeline.py took 1.898 seconds
[2025-07-25T19:16:42.217+0000] {processor.py:161} INFO - Started process (PID=438) to work on /opt/airflow/dags/airflow_pipeline.py
[2025-07-25T19:16:42.219+0000] {processor.py:830} INFO - Processing file /opt/airflow/dags/airflow_pipeline.py for tasks to queue
[2025-07-25T19:16:42.221+0000] {logging_mixin.py:188} INFO - [2025-07-25T19:16:42.220+0000] {dagbag.py:538} INFO - Filling up the DagBag from /opt/airflow/dags/airflow_pipeline.py
[2025-07-25T19:16:42.252+0000] {processor.py:840} INFO - DAG(s) 'pl001_ingest_crypto_postgres' retrieved from /opt/airflow/dags/airflow_pipeline.py
[2025-07-25T19:16:42.293+0000] {logging_mixin.py:188} INFO - [2025-07-25T19:16:42.293+0000] {dag.py:3036} INFO - Sync 1 DAGs
[2025-07-25T19:16:42.312+0000] {logging_mixin.py:188} INFO - [2025-07-25T19:16:42.312+0000] {dag.py:3823} INFO - Setting next_dagrun for pl001_ingest_crypto_postgres to None, run_after=None
[2025-07-25T19:16:42.343+0000] {processor.py:183} INFO - Processing /opt/airflow/dags/airflow_pipeline.py took 0.132 seconds
[2025-07-25T19:17:12.848+0000] {processor.py:161} INFO - Started process (PID=443) to work on /opt/airflow/dags/airflow_pipeline.py
[2025-07-25T19:17:12.850+0000] {processor.py:830} INFO - Processing file /opt/airflow/dags/airflow_pipeline.py for tasks to queue
[2025-07-25T19:17:12.851+0000] {logging_mixin.py:188} INFO - [2025-07-25T19:17:12.851+0000] {dagbag.py:538} INFO - Filling up the DagBag from /opt/airflow/dags/airflow_pipeline.py
[2025-07-25T19:17:12.876+0000] {processor.py:840} INFO - DAG(s) 'pl001_ingest_crypto_postgres' retrieved from /opt/airflow/dags/airflow_pipeline.py
[2025-07-25T19:17:12.914+0000] {logging_mixin.py:188} INFO - [2025-07-25T19:17:12.914+0000] {dag.py:3036} INFO - Sync 1 DAGs
[2025-07-25T19:17:12.932+0000] {logging_mixin.py:188} INFO - [2025-07-25T19:17:12.932+0000] {dag.py:3823} INFO - Setting next_dagrun for pl001_ingest_crypto_postgres to None, run_after=None
[2025-07-25T19:17:12.965+0000] {processor.py:183} INFO - Processing /opt/airflow/dags/airflow_pipeline.py took 0.120 seconds
[2025-07-25T19:17:43.235+0000] {processor.py:161} INFO - Started process (PID=448) to work on /opt/airflow/dags/airflow_pipeline.py
[2025-07-25T19:17:43.237+0000] {processor.py:830} INFO - Processing file /opt/airflow/dags/airflow_pipeline.py for tasks to queue
[2025-07-25T19:17:43.239+0000] {logging_mixin.py:188} INFO - [2025-07-25T19:17:43.238+0000] {dagbag.py:538} INFO - Filling up the DagBag from /opt/airflow/dags/airflow_pipeline.py
[2025-07-25T19:17:43.272+0000] {processor.py:840} INFO - DAG(s) 'pl001_ingest_crypto_postgres' retrieved from /opt/airflow/dags/airflow_pipeline.py
[2025-07-25T19:17:43.319+0000] {logging_mixin.py:188} INFO - [2025-07-25T19:17:43.319+0000] {dag.py:3036} INFO - Sync 1 DAGs
[2025-07-25T19:17:43.342+0000] {logging_mixin.py:188} INFO - [2025-07-25T19:17:43.341+0000] {dag.py:3823} INFO - Setting next_dagrun for pl001_ingest_crypto_postgres to None, run_after=None
[2025-07-25T19:17:43.371+0000] {processor.py:183} INFO - Processing /opt/airflow/dags/airflow_pipeline.py took 0.150 seconds
[2025-07-25T19:18:13.665+0000] {processor.py:161} INFO - Started process (PID=453) to work on /opt/airflow/dags/airflow_pipeline.py
[2025-07-25T19:18:13.668+0000] {processor.py:830} INFO - Processing file /opt/airflow/dags/airflow_pipeline.py for tasks to queue
[2025-07-25T19:18:13.670+0000] {logging_mixin.py:188} INFO - [2025-07-25T19:18:13.669+0000] {dagbag.py:538} INFO - Filling up the DagBag from /opt/airflow/dags/airflow_pipeline.py
[2025-07-25T19:18:13.702+0000] {processor.py:840} INFO - DAG(s) 'pl001_ingest_crypto_postgres' retrieved from /opt/airflow/dags/airflow_pipeline.py
[2025-07-25T19:18:13.759+0000] {logging_mixin.py:188} INFO - [2025-07-25T19:18:13.759+0000] {dag.py:3036} INFO - Sync 1 DAGs
[2025-07-25T19:18:13.782+0000] {logging_mixin.py:188} INFO - [2025-07-25T19:18:13.781+0000] {dag.py:3823} INFO - Setting next_dagrun for pl001_ingest_crypto_postgres to None, run_after=None
[2025-07-25T19:18:13.814+0000] {processor.py:183} INFO - Processing /opt/airflow/dags/airflow_pipeline.py took 0.156 seconds
[2025-07-25T19:18:44.354+0000] {processor.py:161} INFO - Started process (PID=458) to work on /opt/airflow/dags/airflow_pipeline.py
[2025-07-25T19:18:44.356+0000] {processor.py:830} INFO - Processing file /opt/airflow/dags/airflow_pipeline.py for tasks to queue
[2025-07-25T19:18:44.358+0000] {logging_mixin.py:188} INFO - [2025-07-25T19:18:44.358+0000] {dagbag.py:538} INFO - Filling up the DagBag from /opt/airflow/dags/airflow_pipeline.py
[2025-07-25T19:18:44.390+0000] {processor.py:840} INFO - DAG(s) 'pl001_ingest_crypto_postgres' retrieved from /opt/airflow/dags/airflow_pipeline.py
[2025-07-25T19:18:44.437+0000] {logging_mixin.py:188} INFO - [2025-07-25T19:18:44.436+0000] {dag.py:3036} INFO - Sync 1 DAGs
[2025-07-25T19:18:44.464+0000] {logging_mixin.py:188} INFO - [2025-07-25T19:18:44.464+0000] {dag.py:3823} INFO - Setting next_dagrun for pl001_ingest_crypto_postgres to None, run_after=None
[2025-07-25T19:18:44.511+0000] {processor.py:183} INFO - Processing /opt/airflow/dags/airflow_pipeline.py took 0.162 seconds
[2025-07-25T19:19:14.974+0000] {processor.py:161} INFO - Started process (PID=463) to work on /opt/airflow/dags/airflow_pipeline.py
[2025-07-25T19:19:14.989+0000] {processor.py:830} INFO - Processing file /opt/airflow/dags/airflow_pipeline.py for tasks to queue
[2025-07-25T19:19:15.007+0000] {logging_mixin.py:188} INFO - [2025-07-25T19:19:15.004+0000] {dagbag.py:538} INFO - Filling up the DagBag from /opt/airflow/dags/airflow_pipeline.py
[2025-07-25T19:19:15.172+0000] {processor.py:840} INFO - DAG(s) 'pl001_ingest_crypto_postgres' retrieved from /opt/airflow/dags/airflow_pipeline.py
[2025-07-25T19:19:15.378+0000] {logging_mixin.py:188} INFO - [2025-07-25T19:19:15.377+0000] {dag.py:3036} INFO - Sync 1 DAGs
[2025-07-25T19:19:15.548+0000] {logging_mixin.py:188} INFO - [2025-07-25T19:19:15.546+0000] {dag.py:3823} INFO - Setting next_dagrun for pl001_ingest_crypto_postgres to None, run_after=None
[2025-07-25T19:19:15.860+0000] {processor.py:183} INFO - Processing /opt/airflow/dags/airflow_pipeline.py took 0.910 seconds
[2025-07-25T19:19:46.765+0000] {processor.py:161} INFO - Started process (PID=468) to work on /opt/airflow/dags/airflow_pipeline.py
[2025-07-25T19:19:46.785+0000] {processor.py:830} INFO - Processing file /opt/airflow/dags/airflow_pipeline.py for tasks to queue
[2025-07-25T19:19:46.807+0000] {logging_mixin.py:188} INFO - [2025-07-25T19:19:46.801+0000] {dagbag.py:538} INFO - Filling up the DagBag from /opt/airflow/dags/airflow_pipeline.py
[2025-07-25T19:19:46.912+0000] {processor.py:840} INFO - DAG(s) 'pl001_ingest_crypto_postgres' retrieved from /opt/airflow/dags/airflow_pipeline.py
[2025-07-25T19:19:46.990+0000] {logging_mixin.py:188} INFO - [2025-07-25T19:19:46.989+0000] {dag.py:3036} INFO - Sync 1 DAGs
[2025-07-25T19:19:47.032+0000] {logging_mixin.py:188} INFO - [2025-07-25T19:19:47.031+0000] {dag.py:3823} INFO - Setting next_dagrun for pl001_ingest_crypto_postgres to None, run_after=None
[2025-07-25T19:19:47.105+0000] {processor.py:183} INFO - Processing /opt/airflow/dags/airflow_pipeline.py took 0.414 seconds
[2025-07-25T19:20:17.351+0000] {processor.py:161} INFO - Started process (PID=473) to work on /opt/airflow/dags/airflow_pipeline.py
[2025-07-25T19:20:17.354+0000] {processor.py:830} INFO - Processing file /opt/airflow/dags/airflow_pipeline.py for tasks to queue
[2025-07-25T19:20:17.357+0000] {logging_mixin.py:188} INFO - [2025-07-25T19:20:17.356+0000] {dagbag.py:538} INFO - Filling up the DagBag from /opt/airflow/dags/airflow_pipeline.py
[2025-07-25T19:20:17.434+0000] {processor.py:840} INFO - DAG(s) 'pl001_ingest_crypto_postgres' retrieved from /opt/airflow/dags/airflow_pipeline.py
[2025-07-25T19:20:17.564+0000] {logging_mixin.py:188} INFO - [2025-07-25T19:20:17.564+0000] {dag.py:3036} INFO - Sync 1 DAGs
[2025-07-25T19:20:17.597+0000] {logging_mixin.py:188} INFO - [2025-07-25T19:20:17.596+0000] {dag.py:3823} INFO - Setting next_dagrun for pl001_ingest_crypto_postgres to None, run_after=None
[2025-07-25T19:20:17.655+0000] {processor.py:183} INFO - Processing /opt/airflow/dags/airflow_pipeline.py took 0.324 seconds
[2025-07-25T19:20:47.881+0000] {processor.py:161} INFO - Started process (PID=478) to work on /opt/airflow/dags/airflow_pipeline.py
[2025-07-25T19:20:47.882+0000] {processor.py:830} INFO - Processing file /opt/airflow/dags/airflow_pipeline.py for tasks to queue
[2025-07-25T19:20:47.884+0000] {logging_mixin.py:188} INFO - [2025-07-25T19:20:47.883+0000] {dagbag.py:538} INFO - Filling up the DagBag from /opt/airflow/dags/airflow_pipeline.py
[2025-07-25T19:20:47.911+0000] {processor.py:840} INFO - DAG(s) 'pl001_ingest_crypto_postgres' retrieved from /opt/airflow/dags/airflow_pipeline.py
[2025-07-25T19:20:47.956+0000] {logging_mixin.py:188} INFO - [2025-07-25T19:20:47.955+0000] {dag.py:3036} INFO - Sync 1 DAGs
[2025-07-25T19:20:47.975+0000] {logging_mixin.py:188} INFO - [2025-07-25T19:20:47.975+0000] {dag.py:3823} INFO - Setting next_dagrun for pl001_ingest_crypto_postgres to None, run_after=None
[2025-07-25T19:20:48.004+0000] {processor.py:183} INFO - Processing /opt/airflow/dags/airflow_pipeline.py took 0.128 seconds
[2025-07-25T19:21:18.121+0000] {processor.py:161} INFO - Started process (PID=483) to work on /opt/airflow/dags/airflow_pipeline.py
[2025-07-25T19:21:18.123+0000] {processor.py:830} INFO - Processing file /opt/airflow/dags/airflow_pipeline.py for tasks to queue
[2025-07-25T19:21:18.124+0000] {logging_mixin.py:188} INFO - [2025-07-25T19:21:18.124+0000] {dagbag.py:538} INFO - Filling up the DagBag from /opt/airflow/dags/airflow_pipeline.py
[2025-07-25T19:21:18.170+0000] {processor.py:840} INFO - DAG(s) 'pl001_ingest_crypto_postgres' retrieved from /opt/airflow/dags/airflow_pipeline.py
[2025-07-25T19:21:18.262+0000] {logging_mixin.py:188} INFO - [2025-07-25T19:21:18.262+0000] {dag.py:3036} INFO - Sync 1 DAGs
[2025-07-25T19:21:18.297+0000] {logging_mixin.py:188} INFO - [2025-07-25T19:21:18.297+0000] {dag.py:3823} INFO - Setting next_dagrun for pl001_ingest_crypto_postgres to None, run_after=None
[2025-07-25T19:21:18.332+0000] {processor.py:183} INFO - Processing /opt/airflow/dags/airflow_pipeline.py took 0.216 seconds
[2025-07-25T19:21:48.409+0000] {processor.py:161} INFO - Started process (PID=488) to work on /opt/airflow/dags/airflow_pipeline.py
[2025-07-25T19:21:48.411+0000] {processor.py:830} INFO - Processing file /opt/airflow/dags/airflow_pipeline.py for tasks to queue
[2025-07-25T19:21:48.412+0000] {logging_mixin.py:188} INFO - [2025-07-25T19:21:48.412+0000] {dagbag.py:538} INFO - Filling up the DagBag from /opt/airflow/dags/airflow_pipeline.py
[2025-07-25T19:21:48.439+0000] {processor.py:840} INFO - DAG(s) 'pl001_ingest_crypto_postgres' retrieved from /opt/airflow/dags/airflow_pipeline.py
[2025-07-25T19:21:48.488+0000] {logging_mixin.py:188} INFO - [2025-07-25T19:21:48.487+0000] {dag.py:3036} INFO - Sync 1 DAGs
[2025-07-25T19:21:48.510+0000] {logging_mixin.py:188} INFO - [2025-07-25T19:21:48.510+0000] {dag.py:3823} INFO - Setting next_dagrun for pl001_ingest_crypto_postgres to None, run_after=None
[2025-07-25T19:21:48.543+0000] {processor.py:183} INFO - Processing /opt/airflow/dags/airflow_pipeline.py took 0.139 seconds
[2025-07-25T19:23:44.142+0000] {processor.py:161} INFO - Started process (PID=164) to work on /opt/airflow/dags/airflow_pipeline.py
[2025-07-25T19:23:44.146+0000] {processor.py:830} INFO - Processing file /opt/airflow/dags/airflow_pipeline.py for tasks to queue
[2025-07-25T19:23:44.148+0000] {logging_mixin.py:188} INFO - [2025-07-25T19:23:44.147+0000] {dagbag.py:538} INFO - Filling up the DagBag from /opt/airflow/dags/airflow_pipeline.py
[2025-07-25T19:23:44.235+0000] {processor.py:840} INFO - DAG(s) 'pl001_ingest_crypto_postgres' retrieved from /opt/airflow/dags/airflow_pipeline.py
[2025-07-25T19:23:44.364+0000] {logging_mixin.py:188} INFO - [2025-07-25T19:23:44.363+0000] {dag.py:3036} INFO - Sync 1 DAGs
[2025-07-25T19:23:44.405+0000] {logging_mixin.py:188} INFO - [2025-07-25T19:23:44.404+0000] {dag.py:3823} INFO - Setting next_dagrun for pl001_ingest_crypto_postgres to None, run_after=None
[2025-07-25T19:23:44.482+0000] {processor.py:183} INFO - Processing /opt/airflow/dags/airflow_pipeline.py took 0.346 seconds
[2025-07-25T19:24:14.816+0000] {processor.py:161} INFO - Started process (PID=169) to work on /opt/airflow/dags/airflow_pipeline.py
[2025-07-25T19:24:14.822+0000] {processor.py:830} INFO - Processing file /opt/airflow/dags/airflow_pipeline.py for tasks to queue
[2025-07-25T19:24:14.839+0000] {logging_mixin.py:188} INFO - [2025-07-25T19:24:14.827+0000] {dagbag.py:538} INFO - Filling up the DagBag from /opt/airflow/dags/airflow_pipeline.py
[2025-07-25T19:24:15.095+0000] {processor.py:840} INFO - DAG(s) 'pl001_ingest_crypto_postgres' retrieved from /opt/airflow/dags/airflow_pipeline.py
[2025-07-25T19:24:15.407+0000] {logging_mixin.py:188} INFO - [2025-07-25T19:24:15.406+0000] {dag.py:3036} INFO - Sync 1 DAGs
[2025-07-25T19:24:15.572+0000] {logging_mixin.py:188} INFO - [2025-07-25T19:24:15.570+0000] {dag.py:3823} INFO - Setting next_dagrun for pl001_ingest_crypto_postgres to None, run_after=None
[2025-07-25T19:24:15.819+0000] {processor.py:183} INFO - Processing /opt/airflow/dags/airflow_pipeline.py took 1.046 seconds
[2025-07-25T19:24:46.551+0000] {processor.py:161} INFO - Started process (PID=174) to work on /opt/airflow/dags/airflow_pipeline.py
[2025-07-25T19:24:46.558+0000] {processor.py:830} INFO - Processing file /opt/airflow/dags/airflow_pipeline.py for tasks to queue
[2025-07-25T19:24:46.564+0000] {logging_mixin.py:188} INFO - [2025-07-25T19:24:46.562+0000] {dagbag.py:538} INFO - Filling up the DagBag from /opt/airflow/dags/airflow_pipeline.py
[2025-07-25T19:24:46.662+0000] {processor.py:840} INFO - DAG(s) 'pl001_ingest_crypto_postgres' retrieved from /opt/airflow/dags/airflow_pipeline.py
[2025-07-25T19:24:46.829+0000] {logging_mixin.py:188} INFO - [2025-07-25T19:24:46.828+0000] {dag.py:3036} INFO - Sync 1 DAGs
[2025-07-25T19:24:46.900+0000] {logging_mixin.py:188} INFO - [2025-07-25T19:24:46.898+0000] {dag.py:3823} INFO - Setting next_dagrun for pl001_ingest_crypto_postgres to None, run_after=None
[2025-07-25T19:24:47.029+0000] {processor.py:183} INFO - Processing /opt/airflow/dags/airflow_pipeline.py took 0.514 seconds
[2025-07-25T19:25:17.735+0000] {processor.py:161} INFO - Started process (PID=182) to work on /opt/airflow/dags/airflow_pipeline.py
[2025-07-25T19:25:17.742+0000] {processor.py:830} INFO - Processing file /opt/airflow/dags/airflow_pipeline.py for tasks to queue
[2025-07-25T19:25:17.745+0000] {logging_mixin.py:188} INFO - [2025-07-25T19:25:17.744+0000] {dagbag.py:538} INFO - Filling up the DagBag from /opt/airflow/dags/airflow_pipeline.py
[2025-07-25T19:25:17.827+0000] {processor.py:840} INFO - DAG(s) 'pl001_ingest_crypto_postgres' retrieved from /opt/airflow/dags/airflow_pipeline.py
[2025-07-25T19:25:18.009+0000] {logging_mixin.py:188} INFO - [2025-07-25T19:25:18.009+0000] {dag.py:3036} INFO - Sync 1 DAGs
[2025-07-25T19:25:18.110+0000] {logging_mixin.py:188} INFO - [2025-07-25T19:25:18.110+0000] {dag.py:3823} INFO - Setting next_dagrun for pl001_ingest_crypto_postgres to None, run_after=None
[2025-07-25T19:25:18.253+0000] {processor.py:183} INFO - Processing /opt/airflow/dags/airflow_pipeline.py took 0.529 seconds
[2025-07-25T19:25:48.395+0000] {processor.py:161} INFO - Started process (PID=188) to work on /opt/airflow/dags/airflow_pipeline.py
[2025-07-25T19:25:48.397+0000] {processor.py:830} INFO - Processing file /opt/airflow/dags/airflow_pipeline.py for tasks to queue
[2025-07-25T19:25:48.399+0000] {logging_mixin.py:188} INFO - [2025-07-25T19:25:48.398+0000] {dagbag.py:538} INFO - Filling up the DagBag from /opt/airflow/dags/airflow_pipeline.py
[2025-07-25T19:25:48.430+0000] {processor.py:840} INFO - DAG(s) 'pl001_ingest_crypto_postgres' retrieved from /opt/airflow/dags/airflow_pipeline.py
[2025-07-25T19:25:48.485+0000] {logging_mixin.py:188} INFO - [2025-07-25T19:25:48.485+0000] {dag.py:3036} INFO - Sync 1 DAGs
[2025-07-25T19:25:48.511+0000] {logging_mixin.py:188} INFO - [2025-07-25T19:25:48.510+0000] {dag.py:3823} INFO - Setting next_dagrun for pl001_ingest_crypto_postgres to None, run_after=None
[2025-07-25T19:25:48.565+0000] {processor.py:183} INFO - Processing /opt/airflow/dags/airflow_pipeline.py took 0.176 seconds
[2025-07-25T19:26:19.208+0000] {processor.py:161} INFO - Started process (PID=193) to work on /opt/airflow/dags/airflow_pipeline.py
[2025-07-25T19:26:19.211+0000] {processor.py:830} INFO - Processing file /opt/airflow/dags/airflow_pipeline.py for tasks to queue
[2025-07-25T19:26:19.213+0000] {logging_mixin.py:188} INFO - [2025-07-25T19:26:19.213+0000] {dagbag.py:538} INFO - Filling up the DagBag from /opt/airflow/dags/airflow_pipeline.py
[2025-07-25T19:26:19.247+0000] {processor.py:840} INFO - DAG(s) 'pl001_ingest_crypto_postgres' retrieved from /opt/airflow/dags/airflow_pipeline.py
[2025-07-25T19:26:19.309+0000] {logging_mixin.py:188} INFO - [2025-07-25T19:26:19.309+0000] {dag.py:3036} INFO - Sync 1 DAGs
[2025-07-25T19:26:19.346+0000] {logging_mixin.py:188} INFO - [2025-07-25T19:26:19.346+0000] {dag.py:3823} INFO - Setting next_dagrun for pl001_ingest_crypto_postgres to None, run_after=None
[2025-07-25T19:26:19.396+0000] {processor.py:183} INFO - Processing /opt/airflow/dags/airflow_pipeline.py took 0.193 seconds
[2025-07-25T19:26:38.171+0000] {processor.py:161} INFO - Started process (PID=198) to work on /opt/airflow/dags/airflow_pipeline.py
[2025-07-25T19:26:38.174+0000] {processor.py:830} INFO - Processing file /opt/airflow/dags/airflow_pipeline.py for tasks to queue
[2025-07-25T19:26:38.185+0000] {logging_mixin.py:188} INFO - [2025-07-25T19:26:38.184+0000] {dagbag.py:538} INFO - Filling up the DagBag from /opt/airflow/dags/airflow_pipeline.py
[2025-07-25T19:26:38.247+0000] {processor.py:840} INFO - DAG(s) 'pl001_ingest_crypto_postgres' retrieved from /opt/airflow/dags/airflow_pipeline.py
[2025-07-25T19:26:41.501+0000] {logging_mixin.py:188} INFO - [2025-07-25T19:26:41.500+0000] {dag.py:3036} INFO - Sync 1 DAGs
[2025-07-25T19:26:41.790+0000] {logging_mixin.py:188} INFO - [2025-07-25T19:26:41.789+0000] {dag.py:3823} INFO - Setting next_dagrun for pl001_ingest_crypto_postgres to None, run_after=None
[2025-07-25T19:26:41.983+0000] {processor.py:183} INFO - Processing /opt/airflow/dags/airflow_pipeline.py took 3.823 seconds
[2025-07-25T19:27:12.955+0000] {processor.py:161} INFO - Started process (PID=206) to work on /opt/airflow/dags/airflow_pipeline.py
[2025-07-25T19:27:12.957+0000] {processor.py:830} INFO - Processing file /opt/airflow/dags/airflow_pipeline.py for tasks to queue
[2025-07-25T19:27:12.969+0000] {logging_mixin.py:188} INFO - [2025-07-25T19:27:12.958+0000] {dagbag.py:538} INFO - Filling up the DagBag from /opt/airflow/dags/airflow_pipeline.py
[2025-07-25T19:27:13.004+0000] {processor.py:840} INFO - DAG(s) 'pl001_ingest_crypto_postgres' retrieved from /opt/airflow/dags/airflow_pipeline.py
[2025-07-25T19:27:13.068+0000] {logging_mixin.py:188} INFO - [2025-07-25T19:27:13.067+0000] {dag.py:3036} INFO - Sync 1 DAGs
[2025-07-25T19:27:13.096+0000] {logging_mixin.py:188} INFO - [2025-07-25T19:27:13.096+0000] {dag.py:3823} INFO - Setting next_dagrun for pl001_ingest_crypto_postgres to None, run_after=None
[2025-07-25T19:27:13.135+0000] {processor.py:183} INFO - Processing /opt/airflow/dags/airflow_pipeline.py took 0.194 seconds
[2025-07-25T19:27:43.447+0000] {processor.py:161} INFO - Started process (PID=212) to work on /opt/airflow/dags/airflow_pipeline.py
[2025-07-25T19:27:43.458+0000] {processor.py:830} INFO - Processing file /opt/airflow/dags/airflow_pipeline.py for tasks to queue
[2025-07-25T19:27:43.461+0000] {logging_mixin.py:188} INFO - [2025-07-25T19:27:43.460+0000] {dagbag.py:538} INFO - Filling up the DagBag from /opt/airflow/dags/airflow_pipeline.py
[2025-07-25T19:27:43.567+0000] {processor.py:840} INFO - DAG(s) 'pl001_ingest_crypto_postgres' retrieved from /opt/airflow/dags/airflow_pipeline.py
[2025-07-25T19:27:43.754+0000] {logging_mixin.py:188} INFO - [2025-07-25T19:27:43.751+0000] {dag.py:3036} INFO - Sync 1 DAGs
[2025-07-25T19:27:43.836+0000] {logging_mixin.py:188} INFO - [2025-07-25T19:27:43.836+0000] {dag.py:3823} INFO - Setting next_dagrun for pl001_ingest_crypto_postgres to None, run_after=None
[2025-07-25T19:27:44.107+0000] {processor.py:183} INFO - Processing /opt/airflow/dags/airflow_pipeline.py took 0.671 seconds
[2025-07-25T19:28:14.382+0000] {processor.py:161} INFO - Started process (PID=217) to work on /opt/airflow/dags/airflow_pipeline.py
[2025-07-25T19:28:14.384+0000] {processor.py:830} INFO - Processing file /opt/airflow/dags/airflow_pipeline.py for tasks to queue
[2025-07-25T19:28:14.387+0000] {logging_mixin.py:188} INFO - [2025-07-25T19:28:14.386+0000] {dagbag.py:538} INFO - Filling up the DagBag from /opt/airflow/dags/airflow_pipeline.py
[2025-07-25T19:28:14.467+0000] {processor.py:840} INFO - DAG(s) 'pl001_ingest_crypto_postgres' retrieved from /opt/airflow/dags/airflow_pipeline.py
[2025-07-25T19:28:14.642+0000] {logging_mixin.py:188} INFO - [2025-07-25T19:28:14.641+0000] {dag.py:3036} INFO - Sync 1 DAGs
[2025-07-25T19:28:14.698+0000] {logging_mixin.py:188} INFO - [2025-07-25T19:28:14.698+0000] {dag.py:3823} INFO - Setting next_dagrun for pl001_ingest_crypto_postgres to None, run_after=None
[2025-07-25T19:28:14.795+0000] {processor.py:183} INFO - Processing /opt/airflow/dags/airflow_pipeline.py took 0.429 seconds
[2025-07-25T19:28:45.086+0000] {processor.py:161} INFO - Started process (PID=222) to work on /opt/airflow/dags/airflow_pipeline.py
[2025-07-25T19:28:45.089+0000] {processor.py:830} INFO - Processing file /opt/airflow/dags/airflow_pipeline.py for tasks to queue
[2025-07-25T19:28:45.098+0000] {logging_mixin.py:188} INFO - [2025-07-25T19:28:45.090+0000] {dagbag.py:538} INFO - Filling up the DagBag from /opt/airflow/dags/airflow_pipeline.py
[2025-07-25T19:28:45.163+0000] {processor.py:840} INFO - DAG(s) 'pl001_ingest_crypto_postgres' retrieved from /opt/airflow/dags/airflow_pipeline.py
[2025-07-25T19:28:45.306+0000] {logging_mixin.py:188} INFO - [2025-07-25T19:28:45.305+0000] {dag.py:3036} INFO - Sync 1 DAGs
[2025-07-25T19:28:45.378+0000] {logging_mixin.py:188} INFO - [2025-07-25T19:28:45.377+0000] {dag.py:3823} INFO - Setting next_dagrun for pl001_ingest_crypto_postgres to None, run_after=None
[2025-07-25T19:28:45.454+0000] {processor.py:183} INFO - Processing /opt/airflow/dags/airflow_pipeline.py took 0.378 seconds
[2025-07-25T19:29:16.027+0000] {processor.py:161} INFO - Started process (PID=227) to work on /opt/airflow/dags/airflow_pipeline.py
[2025-07-25T19:29:16.029+0000] {processor.py:830} INFO - Processing file /opt/airflow/dags/airflow_pipeline.py for tasks to queue
[2025-07-25T19:29:16.031+0000] {logging_mixin.py:188} INFO - [2025-07-25T19:29:16.030+0000] {dagbag.py:538} INFO - Filling up the DagBag from /opt/airflow/dags/airflow_pipeline.py
[2025-07-25T19:29:16.154+0000] {processor.py:840} INFO - DAG(s) 'pl001_ingest_crypto_postgres' retrieved from /opt/airflow/dags/airflow_pipeline.py
[2025-07-25T19:29:16.337+0000] {logging_mixin.py:188} INFO - [2025-07-25T19:29:16.336+0000] {dag.py:3036} INFO - Sync 1 DAGs
[2025-07-25T19:29:16.414+0000] {logging_mixin.py:188} INFO - [2025-07-25T19:29:16.412+0000] {dag.py:3823} INFO - Setting next_dagrun for pl001_ingest_crypto_postgres to None, run_after=None
[2025-07-25T19:29:16.626+0000] {processor.py:183} INFO - Processing /opt/airflow/dags/airflow_pipeline.py took 0.606 seconds
[2025-07-25T19:29:47.729+0000] {processor.py:161} INFO - Started process (PID=233) to work on /opt/airflow/dags/airflow_pipeline.py
[2025-07-25T19:29:47.732+0000] {processor.py:830} INFO - Processing file /opt/airflow/dags/airflow_pipeline.py for tasks to queue
[2025-07-25T19:29:47.744+0000] {logging_mixin.py:188} INFO - [2025-07-25T19:29:47.735+0000] {dagbag.py:538} INFO - Filling up the DagBag from /opt/airflow/dags/airflow_pipeline.py
[2025-07-25T19:29:47.855+0000] {processor.py:840} INFO - DAG(s) 'pl001_ingest_crypto_postgres' retrieved from /opt/airflow/dags/airflow_pipeline.py
[2025-07-25T19:29:48.057+0000] {logging_mixin.py:188} INFO - [2025-07-25T19:29:48.056+0000] {dag.py:3036} INFO - Sync 1 DAGs
[2025-07-25T19:29:48.149+0000] {logging_mixin.py:188} INFO - [2025-07-25T19:29:48.148+0000] {dag.py:3823} INFO - Setting next_dagrun for pl001_ingest_crypto_postgres to None, run_after=None
[2025-07-25T19:29:48.416+0000] {processor.py:183} INFO - Processing /opt/airflow/dags/airflow_pipeline.py took 0.704 seconds
[2025-07-25T19:30:19.038+0000] {processor.py:161} INFO - Started process (PID=241) to work on /opt/airflow/dags/airflow_pipeline.py
[2025-07-25T19:30:19.041+0000] {processor.py:830} INFO - Processing file /opt/airflow/dags/airflow_pipeline.py for tasks to queue
[2025-07-25T19:30:19.044+0000] {logging_mixin.py:188} INFO - [2025-07-25T19:30:19.043+0000] {dagbag.py:538} INFO - Filling up the DagBag from /opt/airflow/dags/airflow_pipeline.py
[2025-07-25T19:30:19.415+0000] {processor.py:840} INFO - DAG(s) 'pl001_ingest_crypto_postgres' retrieved from /opt/airflow/dags/airflow_pipeline.py
[2025-07-25T19:30:19.654+0000] {logging_mixin.py:188} INFO - [2025-07-25T19:30:19.653+0000] {dag.py:3036} INFO - Sync 1 DAGs
[2025-07-25T19:30:19.828+0000] {logging_mixin.py:188} INFO - [2025-07-25T19:30:19.827+0000] {dag.py:3823} INFO - Setting next_dagrun for pl001_ingest_crypto_postgres to None, run_after=None
[2025-07-25T19:30:19.957+0000] {processor.py:183} INFO - Processing /opt/airflow/dags/airflow_pipeline.py took 0.931 seconds
[2025-07-25T19:30:50.115+0000] {processor.py:161} INFO - Started process (PID=246) to work on /opt/airflow/dags/airflow_pipeline.py
[2025-07-25T19:30:50.117+0000] {processor.py:830} INFO - Processing file /opt/airflow/dags/airflow_pipeline.py for tasks to queue
[2025-07-25T19:30:50.120+0000] {logging_mixin.py:188} INFO - [2025-07-25T19:30:50.119+0000] {dagbag.py:538} INFO - Filling up the DagBag from /opt/airflow/dags/airflow_pipeline.py
[2025-07-25T19:30:50.165+0000] {processor.py:840} INFO - DAG(s) 'pl001_ingest_crypto_postgres' retrieved from /opt/airflow/dags/airflow_pipeline.py
[2025-07-25T19:30:50.208+0000] {logging_mixin.py:188} INFO - [2025-07-25T19:30:50.208+0000] {dag.py:3036} INFO - Sync 1 DAGs
[2025-07-25T19:30:50.224+0000] {logging_mixin.py:188} INFO - [2025-07-25T19:30:50.224+0000] {dag.py:3823} INFO - Setting next_dagrun for pl001_ingest_crypto_postgres to None, run_after=None
[2025-07-25T19:30:50.257+0000] {processor.py:183} INFO - Processing /opt/airflow/dags/airflow_pipeline.py took 0.150 seconds
[2025-07-25T19:31:20.655+0000] {processor.py:161} INFO - Started process (PID=251) to work on /opt/airflow/dags/airflow_pipeline.py
[2025-07-25T19:31:20.656+0000] {processor.py:830} INFO - Processing file /opt/airflow/dags/airflow_pipeline.py for tasks to queue
[2025-07-25T19:31:20.658+0000] {logging_mixin.py:188} INFO - [2025-07-25T19:31:20.658+0000] {dagbag.py:538} INFO - Filling up the DagBag from /opt/airflow/dags/airflow_pipeline.py
[2025-07-25T19:31:20.685+0000] {processor.py:840} INFO - DAG(s) 'pl001_ingest_crypto_postgres' retrieved from /opt/airflow/dags/airflow_pipeline.py
[2025-07-25T19:31:20.725+0000] {logging_mixin.py:188} INFO - [2025-07-25T19:31:20.725+0000] {dag.py:3036} INFO - Sync 1 DAGs
[2025-07-25T19:31:20.741+0000] {logging_mixin.py:188} INFO - [2025-07-25T19:31:20.740+0000] {dag.py:3823} INFO - Setting next_dagrun for pl001_ingest_crypto_postgres to None, run_after=None
[2025-07-25T19:31:20.767+0000] {processor.py:183} INFO - Processing /opt/airflow/dags/airflow_pipeline.py took 0.118 seconds
[2025-07-25T19:31:51.266+0000] {processor.py:161} INFO - Started process (PID=256) to work on /opt/airflow/dags/airflow_pipeline.py
[2025-07-25T19:31:51.278+0000] {processor.py:830} INFO - Processing file /opt/airflow/dags/airflow_pipeline.py for tasks to queue
[2025-07-25T19:31:51.282+0000] {logging_mixin.py:188} INFO - [2025-07-25T19:31:51.281+0000] {dagbag.py:538} INFO - Filling up the DagBag from /opt/airflow/dags/airflow_pipeline.py
[2025-07-25T19:31:51.383+0000] {processor.py:840} INFO - DAG(s) 'pl001_ingest_crypto_postgres' retrieved from /opt/airflow/dags/airflow_pipeline.py
[2025-07-25T19:31:51.471+0000] {logging_mixin.py:188} INFO - [2025-07-25T19:31:51.470+0000] {dag.py:3036} INFO - Sync 1 DAGs
[2025-07-25T19:31:51.522+0000] {logging_mixin.py:188} INFO - [2025-07-25T19:31:51.521+0000] {dag.py:3823} INFO - Setting next_dagrun for pl001_ingest_crypto_postgres to None, run_after=None
[2025-07-25T19:31:51.565+0000] {processor.py:183} INFO - Processing /opt/airflow/dags/airflow_pipeline.py took 0.311 seconds
[2025-07-25T19:32:21.909+0000] {processor.py:161} INFO - Started process (PID=261) to work on /opt/airflow/dags/airflow_pipeline.py
[2025-07-25T19:32:21.911+0000] {processor.py:830} INFO - Processing file /opt/airflow/dags/airflow_pipeline.py for tasks to queue
[2025-07-25T19:32:21.913+0000] {logging_mixin.py:188} INFO - [2025-07-25T19:32:21.913+0000] {dagbag.py:538} INFO - Filling up the DagBag from /opt/airflow/dags/airflow_pipeline.py
[2025-07-25T19:32:21.944+0000] {processor.py:840} INFO - DAG(s) 'pl001_ingest_crypto_postgres' retrieved from /opt/airflow/dags/airflow_pipeline.py
[2025-07-25T19:32:21.991+0000] {logging_mixin.py:188} INFO - [2025-07-25T19:32:21.991+0000] {dag.py:3036} INFO - Sync 1 DAGs
[2025-07-25T19:32:22.011+0000] {logging_mixin.py:188} INFO - [2025-07-25T19:32:22.011+0000] {dag.py:3823} INFO - Setting next_dagrun for pl001_ingest_crypto_postgres to None, run_after=None
[2025-07-25T19:32:22.051+0000] {processor.py:183} INFO - Processing /opt/airflow/dags/airflow_pipeline.py took 0.148 seconds
[2025-07-25T19:32:52.135+0000] {processor.py:161} INFO - Started process (PID=266) to work on /opt/airflow/dags/airflow_pipeline.py
[2025-07-25T19:32:52.137+0000] {processor.py:830} INFO - Processing file /opt/airflow/dags/airflow_pipeline.py for tasks to queue
[2025-07-25T19:32:52.140+0000] {logging_mixin.py:188} INFO - [2025-07-25T19:32:52.139+0000] {dagbag.py:538} INFO - Filling up the DagBag from /opt/airflow/dags/airflow_pipeline.py
[2025-07-25T19:32:52.174+0000] {processor.py:840} INFO - DAG(s) 'pl001_ingest_crypto_postgres' retrieved from /opt/airflow/dags/airflow_pipeline.py
[2025-07-25T19:32:52.242+0000] {logging_mixin.py:188} INFO - [2025-07-25T19:32:52.241+0000] {dag.py:3036} INFO - Sync 1 DAGs
[2025-07-25T19:32:52.268+0000] {logging_mixin.py:188} INFO - [2025-07-25T19:32:52.268+0000] {dag.py:3823} INFO - Setting next_dagrun for pl001_ingest_crypto_postgres to None, run_after=None
[2025-07-25T19:32:52.305+0000] {processor.py:183} INFO - Processing /opt/airflow/dags/airflow_pipeline.py took 0.179 seconds
[2025-07-25T19:33:22.425+0000] {processor.py:161} INFO - Started process (PID=271) to work on /opt/airflow/dags/airflow_pipeline.py
[2025-07-25T19:33:22.427+0000] {processor.py:830} INFO - Processing file /opt/airflow/dags/airflow_pipeline.py for tasks to queue
[2025-07-25T19:33:22.429+0000] {logging_mixin.py:188} INFO - [2025-07-25T19:33:22.429+0000] {dagbag.py:538} INFO - Filling up the DagBag from /opt/airflow/dags/airflow_pipeline.py
[2025-07-25T19:33:22.462+0000] {processor.py:840} INFO - DAG(s) 'pl001_ingest_crypto_postgres' retrieved from /opt/airflow/dags/airflow_pipeline.py
[2025-07-25T19:33:22.514+0000] {logging_mixin.py:188} INFO - [2025-07-25T19:33:22.513+0000] {dag.py:3036} INFO - Sync 1 DAGs
[2025-07-25T19:33:22.530+0000] {logging_mixin.py:188} INFO - [2025-07-25T19:33:22.529+0000] {dag.py:3823} INFO - Setting next_dagrun for pl001_ingest_crypto_postgres to None, run_after=None
[2025-07-25T19:33:22.556+0000] {processor.py:183} INFO - Processing /opt/airflow/dags/airflow_pipeline.py took 0.139 seconds
[2025-07-25T19:33:52.766+0000] {processor.py:161} INFO - Started process (PID=276) to work on /opt/airflow/dags/airflow_pipeline.py
[2025-07-25T19:33:52.772+0000] {processor.py:830} INFO - Processing file /opt/airflow/dags/airflow_pipeline.py for tasks to queue
[2025-07-25T19:33:52.774+0000] {logging_mixin.py:188} INFO - [2025-07-25T19:33:52.773+0000] {dagbag.py:538} INFO - Filling up the DagBag from /opt/airflow/dags/airflow_pipeline.py
[2025-07-25T19:33:52.811+0000] {processor.py:840} INFO - DAG(s) 'pl001_ingest_crypto_postgres' retrieved from /opt/airflow/dags/airflow_pipeline.py
[2025-07-25T19:33:52.876+0000] {logging_mixin.py:188} INFO - [2025-07-25T19:33:52.875+0000] {dag.py:3036} INFO - Sync 1 DAGs
[2025-07-25T19:33:52.900+0000] {logging_mixin.py:188} INFO - [2025-07-25T19:33:52.900+0000] {dag.py:3823} INFO - Setting next_dagrun for pl001_ingest_crypto_postgres to None, run_after=None
[2025-07-25T19:33:52.931+0000] {processor.py:183} INFO - Processing /opt/airflow/dags/airflow_pipeline.py took 0.171 seconds
[2025-07-25T19:34:23.196+0000] {processor.py:161} INFO - Started process (PID=281) to work on /opt/airflow/dags/airflow_pipeline.py
[2025-07-25T19:34:23.198+0000] {processor.py:830} INFO - Processing file /opt/airflow/dags/airflow_pipeline.py for tasks to queue
[2025-07-25T19:34:23.199+0000] {logging_mixin.py:188} INFO - [2025-07-25T19:34:23.199+0000] {dagbag.py:538} INFO - Filling up the DagBag from /opt/airflow/dags/airflow_pipeline.py
[2025-07-25T19:34:23.226+0000] {processor.py:840} INFO - DAG(s) 'pl001_ingest_crypto_postgres' retrieved from /opt/airflow/dags/airflow_pipeline.py
[2025-07-25T19:34:23.268+0000] {logging_mixin.py:188} INFO - [2025-07-25T19:34:23.268+0000] {dag.py:3036} INFO - Sync 1 DAGs
[2025-07-25T19:34:23.284+0000] {logging_mixin.py:188} INFO - [2025-07-25T19:34:23.283+0000] {dag.py:3823} INFO - Setting next_dagrun for pl001_ingest_crypto_postgres to None, run_after=None
[2025-07-25T19:34:23.328+0000] {processor.py:183} INFO - Processing /opt/airflow/dags/airflow_pipeline.py took 0.139 seconds
[2025-07-25T19:34:53.647+0000] {processor.py:161} INFO - Started process (PID=286) to work on /opt/airflow/dags/airflow_pipeline.py
[2025-07-25T19:34:53.651+0000] {processor.py:830} INFO - Processing file /opt/airflow/dags/airflow_pipeline.py for tasks to queue
[2025-07-25T19:34:53.654+0000] {logging_mixin.py:188} INFO - [2025-07-25T19:34:53.653+0000] {dagbag.py:538} INFO - Filling up the DagBag from /opt/airflow/dags/airflow_pipeline.py
[2025-07-25T19:34:53.749+0000] {processor.py:840} INFO - DAG(s) 'pl001_ingest_crypto_postgres' retrieved from /opt/airflow/dags/airflow_pipeline.py
[2025-07-25T19:34:53.789+0000] {logging_mixin.py:188} INFO - [2025-07-25T19:34:53.789+0000] {dag.py:3036} INFO - Sync 1 DAGs
[2025-07-25T19:34:53.805+0000] {logging_mixin.py:188} INFO - [2025-07-25T19:34:53.805+0000] {dag.py:3823} INFO - Setting next_dagrun for pl001_ingest_crypto_postgres to None, run_after=None
[2025-07-25T19:34:53.835+0000] {processor.py:183} INFO - Processing /opt/airflow/dags/airflow_pipeline.py took 0.194 seconds
[2025-07-25T19:35:24.158+0000] {processor.py:161} INFO - Started process (PID=291) to work on /opt/airflow/dags/airflow_pipeline.py
[2025-07-25T19:35:24.160+0000] {processor.py:830} INFO - Processing file /opt/airflow/dags/airflow_pipeline.py for tasks to queue
[2025-07-25T19:35:24.162+0000] {logging_mixin.py:188} INFO - [2025-07-25T19:35:24.162+0000] {dagbag.py:538} INFO - Filling up the DagBag from /opt/airflow/dags/airflow_pipeline.py
[2025-07-25T19:35:24.195+0000] {processor.py:840} INFO - DAG(s) 'pl001_ingest_crypto_postgres' retrieved from /opt/airflow/dags/airflow_pipeline.py
[2025-07-25T19:35:24.236+0000] {logging_mixin.py:188} INFO - [2025-07-25T19:35:24.236+0000] {dag.py:3036} INFO - Sync 1 DAGs
[2025-07-25T19:35:24.256+0000] {logging_mixin.py:188} INFO - [2025-07-25T19:35:24.256+0000] {dag.py:3823} INFO - Setting next_dagrun for pl001_ingest_crypto_postgres to None, run_after=None
[2025-07-25T19:35:24.287+0000] {processor.py:183} INFO - Processing /opt/airflow/dags/airflow_pipeline.py took 0.138 seconds
[2025-07-25T19:35:54.619+0000] {processor.py:161} INFO - Started process (PID=296) to work on /opt/airflow/dags/airflow_pipeline.py
[2025-07-25T19:35:54.620+0000] {processor.py:830} INFO - Processing file /opt/airflow/dags/airflow_pipeline.py for tasks to queue
[2025-07-25T19:35:54.621+0000] {logging_mixin.py:188} INFO - [2025-07-25T19:35:54.621+0000] {dagbag.py:538} INFO - Filling up the DagBag from /opt/airflow/dags/airflow_pipeline.py
[2025-07-25T19:35:54.644+0000] {processor.py:840} INFO - DAG(s) 'pl001_ingest_crypto_postgres' retrieved from /opt/airflow/dags/airflow_pipeline.py
[2025-07-25T19:35:54.681+0000] {logging_mixin.py:188} INFO - [2025-07-25T19:35:54.680+0000] {dag.py:3036} INFO - Sync 1 DAGs
[2025-07-25T19:35:54.695+0000] {logging_mixin.py:188} INFO - [2025-07-25T19:35:54.695+0000] {dag.py:3823} INFO - Setting next_dagrun for pl001_ingest_crypto_postgres to None, run_after=None
[2025-07-25T19:35:54.724+0000] {processor.py:183} INFO - Processing /opt/airflow/dags/airflow_pipeline.py took 0.110 seconds
[2025-07-25T19:36:24.945+0000] {processor.py:161} INFO - Started process (PID=301) to work on /opt/airflow/dags/airflow_pipeline.py
[2025-07-25T19:36:24.947+0000] {processor.py:830} INFO - Processing file /opt/airflow/dags/airflow_pipeline.py for tasks to queue
[2025-07-25T19:36:24.949+0000] {logging_mixin.py:188} INFO - [2025-07-25T19:36:24.948+0000] {dagbag.py:538} INFO - Filling up the DagBag from /opt/airflow/dags/airflow_pipeline.py
[2025-07-25T19:36:24.978+0000] {processor.py:840} INFO - DAG(s) 'pl001_ingest_crypto_postgres' retrieved from /opt/airflow/dags/airflow_pipeline.py
[2025-07-25T19:36:25.026+0000] {logging_mixin.py:188} INFO - [2025-07-25T19:36:25.026+0000] {dag.py:3036} INFO - Sync 1 DAGs
[2025-07-25T19:36:25.044+0000] {logging_mixin.py:188} INFO - [2025-07-25T19:36:25.043+0000] {dag.py:3823} INFO - Setting next_dagrun for pl001_ingest_crypto_postgres to None, run_after=None
[2025-07-25T19:36:25.081+0000] {processor.py:183} INFO - Processing /opt/airflow/dags/airflow_pipeline.py took 0.144 seconds
[2025-07-25T19:36:55.732+0000] {processor.py:161} INFO - Started process (PID=306) to work on /opt/airflow/dags/airflow_pipeline.py
[2025-07-25T19:36:55.734+0000] {processor.py:830} INFO - Processing file /opt/airflow/dags/airflow_pipeline.py for tasks to queue
[2025-07-25T19:36:55.736+0000] {logging_mixin.py:188} INFO - [2025-07-25T19:36:55.735+0000] {dagbag.py:538} INFO - Filling up the DagBag from /opt/airflow/dags/airflow_pipeline.py
[2025-07-25T19:36:55.767+0000] {processor.py:840} INFO - DAG(s) 'pl001_ingest_crypto_postgres' retrieved from /opt/airflow/dags/airflow_pipeline.py
[2025-07-25T19:36:55.821+0000] {logging_mixin.py:188} INFO - [2025-07-25T19:36:55.820+0000] {dag.py:3036} INFO - Sync 1 DAGs
[2025-07-25T19:36:55.849+0000] {logging_mixin.py:188} INFO - [2025-07-25T19:36:55.848+0000] {dag.py:3823} INFO - Setting next_dagrun for pl001_ingest_crypto_postgres to None, run_after=None
[2025-07-25T19:36:55.889+0000] {processor.py:183} INFO - Processing /opt/airflow/dags/airflow_pipeline.py took 0.165 seconds
[2025-07-25T19:37:26.826+0000] {processor.py:161} INFO - Started process (PID=311) to work on /opt/airflow/dags/airflow_pipeline.py
[2025-07-25T19:37:26.828+0000] {processor.py:830} INFO - Processing file /opt/airflow/dags/airflow_pipeline.py for tasks to queue
[2025-07-25T19:37:26.831+0000] {logging_mixin.py:188} INFO - [2025-07-25T19:37:26.830+0000] {dagbag.py:538} INFO - Filling up the DagBag from /opt/airflow/dags/airflow_pipeline.py
[2025-07-25T19:37:26.866+0000] {processor.py:840} INFO - DAG(s) 'pl001_ingest_crypto_postgres' retrieved from /opt/airflow/dags/airflow_pipeline.py
[2025-07-25T19:37:26.928+0000] {logging_mixin.py:188} INFO - [2025-07-25T19:37:26.928+0000] {dag.py:3036} INFO - Sync 1 DAGs
[2025-07-25T19:37:26.960+0000] {logging_mixin.py:188} INFO - [2025-07-25T19:37:26.959+0000] {dag.py:3823} INFO - Setting next_dagrun for pl001_ingest_crypto_postgres to None, run_after=None
[2025-07-25T19:37:27.016+0000] {processor.py:183} INFO - Processing /opt/airflow/dags/airflow_pipeline.py took 0.198 seconds
[2025-07-25T19:37:57.265+0000] {processor.py:161} INFO - Started process (PID=316) to work on /opt/airflow/dags/airflow_pipeline.py
[2025-07-25T19:37:57.266+0000] {processor.py:830} INFO - Processing file /opt/airflow/dags/airflow_pipeline.py for tasks to queue
[2025-07-25T19:37:57.267+0000] {logging_mixin.py:188} INFO - [2025-07-25T19:37:57.267+0000] {dagbag.py:538} INFO - Filling up the DagBag from /opt/airflow/dags/airflow_pipeline.py
[2025-07-25T19:37:57.299+0000] {processor.py:840} INFO - DAG(s) 'pl001_ingest_crypto_postgres' retrieved from /opt/airflow/dags/airflow_pipeline.py
[2025-07-25T19:37:57.352+0000] {logging_mixin.py:188} INFO - [2025-07-25T19:37:57.351+0000] {dag.py:3036} INFO - Sync 1 DAGs
[2025-07-25T19:37:57.376+0000] {logging_mixin.py:188} INFO - [2025-07-25T19:37:57.376+0000] {dag.py:3823} INFO - Setting next_dagrun for pl001_ingest_crypto_postgres to None, run_after=None
[2025-07-25T19:37:57.410+0000] {processor.py:183} INFO - Processing /opt/airflow/dags/airflow_pipeline.py took 0.152 seconds
[2025-07-25T19:38:27.602+0000] {processor.py:161} INFO - Started process (PID=321) to work on /opt/airflow/dags/airflow_pipeline.py
[2025-07-25T19:38:27.604+0000] {processor.py:830} INFO - Processing file /opt/airflow/dags/airflow_pipeline.py for tasks to queue
[2025-07-25T19:38:27.606+0000] {logging_mixin.py:188} INFO - [2025-07-25T19:38:27.605+0000] {dagbag.py:538} INFO - Filling up the DagBag from /opt/airflow/dags/airflow_pipeline.py
[2025-07-25T19:38:27.632+0000] {processor.py:840} INFO - DAG(s) 'pl001_ingest_crypto_postgres' retrieved from /opt/airflow/dags/airflow_pipeline.py
[2025-07-25T19:38:27.689+0000] {logging_mixin.py:188} INFO - [2025-07-25T19:38:27.689+0000] {dag.py:3036} INFO - Sync 1 DAGs
[2025-07-25T19:38:27.707+0000] {logging_mixin.py:188} INFO - [2025-07-25T19:38:27.707+0000] {dag.py:3823} INFO - Setting next_dagrun for pl001_ingest_crypto_postgres to None, run_after=None
[2025-07-25T19:38:27.762+0000] {processor.py:183} INFO - Processing /opt/airflow/dags/airflow_pipeline.py took 0.166 seconds
[2025-07-25T19:38:58.411+0000] {processor.py:161} INFO - Started process (PID=326) to work on /opt/airflow/dags/airflow_pipeline.py
[2025-07-25T19:38:58.413+0000] {processor.py:830} INFO - Processing file /opt/airflow/dags/airflow_pipeline.py for tasks to queue
[2025-07-25T19:38:58.416+0000] {logging_mixin.py:188} INFO - [2025-07-25T19:38:58.415+0000] {dagbag.py:538} INFO - Filling up the DagBag from /opt/airflow/dags/airflow_pipeline.py
[2025-07-25T19:38:58.451+0000] {processor.py:840} INFO - DAG(s) 'pl001_ingest_crypto_postgres' retrieved from /opt/airflow/dags/airflow_pipeline.py
[2025-07-25T19:38:58.520+0000] {logging_mixin.py:188} INFO - [2025-07-25T19:38:58.520+0000] {dag.py:3036} INFO - Sync 1 DAGs
[2025-07-25T19:38:58.576+0000] {logging_mixin.py:188} INFO - [2025-07-25T19:38:58.575+0000] {dag.py:3823} INFO - Setting next_dagrun for pl001_ingest_crypto_postgres to None, run_after=None
[2025-07-25T19:38:58.805+0000] {processor.py:183} INFO - Processing /opt/airflow/dags/airflow_pipeline.py took 0.400 seconds
[2025-07-25T19:39:29.449+0000] {processor.py:161} INFO - Started process (PID=331) to work on /opt/airflow/dags/airflow_pipeline.py
[2025-07-25T19:39:29.451+0000] {processor.py:830} INFO - Processing file /opt/airflow/dags/airflow_pipeline.py for tasks to queue
[2025-07-25T19:39:29.453+0000] {logging_mixin.py:188} INFO - [2025-07-25T19:39:29.452+0000] {dagbag.py:538} INFO - Filling up the DagBag from /opt/airflow/dags/airflow_pipeline.py
[2025-07-25T19:39:29.485+0000] {processor.py:840} INFO - DAG(s) 'pl001_ingest_crypto_postgres' retrieved from /opt/airflow/dags/airflow_pipeline.py
[2025-07-25T19:39:29.526+0000] {logging_mixin.py:188} INFO - [2025-07-25T19:39:29.526+0000] {dag.py:3036} INFO - Sync 1 DAGs
[2025-07-25T19:39:29.543+0000] {logging_mixin.py:188} INFO - [2025-07-25T19:39:29.542+0000] {dag.py:3823} INFO - Setting next_dagrun for pl001_ingest_crypto_postgres to None, run_after=None
[2025-07-25T19:39:29.571+0000] {processor.py:183} INFO - Processing /opt/airflow/dags/airflow_pipeline.py took 0.129 seconds
[2025-07-25T19:39:59.801+0000] {processor.py:161} INFO - Started process (PID=336) to work on /opt/airflow/dags/airflow_pipeline.py
[2025-07-25T19:39:59.803+0000] {processor.py:830} INFO - Processing file /opt/airflow/dags/airflow_pipeline.py for tasks to queue
[2025-07-25T19:39:59.806+0000] {logging_mixin.py:188} INFO - [2025-07-25T19:39:59.805+0000] {dagbag.py:538} INFO - Filling up the DagBag from /opt/airflow/dags/airflow_pipeline.py
[2025-07-25T19:39:59.846+0000] {processor.py:840} INFO - DAG(s) 'pl001_ingest_crypto_postgres' retrieved from /opt/airflow/dags/airflow_pipeline.py
[2025-07-25T19:39:59.886+0000] {logging_mixin.py:188} INFO - [2025-07-25T19:39:59.886+0000] {dag.py:3036} INFO - Sync 1 DAGs
[2025-07-25T19:39:59.903+0000] {logging_mixin.py:188} INFO - [2025-07-25T19:39:59.903+0000] {dag.py:3823} INFO - Setting next_dagrun for pl001_ingest_crypto_postgres to None, run_after=None
[2025-07-25T19:39:59.930+0000] {processor.py:183} INFO - Processing /opt/airflow/dags/airflow_pipeline.py took 0.138 seconds
[2025-07-25T19:40:30.160+0000] {processor.py:161} INFO - Started process (PID=341) to work on /opt/airflow/dags/airflow_pipeline.py
[2025-07-25T19:40:30.162+0000] {processor.py:830} INFO - Processing file /opt/airflow/dags/airflow_pipeline.py for tasks to queue
[2025-07-25T19:40:30.164+0000] {logging_mixin.py:188} INFO - [2025-07-25T19:40:30.164+0000] {dagbag.py:538} INFO - Filling up the DagBag from /opt/airflow/dags/airflow_pipeline.py
[2025-07-25T19:40:30.206+0000] {processor.py:840} INFO - DAG(s) 'pl001_ingest_crypto_postgres' retrieved from /opt/airflow/dags/airflow_pipeline.py
[2025-07-25T19:40:30.261+0000] {logging_mixin.py:188} INFO - [2025-07-25T19:40:30.261+0000] {dag.py:3036} INFO - Sync 1 DAGs
[2025-07-25T19:40:30.277+0000] {logging_mixin.py:188} INFO - [2025-07-25T19:40:30.276+0000] {dag.py:3823} INFO - Setting next_dagrun for pl001_ingest_crypto_postgres to None, run_after=None
[2025-07-25T19:40:30.304+0000] {processor.py:183} INFO - Processing /opt/airflow/dags/airflow_pipeline.py took 0.157 seconds
[2025-07-25T19:40:32.285+0000] {processor.py:161} INFO - Started process (PID=346) to work on /opt/airflow/dags/airflow_pipeline.py
[2025-07-25T19:40:32.287+0000] {processor.py:830} INFO - Processing file /opt/airflow/dags/airflow_pipeline.py for tasks to queue
[2025-07-25T19:40:32.289+0000] {logging_mixin.py:188} INFO - [2025-07-25T19:40:32.289+0000] {dagbag.py:538} INFO - Filling up the DagBag from /opt/airflow/dags/airflow_pipeline.py
[2025-07-25T19:40:32.339+0000] {processor.py:840} INFO - DAG(s) 'pl001_ingest_crypto_postgres' retrieved from /opt/airflow/dags/airflow_pipeline.py
[2025-07-25T19:40:32.538+0000] {logging_mixin.py:188} INFO - [2025-07-25T19:40:32.537+0000] {dag.py:3036} INFO - Sync 1 DAGs
[2025-07-25T19:40:32.552+0000] {logging_mixin.py:188} INFO - [2025-07-25T19:40:32.552+0000] {dag.py:3823} INFO - Setting next_dagrun for pl001_ingest_crypto_postgres to None, run_after=None
[2025-07-25T19:40:32.585+0000] {processor.py:183} INFO - Processing /opt/airflow/dags/airflow_pipeline.py took 0.306 seconds
[2025-07-25T19:40:33.416+0000] {processor.py:161} INFO - Started process (PID=351) to work on /opt/airflow/dags/airflow_pipeline.py
[2025-07-25T19:40:33.418+0000] {processor.py:830} INFO - Processing file /opt/airflow/dags/airflow_pipeline.py for tasks to queue
[2025-07-25T19:40:33.420+0000] {logging_mixin.py:188} INFO - [2025-07-25T19:40:33.419+0000] {dagbag.py:538} INFO - Filling up the DagBag from /opt/airflow/dags/airflow_pipeline.py
[2025-07-25T19:40:33.446+0000] {processor.py:840} INFO - DAG(s) 'pl001_ingest_crypto_postgres' retrieved from /opt/airflow/dags/airflow_pipeline.py
[2025-07-25T19:40:33.472+0000] {logging_mixin.py:188} INFO - [2025-07-25T19:40:33.472+0000] {dag.py:3036} INFO - Sync 1 DAGs
[2025-07-25T19:40:33.494+0000] {logging_mixin.py:188} INFO - [2025-07-25T19:40:33.493+0000] {dag.py:3823} INFO - Setting next_dagrun for pl001_ingest_crypto_postgres to None, run_after=None
[2025-07-25T19:40:33.534+0000] {processor.py:183} INFO - Processing /opt/airflow/dags/airflow_pipeline.py took 0.124 seconds
[2025-07-25T19:41:04.351+0000] {processor.py:161} INFO - Started process (PID=364) to work on /opt/airflow/dags/airflow_pipeline.py
[2025-07-25T19:41:04.354+0000] {processor.py:830} INFO - Processing file /opt/airflow/dags/airflow_pipeline.py for tasks to queue
[2025-07-25T19:41:04.357+0000] {logging_mixin.py:188} INFO - [2025-07-25T19:41:04.357+0000] {dagbag.py:538} INFO - Filling up the DagBag from /opt/airflow/dags/airflow_pipeline.py
[2025-07-25T19:41:04.439+0000] {processor.py:840} INFO - DAG(s) 'pl001_ingest_crypto_postgres' retrieved from /opt/airflow/dags/airflow_pipeline.py
[2025-07-25T19:41:04.585+0000] {logging_mixin.py:188} INFO - [2025-07-25T19:41:04.584+0000] {dag.py:3036} INFO - Sync 1 DAGs
[2025-07-25T19:41:04.669+0000] {logging_mixin.py:188} INFO - [2025-07-25T19:41:04.668+0000] {dag.py:3823} INFO - Setting next_dagrun for pl001_ingest_crypto_postgres to None, run_after=None
[2025-07-25T19:41:04.745+0000] {processor.py:183} INFO - Processing /opt/airflow/dags/airflow_pipeline.py took 0.405 seconds
[2025-07-25T19:41:35.264+0000] {processor.py:161} INFO - Started process (PID=369) to work on /opt/airflow/dags/airflow_pipeline.py
[2025-07-25T19:41:35.265+0000] {processor.py:830} INFO - Processing file /opt/airflow/dags/airflow_pipeline.py for tasks to queue
[2025-07-25T19:41:35.267+0000] {logging_mixin.py:188} INFO - [2025-07-25T19:41:35.266+0000] {dagbag.py:538} INFO - Filling up the DagBag from /opt/airflow/dags/airflow_pipeline.py
[2025-07-25T19:41:35.303+0000] {processor.py:840} INFO - DAG(s) 'pl001_ingest_crypto_postgres' retrieved from /opt/airflow/dags/airflow_pipeline.py
[2025-07-25T19:41:35.357+0000] {logging_mixin.py:188} INFO - [2025-07-25T19:41:35.356+0000] {dag.py:3036} INFO - Sync 1 DAGs
[2025-07-25T19:41:35.377+0000] {logging_mixin.py:188} INFO - [2025-07-25T19:41:35.376+0000] {dag.py:3823} INFO - Setting next_dagrun for pl001_ingest_crypto_postgres to None, run_after=None
[2025-07-25T19:41:35.407+0000] {processor.py:183} INFO - Processing /opt/airflow/dags/airflow_pipeline.py took 0.149 seconds
[2025-07-25T19:42:05.758+0000] {processor.py:161} INFO - Started process (PID=374) to work on /opt/airflow/dags/airflow_pipeline.py
[2025-07-25T19:42:05.767+0000] {processor.py:830} INFO - Processing file /opt/airflow/dags/airflow_pipeline.py for tasks to queue
[2025-07-25T19:42:05.772+0000] {logging_mixin.py:188} INFO - [2025-07-25T19:42:05.771+0000] {dagbag.py:538} INFO - Filling up the DagBag from /opt/airflow/dags/airflow_pipeline.py
[2025-07-25T19:42:05.835+0000] {processor.py:840} INFO - DAG(s) 'pl001_ingest_crypto_postgres' retrieved from /opt/airflow/dags/airflow_pipeline.py
[2025-07-25T19:42:06.010+0000] {logging_mixin.py:188} INFO - [2025-07-25T19:42:06.009+0000] {dag.py:3036} INFO - Sync 1 DAGs
[2025-07-25T19:42:06.092+0000] {logging_mixin.py:188} INFO - [2025-07-25T19:42:06.091+0000] {dag.py:3823} INFO - Setting next_dagrun for pl001_ingest_crypto_postgres to None, run_after=None
[2025-07-25T19:42:06.200+0000] {processor.py:183} INFO - Processing /opt/airflow/dags/airflow_pipeline.py took 0.450 seconds
[2025-07-25T19:42:36.379+0000] {processor.py:161} INFO - Started process (PID=379) to work on /opt/airflow/dags/airflow_pipeline.py
[2025-07-25T19:42:36.382+0000] {processor.py:830} INFO - Processing file /opt/airflow/dags/airflow_pipeline.py for tasks to queue
[2025-07-25T19:42:36.385+0000] {logging_mixin.py:188} INFO - [2025-07-25T19:42:36.384+0000] {dagbag.py:538} INFO - Filling up the DagBag from /opt/airflow/dags/airflow_pipeline.py
[2025-07-25T19:42:36.426+0000] {processor.py:840} INFO - DAG(s) 'pl001_ingest_crypto_postgres' retrieved from /opt/airflow/dags/airflow_pipeline.py
[2025-07-25T19:42:36.490+0000] {logging_mixin.py:188} INFO - [2025-07-25T19:42:36.489+0000] {dag.py:3036} INFO - Sync 1 DAGs
[2025-07-25T19:42:36.533+0000] {logging_mixin.py:188} INFO - [2025-07-25T19:42:36.532+0000] {dag.py:3823} INFO - Setting next_dagrun for pl001_ingest_crypto_postgres to None, run_after=None
[2025-07-25T19:42:36.581+0000] {processor.py:183} INFO - Processing /opt/airflow/dags/airflow_pipeline.py took 0.216 seconds
[2025-07-25T19:43:06.688+0000] {processor.py:161} INFO - Started process (PID=384) to work on /opt/airflow/dags/airflow_pipeline.py
[2025-07-25T19:43:06.691+0000] {processor.py:830} INFO - Processing file /opt/airflow/dags/airflow_pipeline.py for tasks to queue
[2025-07-25T19:43:06.694+0000] {logging_mixin.py:188} INFO - [2025-07-25T19:43:06.693+0000] {dagbag.py:538} INFO - Filling up the DagBag from /opt/airflow/dags/airflow_pipeline.py
[2025-07-25T19:43:06.779+0000] {processor.py:840} INFO - DAG(s) 'pl001_ingest_crypto_postgres' retrieved from /opt/airflow/dags/airflow_pipeline.py
[2025-07-25T19:43:06.903+0000] {logging_mixin.py:188} INFO - [2025-07-25T19:43:06.902+0000] {dag.py:3036} INFO - Sync 1 DAGs
[2025-07-25T19:43:06.991+0000] {logging_mixin.py:188} INFO - [2025-07-25T19:43:06.990+0000] {dag.py:3823} INFO - Setting next_dagrun for pl001_ingest_crypto_postgres to None, run_after=None
[2025-07-25T19:43:07.077+0000] {processor.py:183} INFO - Processing /opt/airflow/dags/airflow_pipeline.py took 0.398 seconds
[2025-07-25T19:43:37.211+0000] {processor.py:161} INFO - Started process (PID=389) to work on /opt/airflow/dags/airflow_pipeline.py
[2025-07-25T19:43:37.213+0000] {processor.py:830} INFO - Processing file /opt/airflow/dags/airflow_pipeline.py for tasks to queue
[2025-07-25T19:43:37.214+0000] {logging_mixin.py:188} INFO - [2025-07-25T19:43:37.213+0000] {dagbag.py:538} INFO - Filling up the DagBag from /opt/airflow/dags/airflow_pipeline.py
[2025-07-25T19:43:37.238+0000] {processor.py:840} INFO - DAG(s) 'pl001_ingest_crypto_postgres' retrieved from /opt/airflow/dags/airflow_pipeline.py
[2025-07-25T19:43:37.278+0000] {logging_mixin.py:188} INFO - [2025-07-25T19:43:37.278+0000] {dag.py:3036} INFO - Sync 1 DAGs
[2025-07-25T19:43:37.299+0000] {logging_mixin.py:188} INFO - [2025-07-25T19:43:37.298+0000] {dag.py:3823} INFO - Setting next_dagrun for pl001_ingest_crypto_postgres to None, run_after=None
[2025-07-25T19:43:37.334+0000] {processor.py:183} INFO - Processing /opt/airflow/dags/airflow_pipeline.py took 0.127 seconds
[2025-07-25T19:44:07.614+0000] {processor.py:161} INFO - Started process (PID=394) to work on /opt/airflow/dags/airflow_pipeline.py
[2025-07-25T19:44:07.616+0000] {processor.py:830} INFO - Processing file /opt/airflow/dags/airflow_pipeline.py for tasks to queue
[2025-07-25T19:44:07.618+0000] {logging_mixin.py:188} INFO - [2025-07-25T19:44:07.618+0000] {dagbag.py:538} INFO - Filling up the DagBag from /opt/airflow/dags/airflow_pipeline.py
[2025-07-25T19:44:07.651+0000] {processor.py:840} INFO - DAG(s) 'pl001_ingest_crypto_postgres' retrieved from /opt/airflow/dags/airflow_pipeline.py
[2025-07-25T19:44:07.715+0000] {logging_mixin.py:188} INFO - [2025-07-25T19:44:07.714+0000] {dag.py:3036} INFO - Sync 1 DAGs
[2025-07-25T19:44:07.746+0000] {logging_mixin.py:188} INFO - [2025-07-25T19:44:07.746+0000] {dag.py:3823} INFO - Setting next_dagrun for pl001_ingest_crypto_postgres to None, run_after=None
[2025-07-25T19:44:07.798+0000] {processor.py:183} INFO - Processing /opt/airflow/dags/airflow_pipeline.py took 0.190 seconds
[2025-07-25T19:44:37.982+0000] {processor.py:161} INFO - Started process (PID=399) to work on /opt/airflow/dags/airflow_pipeline.py
[2025-07-25T19:44:37.984+0000] {processor.py:830} INFO - Processing file /opt/airflow/dags/airflow_pipeline.py for tasks to queue
[2025-07-25T19:44:37.986+0000] {logging_mixin.py:188} INFO - [2025-07-25T19:44:37.986+0000] {dagbag.py:538} INFO - Filling up the DagBag from /opt/airflow/dags/airflow_pipeline.py
[2025-07-25T19:44:38.011+0000] {processor.py:840} INFO - DAG(s) 'pl001_ingest_crypto_postgres' retrieved from /opt/airflow/dags/airflow_pipeline.py
[2025-07-25T19:44:38.053+0000] {logging_mixin.py:188} INFO - [2025-07-25T19:44:38.052+0000] {dag.py:3036} INFO - Sync 1 DAGs
[2025-07-25T19:44:38.067+0000] {logging_mixin.py:188} INFO - [2025-07-25T19:44:38.067+0000] {dag.py:3823} INFO - Setting next_dagrun for pl001_ingest_crypto_postgres to None, run_after=None
[2025-07-25T19:44:38.100+0000] {processor.py:183} INFO - Processing /opt/airflow/dags/airflow_pipeline.py took 0.124 seconds
[2025-07-25T19:45:08.603+0000] {processor.py:161} INFO - Started process (PID=404) to work on /opt/airflow/dags/airflow_pipeline.py
[2025-07-25T19:45:08.604+0000] {processor.py:830} INFO - Processing file /opt/airflow/dags/airflow_pipeline.py for tasks to queue
[2025-07-25T19:45:08.606+0000] {logging_mixin.py:188} INFO - [2025-07-25T19:45:08.605+0000] {dagbag.py:538} INFO - Filling up the DagBag from /opt/airflow/dags/airflow_pipeline.py
[2025-07-25T19:45:08.632+0000] {processor.py:840} INFO - DAG(s) 'pl001_ingest_crypto_postgres' retrieved from /opt/airflow/dags/airflow_pipeline.py
[2025-07-25T19:45:08.671+0000] {logging_mixin.py:188} INFO - [2025-07-25T19:45:08.670+0000] {dag.py:3036} INFO - Sync 1 DAGs
[2025-07-25T19:45:08.685+0000] {logging_mixin.py:188} INFO - [2025-07-25T19:45:08.685+0000] {dag.py:3823} INFO - Setting next_dagrun for pl001_ingest_crypto_postgres to None, run_after=None
[2025-07-25T19:45:08.713+0000] {processor.py:183} INFO - Processing /opt/airflow/dags/airflow_pipeline.py took 0.116 seconds
[2025-07-25T19:45:39.363+0000] {processor.py:161} INFO - Started process (PID=409) to work on /opt/airflow/dags/airflow_pipeline.py
[2025-07-25T19:45:39.366+0000] {processor.py:830} INFO - Processing file /opt/airflow/dags/airflow_pipeline.py for tasks to queue
[2025-07-25T19:45:39.368+0000] {logging_mixin.py:188} INFO - [2025-07-25T19:45:39.368+0000] {dagbag.py:538} INFO - Filling up the DagBag from /opt/airflow/dags/airflow_pipeline.py
[2025-07-25T19:45:39.422+0000] {processor.py:840} INFO - DAG(s) 'pl001_ingest_crypto_postgres' retrieved from /opt/airflow/dags/airflow_pipeline.py
[2025-07-25T19:45:39.620+0000] {logging_mixin.py:188} INFO - [2025-07-25T19:45:39.619+0000] {dag.py:3036} INFO - Sync 1 DAGs
[2025-07-25T19:45:39.710+0000] {logging_mixin.py:188} INFO - [2025-07-25T19:45:39.709+0000] {dag.py:3823} INFO - Setting next_dagrun for pl001_ingest_crypto_postgres to None, run_after=None
[2025-07-25T19:45:39.895+0000] {processor.py:183} INFO - Processing /opt/airflow/dags/airflow_pipeline.py took 0.541 seconds
[2025-07-25T19:46:10.672+0000] {processor.py:161} INFO - Started process (PID=414) to work on /opt/airflow/dags/airflow_pipeline.py
[2025-07-25T19:46:10.674+0000] {processor.py:830} INFO - Processing file /opt/airflow/dags/airflow_pipeline.py for tasks to queue
[2025-07-25T19:46:10.676+0000] {logging_mixin.py:188} INFO - [2025-07-25T19:46:10.676+0000] {dagbag.py:538} INFO - Filling up the DagBag from /opt/airflow/dags/airflow_pipeline.py
[2025-07-25T19:46:10.716+0000] {processor.py:840} INFO - DAG(s) 'pl001_ingest_crypto_postgres' retrieved from /opt/airflow/dags/airflow_pipeline.py
[2025-07-25T19:46:10.758+0000] {logging_mixin.py:188} INFO - [2025-07-25T19:46:10.757+0000] {dag.py:3036} INFO - Sync 1 DAGs
[2025-07-25T19:46:10.775+0000] {logging_mixin.py:188} INFO - [2025-07-25T19:46:10.775+0000] {dag.py:3823} INFO - Setting next_dagrun for pl001_ingest_crypto_postgres to None, run_after=None
[2025-07-25T19:46:10.805+0000] {processor.py:183} INFO - Processing /opt/airflow/dags/airflow_pipeline.py took 0.141 seconds
[2025-07-25T19:46:25.895+0000] {processor.py:161} INFO - Started process (PID=419) to work on /opt/airflow/dags/airflow_pipeline.py
[2025-07-25T19:46:25.897+0000] {processor.py:830} INFO - Processing file /opt/airflow/dags/airflow_pipeline.py for tasks to queue
[2025-07-25T19:46:25.898+0000] {logging_mixin.py:188} INFO - [2025-07-25T19:46:25.898+0000] {dagbag.py:538} INFO - Filling up the DagBag from /opt/airflow/dags/airflow_pipeline.py
[2025-07-25T19:46:25.919+0000] {logging_mixin.py:188} INFO - [2025-07-25T19:46:25.918+0000] {dagbag.py:348} ERROR - Failed to import: /opt/airflow/dags/airflow_pipeline.py
Traceback (most recent call last):
  File "/home/airflow/.local/lib/python3.10/site-packages/airflow/models/dagbag.py", line 344, in parse
    loader.exec_module(new_module)
  File "<frozen importlib._bootstrap_external>", line 879, in exec_module
  File "<frozen importlib._bootstrap_external>", line 1017, in get_code
  File "<frozen importlib._bootstrap_external>", line 947, in source_to_code
  File "<frozen importlib._bootstrap>", line 241, in _call_with_frames_removed
  File "/opt/airflow/dags/airflow_pipeline.py", line 36
    dbt_curated_transformations = DockerOperator(
    ^^^^^^^^^^^^^^^^^^^^^^^^^^^
IndentationError: expected an indented block after 'with' statement on line 12
[2025-07-25T19:46:25.920+0000] {processor.py:842} WARNING - No viable dags retrieved from /opt/airflow/dags/airflow_pipeline.py
[2025-07-25T19:46:25.959+0000] {processor.py:183} INFO - Processing /opt/airflow/dags/airflow_pipeline.py took 0.069 seconds
[2025-07-25T19:46:56.045+0000] {processor.py:161} INFO - Started process (PID=424) to work on /opt/airflow/dags/airflow_pipeline.py
[2025-07-25T19:46:56.047+0000] {processor.py:830} INFO - Processing file /opt/airflow/dags/airflow_pipeline.py for tasks to queue
[2025-07-25T19:46:56.049+0000] {logging_mixin.py:188} INFO - [2025-07-25T19:46:56.049+0000] {dagbag.py:538} INFO - Filling up the DagBag from /opt/airflow/dags/airflow_pipeline.py
[2025-07-25T19:46:56.073+0000] {logging_mixin.py:188} INFO - [2025-07-25T19:46:56.071+0000] {dagbag.py:348} ERROR - Failed to import: /opt/airflow/dags/airflow_pipeline.py
Traceback (most recent call last):
  File "/home/airflow/.local/lib/python3.10/site-packages/airflow/models/dagbag.py", line 344, in parse
    loader.exec_module(new_module)
  File "<frozen importlib._bootstrap_external>", line 879, in exec_module
  File "<frozen importlib._bootstrap_external>", line 1017, in get_code
  File "<frozen importlib._bootstrap_external>", line 947, in source_to_code
  File "<frozen importlib._bootstrap>", line 241, in _call_with_frames_removed
  File "/opt/airflow/dags/airflow_pipeline.py", line 36
    dbt_curated_transformations = DockerOperator(
    ^^^^^^^^^^^^^^^^^^^^^^^^^^^
IndentationError: expected an indented block after 'with' statement on line 12
[2025-07-25T19:46:56.073+0000] {processor.py:842} WARNING - No viable dags retrieved from /opt/airflow/dags/airflow_pipeline.py
[2025-07-25T19:46:56.105+0000] {processor.py:183} INFO - Processing /opt/airflow/dags/airflow_pipeline.py took 0.065 seconds
[2025-07-25T19:47:26.405+0000] {processor.py:161} INFO - Started process (PID=429) to work on /opt/airflow/dags/airflow_pipeline.py
[2025-07-25T19:47:26.408+0000] {processor.py:830} INFO - Processing file /opt/airflow/dags/airflow_pipeline.py for tasks to queue
[2025-07-25T19:47:26.410+0000] {logging_mixin.py:188} INFO - [2025-07-25T19:47:26.410+0000] {dagbag.py:538} INFO - Filling up the DagBag from /opt/airflow/dags/airflow_pipeline.py
[2025-07-25T19:47:26.433+0000] {logging_mixin.py:188} INFO - [2025-07-25T19:47:26.432+0000] {dagbag.py:348} ERROR - Failed to import: /opt/airflow/dags/airflow_pipeline.py
Traceback (most recent call last):
  File "/home/airflow/.local/lib/python3.10/site-packages/airflow/models/dagbag.py", line 344, in parse
    loader.exec_module(new_module)
  File "<frozen importlib._bootstrap_external>", line 879, in exec_module
  File "<frozen importlib._bootstrap_external>", line 1017, in get_code
  File "<frozen importlib._bootstrap_external>", line 947, in source_to_code
  File "<frozen importlib._bootstrap>", line 241, in _call_with_frames_removed
  File "/opt/airflow/dags/airflow_pipeline.py", line 36
    dbt_curated_transformations = DockerOperator(
    ^^^^^^^^^^^^^^^^^^^^^^^^^^^
IndentationError: expected an indented block after 'with' statement on line 12
[2025-07-25T19:47:26.434+0000] {processor.py:842} WARNING - No viable dags retrieved from /opt/airflow/dags/airflow_pipeline.py
[2025-07-25T19:47:26.470+0000] {processor.py:183} INFO - Processing /opt/airflow/dags/airflow_pipeline.py took 0.075 seconds
[2025-07-25T19:47:57.772+0000] {processor.py:161} INFO - Started process (PID=434) to work on /opt/airflow/dags/airflow_pipeline.py
[2025-07-25T19:47:57.822+0000] {processor.py:830} INFO - Processing file /opt/airflow/dags/airflow_pipeline.py for tasks to queue
[2025-07-25T19:47:57.851+0000] {logging_mixin.py:188} INFO - [2025-07-25T19:47:57.839+0000] {dagbag.py:538} INFO - Filling up the DagBag from /opt/airflow/dags/airflow_pipeline.py
[2025-07-25T19:47:58.861+0000] {logging_mixin.py:188} INFO - [2025-07-25T19:47:58.848+0000] {dagbag.py:348} ERROR - Failed to import: /opt/airflow/dags/airflow_pipeline.py
Traceback (most recent call last):
  File "/home/airflow/.local/lib/python3.10/site-packages/airflow/models/dagbag.py", line 344, in parse
    loader.exec_module(new_module)
  File "<frozen importlib._bootstrap_external>", line 879, in exec_module
  File "<frozen importlib._bootstrap_external>", line 1017, in get_code
  File "<frozen importlib._bootstrap_external>", line 947, in source_to_code
  File "<frozen importlib._bootstrap>", line 241, in _call_with_frames_removed
  File "/opt/airflow/dags/airflow_pipeline.py", line 36
    dbt_curated_transformations = DockerOperator(
    ^^^^^^^^^^^^^^^^^^^^^^^^^^^
IndentationError: expected an indented block after 'with' statement on line 12
[2025-07-25T19:47:58.863+0000] {processor.py:842} WARNING - No viable dags retrieved from /opt/airflow/dags/airflow_pipeline.py
[2025-07-25T19:47:58.976+0000] {processor.py:183} INFO - Processing /opt/airflow/dags/airflow_pipeline.py took 1.276 seconds
[2025-07-25T19:48:29.190+0000] {processor.py:161} INFO - Started process (PID=439) to work on /opt/airflow/dags/airflow_pipeline.py
[2025-07-25T19:48:29.193+0000] {processor.py:830} INFO - Processing file /opt/airflow/dags/airflow_pipeline.py for tasks to queue
[2025-07-25T19:48:29.195+0000] {logging_mixin.py:188} INFO - [2025-07-25T19:48:29.194+0000] {dagbag.py:538} INFO - Filling up the DagBag from /opt/airflow/dags/airflow_pipeline.py
[2025-07-25T19:48:29.216+0000] {logging_mixin.py:188} INFO - [2025-07-25T19:48:29.215+0000] {dagbag.py:348} ERROR - Failed to import: /opt/airflow/dags/airflow_pipeline.py
Traceback (most recent call last):
  File "/home/airflow/.local/lib/python3.10/site-packages/airflow/models/dagbag.py", line 344, in parse
    loader.exec_module(new_module)
  File "<frozen importlib._bootstrap_external>", line 879, in exec_module
  File "<frozen importlib._bootstrap_external>", line 1017, in get_code
  File "<frozen importlib._bootstrap_external>", line 947, in source_to_code
  File "<frozen importlib._bootstrap>", line 241, in _call_with_frames_removed
  File "/opt/airflow/dags/airflow_pipeline.py", line 36
    dbt_curated_transformations = DockerOperator(
    ^^^^^^^^^^^^^^^^^^^^^^^^^^^
IndentationError: expected an indented block after 'with' statement on line 12
[2025-07-25T19:48:29.216+0000] {processor.py:842} WARNING - No viable dags retrieved from /opt/airflow/dags/airflow_pipeline.py
[2025-07-25T19:48:29.252+0000] {processor.py:183} INFO - Processing /opt/airflow/dags/airflow_pipeline.py took 0.069 seconds
[2025-07-25T19:48:59.640+0000] {processor.py:161} INFO - Started process (PID=444) to work on /opt/airflow/dags/airflow_pipeline.py
[2025-07-25T19:48:59.643+0000] {processor.py:830} INFO - Processing file /opt/airflow/dags/airflow_pipeline.py for tasks to queue
[2025-07-25T19:48:59.644+0000] {logging_mixin.py:188} INFO - [2025-07-25T19:48:59.644+0000] {dagbag.py:538} INFO - Filling up the DagBag from /opt/airflow/dags/airflow_pipeline.py
[2025-07-25T19:48:59.672+0000] {logging_mixin.py:188} INFO - [2025-07-25T19:48:59.671+0000] {dagbag.py:348} ERROR - Failed to import: /opt/airflow/dags/airflow_pipeline.py
Traceback (most recent call last):
  File "/home/airflow/.local/lib/python3.10/site-packages/airflow/models/dagbag.py", line 344, in parse
    loader.exec_module(new_module)
  File "<frozen importlib._bootstrap_external>", line 879, in exec_module
  File "<frozen importlib._bootstrap_external>", line 1017, in get_code
  File "<frozen importlib._bootstrap_external>", line 947, in source_to_code
  File "<frozen importlib._bootstrap>", line 241, in _call_with_frames_removed
  File "/opt/airflow/dags/airflow_pipeline.py", line 36
    dbt_curated_transformations = DockerOperator(
    ^^^^^^^^^^^^^^^^^^^^^^^^^^^
IndentationError: expected an indented block after 'with' statement on line 12
[2025-07-25T19:48:59.673+0000] {processor.py:842} WARNING - No viable dags retrieved from /opt/airflow/dags/airflow_pipeline.py
[2025-07-25T19:48:59.714+0000] {processor.py:183} INFO - Processing /opt/airflow/dags/airflow_pipeline.py took 0.080 seconds
[2025-07-25T19:49:30.189+0000] {processor.py:161} INFO - Started process (PID=449) to work on /opt/airflow/dags/airflow_pipeline.py
[2025-07-25T19:49:30.193+0000] {processor.py:830} INFO - Processing file /opt/airflow/dags/airflow_pipeline.py for tasks to queue
[2025-07-25T19:49:30.197+0000] {logging_mixin.py:188} INFO - [2025-07-25T19:49:30.196+0000] {dagbag.py:538} INFO - Filling up the DagBag from /opt/airflow/dags/airflow_pipeline.py
[2025-07-25T19:49:30.230+0000] {logging_mixin.py:188} INFO - [2025-07-25T19:49:30.228+0000] {dagbag.py:348} ERROR - Failed to import: /opt/airflow/dags/airflow_pipeline.py
Traceback (most recent call last):
  File "/home/airflow/.local/lib/python3.10/site-packages/airflow/models/dagbag.py", line 344, in parse
    loader.exec_module(new_module)
  File "<frozen importlib._bootstrap_external>", line 879, in exec_module
  File "<frozen importlib._bootstrap_external>", line 1017, in get_code
  File "<frozen importlib._bootstrap_external>", line 947, in source_to_code
  File "<frozen importlib._bootstrap>", line 241, in _call_with_frames_removed
  File "/opt/airflow/dags/airflow_pipeline.py", line 36
    dbt_curated_transformations = DockerOperator(
    ^^^^^^^^^^^^^^^^^^^^^^^^^^^
IndentationError: expected an indented block after 'with' statement on line 12
[2025-07-25T19:49:30.231+0000] {processor.py:842} WARNING - No viable dags retrieved from /opt/airflow/dags/airflow_pipeline.py
[2025-07-25T19:49:30.276+0000] {processor.py:183} INFO - Processing /opt/airflow/dags/airflow_pipeline.py took 0.099 seconds
[2025-07-25T19:50:00.570+0000] {processor.py:161} INFO - Started process (PID=454) to work on /opt/airflow/dags/airflow_pipeline.py
[2025-07-25T19:50:00.572+0000] {processor.py:830} INFO - Processing file /opt/airflow/dags/airflow_pipeline.py for tasks to queue
[2025-07-25T19:50:00.574+0000] {logging_mixin.py:188} INFO - [2025-07-25T19:50:00.573+0000] {dagbag.py:538} INFO - Filling up the DagBag from /opt/airflow/dags/airflow_pipeline.py
[2025-07-25T19:50:00.600+0000] {logging_mixin.py:188} INFO - [2025-07-25T19:50:00.598+0000] {dagbag.py:348} ERROR - Failed to import: /opt/airflow/dags/airflow_pipeline.py
Traceback (most recent call last):
  File "/home/airflow/.local/lib/python3.10/site-packages/airflow/models/dagbag.py", line 344, in parse
    loader.exec_module(new_module)
  File "<frozen importlib._bootstrap_external>", line 879, in exec_module
  File "<frozen importlib._bootstrap_external>", line 1017, in get_code
  File "<frozen importlib._bootstrap_external>", line 947, in source_to_code
  File "<frozen importlib._bootstrap>", line 241, in _call_with_frames_removed
  File "/opt/airflow/dags/airflow_pipeline.py", line 36
    dbt_curated_transformations = DockerOperator(
    ^^^^^^^^^^^^^^^^^^^^^^^^^^^
IndentationError: expected an indented block after 'with' statement on line 12
[2025-07-25T19:50:00.602+0000] {processor.py:842} WARNING - No viable dags retrieved from /opt/airflow/dags/airflow_pipeline.py
[2025-07-25T19:50:00.640+0000] {processor.py:183} INFO - Processing /opt/airflow/dags/airflow_pipeline.py took 0.079 seconds
[2025-07-25T19:50:31.007+0000] {processor.py:161} INFO - Started process (PID=459) to work on /opt/airflow/dags/airflow_pipeline.py
[2025-07-25T19:50:31.009+0000] {processor.py:830} INFO - Processing file /opt/airflow/dags/airflow_pipeline.py for tasks to queue
[2025-07-25T19:50:31.012+0000] {logging_mixin.py:188} INFO - [2025-07-25T19:50:31.011+0000] {dagbag.py:538} INFO - Filling up the DagBag from /opt/airflow/dags/airflow_pipeline.py
[2025-07-25T19:50:31.034+0000] {logging_mixin.py:188} INFO - [2025-07-25T19:50:31.032+0000] {dagbag.py:348} ERROR - Failed to import: /opt/airflow/dags/airflow_pipeline.py
Traceback (most recent call last):
  File "/home/airflow/.local/lib/python3.10/site-packages/airflow/models/dagbag.py", line 344, in parse
    loader.exec_module(new_module)
  File "<frozen importlib._bootstrap_external>", line 879, in exec_module
  File "<frozen importlib._bootstrap_external>", line 1017, in get_code
  File "<frozen importlib._bootstrap_external>", line 947, in source_to_code
  File "<frozen importlib._bootstrap>", line 241, in _call_with_frames_removed
  File "/opt/airflow/dags/airflow_pipeline.py", line 36
    dbt_curated_transformations = DockerOperator(
    ^^^^^^^^^^^^^^^^^^^^^^^^^^^
IndentationError: expected an indented block after 'with' statement on line 12
[2025-07-25T19:50:31.034+0000] {processor.py:842} WARNING - No viable dags retrieved from /opt/airflow/dags/airflow_pipeline.py
[2025-07-25T19:50:31.070+0000] {processor.py:183} INFO - Processing /opt/airflow/dags/airflow_pipeline.py took 0.068 seconds
[2025-07-25T19:51:01.808+0000] {processor.py:161} INFO - Started process (PID=464) to work on /opt/airflow/dags/airflow_pipeline.py
[2025-07-25T19:51:01.821+0000] {processor.py:830} INFO - Processing file /opt/airflow/dags/airflow_pipeline.py for tasks to queue
[2025-07-25T19:51:01.829+0000] {logging_mixin.py:188} INFO - [2025-07-25T19:51:01.827+0000] {dagbag.py:538} INFO - Filling up the DagBag from /opt/airflow/dags/airflow_pipeline.py
[2025-07-25T19:51:01.936+0000] {logging_mixin.py:188} INFO - [2025-07-25T19:51:01.932+0000] {dagbag.py:348} ERROR - Failed to import: /opt/airflow/dags/airflow_pipeline.py
Traceback (most recent call last):
  File "/home/airflow/.local/lib/python3.10/site-packages/airflow/models/dagbag.py", line 344, in parse
    loader.exec_module(new_module)
  File "<frozen importlib._bootstrap_external>", line 879, in exec_module
  File "<frozen importlib._bootstrap_external>", line 1017, in get_code
  File "<frozen importlib._bootstrap_external>", line 947, in source_to_code
  File "<frozen importlib._bootstrap>", line 241, in _call_with_frames_removed
  File "/opt/airflow/dags/airflow_pipeline.py", line 36
    dbt_curated_transformations = DockerOperator(
    ^^^^^^^^^^^^^^^^^^^^^^^^^^^
IndentationError: expected an indented block after 'with' statement on line 12
[2025-07-25T19:51:01.940+0000] {processor.py:842} WARNING - No viable dags retrieved from /opt/airflow/dags/airflow_pipeline.py
[2025-07-25T19:51:02.087+0000] {processor.py:183} INFO - Processing /opt/airflow/dags/airflow_pipeline.py took 0.303 seconds
[2025-07-25T19:51:32.795+0000] {processor.py:161} INFO - Started process (PID=469) to work on /opt/airflow/dags/airflow_pipeline.py
[2025-07-25T19:51:32.797+0000] {processor.py:830} INFO - Processing file /opt/airflow/dags/airflow_pipeline.py for tasks to queue
[2025-07-25T19:51:32.799+0000] {logging_mixin.py:188} INFO - [2025-07-25T19:51:32.799+0000] {dagbag.py:538} INFO - Filling up the DagBag from /opt/airflow/dags/airflow_pipeline.py
[2025-07-25T19:51:32.823+0000] {logging_mixin.py:188} INFO - [2025-07-25T19:51:32.822+0000] {dagbag.py:348} ERROR - Failed to import: /opt/airflow/dags/airflow_pipeline.py
Traceback (most recent call last):
  File "/home/airflow/.local/lib/python3.10/site-packages/airflow/models/dagbag.py", line 344, in parse
    loader.exec_module(new_module)
  File "<frozen importlib._bootstrap_external>", line 879, in exec_module
  File "<frozen importlib._bootstrap_external>", line 1017, in get_code
  File "<frozen importlib._bootstrap_external>", line 947, in source_to_code
  File "<frozen importlib._bootstrap>", line 241, in _call_with_frames_removed
  File "/opt/airflow/dags/airflow_pipeline.py", line 36
    dbt_curated_transformations = DockerOperator(
    ^^^^^^^^^^^^^^^^^^^^^^^^^^^
IndentationError: expected an indented block after 'with' statement on line 12
[2025-07-25T19:51:32.824+0000] {processor.py:842} WARNING - No viable dags retrieved from /opt/airflow/dags/airflow_pipeline.py
[2025-07-25T19:51:32.878+0000] {processor.py:183} INFO - Processing /opt/airflow/dags/airflow_pipeline.py took 0.089 seconds
[2025-07-25T19:52:23.646+0000] {processor.py:161} INFO - Started process (PID=164) to work on /opt/airflow/dags/airflow_pipeline.py
[2025-07-25T19:52:23.648+0000] {processor.py:830} INFO - Processing file /opt/airflow/dags/airflow_pipeline.py for tasks to queue
[2025-07-25T19:52:23.651+0000] {logging_mixin.py:188} INFO - [2025-07-25T19:52:23.650+0000] {dagbag.py:538} INFO - Filling up the DagBag from /opt/airflow/dags/airflow_pipeline.py
[2025-07-25T19:52:23.679+0000] {logging_mixin.py:188} INFO - [2025-07-25T19:52:23.677+0000] {dagbag.py:348} ERROR - Failed to import: /opt/airflow/dags/airflow_pipeline.py
Traceback (most recent call last):
  File "/home/airflow/.local/lib/python3.10/site-packages/airflow/models/dagbag.py", line 344, in parse
    loader.exec_module(new_module)
  File "<frozen importlib._bootstrap_external>", line 879, in exec_module
  File "<frozen importlib._bootstrap_external>", line 1017, in get_code
  File "<frozen importlib._bootstrap_external>", line 947, in source_to_code
  File "<frozen importlib._bootstrap>", line 241, in _call_with_frames_removed
  File "/opt/airflow/dags/airflow_pipeline.py", line 36
    dbt_curated_transformations = DockerOperator(
    ^^^^^^^^^^^^^^^^^^^^^^^^^^^
IndentationError: expected an indented block after 'with' statement on line 12
[2025-07-25T19:52:23.680+0000] {processor.py:842} WARNING - No viable dags retrieved from /opt/airflow/dags/airflow_pipeline.py
[2025-07-25T19:52:23.735+0000] {processor.py:183} INFO - Processing /opt/airflow/dags/airflow_pipeline.py took 0.097 seconds
